date,flow_m3s
1968-03-06,35.197
1968-03-07,98.486
1968-03-13,128.969
1968-03-14,108.945
1968-03-15,130.116
1968-03-20,100.834
1968-03-21,70.176
1968-04-22,70.176
1968-04-26,68.982
1968-04-28,82.488
1968-05-11,89.853
1968-05-12,84.968
1968-05-14,88.644
1968-05-23,86.505
1968-05-24,84.968
1968-05-25,87.045
1968-05-26,104.883
1968-06-10,128.086
1968-06-13,126.796
1968-06-15,166.985
1968-06-21,208.406
1968-06-25,218.082
1968-07-04,210.702
1968-07-09,212.433
1968-07-11,203.857
1968-07-13,212.433
1968-07-16,214.358
1968-07-18,208.133
1968-07-19,259.337
1968-07-21,273.117
1968-07-24,95.694
1968-07-25,89.695
1968-07-26,120.470
1968-07-28,120.868
1968-07-29,183.481
1968-08-01,144.877
1968-08-02,123.375
1968-08-05,111.298
1968-08-06,62.450
1968-08-07,60.861
1968-08-11,113.591
1968-08-12,62.987
1968-08-15,17.050
1968-08-19,33.234
1968-08-20,56.622
1968-08-21,55.586
1968-08-22,54.543
1968-08-24,58.300
1968-08-30,44.770
1968-09-02,43.274
1968-09-06,47.229
1968-09-09,21.142
1968-09-10,8.322
1968-09-15,9.360
1968-09-16,9.081
1968-10-04,8.918
1968-10-05,7.909
1968-10-21,12.367
1968-10-22,10.556
1968-10-23,9.712
1968-10-27,9.510
1968-10-28,10.411
1968-10-29,10.149
1968-11-01,9.337
1968-11-05,9.974
1968-11-07,57.666
1968-11-09,73.707
1968-11-10,43.720
1968-11-11,100.549
1968-11-12,163.040
1968-11-15,175.058
1968-11-20,186.374
1968-11-21,179.834
1968-11-25,170.845
1968-11-26,167.708
1968-11-28,162.690
1968-11-29,168.906
1968-12-02,168.423
1968-12-03,164.051
1968-12-05,163.384
1968-12-06,161.123
1968-12-08,161.123
1968-12-09,160.838
1968-12-10,164.520
1968-12-11,72.979
1968-12-16,8.023
1968-12-19,8.109
1968-12-20,7.229
1968-12-21,6.754
1968-12-22,7.938
1968-12-25,7.857
1969-01-01,8.279
1969-01-16,22.130
1969-01-18,33.788
1969-01-19,33.316
1969-01-29,59.549
1969-01-30,85.646
1969-01-31,86.243
1969-02-01,86.107
1969-02-02,84.004
1969-02-03,89.604
1969-02-04,86.737
1969-02-05,88.211
1969-02-06,86.515
1969-02-07,65.467
1969-02-09,46.716
1969-02-10,48.297
1969-02-13,34.459
1969-02-14,34.906
1969-02-15,34.105
1969-02-18,35.601
1969-02-19,34.477
1969-02-21,19.828
1969-02-23,22.574
1969-03-06,58.353
1969-03-07,53.476
1969-03-08,33.758
1969-03-13,35.601
1969-03-22,23.301
1969-03-25,9.633
1969-03-26,22.016
1969-04-01,48.274
1969-04-04,58.925
1969-04-12,41.395
1969-04-13,20.940
1969-04-14,41.819
1969-04-16,70.253
1969-04-17,68.289
1969-04-19,70.253
1969-04-20,84.212
1969-04-24,86.481
1969-04-27,90.655
1969-04-29,149.732
1969-04-30,173.450
1969-05-01,166.979
1969-05-02,146.968
1969-05-03,146.430
1969-05-04,168.544
1969-05-05,163.638
1969-05-06,163.638
1969-05-07,171.819
1969-05-14,173.450
1969-05-15,163.638
1969-05-16,158.816
1969-05-17,139.360
1969-05-18,156.298
1969-05-30,173.941
1969-05-31,168.423
1969-06-03,168.906
1969-06-04,169.046
1969-06-20,165.945
1969-06-21,164.360
1969-06-22,160.419
1969-06-24,183.819
1969-07-01,193.447
1969-07-04,194.359
1969-07-08,206.542
1969-07-23,198.484
1969-08-03,201.072
1969-08-11,208.462
1969-08-21,201.072
1969-08-22,206.542
1969-08-23,201.356
1969-08-24,202.228
1969-08-25,202.228
1969-08-31,205.960
1969-09-04,211.432
1969-09-05,206.937
1969-09-07,146.088
1969-09-08,63.483
1969-09-12,20.781
1969-09-15,7.896
1969-10-12,41.745
1969-10-14,87.195
1969-10-15,96.686
1969-10-17,49.104
1969-10-24,8.302
1969-11-10,21.878
1969-11-12,18.365
1969-11-13,46.120
1969-11-14,59.321
1969-11-15,17.631
1969-11-16,7.256
1969-11-18,19.511
1969-11-19,7.112
1969-12-02,7.194
1969-12-05,8.410
1969-12-10,7.112
1969-12-12,8.151
1969-12-13,41.510
1969-12-14,53.173
1969-12-15,56.628
1969-12-17,8.151
1970-01-01,8.851
1970-01-10,9.284
1970-01-27,11.005
1970-01-29,7.896
1970-02-08,7.642
1970-02-09,8.151
1970-02-12,7.969
1970-02-25,7.811
1970-02-28,9.762
1970-03-03,11.268
1970-03-04,46.403
1970-03-05,37.285
1970-03-06,8.671
1970-04-09,7.811
1970-04-14,13.223
1970-04-20,20.980
1970-04-21,45.421
1970-04-22,27.731
1970-04-23,9.284
1970-05-01,10.212
1970-05-03,9.020
1970-05-06,25.618
1970-05-07,41.555
1970-05-15,78.674
1970-05-18,158.428
1970-05-20,228.181
1970-05-22,226.379
1970-06-01,156.012
1970-06-04,176.150
1970-06-05,120.627
1970-06-07,100.637
1970-06-08,129.163
1970-06-14,156.019
1970-06-19,187.179
1970-07-04,187.888
1970-07-05,181.452
1970-07-21,164.639
1970-07-22,91.829
1970-07-25,38.998
1970-07-28,8.873
1970-08-25,20.164
1970-08-28,22.988
1970-08-30,9.525
1970-08-31,9.170
1970-09-07,8.824
1970-09-16,11.623
1970-09-17,13.107
1970-09-19,13.550
1970-09-21,9.518
1970-09-23,9.693
1970-09-24,15.182
1970-09-25,10.258
1970-10-05,13.012
1970-10-06,20.930
1970-10-12,43.269
1970-10-13,78.091
1970-10-14,92.790
1970-10-15,113.539
1970-10-24,94.762
1970-10-26,86.829
1970-10-29,130.438
1970-11-04,146.651
1970-11-11,120.570
1970-11-25,104.257
1970-11-27,67.920
1970-11-30,19.402
1970-12-04,9.256
1970-12-05,27.469
1970-12-10,72.180
1970-12-11,118.444
1970-12-13,156.026
1970-12-19,167.386
1970-12-20,142.193
1970-12-21,98.637
1970-12-22,81.442
1971-01-01,64.957
1971-01-02,45.764
1971-01-05,20.772
1971-01-06,10.528
1971-01-15,17.283
1971-01-20,44.080
1971-02-05,46.372
1971-02-07,30.089
1971-02-08,59.945
1971-02-09,107.729
1971-02-12,65.906
1971-02-14,65.551
1971-02-16,99.997
1971-02-19,103.156
1971-02-24,89.641
1971-02-26,91.518
1971-03-01,136.412
1971-03-03,104.271
1971-03-04,35.200
1971-03-05,49.502
1971-03-07,48.979
1971-03-08,13.305
1971-03-10,16.497
1971-03-11,83.514
1971-03-12,175.105
1971-03-15,129.679
1971-03-16,43.486
1971-03-18,29.040
1971-03-23,18.901
1971-03-24,9.518
1971-04-20,32.890
1971-04-22,32.282
1971-04-23,9.518
1971-04-28,57.367
1971-04-30,50.323
1971-05-01,10.438
1971-06-22,11.720
1971-07-06,8.122
1971-07-07,30.094
1971-07-08,76.697
1971-07-09,119.145
1971-07-10,104.163
1971-07-11,96.339
1971-07-12,176.782
1971-07-23,207.805
1971-08-11,209.807
1971-08-12,209.803
1971-08-13,164.307
1971-08-14,90.017
1971-08-15,45.341
1971-08-16,16.752
1971-08-23,8.122
1971-08-25,8.655
1971-09-21,22.829
1971-09-22,23.156
1971-09-23,10.892
1971-09-28,12.087
1971-10-20,11.232
1971-10-23,13.009
1971-10-25,12.332
1971-10-26,11.352
1971-10-27,8.501
1971-10-28,8.039
1971-11-02,8.542
1971-11-06,8.598
1971-11-07,8.787
1971-11-08,9.285
1971-11-09,8.206
1971-11-16,7.820
1971-11-19,7.318
1971-11-20,8.796
1971-11-21,7.688
1971-11-22,8.380
1971-11-30,36.225
1971-12-01,44.841
1971-12-02,30.041
1971-12-08,32.762
1971-12-09,32.499
1971-12-12,34.092
1971-12-13,48.036
1971-12-14,65.914
1971-12-15,62.344
1971-12-16,62.508
1971-12-17,62.475
1971-12-20,95.300
1971-12-21,136.778
1971-12-22,151.777
1971-12-23,134.507
1971-12-24,91.601
1971-12-26,63.460
1971-12-30,60.376
1971-12-31,64.605
1972-01-01,64.183
1972-01-03,62.173
1972-01-05,64.605
1972-01-06,62.022
1972-01-08,63.384
1972-01-10,42.063
1972-01-11,32.339
1972-01-12,31.747
1972-01-13,32.552
1972-01-14,49.995
1972-01-15,81.692
1972-01-16,89.846
1972-01-17,90.113
1972-01-18,91.594
1972-01-19,81.091
1972-01-20,50.826
1972-01-21,36.937
1972-01-22,38.119
1972-01-23,36.538
1972-01-26,21.166
1972-01-28,12.460
1972-01-29,24.056
1972-01-31,35.788
1972-02-03,37.254
1972-02-04,36.699
1972-02-05,36.744
1972-02-06,36.092
1972-02-07,45.008
1972-02-08,29.478
1972-02-09,9.285
1972-02-11,32.328
1972-02-12,60.644
1972-02-13,61.313
1972-02-14,60.227
1972-02-15,62.475
1972-02-17,59.413
1972-02-18,140.499
1972-02-21,155.527
1972-02-22,118.780
1972-02-24,184.855
1972-02-25,207.939
1972-02-26,209.387
1972-02-27,210.515
1972-02-28,210.234
1972-02-29,207.889
1972-03-01,205.335
1972-03-02,207.543
1972-03-03,201.390
1972-03-05,102.531
1972-03-06,50.591
1972-03-07,18.690
1972-03-09,11.636
1972-03-10,10.897
1972-03-18,10.258
1972-03-24,9.959
1972-03-27,10.588
1972-03-28,10.438
1972-04-01,10.682
1972-04-03,10.770
1972-04-06,10.318
1972-04-09,11.263
1972-04-12,10.408
1972-04-15,12.332
1972-04-17,52.119
1972-04-20,116.776
1972-04-21,118.709
1972-04-22,85.394
1972-04-23,46.550
1972-04-24,20.101
1972-04-25,9.083
1972-04-26,9.810
1972-04-28,9.141
1972-04-29,9.722
1972-05-05,19.305
1972-05-06,52.407
1972-05-07,79.598
1972-05-08,108.306
1972-05-09,117.740
1972-05-10,138.924
1972-05-12,145.060
1972-05-13,117.185
1972-05-14,59.566
1972-05-15,66.339
1972-05-18,95.976
1972-05-19,94.804
1972-05-20,111.875
1972-05-23,136.777
1972-05-24,148.921
1972-05-30,159.407
1972-05-31,161.613
1972-06-03,170.417
1972-06-06,181.436
1972-06-07,200.054
1972-06-08,220.202
1972-06-10,214.496
1972-06-12,216.389
1972-06-14,212.613
1972-06-15,157.932
1972-06-16,61.190
1972-06-18,96.017
1972-06-19,201.434
1972-06-21,213.251
1972-06-22,216.768
1972-06-24,211.114
1972-06-25,218.672
1972-06-26,219.303
1972-06-27,215.441
1972-06-29,214.119
1972-06-30,218.226
1972-07-01,217.719
1972-07-02,225.411
1972-07-05,215.264
1972-07-06,209.435
1972-07-08,219.054
1972-07-09,214.070
1972-07-11,214.685
1972-07-12,208.505
1972-07-14,210.180
1972-07-15,212.613
1972-07-16,201.570
1972-07-18,210.950
1972-07-20,201.750
1972-07-22,178.241
1972-07-23,101.894
1972-07-25,72.836
1972-07-26,107.152
1972-07-27,152.183
1972-07-28,181.227
1972-07-30,172.500
1972-07-31,190.031
1972-08-01,210.840
1972-08-02,209.129
1972-08-03,213.896
1972-08-04,209.380
1972-08-05,213.742
1972-08-06,214.514
1972-08-07,210.975
1972-08-08,212.199
1972-08-09,214.244
1972-08-10,208.281
1972-08-11,170.317
1972-08-12,74.396
1972-08-13,55.011
1972-08-14,125.154
1972-08-15,177.342
1972-08-16,121.232
1972-08-17,60.013
1972-08-18,25.000
1972-08-19,7.964
1972-08-21,7.907
1972-08-22,7.994
1972-08-23,7.269
1972-08-24,82.137
1972-08-25,177.763
1972-08-26,80.234
1972-08-27,45.798
1972-08-28,31.723
1972-08-29,32.782
1972-08-30,45.599
1972-08-31,57.238
1972-09-01,57.553
1972-09-02,58.054
1972-09-03,57.168
1972-09-04,45.922
1972-09-05,32.387
1972-09-06,47.033
1972-09-07,32.451
1972-09-09,9.723
1972-09-12,15.795
1972-09-13,19.786
1972-09-14,7.794
1972-09-15,8.332
1972-09-16,7.876
1972-09-17,8.067
1972-09-18,8.486
1972-09-19,8.718
1972-09-21,7.785
1972-09-22,7.847
1972-09-24,7.742
1972-09-27,8.290
1972-09-28,8.150
1972-09-29,8.615
1972-10-01,8.178
1972-10-02,8.290
1972-10-04,7.370
1972-10-05,7.741
1972-10-06,7.635
1972-10-07,8.063
1972-10-11,7.239
1972-10-12,7.714
1972-10-14,7.160
1972-10-15,7.400
1972-10-16,7.265
1972-10-17,7.900
1972-10-18,7.983
1972-10-19,7.565
1972-10-22,8.040
1972-10-25,7.370
1972-10-26,8.150
1972-10-27,11.514
1972-10-28,10.081
1972-10-29,10.498
1972-10-31,9.834
1972-11-01,10.124
1972-11-02,10.002
1972-11-03,10.408
1972-11-04,9.407
1972-11-06,10.438
1972-11-07,9.643
1972-11-08,9.145
1972-11-09,9.490
1972-11-10,9.291
1972-11-11,9.664
1972-11-12,9.779
1972-11-13,10.468
1972-11-14,9.170
1972-11-16,11.263
1972-11-17,9.869
1972-11-18,10.018
1972-11-19,11.886
1972-11-20,11.155
1972-11-21,10.985
1972-11-23,10.818
1972-11-24,10.709
1972-11-26,11.981
1972-11-27,10.498
1972-11-28,11.913
1972-11-29,7.939
1972-11-30,7.691
1972-12-01,8.272
1972-12-02,9.620
1972-12-04,9.528
1972-12-05,9.286
1972-12-06,9.277
1972-12-07,9.655
1972-12-09,9.141
1972-12-10,9.097
1972-12-11,27.867
1972-12-12,58.246
1972-12-13,44.778
1972-12-14,34.586
1972-12-15,33.487
1972-12-16,34.233
1972-12-17,41.313
1972-12-18,60.148
1972-12-19,49.176
1972-12-20,25.538
1972-12-21,9.899
1972-12-22,8.374
1972-12-23,9.091
1972-12-24,9.477
1972-12-25,10.348
1972-12-26,8.968
1972-12-27,9.256
1972-12-28,8.754
1972-12-31,8.618
1973-01-01,8.723
1973-01-02,8.548
1973-01-03,8.641
1973-01-06,8.655
1973-01-08,9.576
1973-01-09,8.956
1973-01-10,8.374
1973-01-12,20.883
1973-01-13,30.670
1973-01-17,32.583
1973-01-18,31.845
1973-01-19,32.092
1973-01-20,31.500
1973-01-23,29.944
1973-01-24,30.089
1973-01-26,30.089
1973-01-28,29.633
1973-01-29,29.979
1973-01-30,32.417
1973-01-31,36.461
1973-02-01,35.761
1973-02-03,36.190
1973-02-04,36.796
1973-02-05,23.975
1973-02-07,11.760
1973-02-08,11.420
1973-02-09,10.739
1973-02-11,12.077
1973-02-12,11.886
1973-02-13,11.573
1973-02-15,12.300
1973-02-17,10.923
1973-02-18,12.838
1973-02-19,12.302
1973-02-20,11.604
1973-02-22,11.698
1973-02-24,12.598
1973-02-26,20.612
1973-02-27,29.220
1973-02-28,29.407
1973-03-03,28.118
1973-03-04,30.355
1973-03-06,28.076
1973-03-07,29.069
1973-03-08,27.731
1973-03-10,28.208
1973-03-11,28.615
1973-03-12,27.133
1973-03-13,28.660
1973-03-20,28.933
1973-03-21,30.767
1973-03-22,49.372
1973-03-24,40.197
1973-03-25,27.910
1973-03-26,46.432
1973-03-27,119.596
1973-03-28,214.997
1973-03-29,184.364
1973-03-31,148.763
1973-04-01,88.755
1973-04-02,87.418
1973-04-03,198.596
1973-04-04,220.519
1973-04-05,216.327
1973-04-06,149.222
1973-04-07,94.387
1973-04-08,168.838
1973-04-09,221.354
1973-04-10,211.733
1973-04-11,215.347
1973-04-12,214.631
1973-04-13,212.054
1973-04-14,214.833
1973-04-15,226.032
1973-04-16,160.220
1973-04-17,128.438
1973-04-18,180.648
1973-04-19,188.485
1973-04-20,99.419
1973-04-21,36.730
1973-04-23,11.936
1973-04-24,10.892
1973-04-25,11.108
1973-04-26,11.418
1973-04-27,10.439
1973-04-28,9.664
1973-04-29,11.542
1973-04-30,9.136
1973-05-15,55.404
1973-05-16,88.482
1973-05-19,59.413
1973-05-20,104.302
1973-05-21,174.110
1973-05-22,191.092
1973-05-23,193.013
1973-05-24,200.673
1973-05-25,152.668
1973-05-26,107.863
1973-05-27,133.144
1973-05-28,182.140
1973-05-29,196.160
1973-05-30,196.681
1973-05-31,201.850
1973-06-01,197.625
1973-06-02,205.758
1973-06-03,135.442
1973-06-04,132.618
1973-06-05,142.651
1973-06-06,164.945
1973-06-07,172.413
1973-06-08,143.262
1973-06-09,89.010
1973-06-10,128.671
1973-06-11,180.689
1973-06-12,206.472
1973-06-13,214.793
1973-06-14,221.931
1973-06-19,219.444
1973-06-20,221.624
1973-06-21,223.609
1973-06-22,224.491
1973-06-23,221.503
1973-06-24,220.075
1973-06-25,223.872
1973-06-26,219.948
1973-06-27,217.115
1973-06-28,219.742
1973-06-29,221.886
1973-06-30,227.405
1973-07-01,221.832
1973-07-02,221.031
1973-07-03,217.994
1973-07-04,212.522
1973-07-05,219.307
1973-07-06,217.838
1973-07-07,212.817
1973-07-08,210.553
1973-07-09,210.985
1973-07-10,212.214
1973-07-11,220.196
1973-07-12,226.379
1973-07-13,225.023
1973-07-14,220.674
1973-07-15,222.296
1973-07-16,224.648
1973-07-17,219.371
1973-07-18,223.581
1973-07-19,226.282
1973-07-20,220.698
1973-07-21,217.959
1973-07-22,219.070
1973-07-23,229.222
1973-07-24,219.506
1973-07-25,216.977
1973-07-26,220.820
1973-07-27,224.355
1973-07-28,223.543
1973-07-29,227.672
1973-07-30,222.123
1973-07-31,219.464
1973-08-01,212.193
1973-08-02,226.640
1973-08-03,227.397
1973-08-04,222.924
1973-08-05,226.381
1973-08-06,227.538
1973-08-07,229.399
1973-08-08,270.083
1973-08-09,284.167
1973-08-10,280.812
1973-08-11,223.164
1973-08-12,158.448
1973-08-13,159.281
1973-08-14,150.963
1973-08-15,211.496
1973-08-16,255.216
1973-08-17,275.035
1973-08-18,284.854
1973-08-19,294.708
1973-08-20,286.907
1973-08-21,284.785
1973-08-22,288.214
1973-08-23,296.275
1973-08-24,288.938
1973-08-25,289.869
1973-08-26,298.385
1973-08-27,297.595
1973-08-29,292.433
1973-08-30,274.795
1973-08-31,233.157
1973-09-01,214.418
1973-09-06,207.834
1973-09-07,189.707
1973-09-08,155.148
1973-09-09,156.030
1973-09-10,165.883
1973-09-11,154.407
1973-09-12,70.567
1973-09-13,9.361
1973-09-17,6.672
1973-09-19,7.041
1973-09-21,7.413
1973-09-23,6.595
1973-09-26,6.777
1973-09-29,6.777
1973-10-17,6.259
1973-10-18,6.621
1973-10-21,6.582
1973-10-23,6.517
1973-10-25,8.641
1973-10-27,8.363
1973-10-29,8.671
1973-11-03,9.208
1973-11-07,8.671
1973-11-08,9.002
1973-11-09,9.045
1973-11-10,8.792
1973-11-11,8.528
1973-11-12,8.728
1973-11-15,8.830
1973-11-17,8.728
1973-11-21,9.506
1973-11-25,8.843
1973-11-26,9.889
1973-11-27,9.712
1973-11-28,9.978
1973-11-30,11.339
1973-12-01,6.595
1973-12-02,6.727
1973-12-03,7.154
1973-12-06,7.492
1973-12-07,7.844
1973-12-12,7.572
1973-12-14,7.925
1973-12-16,8.445
1973-12-21,8.390
1973-12-24,8.814
1973-12-25,8.671
1973-12-30,8.363
1974-01-01,8.428
1974-01-11,8.814
1974-01-14,8.390
1974-01-15,9.883
1974-01-16,6.751
1974-01-17,6.975
1974-01-19,6.517
1974-01-20,6.569
1974-01-22,6.830
1974-01-24,6.623
1974-01-25,5.925
1974-01-26,6.654
1974-01-27,6.582
1974-01-29,6.883
1974-01-30,7.681
1974-01-31,6.646
1974-02-01,7.174
1974-02-03,7.041
1974-02-04,7.681
1974-02-05,7.681
1974-02-06,7.015
1974-02-07,7.213
1974-02-10,6.465
1974-02-11,7.925
1974-02-14,6.724
1974-02-15,7.041
1974-02-16,7.015
1974-02-17,6.517
1974-02-19,7.667
1974-02-21,7.200
1974-02-22,9.288
1974-02-24,7.214
1974-02-25,7.659
1974-02-26,7.602
1974-03-05,7.599
1974-03-06,8.309
1974-03-07,7.735
1974-03-09,7.050
1974-03-10,7.227
1974-03-11,7.889
1974-03-12,8.671
1974-03-13,9.361
1974-03-14,8.445
1974-03-15,9.135
1974-03-17,9.332
1974-03-18,9.683
1974-03-19,10.425
1974-03-20,9.554
1974-03-21,10.023
1974-03-22,10.241
1974-03-23,10.217
1974-03-24,9.325
1974-03-25,9.245
1974-03-26,10.038
1974-03-27,9.653
1974-03-28,10.028
1974-03-30,10.067
1974-03-31,10.089
1974-04-01,10.039
1974-04-02,10.667
1974-04-04,9.978
1974-04-05,11.699
1974-04-06,7.980
1974-04-08,8.503
1974-04-09,8.973
1974-04-11,7.789
1974-04-12,7.789
1974-04-17,8.405
1974-04-18,8.557
1974-04-19,8.198
1974-04-21,8.244
1974-04-23,9.455
1974-04-24,8.980
1974-05-03,48.376
1974-05-06,166.223
1974-05-27,208.220
1974-06-12,210.134
1974-06-27,209.792
1974-06-28,201.754
1974-07-03,126.436
1974-07-05,93.567
1974-07-08,169.564
1974-07-13,184.152
1974-07-17,179.538
1974-07-20,103.942
1974-07-22,18.730
1974-07-28,30.749
1974-07-30,33.285
1974-08-21,30.906
1974-08-26,33.005
1974-08-27,8.728
1974-09-25,45.283
1974-09-26,71.419
1974-09-27,33.061
1974-10-01,7.898
1974-11-04,10.226
1974-11-26,7.253
1974-12-13,9.379
1974-12-23,6.595
1975-01-01,6.848
1975-01-14,7.253
1975-01-21,7.253
1975-01-29,7.492
1975-02-11,11.432
1975-02-12,10.335
1975-02-24,10.623
1975-02-25,10.668
1975-02-26,10.587
1975-03-16,11.048
1975-03-17,11.094
1975-03-18,11.188
1975-03-21,7.735
1975-03-26,7.980
1975-03-29,7.898
1975-03-30,7.980
1975-04-01,8.062
1975-04-04,7.980
1975-04-06,7.980
1975-04-10,8.062
1975-04-15,11.243
1975-04-19,8.557
1975-04-23,8.728
1975-05-01,8.311
1975-05-06,7.981
1975-05-07,8.144
1975-05-10,18.646
1975-05-12,71.342
1975-05-16,48.034
1975-05-17,10.819
1975-05-20,11.094
1975-05-29,22.860
1975-06-02,48.458
1975-06-03,76.150
1975-06-04,114.048
1975-06-05,107.459
1975-06-06,43.480
1975-06-08,9.712
1975-06-10,22.017
1975-06-13,35.387
1975-06-15,48.802
1975-06-17,92.866
1975-06-18,123.320
1975-06-19,157.392
1975-06-25,200.606
1975-07-02,218.692
1975-07-09,222.299
1975-07-16,188.656
1975-07-18,86.746
1975-07-20,90.698
1975-07-21,210.436
1975-07-24,220.231
1975-07-27,130.155
1975-07-30,27.860
1975-08-03,11.463
1975-08-04,11.838
1975-08-07,11.463
1975-08-10,10.911
1975-08-11,11.186
1975-08-14,11.463
1975-08-18,34.787
1975-08-20,26.961
1975-08-21,23.080
1975-08-25,53.517
1975-08-26,145.601
1975-08-27,175.957
1975-08-28,185.759
1975-09-03,181.906
1975-09-04,189.329
1975-09-05,184.309
1975-09-07,180.953
1975-09-08,203.084
1975-09-09,220.865
1975-09-10,218.872
1975-09-12,188.937
1975-09-14,155.072
1975-09-15,176.655
1975-09-17,188.351
1975-09-18,197.514
1975-09-19,165.848
1975-09-20,86.720
1975-09-25,34.551
1975-10-01,62.876
1975-10-02,110.575
1975-10-03,139.369
1975-10-05,148.811
1975-10-09,172.892
1975-10-10,192.801
1975-10-11,190.583
1975-10-12,188.351
1975-10-13,193.805
1975-10-14,123.295
1975-10-17,34.778
1975-10-20,52.327
1975-10-23,84.534
1975-10-24,35.846
1975-10-29,34.930
1975-10-31,35.846
1975-11-01,34.323
1975-11-02,23.805
1975-11-05,11.463
1975-11-19,10.843
1975-11-26,9.361
1975-12-02,9.712
1975-12-09,9.624
1975-12-16,11.113
1975-12-23,8.728
1975-12-30,8.390
1976-01-01,8.291
1976-01-07,7.898
1976-01-13,7.898
1976-01-22,10.591
1976-01-23,8.814
1976-01-29,8.728
1976-02-03,9.274
1976-02-09,9.188
1976-02-16,33.289
1976-02-17,152.087
1976-02-19,219.305
1976-02-22,200.685
1976-02-23,203.218
1976-02-25,216.061
1976-02-28,111.735
1976-02-29,113.521
1976-03-02,212.270
1976-03-11,208.637
1976-03-13,160.629
1976-03-16,115.686
1976-03-23,45.097
1976-03-26,18.846
1976-03-27,38.451
1976-03-28,133.459
1976-03-30,193.397
1976-04-06,191.480
1976-04-13,187.493
1976-04-21,202.478
1976-04-22,221.571
1976-04-27,215.112
1976-04-30,164.781
1976-05-01,76.528
1976-05-02,77.405
1976-05-04,151.169
1976-05-11,171.836
1976-05-19,114.003
1976-05-20,49.850
1976-05-21,30.035
1976-05-22,29.281
1976-05-23,54.124
1976-05-24,86.121
1976-05-26,49.114
1976-05-27,30.912
1976-05-28,31.749
1976-05-30,29.845
1976-05-31,30.508
1976-06-01,55.541
1976-06-02,85.276
1976-06-03,44.747
1976-06-04,16.695
1976-06-05,7.884
1976-06-06,7.454
1976-06-08,7.628
1976-06-09,7.340
1976-06-10,7.311
1976-06-11,7.803
1976-06-13,7.615
1976-06-14,7.884
1976-06-15,32.147
1976-06-16,122.703
1976-06-17,152.380
1976-06-18,152.380
1976-06-19,150.065
1976-06-20,148.889
1976-06-21,169.001
1976-06-22,158.481
1976-06-23,202.520
1976-06-24,211.415
1976-06-25,208.973
1976-06-26,203.350
1976-06-28,206.893
1976-06-29,214.416
1976-06-30,213.259
1976-07-01,216.772
1976-07-02,215.425
1976-07-03,210.199
1976-07-04,206.545
1976-07-05,212.366
1976-07-06,212.346
1976-07-07,216.839
1976-07-08,229.554
1976-07-09,230.745
1976-07-10,221.571
1976-07-11,217.599
1976-07-12,221.571
1976-07-13,220.312
1976-07-14,213.875
1976-07-15,216.975
1976-07-16,159.058
1976-07-17,151.666
1976-07-18,169.142
1976-07-19,206.452
1976-07-20,206.148
1976-07-21,202.166
1976-07-22,202.865
1976-07-23,200.985
1976-07-24,197.266
1976-07-25,194.464
1976-07-26,197.463
1976-07-27,199.510
1976-07-28,195.711
1976-07-29,198.654
1976-07-30,202.164
1976-07-31,196.875
1976-08-01,193.721
1976-08-02,206.614
1976-08-03,209.787
1976-08-04,157.685
1976-08-05,206.244
1976-08-06,202.164
1976-08-07,197.758
1976-08-08,202.758
1976-08-09,201.573
1976-08-10,197.072
1976-08-11,201.571
1976-08-12,201.573
1976-08-13,196.876
1976-08-14,194.183
1976-08-15,197.463
1976-08-16,196.877
1976-08-17,194.227
1976-08-18,200.738
1976-08-19,219.650
1976-08-20,218.959
1976-08-21,211.216
1976-08-22,208.977
1976-08-23,213.875
1976-08-24,209.887
1976-08-25,204.541
1976-08-26,205.941
1976-08-27,156.644
1976-08-29,153.126
1976-08-30,203.468
1976-08-31,200.391
1976-09-02,200.981
1976-09-03,192.150
1976-09-04,190.440
1976-09-05,191.306
1976-09-06,189.491
1976-09-08,185.246
1976-09-09,184.402
1976-09-10,182.155
1976-09-11,180.691
1976-09-12,182.992
1976-09-13,180.952
1976-09-14,188.600
1976-09-17,197.458
1976-09-18,188.627
1976-09-19,194.469
1976-09-20,189.487
1976-09-21,185.236
1976-09-22,187.501
1976-09-23,189.310
1976-09-24,185.800
1976-09-27,187.091
1976-09-28,194.197
1976-09-29,196.254
1976-09-30,194.173
1976-10-01,188.347
1976-10-02,182.992
1976-10-03,184.396
1976-10-04,183.552
1976-10-05,179.174
1976-10-06,180.405
1976-10-07,179.471
1976-10-08,175.359
1976-10-09,169.614
1976-10-10,171.494
1976-10-11,168.809
1976-10-12,166.654
1976-10-13,166.127
1976-10-20,87.142
1976-10-21,41.090
1976-10-22,39.625
1976-10-23,39.123
1976-10-26,37.859
1976-10-27,37.295
1976-10-28,37.033
1976-10-29,54.347
1976-10-31,68.978
1976-11-01,68.385
1976-11-02,68.036
1976-11-04,68.389
1976-11-05,101.425
1976-11-06,101.425
1976-11-10,97.916
1976-11-11,127.911
1976-11-12,128.373
1976-11-13,125.371
1976-11-14,123.423
1976-11-15,121.950
1976-11-16,123.628
1976-11-17,102.807
1976-11-18,61.570
1976-11-20,36.335
1976-11-24,29.250
1976-11-30,8.953
1976-12-04,8.953
1976-12-06,9.831
1976-12-14,7.879
1976-12-16,5.505
1976-12-30,5.221
1977-01-01,5.300
1977-01-06,5.576
1977-01-12,5.717
1977-01-13,5.717
1977-01-18,5.997
1977-01-19,7.094
1977-01-25,6.249
1977-01-26,6.502
1977-02-01,6.707
1977-02-04,6.421
1977-02-08,4.249
1977-02-10,2.626
1977-02-15,2.704
1977-03-01,2.782
1977-03-03,4.597
1977-03-08,4.103
1977-03-18,4.327
1977-03-24,4.178
1977-03-29,4.178
1977-03-30,3.804
1977-04-01,4.916
1977-04-06,2.547
1977-04-13,2.467
1977-04-19,1.988
1977-04-27,2.148
1977-05-03,4.612
1977-05-05,2.704
1977-06-07,4.645
1977-06-09,3.653
1977-06-14,3.666
1977-06-22,3.779
1977-07-07,40.003
1977-07-08,142.635
1977-07-13,198.824
1977-07-21,189.575
1977-07-28,182.433
1977-08-07,185.357
1977-08-10,199.215
1977-08-12,104.461
1977-08-13,10.766
1977-08-26,17.350
1977-09-21,219.439
1977-09-23,204.916
1977-09-28,171.119
1977-09-30,60.561
1977-10-06,5.927
1977-10-21,5.927
1977-11-01,6.158
1977-11-07,6.696
1977-11-08,6.502
1977-11-14,7.289
1977-11-16,6.616
1977-11-27,6.841
1977-11-29,6.729
1977-12-15,7.968
1977-12-21,8.072
1978-01-01,8.262
1978-01-20,8.620
1978-01-24,8.482
1978-02-09,7.561
1978-02-24,7.561
1978-03-02,7.938
1978-03-03,6.954
1978-03-08,6.954
1978-04-05,7.177
1978-04-20,7.760
1978-04-26,7.760
1978-05-23,8.418
1978-05-30,9.659
1978-06-26,10.263
1978-06-27,9.372
1978-08-03,9.042
1978-08-07,7.967
1978-08-10,6.616
1978-08-11,6.841
1978-08-29,8.525
1978-09-27,10.960
1978-10-24,10.347
1978-10-25,8.482
1978-10-30,9.054
1978-10-31,6.909
1978-11-03,7.400
1978-11-14,7.692
1978-11-21,7.400
1978-11-30,6.864
1978-12-29,7.668
1979-01-01,7.668
1979-01-08,30.693
1979-01-11,133.687
1979-01-12,155.522
1979-01-14,125.646
1979-01-17,104.262
1979-01-18,11.658
1979-01-19,10.762
1979-02-14,8.343
1979-02-19,28.660
1979-02-27,66.495
1979-03-02,77.749
1979-03-06,46.118
1979-03-07,10.569
1979-03-09,18.431
1979-03-14,61.457
1979-03-21,82.118
1979-03-26,96.379
1979-03-27,129.397
1979-03-29,173.747
1979-04-06,133.495
1979-04-12,29.939
1979-04-18,42.033
1979-04-27,54.127
1979-05-03,52.793
1979-05-11,67.663
1979-05-14,100.558
1979-05-17,123.500
1979-06-06,104.576
1979-07-01,74.567
1979-07-03,55.958
1979-07-04,36.075
1979-07-10,56.165
1979-07-11,69.253
1979-07-15,150.129
1979-08-02,208.160
1979-08-28,194.938
1979-09-19,183.551
1979-09-20,199.435
1979-09-30,178.015
1979-10-01,76.215
1979-10-09,7.400
1979-10-25,7.133
1979-11-09,8.759
1979-11-21,8.620
1979-11-23,8.759
1979-11-24,8.689
1979-11-28,8.759
1979-11-29,7.817
1979-12-02,7.803
1979-12-07,8.415
1979-12-14,8.759
1979-12-20,10.696
1979-12-24,10.706
1979-12-25,12.918
1979-12-26,15.041
1980-01-01,16.001
1980-01-08,15.284
1980-01-12,16.093
1980-01-21,23.000
1980-01-22,40.417
1980-01-23,65.462
1980-01-24,91.911
1980-02-22,64.354
1980-02-29,54.628
1980-03-13,44.600
1980-03-19,58.294
1980-03-20,101.848
1980-03-24,113.582
1980-03-25,67.065
1980-04-03,25.267
1980-04-04,32.817
1980-04-09,36.567
1980-04-14,46.066
1980-04-21,79.455
1980-04-22,150.041
1980-04-29,154.580
1980-05-07,75.652
1980-05-12,125.713
1980-05-13,172.047
1980-05-21,156.075
1980-05-25,33.894
1980-05-28,17.355
1980-06-06,15.383
1980-06-13,8.482
1980-06-18,19.301
1980-06-19,60.200
1980-07-03,54.806
1980-07-04,9.459
1980-07-07,50.515
1980-07-10,73.728
1980-07-11,30.488
1980-07-13,46.923
1980-09-03,97.447
1980-09-11,121.573
1980-10-06,155.934
1980-10-16,151.899
1980-10-23,128.315
1980-10-29,128.293
1980-10-30,186.114
1980-11-03,214.906
1980-11-04,103.460
1980-11-06,59.376
1980-11-07,127.277
1980-11-13,122.281
1980-11-15,70.583
1980-11-16,33.670
1980-12-03,16.989
1981-01-13,16.021
1981-01-14,16.093
1981-01-15,16.447
1981-01-16,29.419
1981-01-17,47.509
1981-01-18,47.417
1981-01-21,47.819
1981-01-22,47.043
1981-01-23,47.507
1981-01-24,47.509
1981-01-25,33.559
1981-01-26,18.099
1981-01-30,17.355
1981-01-31,17.538
1981-02-01,17.263
1981-02-02,16.989
1981-02-03,16.625
1981-02-08,16.807
1981-02-09,16.625
1981-02-10,12.831
1981-02-12,7.722
1981-02-13,7.938
1981-02-15,7.400
1981-02-20,8.210
1981-02-21,8.073
1981-02-22,7.938
1981-02-23,9.921
1981-02-25,8.072
1981-02-28,8.620
1981-03-03,7.803
1981-03-05,7.938
1981-03-07,33.343
1981-03-09,80.214
1981-03-13,98.717
1981-03-14,97.686
1981-03-15,96.656
1981-03-16,99.756
1981-03-18,88.575
1981-03-21,78.606
1981-03-23,70.595
1981-03-26,71.526
1981-03-29,79.899
1981-03-31,79.466
1981-04-06,77.749
1981-04-08,76.897
1981-04-09,80.331
1981-04-12,80.331
1981-04-24,78.625
1981-04-30,78.606
1981-05-01,76.049
1981-05-05,79.466
1981-05-11,76.477
1981-05-18,75.206
1981-05-26,75.214
1981-06-04,76.897
1981-06-16,76.068
1981-06-23,78.606
1981-06-26,114.425
1981-07-01,111.795
1981-07-13,116.786
1981-07-21,157.892
1981-07-30,152.060
1981-08-02,157.565
1981-08-06,152.706
1981-08-16,150.361
1981-08-17,152.701
1981-08-18,150.582
1981-08-19,151.100
1981-08-20,189.217
1981-08-23,226.292
1981-08-24,225.269
1981-08-25,224.209
1981-08-26,233.741
1981-08-27,222.625
1981-08-28,216.716
1981-08-29,215.343
1981-08-30,216.748
1981-08-31,218.110
1981-09-01,216.882
1981-09-02,221.571
1981-09-04,211.210
1981-09-05,210.536
1981-09-06,213.965
1981-09-07,219.532
1981-09-08,213.965
1981-09-10,153.891
1981-09-11,106.213
1981-09-13,104.573
1981-09-15,102.947
1981-09-23,105.128
1981-10-03,91.794
1981-10-04,41.034
1981-10-05,8.759
1981-10-09,7.668
1981-10-15,7.177
1981-10-19,7.400
1981-10-20,6.954
1981-10-24,8.482
1981-11-02,9.494
1981-11-09,6.364
1981-11-11,6.502
1981-11-14,7.400
1981-11-27,9.839
1981-11-28,7.668
1981-11-29,7.938
1981-12-07,7.400
1981-12-11,7.371
1981-12-12,7.402
1981-12-13,7.434
1981-12-14,7.447
1981-12-15,7.497
1981-12-16,7.531
1981-12-17,7.363
1981-12-18,7.290
1981-12-19,7.191
1981-12-20,7.219
1981-12-21,7.300
1981-12-22,7.274
1981-12-23,7.163
1981-12-24,6.716
1981-12-25,6.784
1981-12-26,6.678
1981-12-27,6.607
1981-12-28,6.583
1981-12-29,6.579
1981-12-30,6.725
1981-12-31,6.920
1982-01-01,6.936
1982-01-02,6.947
1982-01-03,7.010
1982-01-04,7.021
1982-01-05,6.998
1982-01-06,6.998
1982-01-07,7.061
1982-01-08,6.891
1982-01-09,6.830
1982-01-10,6.925
1982-01-11,6.237
1982-01-12,6.089
1982-01-13,6.077
1982-01-14,6.123
1982-01-15,6.089
1982-01-16,6.118
1982-01-17,6.210
1982-01-18,6.192
1982-01-19,6.123
1982-01-20,6.116
1982-01-21,104.772
1982-01-22,170.955
1982-01-23,7.029
1982-01-24,6.524
1982-01-25,6.261
1982-01-26,6.181
1982-01-27,6.221
1982-01-28,11.946
1982-01-29,28.224
1982-01-30,38.483
1982-01-31,37.880
1982-02-01,37.260
1982-02-02,36.648
1982-02-03,35.846
1982-02-04,35.348
1982-02-05,34.903
1982-02-06,34.432
1982-02-07,34.268
1982-02-08,34.178
1982-02-09,34.196
1982-02-10,34.459
1982-02-11,34.163
1982-02-12,34.098
1982-02-13,33.789
1982-02-14,33.641
1982-02-15,33.519
1982-02-16,39.407
1982-02-17,39.850
1982-02-18,39.015
1982-02-19,37.860
1982-02-20,37.085
1982-02-21,39.137
1982-02-22,39.469
1982-02-23,38.587
1982-02-24,35.688
1982-02-25,29.869
1982-02-26,30.141
1982-02-27,30.223
1982-02-28,29.775
1982-03-01,30.481
1982-03-02,30.342
1982-03-03,29.657
1982-03-04,68.640
1982-03-05,97.427
1982-03-06,96.206
1982-03-07,95.074
1982-03-08,94.010
1982-03-09,95.968
1982-03-10,77.750
1982-03-11,92.795
1982-03-12,117.323
1982-03-13,116.785
1982-03-14,115.513
1982-03-15,114.325
1982-03-16,116.468
1982-03-17,117.089
1982-03-18,116.692
1982-03-19,115.688
1982-03-20,117.445
1982-03-21,117.371
1982-03-22,97.528
1982-03-23,58.096
1982-03-24,39.262
1982-03-25,18.548
1982-03-26,7.749
1982-03-27,7.442
1982-03-28,7.830
1982-03-29,7.728
1982-03-30,7.327
1982-03-31,7.226
1982-04-01,8.186
1982-04-02,8.137
1982-04-03,7.938
1982-04-04,7.760
1982-04-05,7.456
1982-04-06,7.868
1982-04-07,28.966
1982-04-08,49.285
1982-04-09,54.942
1982-04-10,58.593
1982-04-11,58.634
1982-04-12,58.000
1982-04-13,57.056
1982-04-14,56.369
1982-04-15,55.617
1982-04-16,57.741
1982-04-17,57.844
1982-04-18,49.439
1982-04-19,41.005
1982-04-20,39.765
1982-04-21,38.810
1982-04-22,38.243
1982-04-23,37.575
1982-04-24,39.291
1982-04-25,39.430
1982-04-26,38.452
1982-04-27,125.020
1982-04-28,230.150
1982-04-29,228.122
1982-04-30,226.551
1982-05-01,224.425
1982-05-02,225.125
1982-05-03,223.486
1982-05-04,221.471
1982-05-05,223.448
1982-05-06,221.514
1982-05-07,220.709
1982-05-08,220.797
1982-05-09,220.130
1982-05-10,220.643
1982-05-11,220.604
1982-05-12,219.957
1982-05-13,219.341
1982-05-14,216.833
1982-05-15,215.522
1982-05-16,213.916
1982-05-17,217.228
1982-05-18,216.363
1982-05-19,214.857
1982-05-20,152.777
1982-05-21,8.655
1982-05-22,9.288
1982-05-23,7.888
1982-05-24,8.173
1982-05-25,8.157
1982-05-26,8.079
1982-05-27,8.004
1982-05-28,7.459
1982-05-29,7.073
1982-05-30,7.657
1982-05-31,8.341
1982-06-01,8.194
1982-06-02,7.760
1982-06-03,7.650
1982-06-04,7.600
1982-06-05,7.745
1982-06-06,7.740
1982-06-07,7.746
1982-06-08,35.822
1982-06-09,49.355
1982-06-10,66.230
1982-06-11,106.443
1982-06-12,169.757
1982-06-13,208.647
1982-06-14,222.347
1982-06-15,221.991
1982-06-16,220.304
1982-06-17,220.116
1982-06-18,199.836
1982-06-19,95.772
1982-06-20,193.519
1982-06-21,217.581
1982-06-22,216.612
1982-06-23,215.065
1982-06-24,213.819
1982-06-25,214.107
1982-06-26,213.842
1982-06-27,211.973
1982-06-28,210.708
1982-06-29,210.057
1982-06-30,210.232
1982-07-01,210.470
1982-07-02,208.628
1982-07-03,207.201
1982-07-04,205.821
1982-07-05,205.711
1982-07-06,206.318
1982-07-07,205.778
1982-07-08,203.877
1982-07-09,202.472
1982-07-10,201.875
1982-07-11,200.573
1982-07-12,201.609
1982-07-13,202.211
1982-07-14,201.361
1982-07-15,200.262
1982-07-16,63.465
1982-07-17,224.095
1982-07-18,221.496
1982-07-19,220.565
1982-07-20,220.910
1982-07-21,217.828
1982-07-22,216.249
1982-07-23,217.115
1982-07-24,217.178
1982-07-25,216.941
1982-07-26,214.046
1982-07-27,213.078
1982-07-28,211.922
1982-07-29,210.200
1982-07-30,211.232
1982-07-31,211.478
1982-08-01,211.168
1982-08-02,209.277
1982-08-03,208.185
1982-08-04,208.388
1982-08-05,207.460
1982-08-06,206.710
1982-08-07,206.374
1982-08-08,205.949
1982-08-09,204.137
1982-08-10,206.088
1982-08-11,205.479
1982-08-12,203.995
1982-08-13,203.137
1982-08-14,202.638
1982-08-15,200.595
1982-08-16,201.902
1982-08-17,201.385
1982-08-18,200.888
1982-08-19,208.283
1982-08-20,218.367
1982-08-21,216.609
1982-08-22,214.220
1982-08-23,214.236
1982-08-24,214.517
1982-08-25,213.488
1982-08-26,211.688
1982-08-27,210.844
1982-08-28,210.009
1982-08-29,208.435
1982-08-30,211.518
1982-08-31,212.197
1982-09-01,211.146
1982-09-02,198.008
1982-09-03,159.660
1982-09-04,158.778
1982-09-05,158.496
1982-09-06,157.335
1982-09-07,157.960
1982-09-08,157.736
1982-09-09,157.067
1982-09-10,109.067
1982-09-11,8.027
1982-09-12,7.623
1982-09-13,7.401
1982-09-14,7.241
1982-09-15,7.161
1982-09-16,7.080
1982-09-17,7.000
1982-09-18,6.921
1982-09-19,6.934
1982-09-21,6.841
1982-09-22,6.723
1982-09-24,6.670
1982-09-25,6.657
1982-09-26,6.657
1982-09-28,6.579
1982-10-04,6.474
1982-10-05,74.008
1982-10-06,166.729
1982-10-07,209.942
1982-10-08,208.638
1982-10-09,207.657
1982-10-10,206.046
1982-10-11,206.663
1982-10-12,205.698
1982-10-13,204.187
1982-10-14,202.765
1982-10-15,109.175
1982-10-16,7.678
1982-10-17,7.113
1982-10-18,6.881
1982-10-19,6.762
1982-10-20,6.684
1982-10-21,6.702
1982-10-22,6.670
1982-10-23,6.651
1982-10-24,6.644
1982-10-25,6.681
1982-10-26,5.731
1982-10-27,5.723
1982-10-28,5.736
1982-10-29,5.748
1982-10-30,5.838
1982-10-31,5.889
1982-11-01,5.979
1982-11-02,6.106
1982-11-03,6.239
1982-11-04,6.244
1982-11-05,6.265
1982-11-06,6.246
1982-11-07,6.487
1982-11-08,6.442
1982-11-09,6.304
1982-11-10,6.213
1982-11-11,6.378
1982-11-12,6.165
1982-11-13,6.109
1982-11-14,6.031
1982-11-15,5.915
1982-11-16,5.804
1982-11-17,5.851
1982-11-18,5.851
1982-11-19,5.902
1982-11-20,5.864
1982-11-21,5.972
1982-11-22,5.902
1982-11-23,7.030
1982-11-24,5.748
1982-11-25,5.774
1982-11-26,5.780
1982-11-27,5.967
1982-11-28,6.005
1982-11-29,6.005
1982-11-30,5.935
1982-12-01,5.900
1982-12-02,5.902
1982-12-05,5.941
1982-12-06,5.953
1982-12-07,6.023
1982-12-08,6.039
1982-12-11,6.135
1982-12-12,6.142
1982-12-14,6.057
1982-12-16,6.213
1982-12-17,6.331
1982-12-19,6.252
1982-12-20,6.291
1982-12-22,6.291
1982-12-23,6.291
1982-12-24,6.252
1982-12-25,6.503
1982-12-26,6.409
1982-12-27,6.370
1982-12-29,6.370
1982-12-30,6.383
1982-12-31,6.370
1983-01-01,6.330
1983-01-02,6.370
1983-01-04,6.370
1983-01-05,6.468
1983-01-06,6.550
1983-01-07,6.487
1983-01-08,6.448
1983-01-09,6.456
1983-01-10,6.487
1983-01-11,6.881
1983-01-12,6.897
1983-01-13,7.408
1983-01-14,7.174
1983-01-15,7.169
1983-01-16,7.153
1983-01-17,7.169
1983-01-18,7.233
1983-01-19,7.221
1983-01-20,7.241
1983-01-21,7.241
1983-01-22,7.281
1983-01-23,7.321
1983-01-24,7.321
1983-01-25,7.375
1983-01-28,7.346
1983-01-29,7.368
1983-01-30,7.415
1983-01-31,7.308
1983-02-01,7.227
1983-02-02,7.274
1983-02-03,7.341
1983-02-04,7.308
1983-02-05,7.381
1983-02-06,7.406
1983-02-07,7.482
1983-02-08,7.486
1983-02-10,9.209
1983-02-11,8.010
1983-02-12,7.914
1983-02-14,7.914
1983-02-15,7.901
1983-02-16,8.054
1983-02-17,7.800
1983-02-18,7.185
1983-02-19,6.987
1983-02-20,6.881
1983-02-21,6.728
1983-02-22,6.605
1983-02-23,6.605
1983-02-24,6.566
1983-02-27,6.448
1983-02-28,7.963
1983-03-01,8.079
1983-03-02,7.895
1983-03-03,7.737
1983-03-04,7.522
1983-03-05,7.442
1983-03-06,7.482
1983-03-07,7.361
1983-03-08,7.241
1983-03-09,7.187
1983-03-10,7.375
1983-03-11,7.268
1983-03-12,7.187
1983-03-13,7.107
1983-03-14,7.027
1983-03-15,8.502
1983-03-16,8.765
1983-03-17,8.433
1983-03-18,8.243
1983-03-19,8.161
1983-03-20,8.037
1983-03-21,7.691
1983-03-22,7.468
1983-03-23,7.308
1983-03-24,7.250
1983-03-25,7.401
1983-03-26,7.214
1983-03-27,7.107
1983-03-28,6.974
1983-03-29,6.934
1983-03-30,6.815
1983-03-31,7.716
1983-04-01,8.326
1983-04-02,7.950
1983-04-03,7.576
1983-04-04,7.300
1983-04-05,9.476
1983-04-06,20.402
1983-04-07,24.050
1983-04-08,13.227
1983-04-09,8.092
1983-04-10,7.644
1983-04-11,7.067
1983-04-12,8.249
1983-04-13,7.658
1983-04-14,6.692
1983-04-15,45.776
1983-04-16,104.203
1983-04-17,103.393
1983-04-18,102.425
1983-04-19,117.341
1983-04-20,154.508
1983-04-21,157.587
1983-04-22,155.808
1983-04-23,154.031
1983-04-24,152.912
1983-04-25,151.338
1983-04-26,150.661
1983-04-27,177.835
1983-04-28,216.622
1983-04-29,192.624
1983-04-30,155.539
1983-05-01,154.188
1983-05-02,153.308
1983-05-03,91.374
1983-05-04,53.159
1983-05-05,78.061
1983-05-06,145.228
1983-05-07,154.526
1983-05-08,153.909
1983-05-09,169.710
1983-05-10,231.868
1983-05-11,231.061
1983-05-12,229.903
1983-05-13,228.058
1983-05-14,203.587
1983-05-15,142.930
1983-05-16,121.107
1983-05-17,117.639
1983-05-18,153.332
1983-05-19,153.498
1983-05-20,152.679
1983-05-21,128.502
1983-05-22,99.858
1983-05-23,72.477
1983-05-24,52.078
1983-05-25,51.704
1983-05-26,51.534
1983-05-27,51.258
1983-05-28,50.982
1983-05-29,50.750
1983-05-30,50.665
1983-05-31,50.528
1983-06-01,50.307
1983-06-02,50.045
1983-06-03,49.897
1983-06-04,40.793
1983-06-05,23.651
1983-06-06,43.327
1983-06-07,52.716
1983-06-08,52.440
1983-06-09,52.254
1983-06-10,52.051
1983-06-11,51.832
1983-06-12,51.678
1983-06-13,51.334
1983-06-14,51.312
1983-06-15,51.029
1983-06-16,50.792
1983-06-17,35.953
1983-06-18,9.510
1983-06-19,42.996
1983-06-20,117.726
1983-06-21,166.106
1983-06-22,165.592
1983-06-23,164.609
1983-06-24,105.913
1983-06-25,9.323
1983-06-26,49.418
1983-06-27,112.020
1983-06-28,10.020
1983-06-29,67.431
1983-06-30,53.387
1983-07-01,16.562
1983-07-02,8.996
1983-07-03,53.389
1983-07-04,82.723
1983-07-05,82.295
1983-07-06,82.070
1983-07-07,52.902
1983-07-08,21.152
1983-07-09,209.965
1983-07-10,232.143
1983-07-11,187.463
1983-07-12,164.806
1983-07-13,164.353
1983-07-14,163.406
1983-07-15,115.447
1983-07-16,58.412
1983-07-17,33.178
1983-07-18,33.047
1983-07-19,44.735
1983-07-20,52.421
1983-07-21,52.344
1983-07-22,52.316
1983-07-23,52.440
1983-07-24,103.961
1983-07-25,114.255
1983-07-26,113.949
1983-07-27,113.779
1983-07-28,113.847
1983-07-29,113.585
1983-07-30,113.694
1983-07-31,113.983
1983-08-01,13.118
1983-08-02,9.331
1983-08-03,9.148
1983-08-04,9.021
1983-08-05,27.393
1983-08-06,33.506
1983-08-07,41.360
1983-08-08,74.297
1983-08-09,83.689
1983-08-10,161.339
1983-08-11,211.091
1983-08-12,188.725
1983-08-13,165.742
1983-08-14,164.806
1983-08-15,129.120
1983-08-16,131.133
1983-08-17,165.713
1983-08-18,164.591
1983-08-19,164.084
1983-08-20,163.481
1983-08-21,162.956
1983-08-22,162.394
1983-08-23,161.983
1983-08-24,161.535
1983-08-25,161.385
1983-08-26,160.671
1983-08-27,160.342
1983-08-28,160.312
1983-08-29,159.224
1983-08-30,159.508
1983-08-31,158.853
1983-09-01,158.704
1983-09-02,157.938
1983-09-03,157.699
1983-09-04,157.721
1983-09-05,157.365
1983-09-06,156.855
1983-09-07,156.809
1983-09-08,157.186
1983-09-09,158.898
1983-09-10,161.051
1983-09-11,160.417
1983-09-12,160.417
1983-09-13,117.783
1983-09-14,81.853
1983-09-15,101.089
1983-09-16,42.313
1983-09-17,9.684
1983-09-18,40.741
1983-09-19,51.538
1983-09-20,51.417
1983-09-21,51.538
1983-09-22,26.820
1983-09-23,10.747
1983-09-24,10.205
1983-09-25,9.805
1983-09-26,9.601
1983-09-27,9.529
1983-09-28,9.444
1983-09-29,9.444
1983-09-30,9.402
1983-10-01,9.388
1983-10-02,9.351
1983-10-03,9.556
1983-10-04,9.359
1983-10-05,9.359
1983-10-06,9.359
1983-10-07,28.936
1983-10-08,155.054
1983-10-09,234.670
1983-10-10,233.988
1983-10-11,232.969
1983-10-12,231.949
1983-10-13,230.790
1983-10-14,184.619
1983-10-15,164.421
1983-10-16,133.544
1983-10-17,102.318
1983-10-18,71.379
1983-10-19,62.755
1983-10-20,62.585
1983-10-21,147.521
1983-10-22,232.435
1983-10-23,232.532
1983-10-24,231.370
1983-10-25,230.561
1983-10-26,230.693
1983-10-27,228.941
1983-10-28,228.769
1983-10-29,228.385
1983-10-30,138.063
1983-10-31,113.643
1983-11-01,80.519
1983-11-02,72.907
1983-11-03,72.505
1983-11-04,72.380
1983-11-05,89.546
1983-11-06,134.916
1983-11-07,144.331
1983-11-08,144.582
1983-11-09,144.450
1983-11-10,144.538
1983-11-11,144.610
1983-11-12,144.397
1983-11-13,144.538
1983-11-14,144.331
1983-11-15,144.191
1983-11-16,144.122
1983-11-17,144.329
1983-11-18,145.167
1983-11-19,191.118
1983-11-20,235.919
1983-11-21,233.696
1983-11-22,233.113
1983-11-23,231.467
1983-11-24,230.558
1983-11-25,231.707
1983-11-26,231.021
1983-11-27,178.964
1983-11-28,144.053
1983-11-29,93.160
1983-11-30,82.182
1983-12-01,81.737
1983-12-02,81.614
1983-12-03,81.306
1983-12-04,81.360
1983-12-05,81.216
1983-12-06,70.285
1983-12-07,52.536
1983-12-08,70.678
1983-12-09,158.573
1983-12-10,233.259
1983-12-11,232.047
1983-12-12,230.693
1983-12-13,197.536
1983-12-14,133.833
1983-12-15,124.167
1983-12-16,111.672
1983-12-17,102.747
1983-12-18,102.618
1983-12-19,79.218
1983-12-20,63.048
1983-12-21,62.678
1983-12-22,62.750
1983-12-23,62.523
1983-12-24,62.681
1983-12-25,62.508
1983-12-26,62.508
1983-12-27,62.396
1983-12-28,62.280
1983-12-29,62.242
1983-12-30,62.393
1983-12-31,62.280
1984-01-01,62.248
1984-01-02,62.168
1984-01-03,46.271
1984-01-04,42.719
1984-01-05,42.452
1984-01-06,42.227
1984-01-07,41.931
1984-01-08,41.646
1984-01-09,31.893
1984-01-10,22.167
1984-01-11,22.311
1984-01-12,22.140
1984-01-13,63.331
1984-01-14,104.241
1984-01-15,104.067
1984-01-16,103.716
1984-01-17,103.393
1984-01-18,102.962
1984-01-19,102.855
1984-01-20,102.211
1984-01-21,101.729
1984-01-22,101.783
1984-01-23,100.902
1984-01-24,100.822
1984-01-25,100.567
1984-01-26,100.248
1984-01-27,100.663
1984-01-28,100.716
1984-01-29,100.503
1984-01-30,100.376
1984-01-31,100.026
1984-02-01,99.814
1984-02-02,99.629
1984-02-03,99.602
1984-02-04,99.391
1984-02-05,99.444
1984-02-06,99.423
1984-02-07,98.916
1984-02-08,98.706
1984-02-09,102.089
1984-02-10,103.070
1984-02-11,102.801
1984-02-12,102.479
1984-02-13,102.077
1984-02-14,101.836
1984-02-15,101.515
1984-02-16,101.227
1984-02-17,100.944
1984-02-18,100.636
1984-02-19,100.333
1984-02-20,99.708
1984-02-21,92.576
1984-02-22,62.817
1984-02-23,62.395
1984-02-24,46.774
1984-02-25,43.264
1984-02-26,42.989
1984-02-27,26.690
1984-02-28,23.098
1984-02-29,22.958
1984-03-01,32.973
1984-03-02,42.839
1984-03-03,30.904
1984-03-04,22.790
1984-03-05,22.769
1984-03-06,22.598
1984-03-07,60.873
1984-03-08,144.147
1984-03-09,197.189
1984-03-10,236.426
1984-03-11,194.953
1984-03-12,153.093
1984-03-13,83.279
1984-03-14,63.474
1984-03-15,63.280
1984-03-16,56.383
1984-03-17,45.317
1984-03-18,45.054
1984-03-19,44.825
1984-03-20,44.878
1984-03-21,44.707
1984-03-22,44.737
1984-03-23,44.619
1984-03-24,44.561
1984-03-25,33.858
1984-03-26,33.605
1984-03-27,33.541
1984-03-28,52.079
1984-03-29,146.240
1984-03-30,112.305
1984-03-31,62.157
1984-04-01,53.213
1984-04-02,52.832
1984-04-03,52.794
1984-04-04,52.633
1984-04-05,52.472
1984-04-06,52.344
1984-04-07,52.312
1984-04-08,52.305
1984-04-09,51.932
1984-04-10,53.410
1984-04-11,53.659
1984-04-12,53.504
1984-04-13,53.245
1984-04-14,52.845
1984-04-15,52.633
1984-04-16,53.473
1984-04-17,53.213
1984-04-18,52.858
1984-04-19,52.569
1984-04-20,52.184
1984-04-21,51.768
1984-04-22,51.481
1984-04-23,51.099
1984-04-24,50.775
1984-04-25,50.471
1984-04-26,52.832
1984-04-27,52.884
1984-04-28,53.278
1984-04-29,52.778
1984-04-30,52.289
1984-05-01,51.845
1984-05-02,53.124
1984-05-03,53.439
1984-05-04,52.845
1984-05-05,52.536
1984-05-06,52.376
1984-05-07,52.075
1984-05-08,51.736
1984-05-09,51.544
1984-05-10,51.232
1984-05-11,50.876
1984-05-12,50.433
1984-05-13,50.275
1984-05-14,88.723
1984-05-15,101.057
1984-05-16,100.792
1984-05-17,100.530
1984-05-18,100.397
1984-05-19,99.972
1984-05-20,99.655
1984-05-21,101.713
1984-05-22,103.825
1984-05-23,102.901
1984-05-24,54.969
1984-05-25,42.617
1984-05-26,42.480
1984-05-27,39.352
1984-05-28,32.713
1984-05-29,60.393
1984-05-30,103.285
1984-05-31,102.790
1984-06-01,102.726
1984-06-02,102.425
1984-06-03,102.318
1984-06-04,102.082
1984-06-05,177.429
1984-06-06,228.288
1984-06-07,226.346
1984-06-08,225.556
1984-06-09,224.658
1984-06-10,223.510
1984-06-11,223.693
1984-06-12,221.776
1984-06-13,221.322
1984-06-14,220.685
1984-06-15,219.507
1984-06-16,218.296
1984-06-17,218.061
1984-06-18,217.070
1984-06-19,216.622
1984-06-20,215.454
1984-06-21,214.560
1984-06-22,125.723
1984-06-23,98.012
1984-06-24,140.221
1984-06-25,216.891
1984-06-26,216.441
1984-06-27,214.631
1984-06-28,214.023
1984-06-29,145.116
1984-06-30,96.684
1984-07-01,120.603
1984-07-02,214.417
1984-07-03,212.674
1984-07-04,127.022
1984-07-05,95.437
1984-07-06,95.165
1984-07-07,94.893
1984-07-08,94.560
1984-07-09,171.196
1984-07-10,221.776
1984-07-11,179.402
1984-07-12,95.256
1984-07-13,94.762
1984-07-14,94.560
1984-07-15,94.259
1984-07-16,157.579
1984-07-17,219.489
1984-07-18,218.241
1984-07-19,216.782
1984-07-20,171.477
1984-07-21,95.199
1984-07-22,31.452
1984-07-23,94.170
1984-07-24,219.326
1984-07-25,218.125
1984-07-26,217.340
1984-07-27,216.754
1984-07-28,215.992
1984-07-29,215.277
1984-07-30,215.276
1984-07-31,160.113
1984-08-01,48.009
1984-08-02,47.678
1984-08-03,47.602
1984-08-04,45.794
1984-08-05,8.049
1984-08-06,7.778
1984-08-08,7.616
1984-08-11,7.535
1984-08-12,7.509
1984-08-13,7.509
1984-08-19,7.630
1984-08-20,7.656
1984-08-21,7.690
1984-08-22,7.710
1984-08-28,7.751
1984-08-29,7.697
1984-09-01,7.643
1984-09-03,7.643
1984-09-05,7.643
1984-09-07,7.562
1984-09-09,7.562
1984-09-10,7.562
1984-09-11,7.482
1984-09-12,7.495
1984-09-13,7.651
1984-09-16,7.509
1984-09-18,7.455
1984-09-21,70.904
1984-09-22,213.757
1984-09-23,212.511
1984-09-24,212.065
1984-09-25,210.895
1984-09-26,210.895
1984-09-27,209.499
1984-09-28,209.235
1984-09-29,208.148
1984-09-30,207.829
1984-10-01,207.135
1984-10-02,206.261
1984-10-03,205.221
1984-10-04,205.743
1984-10-05,205.326
1984-10-06,203.978
1984-10-07,203.754
1984-10-08,203.254
1984-10-09,202.120
1984-10-10,202.531
1984-10-11,203.065
1984-10-12,203.254
1984-10-13,202.722
1984-10-14,202.430
1984-10-15,201.399
1984-10-16,149.275
1984-10-17,8.981
1984-10-18,9.675
1984-10-19,8.671
1984-10-20,8.324
1984-10-21,8.209
1984-10-22,8.161
1984-10-24,7.942
1984-10-25,7.697
1984-10-26,7.778
1984-10-27,7.778
1984-10-28,7.778
1984-10-29,7.737
1984-10-30,7.778
1984-10-31,7.846
1984-11-01,7.819
1984-11-02,7.724
1984-11-03,7.791
1984-11-04,7.996
1984-11-05,7.921
1984-11-06,7.983
1984-11-07,8.024
1984-11-10,8.024
1984-11-11,8.024
1984-11-12,7.983
1984-11-13,7.839
1984-11-14,7.778
1984-11-15,7.710
1984-11-16,7.922
1984-11-17,7.840
1984-11-18,7.737
1984-11-19,7.901
1984-11-20,7.921
1984-11-21,7.969
1984-11-22,7.996
1984-11-23,8.024
1984-11-24,8.065
1984-11-25,8.106
1984-11-26,8.055
1984-11-28,8.065
1984-11-29,8.106
1984-11-30,8.106
1984-12-02,8.188
1984-12-03,15.800
1984-12-04,29.644
1984-12-05,32.184
1984-12-06,32.112
1984-12-07,32.315
1984-12-08,32.425
1984-12-09,32.575
1984-12-10,36.770
1984-12-11,42.609
1984-12-12,73.142
1984-12-13,82.792
1984-12-14,117.006
1984-12-15,125.362
1984-12-16,125.637
1984-12-17,175.530
1984-12-18,223.972
1984-12-19,224.155
1984-12-20,224.568
1984-12-21,227.435
1984-12-22,228.577
1984-12-23,228.963
1984-12-24,228.577
1984-12-25,228.384
1984-12-26,227.717
1984-12-27,175.036
1984-12-28,159.781
1984-12-29,220.413
1984-12-30,218.964
1984-12-31,218.152
1985-01-01,217.677
1985-01-02,217.395
1985-01-03,216.622
1985-01-04,216.102
1985-01-05,173.049
1985-01-06,153.407
1985-01-07,218.604
1985-01-08,217.791
1985-01-09,216.890
1985-01-10,216.981
1985-01-11,217.656
1985-01-12,217.520
1985-01-13,217.791
1985-01-14,216.865
1985-01-15,216.926
1985-01-16,215.741
1985-01-17,215.742
1985-01-18,216.082
1985-01-19,214.881
1985-01-20,215.203
1985-01-21,214.131
1985-01-22,213.794
1985-01-23,214.024
1985-01-24,213.133
1985-01-25,212.154
1985-01-26,211.267
1985-01-27,210.426
1985-01-28,210.030
1985-01-29,209.234
1985-01-30,208.444
1985-01-31,207.551
1985-02-01,207.031
1985-02-02,206.784
1985-02-03,204.999
1985-02-04,204.098
1985-02-05,186.771
1985-02-06,168.143
1985-02-07,143.394
1985-02-08,105.455
1985-02-09,53.795
1985-02-10,45.597
1985-02-11,44.365
1985-02-12,26.717
1985-02-13,9.740
1985-02-14,26.549
1985-02-15,33.296
1985-02-16,33.382
1985-02-17,33.422
1985-02-18,33.155
1985-02-19,33.135
1985-02-20,33.037
1985-02-21,33.066
1985-02-22,32.994
1985-02-23,33.000
1985-02-24,32.963
1985-02-25,33.012
1985-02-26,33.066
1985-02-27,33.066
1985-02-28,33.209
1985-03-01,33.308
1985-03-02,33.358
1985-03-03,33.407
1985-03-04,33.457
1985-03-05,33.452
1985-03-06,40.586
1985-03-07,43.933
1985-03-08,43.851
1985-03-09,44.116
1985-03-10,43.947
1985-03-11,43.662
1985-03-12,43.662
1985-03-13,43.652
1985-03-14,43.569
1985-03-15,39.449
1985-03-16,33.114
1985-03-17,33.254
1985-03-18,33.047
1985-03-19,33.012
1985-03-20,32.958
1985-03-21,32.882
1985-03-22,32.950
1985-03-23,32.938
1985-03-24,79.275
1985-03-25,61.379
1985-03-26,33.135
1985-03-27,33.012
1985-03-28,32.987
1985-03-29,32.928
1985-03-30,33.076
1985-03-31,32.914
1985-04-01,32.815
1985-04-02,32.729
1985-04-03,32.643
1985-04-04,32.545
1985-04-05,32.594
1985-04-06,32.508
1985-04-07,32.496
1985-04-08,32.521
1985-04-09,47.901
1985-04-10,51.513
1985-04-11,51.544
1985-04-12,51.436
1985-04-13,46.576
1985-04-14,34.765
1985-04-15,51.449
1985-04-16,82.163
1985-04-17,166.244
1985-04-18,143.664
1985-04-19,15.414
1985-04-20,9.411
1985-04-21,51.929
1985-04-22,230.327
1985-04-23,163.299
1985-04-24,60.074
1985-04-25,10.231
1985-04-26,9.893
1985-04-27,9.761
1985-04-28,9.702
1985-04-29,9.530
1985-04-30,9.444
1985-05-01,9.359
1985-05-02,9.359
1985-05-03,9.402
1985-05-04,9.557
1985-05-05,9.557
1985-05-06,9.473
1985-05-07,9.430
1985-05-08,9.430
1985-05-09,56.168
1985-05-10,102.640
1985-05-11,90.275
1985-05-12,52.794
1985-05-13,52.178
1985-05-14,40.191
1985-05-15,33.749
1985-05-16,31.895
1985-05-17,33.037
1985-05-18,32.800
1985-05-19,32.668
1985-05-20,40.751
1985-05-21,86.758
1985-05-22,119.751
1985-05-23,83.152
1985-05-24,45.414
1985-05-25,33.086
1985-05-26,33.049
1985-05-27,33.037
1985-05-28,33.027
1985-05-29,20.393
1985-05-30,9.001
1985-05-31,108.438
1985-06-01,229.787
1985-06-02,228.288
1985-06-03,227.369
1985-06-04,226.671
1985-06-05,226.239
1985-06-06,225.356
1985-06-07,224.227
1985-06-08,223.510
1985-06-09,223.053
1985-06-10,222.004
1985-06-11,221.594
1985-06-12,220.957
1985-06-13,220.277
1985-06-14,219.598
1985-06-15,220.871
1985-06-16,220.904
1985-06-17,141.961
1985-06-18,22.223
1985-06-19,8.698
1985-06-20,8.576
1985-06-21,8.361
1985-06-22,8.353
1985-06-23,8.271
1985-06-24,8.188
1985-06-25,8.188
1985-06-27,8.065
1985-06-30,7.914
1985-07-01,7.887
1985-07-03,7.901
1985-07-04,7.866
1985-07-05,7.983
1985-07-06,7.901
1985-07-07,7.907
1985-07-08,7.887
1985-07-09,7.887
1985-07-10,7.887
1985-07-11,7.887
1985-07-12,7.887
1985-07-13,7.887
1985-07-14,7.887
1985-07-15,7.846
1985-07-16,7.724
1985-07-17,7.814
1985-07-18,7.716
1985-07-19,7.724
1985-07-20,7.716
1985-07-23,7.760
1985-07-27,7.670
1985-07-28,7.670
1985-07-30,23.919
1985-07-31,32.149
1985-08-01,86.423
1985-08-02,151.920
1985-08-03,151.046
1985-08-04,150.974
1985-08-05,131.575
1985-08-06,101.370
1985-08-07,100.982
1985-08-08,100.950
1985-08-09,100.663
1985-08-10,101.078
1985-08-11,100.769
1985-08-12,151.565
1985-08-13,225.730
1985-08-14,224.242
1985-08-15,223.016
1985-08-16,222.231
1985-08-17,221.230
1985-08-18,221.321
1985-08-19,200.834
1985-08-20,33.179
1985-08-21,32.604
1985-08-22,49.544
1985-08-23,60.700
1985-08-24,60.437
1985-08-25,60.569
1985-08-26,87.465
1985-08-27,137.037
1985-08-28,187.354
1985-08-29,224.743
1985-08-30,223.785
1985-08-31,222.963
1985-09-01,220.549
1985-09-11,138.052
1985-09-12,158.061
1985-09-13,177.971
1985-09-14,176.932
1985-09-15,198.254
1985-09-16,218.995
1985-09-17,218.378
1985-09-18,217.160
1985-09-19,216.531
1985-09-20,184.777
1985-09-21,8.785
1985-09-22,8.059
1985-09-23,7.878
1985-09-24,7.751
1985-09-26,7.824
1985-09-27,8.085
1985-09-28,8.024
1985-09-29,8.018
1985-09-30,8.092
1985-10-01,8.133
1985-10-02,8.175
1985-10-03,8.346
1985-10-04,8.408
1985-10-05,8.408
1985-10-06,8.463
1985-10-07,8.271
1985-10-08,8.147
1985-10-09,8.079
1985-10-11,8.106
1985-10-12,8.106
1985-10-13,8.250
1985-10-15,8.229
1985-10-16,8.271
1985-10-17,8.106
1985-10-18,8.024
1985-10-19,8.106
1985-10-20,8.188
1985-10-21,17.992
1985-10-22,69.801
1985-10-23,8.477
1985-10-24,8.271
1985-10-25,8.291
1985-10-26,8.353
1985-10-27,8.353
1985-10-28,8.353
1985-10-29,63.314
1985-10-30,78.919
1985-10-31,34.337
1985-11-01,8.306
1985-11-02,8.103
1985-11-03,8.051
1985-11-04,8.051
1985-11-05,8.065
1985-11-06,7.950
1985-11-07,7.955
1985-11-08,7.942
1985-11-09,7.942
1985-11-10,8.024
1985-11-11,7.942
1985-11-12,7.983
1985-11-13,7.955
1985-11-14,7.992
1985-11-15,8.010
1985-11-16,28.832
1985-11-17,136.881
1985-11-18,177.062
1985-11-19,103.320
1985-11-20,8.915
1985-11-21,8.615
1985-11-22,18.278
1985-11-23,50.813
1985-11-24,63.082
1985-11-25,80.642
1985-11-26,80.734
1985-11-27,80.546
1985-11-28,80.904
1985-11-29,81.052
1985-11-30,80.894
1985-12-01,81.037
1985-12-02,81.255
1985-12-03,81.291
1985-12-04,81.373
1985-12-05,113.354
1985-12-06,162.736
1985-12-07,188.399
1985-12-08,188.312
1985-12-09,187.946
1985-12-10,187.486
1985-12-11,187.508
1985-12-12,186.924
1985-12-13,119.286
1985-12-14,51.928
1985-12-15,51.959
1985-12-16,51.784
1985-12-17,51.676
1985-12-18,51.742
1985-12-19,51.587
1985-12-20,51.784
1985-12-21,51.804
1985-12-22,34.534
1985-12-23,8.279
1985-12-24,8.312
1985-12-25,8.188
1985-12-26,8.181
1985-12-27,45.087
1985-12-28,82.701
1985-12-29,181.209
1985-12-30,235.058
1985-12-31,234.124
1986-01-01,233.223
1986-01-02,232.482
1986-01-03,183.159
1986-01-04,122.802
1986-01-05,122.494
1986-01-06,102.257
1986-01-07,61.831
1986-01-08,61.905
1986-01-09,61.759
1986-01-10,61.772
1986-01-11,44.385
1986-01-12,43.918
1986-01-13,43.801
1986-01-14,43.743
1986-01-15,43.918
1986-01-16,44.093
1986-01-17,44.023
1986-01-18,43.843
1986-01-19,43.918
1986-01-20,43.918
1986-01-21,43.988
1986-01-22,235.254
1986-01-23,233.812
1986-01-24,232.645
1986-01-25,231.369
1986-01-26,230.789
1986-01-27,229.402
1986-01-28,228.022
1986-01-29,178.719
1986-01-30,61.647
1986-01-31,61.272
1986-02-01,61.157
1986-02-02,61.133
1986-02-03,61.114
1986-02-04,61.096
1986-02-05,40.498
1986-02-06,9.067
1986-02-07,8.880
1986-02-08,8.796
1986-02-09,8.788
1986-02-10,8.830
1986-02-11,8.824
1986-02-12,8.852
1986-02-13,8.908
1986-02-16,8.908
1986-02-17,8.908
1986-02-18,8.930
1986-02-19,9.021
1986-02-20,9.162
1986-02-21,9.246
1986-02-22,9.266
1986-02-23,9.419
1986-02-24,9.218
1986-02-25,8.710
1986-02-26,8.632
1986-02-27,8.712
1986-02-28,23.252
1986-03-01,44.356
1986-03-02,44.093
1986-03-03,44.151
1986-03-04,59.287
1986-03-05,81.396
1986-03-06,81.127
1986-03-07,81.109
1986-03-08,81.127
1986-03-09,80.894
1986-03-10,38.617
1986-03-11,9.188
1986-03-12,42.689
1986-03-13,103.263
1986-03-14,103.199
1986-03-15,103.303
1986-03-16,103.242
1986-03-17,103.307
1986-03-18,103.016
1986-03-19,102.801
1986-03-20,102.747
1986-03-21,48.182
1986-03-22,33.789
1986-03-23,33.630
1986-03-24,33.481
1986-03-25,33.382
1986-03-26,33.283
1986-03-27,23.775
1986-03-28,9.246
1986-03-29,9.007
1986-03-30,8.908
1986-03-31,8.824
1986-04-01,13.660
1986-04-02,18.426
1986-04-03,18.316
1986-04-04,25.664
1986-04-05,33.061
1986-04-06,176.516
1986-04-07,179.027
1986-04-08,85.422
1986-04-09,51.544
1986-04-10,74.687
1986-04-11,81.935
1986-04-12,76.813
1986-04-13,81.172
1986-04-14,81.194
1986-04-15,66.479
1986-04-16,51.608
1986-04-17,51.592
1986-04-18,51.481
1986-04-19,51.544
1986-04-20,51.640
1986-04-21,45.542
1986-04-22,42.161
1986-04-23,42.178
1986-04-24,42.123
1986-04-25,42.123
1986-04-26,42.095
1986-04-27,92.579
1986-04-28,166.135
1986-04-29,141.141
1986-04-30,124.286
1986-05-01,91.848
1986-05-02,62.012
1986-05-03,61.923
1986-05-04,61.794
1986-05-05,49.144
1986-05-06,32.869
1986-05-07,32.766
1986-05-08,32.692
1986-05-09,32.521
1986-05-10,32.457
1986-05-11,32.545
1986-05-12,32.447
1986-05-13,42.003
1986-05-14,51.401
1986-05-15,51.436
1986-05-16,51.294
1986-05-17,51.321
1986-05-18,51.258
1986-05-19,51.178
1986-05-20,51.283
1986-05-21,51.239
1986-05-22,51.321
1986-05-23,30.154
1986-05-24,8.470
1986-05-25,8.326
1986-05-26,8.243
1986-05-28,8.161
1986-05-29,8.181
1986-05-30,66.224
1986-05-31,165.167
1986-06-01,130.350
1986-06-02,88.966
1986-06-03,81.091
1986-06-04,81.038
1986-06-05,73.253
1986-06-06,61.536
1986-06-07,61.353
1986-06-08,61.272
1986-06-09,61.390
1986-06-10,61.687
1986-06-11,93.508
1986-06-12,233.306
1986-06-13,231.272
1986-06-14,229.864
1986-06-15,204.537
1986-06-16,124.155
1986-06-17,96.239
1986-06-18,81.665
1986-06-19,81.351
1986-06-20,81.351
1986-06-21,81.396
1986-06-22,116.951
1986-06-23,124.764
1986-06-24,124.632
1986-06-25,124.048
1986-06-26,123.774
1986-06-27,92.695
1986-06-28,48.632
1986-06-29,44.414
1986-06-30,44.256
1986-07-01,44.093
1986-07-02,44.116
1986-07-03,43.876
1986-07-04,43.845
1986-07-05,43.695
1986-07-06,43.656
1986-07-07,43.656
1986-07-08,43.481
1986-07-09,43.481
1986-07-10,43.481
1986-07-11,43.438
1986-07-12,43.307
1986-07-13,43.307
1986-07-14,43.264
1986-07-15,43.133
1986-07-16,43.133
1986-07-17,43.076
1986-07-18,43.018
1986-07-19,43.003
1986-07-20,43.012
1986-07-21,87.916
1986-07-22,230.210
1986-07-23,228.249
1986-07-24,227.426
1986-07-25,227.618
1986-07-26,226.252
1986-07-27,225.110
1986-07-28,225.000
1986-07-29,223.875
1986-07-30,223.235
1986-07-31,222.688
1986-08-01,222.231
1986-08-02,221.139
1986-08-03,220.285
1986-08-04,220.230
1986-08-05,218.950
1986-08-06,218.362
1986-08-07,218.105
1986-08-08,217.430
1986-08-09,216.890
1986-08-10,216.171
1986-08-11,215.453
1986-08-12,215.562
1986-08-13,214.201
1986-08-14,214.667
1986-08-15,213.845
1986-08-16,226.514
1986-08-17,228.288
1986-08-18,227.367
1986-08-19,225.889
1986-08-20,225.726
1986-08-21,225.032
1986-08-22,223.443
1986-08-23,223.234
1986-08-24,222.270
1986-08-25,221.411
1986-08-26,220.593
1986-08-27,219.597
1986-08-28,218.964
1986-08-29,218.150
1986-08-30,217.177
1986-08-31,216.315
1986-09-01,216.069
1986-09-02,215.131
1986-09-03,214.059
1986-09-04,213.577
1986-09-05,155.660
1986-09-06,127.887
1986-09-07,127.524
1986-09-08,127.283
1986-09-09,127.102
1986-09-10,126.885
1986-09-11,110.998
1986-09-12,100.079
1986-09-13,85.619
1986-09-14,64.057
1986-09-15,42.716
1986-09-16,21.045
1986-09-17,20.870
1986-09-18,20.793
1986-09-19,20.716
1986-09-20,20.693
1986-09-21,12.102
1986-09-22,7.367
1986-09-23,7.268
1986-09-24,7.308
1986-09-25,7.268
1986-09-26,7.368
1986-09-27,7.468
1986-09-28,7.509
1986-09-29,7.401
1986-09-30,7.268
1986-10-01,7.268
1986-10-02,7.308
1986-10-03,7.262
1986-10-04,7.268
1986-10-05,7.420
1986-10-06,7.597
1986-10-07,7.589
1986-10-08,7.455
1986-10-09,7.281
1986-10-10,7.241
1986-10-11,7.241
1986-10-12,7.241
1986-10-13,7.241
1986-10-14,7.241
1986-10-15,7.329
1986-10-16,7.554
1986-10-17,7.765
1986-10-18,7.832
1986-10-19,7.832
1986-10-20,7.792
1986-10-21,7.853
1986-10-22,7.860
1986-10-23,7.860
1986-10-24,7.882
1986-10-25,7.887
1986-10-26,7.765
1986-10-27,7.805
1986-10-28,7.832
1986-10-29,7.832
1986-10-30,7.994
1986-10-31,8.037
1986-11-01,7.765
1986-11-02,7.711
1986-11-03,8.031
1986-11-05,9.288
1986-11-06,7.489
1986-11-07,7.368
1986-11-08,7.368
1986-11-09,7.535
1986-11-10,7.375
1986-11-11,7.381
1986-11-12,7.428
1986-11-13,7.421
1986-11-14,7.569
1986-11-15,7.670
1986-11-16,7.529
1986-11-17,7.468
1986-11-18,7.479
1986-11-20,7.415
1986-11-21,214.610
1986-11-22,213.577
1986-11-23,212.776
1986-11-24,213.013
1986-11-25,136.477
1986-11-26,160.584
1986-11-27,205.372
1986-11-28,148.795
1986-11-29,94.409
1986-11-30,94.249
1986-12-01,93.928
1986-12-02,39.360
1986-12-03,7.879
1986-12-04,7.650
1986-12-05,7.538
1986-12-06,7.522
1986-12-07,7.442
1986-12-08,7.361
1986-12-09,7.339
1986-12-10,7.348
1986-12-11,7.455
1986-12-12,7.401
1986-12-13,7.314
1986-12-14,7.294
1986-12-15,9.442
1986-12-16,13.462
1986-12-19,19.872
1986-12-21,21.174
1987-01-15,7.442
1987-01-17,7.544
1987-01-18,7.509
1987-01-19,7.509
1987-01-20,7.509
1987-01-21,7.608
1987-01-22,8.007
1987-01-23,8.333
1987-01-24,8.360
1987-01-25,8.463
1987-01-26,8.339
1987-01-27,8.298
1987-01-28,8.505
1987-01-29,8.408
1987-01-30,8.408
1987-01-31,8.408
1987-02-01,8.376
1987-02-02,8.353
1987-02-03,8.631
1987-02-04,8.466
1987-02-05,8.380
1987-02-06,8.380
1987-02-07,8.380
1987-02-08,8.399
1987-02-09,8.408
1987-02-10,28.425
1987-02-11,32.422
1987-02-12,37.208
1987-02-13,41.843
1987-02-14,41.745
1987-02-15,41.830
1987-02-16,41.903
1987-02-17,42.041
1987-02-18,41.997
1987-02-19,41.964
1987-02-20,41.986
1987-02-21,41.903
1987-02-22,41.964
1987-02-23,42.030
1987-02-24,41.986
1987-02-25,42.013
1987-02-26,42.029
1987-02-27,42.183
1987-02-28,42.095
1987-03-01,42.183
1987-03-02,42.117
1987-03-03,42.150
1987-03-04,52.141
1987-03-05,61.905
1987-03-06,61.747
1987-03-07,61.794
1987-03-08,61.794
1987-03-09,74.179
1987-03-10,201.174
1987-03-11,225.264
1987-03-12,224.609
1987-03-13,224.113
1987-03-14,223.125
1987-03-15,222.870
1987-03-16,145.655
1987-03-17,102.265
1987-03-18,69.869
1987-03-19,53.144
1987-03-20,52.923
1987-03-21,33.761
1987-03-22,28.683
1987-03-23,28.696
1987-03-24,21.157
1987-03-25,9.511
1987-03-26,9.444
1987-03-27,9.430
1987-03-28,9.444
1987-03-29,9.574
1987-03-30,170.124
1987-03-31,236.974
1987-04-01,236.818
1987-04-02,236.035
1987-04-03,234.538
1987-04-04,234.181
1987-04-05,233.015
1987-04-06,231.997
1987-04-07,231.561
1987-04-08,182.409
1987-04-09,102.501
1987-04-10,102.157
1987-04-11,101.943
1987-04-12,78.485
1987-04-13,71.766
1987-04-14,71.713
1987-04-15,71.713
1987-04-16,42.115
1987-04-17,33.407
1987-04-18,33.244
1987-04-19,33.259
1987-04-20,33.244
1987-04-21,72.983
1987-04-22,136.602
1987-04-23,165.061
1987-04-24,115.902
1987-04-25,102.296
1987-04-26,102.318
1987-04-27,66.206
1987-04-28,42.619
1987-04-29,24.702
1987-04-30,18.536
1987-05-01,35.218
1987-05-02,42.591
1987-05-03,42.605
1987-05-04,75.519
1987-05-05,102.987
1987-05-06,61.618
1987-05-07,40.448
1987-05-08,32.963
1987-05-09,32.864
1987-05-10,32.864
1987-05-11,32.901
1987-05-12,32.864
1987-05-13,32.938
1987-05-14,32.957
1987-05-15,33.049
1987-05-16,33.037
1987-05-17,50.724
1987-05-18,76.739
1987-05-19,76.696
1987-05-20,76.482
1987-05-21,47.572
1987-05-22,32.422
1987-05-23,32.302
1987-05-24,32.292
1987-05-25,52.471
1987-05-26,86.600
1987-05-27,134.529
1987-05-28,165.893
1987-05-29,220.765
1987-05-30,232.452
1987-05-31,231.658
1987-06-01,230.886
1987-06-02,178.259
1987-06-03,140.313
1987-06-04,149.066
1987-06-05,186.325
1987-06-06,157.825
1987-06-07,106.459
1987-06-08,51.984
1987-06-09,32.619
1987-06-10,47.574
1987-06-11,68.718
1987-06-12,81.827
1987-06-13,99.253
1987-06-14,164.937
1987-06-15,190.078
1987-06-16,189.284
1987-06-17,159.137
1987-06-18,109.052
1987-06-19,91.344
1987-06-20,91.129
1987-06-21,66.762
1987-06-22,39.061
1987-06-23,28.602
1987-06-24,28.498
1987-06-25,28.542
1987-06-26,75.510
1987-06-27,90.700
1987-06-28,90.657
1987-06-29,61.905
1987-06-30,54.220
1987-07-01,53.970
1987-07-02,53.981
1987-07-03,41.699
1987-07-04,37.391
1987-07-05,30.930
1987-07-06,21.126
1987-07-07,21.070
1987-07-08,24.969
1987-07-09,38.973
1987-07-10,37.734
1987-07-11,21.295
1987-07-12,21.263
1987-07-13,21.161
1987-07-14,21.112
1987-07-15,37.503
1987-07-16,72.492
1987-07-17,106.106
1987-07-18,135.958
1987-07-19,175.421
1987-07-20,196.803
1987-07-21,195.872
1987-07-22,194.615
1987-07-23,194.302
1987-07-24,193.333
1987-07-25,192.665
1987-07-26,192.175
1987-07-27,190.932
1987-07-28,190.490
1987-07-29,190.373
1987-07-30,189.342
1987-07-31,188.520
1987-08-01,188.228
1987-08-02,187.511
1987-08-03,187.437
1987-08-04,186.632
1987-08-05,186.208
1987-08-06,185.594
1987-08-07,185.389
1987-08-08,184.878
1987-08-09,184.538
1987-08-10,184.338
1987-08-11,183.378
1987-08-12,183.349
1987-08-13,182.877
1987-08-14,182.582
1987-08-15,181.900
1987-08-16,181.612
1987-08-17,181.107
1987-08-18,180.603
1987-08-19,179.769
1987-08-20,179.884
1987-08-21,179.086
1987-08-22,178.596
1987-08-23,178.381
1987-08-24,177.882
1987-08-25,177.739
1987-08-26,177.169
1987-08-27,188.346
1987-08-28,198.380
1987-08-29,197.073
1987-08-30,196.233
1987-08-31,195.348
1987-09-01,194.794
1987-09-02,193.899
1987-09-03,165.263
1987-09-04,135.746
1987-09-05,135.159
1987-09-06,100.113
1987-09-07,82.234
1987-09-08,81.955
1987-09-09,81.904
1987-09-10,48.994
1987-09-11,26.106
1987-09-12,25.997
1987-09-13,18.175
1987-09-14,7.129
1987-09-15,7.008
1987-09-16,6.928
1987-09-17,6.943
1987-09-18,6.948
1987-09-21,6.968
1987-09-22,6.917
1987-09-23,6.948
1987-09-24,6.948
1987-09-25,6.948
1987-09-26,6.928
1987-09-28,6.918
1987-09-29,6.901
1987-09-30,6.950
1987-10-01,6.862
1987-10-02,6.837
1987-10-04,6.797
1987-10-05,6.858
1987-10-06,6.877
1987-10-07,6.857
1987-10-08,6.887
1987-10-09,6.877
1987-10-10,6.907
1987-10-11,6.853
1987-10-12,6.841
1987-10-13,6.877
1987-10-14,6.847
1987-10-15,6.847
1987-10-16,6.847
1987-10-17,6.847
1987-10-18,6.847
1987-10-19,6.847
1987-10-20,6.955
1987-10-21,7.000
1987-10-22,7.060
1987-10-23,7.120
1987-10-24,7.120
1987-10-25,7.151
1987-10-26,7.151
1987-10-27,7.120
1987-10-28,7.059
1987-10-29,7.100
1987-11-01,7.100
1987-11-02,7.131
1987-11-03,7.141
1987-11-04,7.213
1987-11-05,7.338
1987-11-06,7.591
1987-11-07,7.598
1987-11-08,7.660
1987-11-09,7.615
1987-11-10,7.408
1987-11-11,7.320
1987-11-12,7.421
1987-11-13,7.489
1987-11-14,7.660
1987-11-15,7.695
1987-11-16,38.116
1987-11-17,52.912
1987-11-18,53.033
1987-11-19,52.975
1987-11-20,46.307
1987-11-21,36.079
1987-11-22,36.092
1987-11-23,36.062
1987-11-24,35.955
1987-11-25,35.981
1987-11-26,35.964
1987-11-27,36.034
1987-11-28,36.253
1987-11-29,36.072
1987-11-30,24.417
1987-12-01,44.942
1987-12-02,53.180
1987-12-03,35.228
1987-12-04,8.013
1987-12-05,7.892
1987-12-06,7.964
1987-12-07,24.434
1987-12-08,53.151
1987-12-09,53.239
1987-12-10,53.168
1987-12-11,53.004
1987-12-12,53.133
1987-12-13,52.992
1987-12-14,53.004
1987-12-15,53.107
1987-12-16,53.063
1987-12-17,53.063
1987-12-18,52.894
1987-12-19,52.852
1987-12-20,52.758
1987-12-21,52.916
1987-12-22,53.169
1987-12-23,52.433
1987-12-24,51.752
1987-12-25,51.665
1987-12-26,51.809
1987-12-27,51.618
1987-12-28,51.607
1987-12-29,51.607
1987-12-30,51.636
1987-12-31,40.796
1988-01-01,37.033
1988-01-02,36.855
1988-01-03,36.860
1988-01-04,28.967
1988-01-05,20.899
1988-01-06,11.516
1988-01-07,8.118
1988-01-08,15.365
1988-01-09,20.343
1988-01-10,10.083
1988-01-11,7.892
1988-01-12,7.869
1988-01-13,7.802
1988-01-14,7.787
1988-01-15,7.776
1988-01-16,7.822
1988-01-17,7.805
1988-01-18,7.822
1988-01-19,22.812
1988-01-20,37.238
1988-01-21,37.220
1988-01-22,37.156
1988-01-23,37.095
1988-01-24,37.161
1988-01-25,23.579
1988-01-26,20.561
1988-01-27,20.494
1988-01-28,20.561
1988-01-29,11.970
1988-01-30,8.047
1988-01-31,7.991
1988-02-01,7.969
1988-02-02,7.941
1988-02-03,8.200
1988-02-04,7.951
1988-02-05,7.839
1988-02-06,7.776
1988-02-07,7.710
1988-02-08,7.683
1988-02-09,7.683
1988-02-10,7.683
1988-02-11,7.683
1988-02-12,7.706
1988-02-13,7.811
1988-02-14,7.722
1988-02-15,7.660
1988-02-16,7.826
1988-02-17,8.006
1988-02-18,8.055
1988-02-19,8.002
1988-02-20,8.060
1988-02-21,8.071
1988-02-22,16.609
1988-02-23,67.159
1988-02-24,108.910
1988-02-25,96.932
1988-02-26,83.539
1988-02-27,83.562
1988-02-28,83.365
1988-02-29,83.649
1988-03-01,66.514
1988-03-02,49.653
1988-03-03,32.341
1988-03-04,15.381
1988-03-05,8.646
1988-03-06,8.604
1988-03-07,8.480
1988-03-08,8.423
1988-03-09,8.440
1988-03-10,8.472
1988-03-11,8.566
1988-03-12,8.663
1988-03-13,41.040
1988-03-14,76.582
1988-03-15,108.167
1988-03-16,128.926
1988-03-17,116.559
1988-03-18,76.566
1988-03-19,39.426
1988-03-20,29.078
1988-03-21,28.690
1988-03-22,28.554
1988-03-23,28.478
1988-03-24,28.499
1988-03-25,15.897
1988-03-26,13.105
1988-03-27,13.037
1988-03-28,12.977
1988-03-29,40.552
1988-03-30,50.456
1988-03-31,28.882
1988-04-01,28.795
1988-04-02,65.437
1988-04-03,74.305
1988-04-04,53.222
1988-04-05,29.143
1988-04-06,29.121
1988-04-07,29.122
1988-04-08,29.034
1988-04-09,100.469
1988-04-10,147.794
1988-04-11,74.740
1988-04-12,52.257
1988-04-13,34.991
1988-04-14,29.261
1988-04-15,29.318
1988-04-16,29.308
1988-04-17,29.258
1988-04-18,29.275
1988-04-19,29.318
1988-04-20,23.060
1988-04-21,21.510
1988-04-22,21.457
1988-04-23,21.386
1988-04-24,21.393
1988-04-25,21.415
1988-04-26,21.386
1988-04-27,21.439
1988-04-28,21.457
1988-04-29,19.286
1988-04-30,17.139
1988-05-01,17.145
1988-05-02,32.373
1988-05-03,93.031
1988-05-04,92.770
1988-05-05,92.640
1988-05-06,92.467
1988-05-07,92.336
1988-05-08,92.146
1988-05-09,91.818
1988-05-10,91.628
1988-05-11,91.516
1988-05-12,91.267
1988-05-13,91.258
1988-05-14,90.957
1988-05-15,90.786
1988-05-16,90.341
1988-05-17,90.272
1988-05-18,90.015
1988-05-19,90.144
1988-05-20,90.101
1988-05-21,89.909
1988-05-22,89.947
1988-05-23,89.640
1988-05-24,89.480
1988-05-25,89.181
1988-05-26,89.148
1988-05-27,88.995
1988-05-28,88.791
1988-05-29,88.588
1988-05-30,88.571
1988-05-31,88.385
1988-06-01,88.360
1988-06-02,88.234
1988-06-03,88.082
1988-06-04,88.191
1988-06-05,87.795
1988-06-06,87.728
1988-06-07,87.770
1988-06-08,87.644
1988-06-09,87.745
1988-06-10,87.476
1988-06-11,87.241
1988-06-12,87.308
1988-06-13,86.939
1988-06-14,86.833
1988-06-15,87.901
1988-06-16,88.952
1988-06-17,88.783
1988-06-18,88.622
1988-06-19,88.867
1988-06-20,88.470
1988-06-21,88.445
1988-06-22,88.267
1988-06-23,87.980
1988-06-24,88.031
1988-06-25,87.829
1988-06-26,87.829
1988-06-27,87.764
1988-06-28,87.476
1988-06-29,49.140
1988-06-30,7.844
1988-07-01,7.649
1988-07-02,7.568
1988-07-03,7.527
1988-07-04,7.500
1988-07-05,7.466
1988-07-06,7.449
1988-07-07,7.455
1988-07-09,7.409
1988-07-10,7.477
1988-07-11,7.466
1988-07-12,7.421
1988-07-13,7.432
1988-07-14,7.432
1988-07-15,7.432
1988-07-16,7.449
1988-07-17,7.455
1988-07-18,7.455
1988-07-19,7.432
1988-07-21,7.409
1988-07-22,7.432
1988-07-23,7.535
1988-07-24,7.507
1988-07-25,7.878
1988-07-26,24.376
1988-07-27,23.142
1988-07-28,28.375
1988-07-29,59.466
1988-07-30,90.255
1988-07-31,90.340
1988-08-01,133.867
1988-08-02,183.952
1988-08-03,196.151
1988-08-04,195.124
1988-08-05,194.377
1988-08-06,193.439
1988-08-07,192.740
1988-08-08,192.516
1988-08-09,157.710
1988-08-10,80.856
1988-08-11,111.552
1988-08-12,138.201
1988-08-13,183.573
1988-08-14,192.146
1988-08-15,191.169
1988-08-16,190.766
1988-08-17,190.151
1988-08-18,190.225
1988-08-19,189.079
1988-08-20,188.902
1988-08-21,187.926
1988-08-22,187.964
1988-08-23,187.510
1988-08-24,187.261
1988-08-25,142.080
1988-08-26,8.107
1988-08-27,48.132
1988-08-28,86.172
1988-08-29,86.042
1988-08-30,47.161
1988-08-31,13.949
1988-09-01,22.768
1988-09-02,22.731
1988-09-03,22.740
1988-09-04,22.677
1988-09-05,100.503
1988-09-06,118.059
1988-09-07,117.918
1988-09-08,117.511
1988-09-09,117.585
1988-09-10,117.385
1988-09-11,117.217
1988-09-12,74.111
1988-09-13,7.673
1988-09-14,7.288
1988-09-15,7.151
1988-09-16,7.069
1988-09-18,7.008
1988-09-19,7.008
1988-09-20,7.008
1988-09-21,7.008
1988-09-22,7.008
1988-09-25,7.008
1988-09-26,6.978
1988-09-28,8.455
1988-09-29,7.584
1988-09-30,7.660
1988-10-01,7.660
1988-10-02,7.729
1988-10-03,7.729
1988-10-04,9.808
1988-10-05,10.877
1988-10-06,7.306
1988-10-07,7.278
1988-10-08,7.297
1988-10-09,7.297
1988-10-10,7.410
1988-10-11,7.443
1988-10-12,7.432
1988-10-13,7.621
1988-10-14,66.803
1988-10-15,132.646
1988-10-16,191.591
1988-10-17,202.108
1988-10-18,202.078
1988-10-19,201.833
1988-10-20,200.887
1988-10-21,200.705
1988-10-22,200.553
1988-10-23,200.431
1988-10-24,199.946
1988-10-25,199.521
1988-10-26,199.717
1988-10-27,199.414
1988-10-28,199.793
1988-10-29,199.642
1988-10-30,199.975
1988-10-31,199.717
1988-11-01,199.429
1988-11-02,199.430
1988-11-03,198.820
1988-11-04,199.066
1988-11-05,198.703
1988-11-06,198.612
1988-11-07,156.867
1988-11-08,73.327
1988-11-09,73.121
1988-11-10,72.860
1988-11-11,89.103
1988-11-12,91.947
1988-11-13,91.861
1988-11-14,91.947
1988-11-15,51.831
1988-11-16,53.661
1988-11-17,91.430
1988-11-18,91.559
1988-11-19,120.072
1988-11-20,127.351
1988-11-21,126.948
1988-11-22,126.867
1988-11-23,126.522
1988-11-24,126.776
1988-11-25,126.247
1988-11-26,86.112
1988-11-27,53.616
1988-11-28,73.146
1988-11-29,151.853
1988-11-30,161.435
1988-12-01,145.086
1988-12-02,102.093
1988-12-03,73.374
1988-12-04,73.327
1988-12-05,68.629
1988-12-06,45.842
1988-12-07,45.980
1988-12-08,156.904
1988-12-09,201.199
1988-12-10,122.754
1988-12-11,54.154
1988-12-12,82.416
1988-12-13,137.425
1988-12-14,110.710
1988-12-15,78.106
1988-12-16,74.059
1988-12-17,55.631
1988-12-18,39.685
1988-12-19,39.739
1988-12-20,48.670
1988-12-21,54.595
1988-12-22,112.542
1988-12-23,146.119
1988-12-24,124.840
1988-12-25,110.555
1988-12-26,110.453
1988-12-27,110.377
1988-12-28,110.058
1988-12-29,79.086
1988-12-30,54.255
1988-12-31,54.184
1989-01-01,54.223
1989-01-02,54.243
1989-01-03,54.208
1989-01-04,54.208
1989-01-05,54.124
1989-01-06,54.214
1989-01-07,41.976
1989-01-08,29.209
1989-01-09,41.969
1989-01-10,54.392
1989-01-11,33.498
1989-01-12,29.373
1989-01-13,29.406
1989-01-14,49.723
1989-01-15,54.584
1989-01-16,54.315
1989-01-17,54.303
1989-01-18,54.137
1989-01-19,77.340
1989-01-20,92.466
1989-01-21,92.250
1989-01-22,92.207
1989-01-23,92.146
1989-01-24,91.688
1989-01-25,70.544
1989-01-26,37.835
1989-01-27,39.760
1989-01-28,29.100
1989-01-29,28.925
1989-01-30,28.869
1989-01-31,28.713
1989-02-01,28.688
1989-02-02,28.992
1989-02-03,19.971
1989-02-04,12.898
1989-02-05,12.789
1989-02-06,12.681
1989-02-07,12.607
1989-02-08,12.592
1989-02-09,12.467
1989-02-10,12.423
1989-02-11,25.808
1989-02-12,29.052
1989-02-13,28.882
1989-02-14,28.564
1989-02-15,28.338
1989-02-16,46.438
1989-02-17,52.758
1989-02-18,53.510
1989-02-19,53.888
1989-02-20,53.769
1989-02-21,28.326
1989-02-22,30.658
1989-02-23,74.795
1989-03-14,73.986
1989-03-15,74.419
1989-03-16,74.838
1989-03-17,64.945
1989-03-18,46.411
1989-03-19,46.228
1989-03-20,46.146
1989-03-21,46.257
1989-03-22,45.848
1989-03-23,46.035
1989-03-24,46.090
1989-03-25,46.112
1989-03-26,46.079
1989-03-27,46.063
1989-03-28,46.068
1989-03-29,133.676
1989-03-30,202.613
1989-03-31,169.587
1989-04-01,93.161
1989-04-02,61.862
1989-04-03,46.234
1989-04-04,46.118
1989-04-05,46.101
1989-04-06,46.002
1989-04-07,46.035
1989-04-08,46.035
1989-04-09,45.897
1989-04-10,45.746
1989-04-11,45.622
1989-04-12,45.595
1989-04-13,45.639
1989-04-14,45.705
1989-04-15,45.705
1989-04-16,45.672
1989-04-17,45.658
1989-04-18,45.705
1989-04-19,45.677
1989-04-20,45.677
1989-04-21,32.456
1989-04-22,28.869
1989-04-23,28.838
1989-04-24,13.593
1989-04-25,8.157
1989-04-26,8.035
1989-04-27,8.072
1989-04-28,8.116
1989-04-29,8.325
1989-04-30,8.210
1989-05-01,7.985
1989-05-02,7.713
1989-05-03,7.603
1989-05-04,18.072
1989-05-05,28.499
1989-05-06,28.540
1989-05-07,28.561
1989-05-08,28.562
1989-05-09,28.561
1989-05-10,28.416
1989-05-11,28.436
1989-05-12,28.416
1989-05-13,28.416
1989-05-14,28.375
1989-05-15,28.436
1989-05-16,28.411
1989-05-17,28.375
1989-05-18,28.334
1989-05-19,28.289
1989-05-20,28.412
1989-05-21,28.401
1989-05-22,28.344
1989-05-23,28.313
1989-05-24,28.363
1989-05-25,28.313
1989-05-26,28.338
1989-05-27,28.313
1989-05-28,28.363
1989-05-29,28.273
1989-05-30,28.142
1989-05-31,28.191
1989-06-01,28.191
1989-06-02,28.240
1989-06-03,28.167
1989-06-04,28.191
1989-06-05,28.150
1989-06-06,28.142
1989-06-07,28.290
1989-06-08,54.012
1989-06-09,91.731
1989-06-10,91.697
1989-06-11,91.430
1989-06-12,84.950
1989-06-13,54.133
1989-06-14,85.382
1989-06-15,92.879
1989-06-16,54.413
1989-06-17,53.899
1989-06-18,53.935
1989-06-19,53.740
1989-06-20,53.563
1989-06-21,53.342
1989-06-22,53.092
1989-06-23,52.916
1989-06-24,53.300
1989-06-25,53.676
1989-06-26,53.474
1989-06-27,69.068
1989-06-28,91.990
1989-06-29,91.542
1989-06-30,91.645
1989-07-01,91.688
1989-07-02,91.344
1989-07-03,91.181
1989-07-04,90.768
1989-07-05,90.528
1989-07-06,90.443
1989-07-07,90.203
1989-07-08,89.794
1989-07-09,90.308
1989-07-10,91.215
1989-07-11,59.783
1989-07-12,36.910
1989-07-13,36.374
1989-07-14,29.793
1989-07-15,45.048
1989-07-16,44.803
1989-07-17,74.230
1989-07-18,90.015
1989-07-19,121.699
1989-07-20,142.126
1989-07-21,186.683
1989-07-22,196.698
1989-07-23,195.033
1989-07-24,194.451
1989-07-25,193.334
1989-07-26,192.554
1989-07-27,192.889
1989-07-28,193.036
1989-07-29,191.775
1989-07-30,190.638
1989-07-31,190.151
1989-08-01,188.975
1989-08-02,188.697
1989-08-03,187.906
1989-08-04,187.364
1989-08-05,186.676
1989-08-06,185.901
1989-08-07,188.573
1989-08-08,187.364
1989-08-09,186.340
1989-08-10,185.652
1989-08-11,184.688
1989-08-12,183.858
1989-08-13,185.075
1989-08-14,184.222
1989-08-15,183.698
1989-08-16,182.479
1989-08-17,181.612
1989-08-18,180.747
1989-08-19,180.531
1989-08-20,179.540
1989-08-21,180.504
1989-08-22,181.093
1989-08-23,180.100
1989-08-24,179.168
1989-08-25,178.509
1989-08-26,177.454
1989-08-27,177.028
1989-08-28,193.749
1989-08-29,196.322
1989-08-30,194.898
1989-08-31,193.631
1989-09-01,192.205
1989-09-02,190.790
1989-09-03,189.401
1989-09-04,189.491
1989-09-05,189.577
1989-09-06,188.353
1989-09-07,187.145
1989-09-08,186.778
1989-09-09,185.798
1989-09-10,184.586
1989-09-11,184.808
1989-09-12,185.126
1989-09-13,183.495
1989-09-14,183.089
1989-09-15,181.757
1989-09-16,180.963
1989-09-17,179.831
1989-09-18,178.846
1989-09-19,183.606
1989-09-20,187.437
1989-09-21,186.632
1989-09-22,185.791
1989-09-23,184.878
1989-09-24,183.930
1989-09-25,183.599
1989-09-26,182.769
1989-09-27,170.931
1989-09-28,158.185
1989-09-29,157.547
1989-09-30,156.753
1989-10-01,156.264
1989-10-02,155.408
1989-10-03,155.776
1989-10-04,155.539
1989-10-05,155.013
1989-10-06,154.332
1989-10-07,153.508
1989-10-08,154.257
1989-10-09,138.152
1989-10-10,68.736
1989-10-11,36.112
1989-10-12,30.539
1989-10-13,21.478
1989-10-14,15.903
1989-10-15,15.847
1989-10-16,15.808
1989-10-17,15.777
1989-10-18,32.198
1989-10-19,35.447
1989-10-20,35.492
1989-10-21,35.386
1989-10-22,35.422
1989-10-23,35.397
1989-10-24,47.397
1989-10-25,46.106
1989-10-26,35.801
1989-10-27,35.711
1989-10-28,35.681
1989-10-29,35.796
1989-10-30,35.746
1989-10-31,35.801
1989-11-01,50.729
1989-11-02,56.142
1989-11-03,36.129
1989-11-04,29.209
1989-11-05,29.165
1989-11-06,10.534
1989-11-07,5.592
1989-11-08,5.508
1989-11-09,5.531
1989-11-10,5.474
1989-11-12,5.454
1989-11-13,5.427
1989-11-14,5.414
1989-11-15,5.414
1989-11-16,5.414
1989-11-17,5.414
1989-11-18,5.414
1989-11-19,5.414
1989-11-20,5.414
1989-11-21,5.414
1989-11-22,5.414
1989-11-23,5.414
1989-11-24,5.414
1989-11-25,5.414
1989-11-26,5.414
1989-11-27,5.414
1989-11-28,5.414
1989-11-29,5.381
1989-11-30,5.371
1989-12-01,5.375
1989-12-02,5.381
1989-12-03,5.434
1989-12-04,5.381
1989-12-05,5.408
1989-12-06,5.401
1989-12-07,18.287
1989-12-08,66.980
1989-12-09,90.571
1989-12-10,143.072
1989-12-11,194.004
1989-12-12,192.257
1989-12-13,191.184
1989-12-14,190.519
1989-12-15,75.105
1989-12-16,6.558
1989-12-17,6.292
1989-12-18,6.191
1989-12-19,6.121
1989-12-20,6.106
1989-12-21,6.234
1989-12-22,6.623
1989-12-23,6.129
1989-12-25,6.106
1989-12-26,6.106
1989-12-27,6.215
1989-12-28,6.168
1989-12-29,6.152
1989-12-30,6.199
1989-12-31,6.199
1990-01-01,6.222
1990-01-02,6.199
1990-01-03,6.226
1990-01-04,6.312
1990-01-05,6.300
1990-01-07,6.370
1990-01-08,6.370
1990-01-10,6.418
1990-01-11,6.370
1990-01-12,6.394
1990-01-13,6.536
1990-01-14,6.382
1990-01-15,6.386
1990-01-16,6.370
1990-01-17,6.468
1990-01-18,6.370
1990-01-21,6.370
1990-01-22,6.425
1990-01-23,6.453
1990-01-24,6.465
1990-01-25,6.418
1990-01-26,6.460
1990-01-27,6.479
1990-01-28,6.418
1990-01-29,6.449
1990-01-30,6.441
1990-01-31,6.394
1990-02-01,6.386
1990-02-02,6.386
1990-02-03,6.386
1990-02-04,6.386
1990-02-05,6.457
1990-02-06,6.386
1990-02-07,6.429
1990-02-08,6.438
1990-02-09,6.433
1990-02-10,6.457
1990-02-11,6.481
1990-02-13,6.481
1990-02-14,6.493
1990-02-15,6.516
1990-02-16,6.552
1990-02-18,6.570
1990-02-19,6.758
1990-02-20,6.597
1990-02-21,6.528
1990-02-22,6.576
1990-02-23,6.576
1990-02-24,6.576
1990-02-25,6.628
1990-02-26,6.568
1990-02-28,6.610
1990-03-02,6.649
1990-03-03,6.649
1990-03-04,6.649
1990-03-07,6.728
1990-03-08,6.708
1990-03-09,6.774
1990-03-10,6.881
1990-03-11,6.887
1990-03-12,6.963
1990-03-13,7.151
1990-03-14,7.159
1990-03-15,7.070
1990-03-16,7.192
1990-03-17,7.192
1990-03-18,7.121
1990-03-19,7.192
1990-03-20,7.009
1990-03-21,6.948
1990-03-22,6.963
1990-03-25,7.008
1990-03-27,7.008
1990-03-28,7.008
1990-03-29,7.008
1990-03-30,7.008
1990-03-31,7.008
1990-04-01,7.008
1990-04-02,7.014
1990-04-03,7.002
1990-04-05,7.069
1990-04-06,7.069
1990-04-07,7.069
1990-04-08,7.069
1990-04-09,7.069
1990-04-10,7.069
1990-04-11,7.069
1990-04-12,7.049
1990-04-13,7.043
1990-04-14,7.100
1990-04-15,7.080
1990-04-16,7.127
1990-04-17,7.059
1990-04-18,7.158
1990-04-19,7.059
1990-04-20,7.043
1990-04-21,7.190
1990-04-22,7.110
1990-04-23,7.172
1990-04-24,7.156
1990-04-25,7.297
1990-04-26,7.309
1990-04-27,7.320
1990-04-28,7.381
1990-04-29,7.416
1990-04-30,7.364
1990-05-01,7.432
1990-05-02,7.447
1990-05-03,7.535
1990-05-05,7.534
1990-05-06,7.517
1990-05-07,7.562
1990-05-08,7.534
1990-05-10,7.517
1990-05-11,7.500
1990-05-12,7.500
1990-05-13,7.645
1990-05-14,7.440
1990-05-15,7.297
1990-05-16,7.297
1990-05-17,7.304
1990-05-18,7.286
1990-05-19,7.410
1990-05-20,7.364
1990-05-21,7.364
1990-05-22,7.421
1990-05-23,7.455
1990-05-24,7.372
1990-05-25,7.153
1990-05-26,7.124
1990-05-27,7.090
1990-05-28,7.100
1990-05-29,7.090
1990-05-30,7.090
1990-06-02,7.172
1990-06-03,7.151
1990-06-04,7.151
1990-06-05,7.182
1990-06-06,7.151
1990-06-07,7.151
1990-06-08,7.151
1990-06-09,7.151
1990-06-12,7.279
1990-06-16,7.276
1990-06-17,7.293
1990-06-18,22.140
1990-06-19,43.705
1990-06-20,52.971
1990-06-21,52.420
1990-06-22,52.303
1990-06-23,51.954
1990-06-24,51.757
1990-06-25,51.549
1990-06-26,51.367
1990-06-27,114.074
1990-06-28,201.949
1990-06-29,200.250
1990-06-30,177.545
1990-07-01,161.665
1990-07-02,121.114
1990-07-03,72.284
1990-07-04,71.424
1990-07-05,70.736
1990-07-06,57.609
1990-07-07,44.841
1990-07-08,44.743
1990-07-09,44.722
1990-07-10,44.743
1990-07-11,44.678
1990-07-12,36.702
1990-07-13,18.237
1990-07-14,7.525
1990-07-15,7.409
1990-07-16,7.359
1990-07-17,7.342
1990-07-18,7.276
1990-07-19,7.276
1990-07-20,7.276
1990-07-21,7.276
1990-07-22,7.276
1990-07-23,7.260
1990-07-24,7.254
1990-07-25,7.355
1990-07-26,35.604
1990-07-27,152.928
1990-07-28,190.889
1990-07-29,189.754
1990-07-30,188.170
1990-07-31,186.412
1990-08-01,185.170
1990-08-02,183.859
1990-08-03,183.023
1990-08-04,182.407
1990-08-05,182.046
1990-08-06,186.367
1990-08-07,188.433
1990-08-08,187.657
1990-08-09,196.027
1990-08-10,196.773
1990-08-11,195.183
1990-08-12,194.526
1990-08-13,193.839
1990-08-14,192.368
1990-08-15,191.036
1990-08-16,189.784
1990-08-17,188.628
1990-08-18,187.408
1990-08-19,186.266
1990-08-20,189.184
1990-08-21,191.288
1990-08-22,190.415
1990-08-23,189.519
1990-08-24,142.274
1990-08-25,85.261
1990-08-26,188.463
1990-08-27,187.291
1990-08-28,185.681
1990-08-29,184.551
1990-08-30,183.350
1990-08-31,182.740
1990-09-01,181.539
1990-09-02,180.315
1990-09-03,176.917
1990-09-04,183.060
1990-09-05,164.098
1990-09-06,84.119
1990-09-07,66.706
1990-09-08,46.116
1990-09-09,35.379
1990-09-10,21.052
1990-09-11,10.860
1990-09-12,10.695
1990-09-13,10.415
1990-09-14,10.280
1990-09-15,10.281
1990-09-16,10.469
1990-09-17,10.523
1990-09-18,10.281
1990-09-19,10.200
1990-09-20,10.281
1990-09-21,10.254
1990-09-22,10.220
1990-09-23,10.200
1990-09-24,40.073
1990-09-25,84.056
1990-09-26,83.944
1990-09-27,83.857
1990-09-28,83.596
1990-09-29,83.215
1990-09-30,83.292
1990-10-01,82.730
1990-10-02,82.601
1990-10-03,82.348
1990-10-04,82.192
1990-10-05,81.998
1990-10-06,81.956
1990-10-07,81.612
1990-10-08,83.297
1990-10-09,59.508
1990-10-10,27.212
1990-10-11,9.859
1990-10-12,6.897
1990-10-13,6.837
1990-10-14,6.807
1990-10-15,6.797
1990-10-16,6.748
1990-10-17,6.688
1990-10-18,6.688
1990-10-19,6.688
1990-10-20,6.688
1990-10-21,6.688
1990-10-22,6.688
1990-10-23,6.688
1990-10-24,6.733
1990-10-25,6.807
1990-10-26,6.791
1990-10-27,6.787
1990-10-28,6.787
1990-10-29,6.788
1990-10-30,6.766
1990-10-31,6.774
1990-11-01,6.768
1990-11-02,6.751
1990-11-03,6.742
1990-11-04,6.754
1990-11-05,6.778
1990-11-06,6.768
1990-11-08,6.788
1990-11-09,6.787
1990-11-10,6.768
1990-11-11,37.258
1990-11-12,67.404
1990-11-13,43.371
1990-11-14,7.031
1990-11-15,6.928
1990-11-16,6.861
1990-11-17,6.873
1990-11-18,6.900
1990-11-19,58.656
1990-11-20,136.527
1990-11-21,184.047
1990-11-22,182.551
1990-11-23,128.322
1990-11-24,6.912
1990-11-25,52.518
1990-11-26,86.347
1990-11-27,54.589
1990-11-28,6.600
1990-11-29,6.451
1990-11-30,6.441
1990-12-01,6.386
1990-12-02,6.386
1990-12-03,6.386
1990-12-04,6.390
1990-12-05,6.378
1990-12-06,6.355
1990-12-07,6.355
1990-12-08,6.366
1990-12-09,6.386
1990-12-10,6.425
1990-12-11,6.513
1990-12-12,6.594
1990-12-13,6.689
1990-12-14,6.659
1990-12-15,6.742
1990-12-16,6.748
1990-12-17,6.748
1990-12-18,6.708
1990-12-19,6.728
1990-12-20,6.768
1990-12-21,6.738
1990-12-22,6.698
1990-12-23,6.768
1990-12-24,6.788
1990-12-25,6.797
1990-12-26,6.833
1990-12-27,6.887
1990-12-28,6.881
1990-12-29,7.059
1990-12-30,6.948
1990-12-31,6.948
1991-01-01,7.015
1991-01-02,10.924
1991-01-03,18.515
1991-01-04,19.812
1991-01-05,44.420
1991-01-06,74.038
1991-01-07,120.545
1991-01-08,145.101
1991-01-09,127.174
1991-01-10,81.896
1991-01-11,73.589
1991-01-12,73.252
1991-01-13,72.820
1991-01-14,55.702
1991-01-15,53.004
1991-01-16,52.239
1991-01-17,52.403
1991-01-18,53.110
1991-01-19,53.092
1991-01-20,53.039
1991-01-21,53.004
1991-01-22,52.969
1991-01-23,53.145
1991-01-24,53.180
1991-01-25,58.426
1991-01-26,62.578
1991-01-27,62.499
1991-01-28,92.952
1991-01-29,145.737
1991-01-30,124.887
1991-01-31,118.736
1991-02-01,130.126
1991-02-02,144.799
1991-02-03,143.324
1991-02-04,142.535
1991-02-05,129.544
1991-02-06,110.352
1991-02-07,110.113
1991-02-08,109.821
1991-02-09,109.593
1991-02-10,109.745
1991-02-11,94.510
1991-02-12,83.857
1991-02-13,83.300
1991-02-14,69.065
1991-02-15,76.802
1991-02-16,118.808
1991-02-17,144.464
1991-02-18,143.513
1991-02-19,142.000
1991-02-20,131.879
1991-02-21,98.842
1991-02-22,68.695
1991-02-23,60.578
1991-02-24,60.191
1991-02-25,33.329
1991-02-26,24.821
1991-02-27,14.885
1991-02-28,7.258
1991-03-01,5.684
1991-03-02,5.657
1991-03-04,5.628
1991-03-05,20.499
1991-03-06,23.455
1991-03-07,23.389
1991-03-08,23.337
1991-03-09,23.430
1991-03-10,23.383
1991-03-11,24.827
1991-03-12,23.004
1991-03-13,28.882
1991-03-14,28.912
1991-03-15,18.674
1991-03-16,8.350
1991-03-17,8.312
1991-03-18,8.299
1991-03-19,8.338
1991-03-20,8.338
1991-03-21,8.338
1991-03-22,32.653
1991-03-23,111.421
1991-03-24,171.659
1991-03-25,184.281
1991-03-26,182.842
1991-03-27,181.873
1991-03-28,148.372
1991-03-29,90.786
1991-03-30,90.358
1991-03-31,89.731
1991-04-01,113.192
1991-04-02,182.480
1991-04-03,181.902
1991-04-04,145.678
1991-04-05,47.471
1991-04-06,8.578
1991-04-07,8.441
1991-04-08,8.302
1991-04-09,7.484
1991-04-10,7.477
1991-04-11,7.398
1991-04-12,7.387
1991-04-13,7.380
1991-04-14,7.394
1991-04-15,7.387
1991-04-16,7.398
1991-04-17,7.372
1991-04-18,7.353
1991-04-19,7.408
1991-04-20,20.031
1991-04-21,37.013
1991-04-22,37.043
1991-04-23,36.991
1991-04-24,36.809
1991-04-25,36.957
1991-04-26,36.962
1991-04-27,36.881
1991-04-28,36.817
1991-04-29,28.852
1991-04-30,19.845
1991-05-01,19.829
1991-05-02,20.631
1991-05-03,19.564
1991-05-04,19.485
1991-05-05,19.389
1991-05-06,19.392
1991-05-07,19.353
1991-05-08,19.349
1991-05-09,19.412
1991-05-10,16.130
1991-05-11,12.539
1991-05-12,29.253
1991-05-13,29.127
1991-05-14,29.078
1991-05-15,28.773
1991-05-16,28.688
1991-05-17,20.015
1991-05-18,7.363
1991-05-19,7.371
1991-05-20,16.289
1991-05-21,29.078
1991-05-22,57.252
1991-05-23,75.525
1991-05-24,74.727
1991-05-25,74.532
1991-05-26,84.920
1991-05-27,91.516
1991-05-28,91.043
1991-05-29,90.957
1991-05-30,90.375
1991-05-31,90.400
1991-06-01,90.118
1991-06-02,89.760
1991-06-03,89.547
1991-06-04,89.776
1991-06-05,90.101
1991-06-06,89.777
1991-06-07,90.653
1991-06-08,90.486
1991-06-09,89.879
1991-06-10,89.292
1991-06-11,89.100
1991-06-12,88.698
1991-06-13,89.388
1991-06-14,90.238
1991-06-15,89.547
1991-06-16,89.037
1991-06-17,110.523
1991-06-18,142.342
1991-06-19,139.750
1991-06-20,138.832
1991-06-21,138.386
1991-06-22,137.646
1991-06-23,137.276
1991-06-24,137.057
1991-06-25,136.078
1991-06-26,138.118
1991-06-27,138.139
1991-06-28,137.645
1991-06-29,136.969
1991-06-30,136.256
1991-07-01,136.000
1991-07-02,135.638
1991-07-03,137.361
1991-07-04,136.694
1991-07-05,135.956
1991-07-06,135.196
1991-07-07,135.052
1991-07-08,135.221
1991-07-09,135.160
1991-07-10,134.408
1991-07-11,134.265
1991-07-12,134.195
1991-07-13,134.146
1991-07-14,133.433
1991-07-15,162.432
1991-07-16,184.514
1991-07-17,183.176
1991-07-18,182.769
1991-07-19,181.525
1991-07-20,181.613
1991-07-21,180.747
1991-07-22,180.172
1991-07-23,179.312
1991-07-24,178.310
1991-07-25,177.028
1991-07-26,177.058
1991-07-27,176.885
1991-07-28,184.091
1991-07-29,193.750
1991-07-30,192.235
1991-07-31,191.790
1991-08-01,190.183
1991-08-02,189.050
1991-08-03,190.820
1991-08-04,190.299
1991-08-05,188.903
1991-08-06,188.609
1991-08-07,188.585
1991-08-08,156.223
1991-08-09,29.026
1991-08-10,6.889
1991-08-11,6.546
1991-08-12,6.441
1991-08-13,6.337
1991-08-14,6.418
1991-08-15,6.521
1991-08-16,7.069
1991-08-17,7.002
1991-08-18,6.577
1991-08-19,6.465
1991-08-20,6.418
1991-08-21,6.370
1991-08-22,6.370
1991-08-23,6.323
1991-08-24,6.323
1991-08-25,6.337
1991-08-26,11.277
1991-08-27,37.222
1991-08-28,57.320
1991-08-29,67.315
1991-08-30,67.183
1991-08-31,67.050
1991-09-01,67.050
1991-09-02,67.050
1991-09-03,77.676
1991-09-04,84.223
1991-09-05,83.894
1991-09-06,83.909
1991-09-07,83.544
1991-09-08,83.466
1991-09-09,77.104
1991-09-10,55.225
1991-09-11,48.677
1991-09-12,55.502
1991-09-13,16.343
1991-09-14,6.623
1991-09-15,6.485
1991-09-16,6.402
1991-09-17,6.355
1991-09-20,21.347
1991-09-21,38.319
1991-09-22,49.775
1991-09-23,49.775
1991-09-24,60.222
1991-09-25,83.352
1991-09-26,101.647
1991-09-27,111.216
1991-09-28,111.053
1991-09-29,126.141
1991-09-30,135.279
1991-10-01,115.526
1991-10-02,58.197
1991-10-03,42.021
1991-10-04,37.811
1991-10-05,34.583
1991-10-06,28.351
1991-10-07,26.903
1991-10-08,26.808
1991-10-09,26.937
1991-10-10,26.983
1991-10-11,26.992
1991-10-12,26.982
1991-10-13,27.062
1991-10-14,26.903
1991-10-15,26.927
1991-10-16,34.721
1991-10-17,27.700
1991-10-18,5.030
1991-10-19,5.036
1991-10-20,4.993
1991-10-21,4.993
1991-10-25,14.284
1991-10-26,19.267
1991-10-27,19.316
1991-10-28,19.399
1991-10-29,19.432
1991-10-30,19.386
1991-10-31,19.227
1991-11-01,19.267
1991-11-02,28.889
1991-11-03,43.140
1991-11-04,43.083
1991-11-05,43.109
1991-11-06,43.136
1991-11-07,43.163
1991-11-08,43.067
1991-11-09,43.163
1991-11-10,43.349
1991-11-11,38.315
1991-11-12,36.022
1991-11-13,35.921
1991-11-14,35.946
1991-11-15,24.263
1991-11-16,20.226
1991-11-17,20.210
1991-11-18,24.193
1991-11-19,48.919
1991-11-20,53.769
1991-11-21,53.592
1991-11-22,32.502
1991-11-23,28.150
1991-11-24,28.077
1991-11-25,27.924
1991-11-26,24.043
1991-11-27,19.776
1991-11-28,19.746
1991-11-29,19.746
1991-11-30,19.771
1991-12-01,19.716
1991-12-02,19.753
1991-12-03,19.746
1991-12-04,19.845
1991-12-05,19.911
1991-12-06,19.829
1991-12-07,19.776
1991-12-08,19.776
1991-12-09,28.187
1991-12-10,36.551
1991-12-11,36.475
1991-12-12,36.576
1991-12-13,36.576
1991-12-14,36.576
1991-12-15,36.551
1991-12-16,52.292
1991-12-17,97.978
1991-12-18,87.976
1991-12-19,47.269
1991-12-20,36.627
1991-12-21,36.566
1991-12-22,36.601
1991-12-23,44.736
1991-12-24,47.868
1991-12-25,47.789
1991-12-26,43.429
1991-12-27,27.950
1991-12-28,22.026
1991-12-29,22.008
1991-12-30,34.542
1991-12-31,45.690
1992-01-01,48.397
1992-01-02,48.321
1992-01-03,39.008
1992-01-04,37.097
1992-01-05,37.033
1992-01-06,37.110
1992-01-07,37.135
1992-01-08,50.854
1992-01-09,76.212
1992-01-10,99.821
1992-01-11,99.441
1992-01-12,99.422
1992-01-13,99.299
1992-01-14,62.720
1992-01-15,52.934
1992-01-16,42.675
1992-01-17,32.592
1992-01-18,32.647
1992-01-19,32.568
1992-01-20,32.615
1992-01-21,32.592
1992-01-22,38.521
1992-01-23,41.280
1992-01-24,41.311
1992-01-25,41.394
1992-01-26,41.358
1992-01-27,41.386
1992-01-28,18.574
1992-01-29,15.739
1992-01-30,38.088
1992-01-31,35.369
1992-02-01,29.253
1992-02-02,29.159
1992-02-03,18.200
1992-02-04,9.773
1992-02-05,7.287
1992-02-06,7.192
1992-02-08,7.131
1992-02-09,7.161
1992-02-10,7.131
1992-02-11,7.131
1992-02-12,12.792
1992-02-13,18.463
1992-02-14,28.387
1992-02-15,58.097
1992-02-16,64.476
1992-02-17,64.100
1992-02-18,63.790
1992-02-19,63.774
1992-02-20,63.493
1992-02-21,63.453
1992-02-22,63.154
1992-02-23,62.941
1992-02-24,64.613
1992-02-25,63.986
1992-02-26,63.613
1992-02-27,63.453
1992-02-28,82.105
1992-02-29,167.181
1992-03-01,42.042
1992-03-02,98.534
1992-03-03,110.376
1992-03-04,41.478
1992-03-05,31.393
1992-03-06,12.027
1992-03-07,9.831
1992-03-08,9.752
1992-03-09,9.752
1992-03-10,9.744
1992-03-11,9.823
1992-03-12,9.726
1992-03-13,9.622
1992-03-14,9.622
1992-03-15,9.635
1992-03-16,9.630
1992-03-17,9.661
1992-03-18,9.622
1992-03-19,9.760
1992-03-20,125.991
1992-03-21,9.833
1992-03-22,9.622
1992-03-23,9.740
1992-03-24,9.661
1992-03-25,74.411
1992-03-26,76.785
1992-03-27,41.225
1992-03-28,48.489
1992-03-29,78.721
1992-03-30,52.781
1992-03-31,37.944
1992-04-01,12.909
1992-04-02,9.885
1992-04-03,9.719
1992-04-05,9.661
1992-04-06,9.622
1992-04-07,9.622
1992-04-08,77.342
1992-04-09,45.737
1992-04-10,9.944
1992-04-11,9.877
1992-04-12,9.804
1992-04-13,9.804
1992-04-14,9.804
1992-04-15,9.883
1992-04-16,9.975
1992-04-17,10.067
1992-04-18,10.076
1992-04-19,10.094
1992-04-20,10.174
1992-04-21,20.962
1992-04-22,53.474
1992-04-23,64.371
1992-04-24,59.036
1992-04-25,51.645
1992-04-26,53.604
1992-04-27,53.445
1992-04-28,53.457
1992-04-29,77.050
1992-04-30,83.553
1992-05-01,63.470
1992-05-02,23.661
1992-05-03,33.437
1992-05-04,83.735
1992-05-05,70.704
1992-05-06,83.770
1992-05-07,91.252
1992-05-08,111.757
1992-05-09,100.544
1992-05-10,113.231
1992-05-11,125.811
1992-05-12,125.171
1992-05-13,102.395
1992-05-14,22.713
1992-05-15,17.618
1992-05-16,10.002
1992-05-17,9.870
1992-05-18,9.917
1992-05-19,9.896
1992-05-20,9.857
1992-05-21,9.791
1992-05-22,9.804
1992-05-23,9.804
1992-05-25,9.765
1992-05-26,18.863
1992-05-27,27.947
1992-05-28,27.988
1992-05-29,27.988
1992-05-30,28.008
1992-05-31,27.988
1992-06-01,28.069
1992-06-02,38.143
1992-06-03,58.223
1992-06-04,123.759
1992-06-05,200.554
1992-06-06,198.733
1992-06-07,196.572
1992-06-08,194.749
1992-06-09,194.287
1992-06-10,195.806
1992-06-11,196.623
1992-06-12,195.807
1992-06-13,194.435
1992-06-14,193.720
1992-06-15,194.906
1992-06-16,194.138
1992-06-17,193.706
1992-06-18,193.125
1992-06-19,193.337
1992-06-20,192.323
1992-06-21,191.455
1992-06-22,195.109
1992-06-23,200.325
1992-06-24,198.370
1992-06-25,197.677
1992-06-26,196.322
1992-06-27,194.645
1992-06-28,193.855
1992-06-29,194.348
1992-06-30,193.503
1992-07-01,192.739
1992-07-02,192.146
1992-07-03,191.406
1992-07-04,162.704
1992-07-05,78.818
1992-07-06,44.812
1992-07-07,9.175
1992-07-08,8.962
1992-07-09,8.794
1992-07-10,8.757
1992-07-12,14.906
1992-07-13,33.584
1992-07-14,33.566
1992-07-15,33.360
1992-07-16,33.305
1992-07-17,33.269
1992-07-18,33.255
1992-07-19,33.293
1992-07-20,18.571
1992-07-21,8.351
1992-07-22,8.223
1992-07-23,8.172
1992-07-24,8.198
1992-07-25,8.122
1992-07-26,8.460
1992-07-27,8.159
1992-07-28,8.091
1992-07-29,8.198
1992-07-30,8.312
1992-07-31,8.210
1992-08-01,8.159
1992-08-02,8.172
1992-08-03,8.159
1992-08-04,8.122
1992-08-05,8.313
1992-08-07,8.335
1992-08-08,8.351
1992-08-09,8.519
1992-08-10,8.415
1992-08-11,8.350
1992-08-12,8.363
1992-08-14,15.137
1992-08-15,10.474
1992-08-16,14.034
1992-08-17,39.512
1992-08-18,46.208
1992-08-19,52.274
1992-08-20,42.878
1992-08-21,43.230
1992-08-22,70.644
1992-08-23,76.074
1992-08-24,82.397
1992-08-25,107.963
1992-08-26,112.471
1992-08-27,109.756
1992-08-28,122.958
1992-08-29,90.600
1992-08-30,55.390
1992-08-31,55.302
1992-09-01,80.851
1992-09-02,87.667
1992-09-03,74.910
1992-09-04,74.835
1992-09-05,74.550
1992-09-06,74.314
1992-09-07,74.172
1992-09-08,73.946
1992-09-09,80.281
1992-09-10,82.903
1992-09-11,82.586
1992-09-12,82.299
1992-09-13,81.955
1992-09-14,81.887
1992-09-15,95.998
1992-09-16,111.013
1992-09-17,125.707
1992-09-18,127.859
1992-09-19,120.063
1992-09-20,106.223
1992-09-21,97.091
1992-09-22,96.764
1992-09-23,96.771
1992-09-24,96.412
1992-09-25,96.212
1992-09-26,101.256
1992-09-27,107.990
1992-09-28,107.474
1992-09-29,107.246
1992-09-30,107.156
1992-10-01,106.741
1992-10-02,106.850
1992-10-03,106.454
1992-10-04,106.326
1992-10-05,119.091
1992-10-06,124.784
1992-10-07,124.488
1992-10-08,74.188
1992-10-09,72.991
1992-10-10,71.637
1992-10-11,41.130
1992-10-12,8.493
1992-10-13,8.218
1992-10-14,8.122
1992-10-15,8.047
1992-10-16,7.987
1992-10-17,7.987
1992-10-18,29.714
1992-10-19,45.688
1992-10-20,8.358
1992-10-21,8.383
1992-10-22,8.248
1992-10-24,8.134
1992-10-25,8.134
1992-10-26,8.210
1992-10-29,8.210
1992-10-30,8.210
1992-10-31,8.210
1992-11-01,8.248
1992-11-02,8.286
1992-11-03,8.286
1992-11-04,8.284
1992-11-05,8.312
1992-11-06,8.312
1992-11-07,8.312
1992-11-08,8.312
1992-11-09,8.351
1992-11-11,8.389
1992-11-12,8.389
1992-11-13,8.389
1992-11-14,8.486
1992-11-15,8.557
1992-11-16,8.583
1992-11-17,8.544
1992-11-18,8.544
1992-11-24,8.622
1992-11-25,8.701
1992-11-26,8.714
1992-11-27,8.721
1992-11-28,8.780
1992-11-29,8.834
1992-12-01,8.780
1992-12-02,8.820
1992-12-04,8.898
1992-12-05,8.860
1992-12-06,8.993
1992-12-09,8.937
1992-12-10,8.937
1992-12-11,21.261
1992-12-12,9.019
1992-12-15,8.950
1992-12-16,9.012
1992-12-17,9.031
1992-12-18,9.012
1992-12-19,9.012
1992-12-20,9.012
1992-12-21,9.012
1992-12-22,9.019
1992-12-23,9.099
1992-12-25,9.104
1992-12-26,9.134
1992-12-27,9.187
1992-12-28,9.112
1992-12-29,9.213
1992-12-30,9.244
1992-12-31,45.431
1993-01-01,49.780
1993-01-02,9.493
1993-01-03,9.301
1993-01-04,9.340
1993-01-05,9.301
1993-01-06,14.354
1993-01-07,33.339
1993-01-08,50.762
1993-01-09,60.617
1993-01-10,52.571
1993-01-11,22.169
1993-01-12,9.596
1993-01-13,9.544
1993-01-14,9.470
1993-01-15,9.532
1993-01-16,9.493
1993-01-17,9.485
1993-01-18,9.565
1993-01-19,9.590
1993-01-20,9.635
1993-01-21,9.666
1993-01-22,9.780
1993-01-23,9.870
1993-01-24,9.890
1993-01-25,9.831
1993-01-26,9.909
1993-01-27,9.909
1993-01-28,14.426
1993-01-29,38.013
1993-01-30,42.237
1993-01-31,42.131
1993-02-01,42.079
1993-02-02,42.021
1993-02-03,41.940
1993-02-04,42.013
1993-02-05,26.383
1993-02-06,23.027
1993-02-07,34.516
1993-02-08,42.184
1993-02-09,45.398
1993-02-10,42.315
1993-02-11,42.329
1993-02-12,42.131
1993-02-13,42.179
1993-02-14,42.237
1993-02-15,42.189
1993-02-16,42.273
1993-02-17,41.895
1993-02-18,41.218
1993-02-19,40.739
1993-02-20,40.271
1993-02-21,39.765
1993-02-22,39.254
1993-02-23,38.947
1993-02-24,54.455
1993-02-25,78.472
1993-02-26,54.598
1993-02-27,49.718
1993-02-28,49.652
1993-03-01,49.639
1993-03-02,49.615
1993-03-03,38.649
1993-03-04,19.127
1993-03-05,10.280
1993-03-06,10.166
1993-03-07,10.102
1993-03-08,10.134
1993-03-09,9.844
1993-03-10,9.726
1993-03-11,9.704
1993-03-12,27.335
1993-03-13,85.992
1993-03-14,85.081
1993-03-15,84.677
1993-03-16,35.333
1993-03-17,59.951
1993-03-18,85.015
1993-03-19,65.269
1993-03-20,64.303
1993-03-21,74.839
1993-03-22,76.453
1993-03-23,50.971
1993-03-24,12.688
1993-03-25,12.550
1993-03-26,50.917
1993-03-27,76.091
1993-03-28,84.374
1993-03-29,82.367
1993-03-30,67.675
1993-03-31,76.116
1993-04-01,101.711
1993-04-02,66.735
1993-04-03,72.816
1993-04-04,70.640
1993-04-05,64.923
1993-04-06,53.209
1993-04-07,37.896
1993-04-08,36.525
1993-04-09,10.644
1993-04-10,10.240
1993-04-11,10.151
1993-04-12,10.021
1993-04-13,9.975
1993-04-14,9.917
1993-04-15,9.870
1993-04-16,9.850
1993-04-17,9.791
1993-04-18,9.765
1993-04-19,9.553
1993-04-20,9.536
1993-04-21,28.847
1993-04-22,45.942
1993-04-23,63.451
1993-04-24,75.350
1993-04-25,74.692
1993-04-26,74.337
1993-04-27,69.142
1993-04-28,57.721
1993-04-29,61.250
1993-04-30,79.267
1993-05-01,101.675
1993-05-02,109.449
1993-05-03,108.838
1993-05-04,108.849
1993-05-05,108.448
1993-05-06,108.161
1993-05-07,97.631
1993-05-08,87.755
1993-05-09,82.342
1993-05-10,81.541
1993-05-11,80.826
1993-05-12,53.005
1993-05-13,12.149
1993-05-14,11.983
1993-05-15,10.800
1993-05-16,9.726
1993-05-17,9.661
1993-05-18,9.599
1993-05-19,9.583
1993-05-20,9.531
1993-05-21,9.493
1993-05-22,9.467
1993-05-23,9.467
1993-05-24,9.448
1993-05-25,9.474
1993-05-26,9.422
1993-05-27,9.463
1993-05-28,9.441
1993-05-29,9.441
1993-05-30,9.429
1993-05-31,9.413
1993-06-01,9.484
1993-06-02,24.378
1993-06-03,28.248
1993-06-04,28.416
1993-06-05,28.375
1993-06-06,28.371
1993-06-07,28.362
1993-06-08,28.417
1993-06-09,28.375
1993-06-10,28.362
1993-06-11,41.305
1993-06-12,112.101
1993-06-13,194.178
1993-06-14,202.893
1993-06-15,200.680
1993-06-16,198.763
1993-06-17,197.473
1993-06-18,139.574
1993-06-19,101.889
1993-06-20,100.251
1993-06-21,111.369
1993-06-22,150.057
1993-06-23,150.457
1993-06-24,119.500
1993-06-25,118.460
1993-06-26,118.059
1993-06-27,117.813
1993-06-28,118.040
1993-06-29,118.291
1993-06-30,117.971
1993-07-01,117.497
1993-07-02,117.138
1993-07-03,116.674
1993-07-04,116.203
1993-07-05,135.719
1993-07-06,177.155
1993-07-07,199.086
1993-07-08,197.585
1993-07-09,196.652
1993-07-10,195.497
1993-07-11,194.018
1993-07-12,194.896
1993-07-13,196.412
1993-07-14,195.372
1993-07-15,194.202
1993-07-16,193.260
1993-07-17,192.026
1993-07-18,190.962
1993-07-19,169.982
1993-07-20,98.741
1993-07-21,141.940
1993-07-22,158.417
1993-07-23,157.697
1993-07-24,157.097
1993-07-25,156.383
1993-07-26,156.823
1993-07-27,136.061
1993-07-28,113.720
1993-07-29,113.367
1993-07-30,113.102
1993-07-31,112.729
1993-08-01,112.545
1993-08-02,112.381
1993-08-03,123.627
1993-08-04,129.747
1993-08-05,151.330
1993-08-06,116.993
1993-08-07,96.474
1993-08-08,109.581
1993-08-09,134.725
1993-08-10,145.949
1993-08-11,156.381
1993-08-12,162.987
1993-08-13,162.040
1993-08-14,161.683
1993-08-15,160.964
1993-08-16,160.141
1993-08-17,159.436
1993-08-18,174.677
1993-08-19,194.596
1993-08-20,202.995
1993-08-21,201.110
1993-08-22,199.824
1993-08-23,198.491
1993-08-24,197.123
1993-08-25,195.722
1993-08-26,194.974
1993-08-27,180.391
1993-08-28,164.181
1993-08-29,175.352
1993-08-30,196.862
1993-08-31,195.991
1993-09-01,194.589
1993-09-02,194.047
1993-09-03,193.066
1993-09-04,192.368
1993-09-05,191.612
1993-09-06,190.593
1993-09-07,189.489
1993-09-08,189.049
1993-09-09,190.205
1993-09-10,190.284
1993-09-11,189.293
1993-09-12,188.462
1993-09-13,187.458
1993-09-14,186.437
1993-09-15,185.718
1993-09-16,178.683
1993-09-17,127.618
1993-09-18,63.320
1993-09-19,62.784
1993-09-20,62.499
1993-09-21,62.249
1993-09-22,62.041
1993-09-23,61.962
1993-09-24,61.763
1993-09-25,61.522
1993-09-26,62.438
1993-09-27,62.776
1993-09-28,81.492
1993-09-29,90.912
1993-09-30,105.069
1993-10-01,121.753
1993-10-02,109.448
1993-10-03,89.162
1993-10-04,50.942
1993-10-05,20.572
1993-10-06,7.965
1993-10-07,7.863
1993-10-08,7.811
1993-10-09,7.749
1993-10-10,7.836
1993-10-11,7.760
1993-10-12,21.818
1993-10-13,60.861
1993-10-14,72.650
1993-10-15,67.169
1993-10-16,43.254
1993-10-17,32.518
1993-10-18,22.740
1993-10-19,7.914
1993-10-20,7.838
1993-10-21,7.772
1993-10-22,7.741
1993-10-23,40.029
1993-10-24,45.515
1993-10-25,7.980
1993-10-26,7.791
1993-10-27,7.753
1993-10-28,7.735
1993-10-29,7.718
1993-10-30,7.695
1993-10-31,7.820
1993-11-01,7.823
1993-11-02,7.776
1993-11-03,7.893
1993-11-04,7.793
1993-11-05,7.803
1993-11-06,7.826
1993-11-07,7.824
1993-11-08,7.825
1993-11-09,7.869
1993-11-10,8.065
1993-11-11,7.922
1993-11-12,9.308
1993-11-13,8.329
1993-11-14,7.837
1993-11-15,7.834
1993-11-16,23.132
1993-11-17,13.362
1993-11-18,7.914
1993-11-19,7.853
1993-11-20,7.863
1993-11-21,7.834
1993-11-22,7.881
1993-11-23,7.842
1993-11-24,7.846
1993-11-25,7.857
1993-11-26,7.869
1993-11-27,7.869
1993-11-28,7.861
1993-11-29,7.869
1993-11-30,7.869
1993-12-01,7.876
1993-12-02,7.889
1993-12-03,7.911
1993-12-04,7.922
1993-12-05,7.951
1993-12-06,7.987
1993-12-07,7.987
1993-12-08,8.006
1993-12-09,8.016
1993-12-10,8.156
1993-12-11,8.096
1993-12-12,8.059
1993-12-13,8.051
1993-12-14,8.063
1993-12-15,8.065
1993-12-16,8.075
1993-12-17,8.164
1993-12-18,8.181
1993-12-19,8.172
1993-12-20,8.101
1993-12-21,8.161
1993-12-22,8.172
1993-12-23,8.134
1993-12-24,8.134
1993-12-25,8.134
1993-12-26,8.134
1993-12-27,8.138
1993-12-28,8.130
1993-12-29,8.279
1993-12-30,8.223
1993-12-31,25.843
1994-01-01,41.943
1994-01-02,8.740
1994-01-03,8.484
1994-01-04,8.453
1994-01-05,8.635
1994-01-06,8.649
1994-01-07,8.667
1994-01-08,8.728
1994-01-09,9.339
1994-01-10,9.256
1994-01-11,9.162
1994-01-12,9.137
1994-01-14,9.141
1994-01-15,9.333
1994-01-17,9.266
1994-01-18,9.288
1994-01-19,9.314
1994-01-20,9.310
1994-01-21,9.383
1994-01-22,9.661
1994-01-23,137.643
1994-01-24,206.069
1994-01-25,204.684
1994-01-26,204.993
1994-01-27,204.069
1994-01-28,171.126
1994-01-29,144.136
1994-01-30,116.033
1994-01-31,80.246
1994-02-01,55.300
1994-02-02,41.843
1994-02-03,30.363
1994-02-04,22.628
1994-02-05,22.575
1994-02-06,22.616
1994-02-07,29.128
1994-02-08,46.281
1994-02-09,88.537
1994-02-10,150.203
1994-02-11,175.068
1994-02-12,174.339
1994-02-13,173.579
1994-02-14,192.457
1994-02-15,201.193
1994-02-16,199.945
1994-02-17,198.819
1994-02-18,197.524
1994-02-19,149.055
1994-02-20,16.142
1994-02-21,9.907
1994-02-22,9.781
1994-02-23,9.700
1994-02-24,9.635
1994-02-25,9.570
1994-02-26,9.622
1994-02-27,9.626
1994-02-28,9.648
1994-03-01,9.661
1994-03-02,9.635
1994-03-03,9.674
1994-03-04,9.700
1994-03-05,9.757
1994-03-06,9.781
1994-03-07,9.770
1994-03-08,9.752
1994-03-09,25.512
1994-03-10,30.544
1994-03-11,30.474
1994-03-12,30.358
1994-03-13,30.304
1994-03-14,30.376
1994-03-15,30.349
1994-03-16,30.403
1994-03-17,23.564
1994-03-18,9.786
1994-03-19,9.700
1994-03-20,9.648
1994-03-21,27.761
1994-03-22,34.798
1994-03-23,41.417
1994-03-24,41.415
1994-03-25,55.835
1994-03-26,41.643
1994-03-27,41.498
1994-03-28,41.634
1994-03-29,32.638
1994-03-30,41.519
1994-03-31,102.019
1994-04-01,131.719
1994-04-02,130.768
1994-04-03,130.183
1994-04-04,129.262
1994-04-05,128.785
1994-04-06,128.391
1994-04-07,127.812
1994-04-08,127.408
1994-04-09,127.120
1994-04-10,127.443
1994-04-11,127.274
1994-04-12,127.293
1994-04-13,127.408
1994-04-14,127.512
1994-04-15,53.678
1994-04-16,49.978
1994-04-17,136.604
1994-04-18,136.239
1994-04-19,136.119
1994-04-20,136.081
1994-04-21,135.745
1994-04-22,135.554
1994-04-23,135.678
1994-04-24,135.298
1994-04-25,135.099
1994-04-26,148.333
1994-04-27,154.502
1994-04-28,118.573
1994-04-29,38.928
1994-04-30,13.122
1994-05-01,12.958
1994-05-02,12.932
1994-05-03,12.958
1994-05-04,12.982
1994-05-05,22.127
1994-05-06,57.322
1994-05-07,57.483
1994-05-08,16.303
1994-05-09,13.515
1994-05-10,13.559
1994-05-11,13.578
1994-05-12,51.295
1994-05-13,106.844
1994-05-14,106.426
1994-05-15,106.058
1994-05-16,105.793
1994-05-17,105.203
1994-05-18,104.980
1994-05-19,105.031
1994-05-20,11.461
1994-05-21,10.973
1994-05-22,32.484
1994-05-23,157.735
1994-05-24,168.230
1994-05-25,94.157
1994-05-26,31.692
1994-05-27,11.048
1994-05-28,10.934
1994-05-29,10.851
1994-05-30,10.686
1994-05-31,10.689
1994-06-01,10.689
1994-06-02,10.661
1994-06-03,10.633
1994-06-04,10.633
1994-06-05,10.633
1994-06-07,10.640
1994-06-10,10.654
1994-06-11,10.628
1994-06-12,10.635
1994-06-13,54.416
1994-06-14,96.847
1994-06-15,96.481
1994-06-16,95.966
1994-06-17,95.371
1994-06-18,80.052
1994-06-19,34.768
1994-06-20,76.158
1994-06-21,96.305
1994-06-22,95.741
1994-06-23,95.334
1994-06-24,38.621
1994-06-25,11.831
1994-06-26,11.135
1994-06-27,83.456
1994-06-28,97.204
1994-06-29,96.449
1994-06-30,95.798
1994-07-01,95.463
1994-07-02,95.014
1994-07-07,52.664
1994-07-08,41.683
1994-07-09,11.000
1994-07-10,24.710
1994-07-11,111.200
1994-07-12,149.165
1994-07-13,147.797
1994-07-14,148.162
1994-07-15,147.320
1994-07-16,146.454
1994-07-17,145.782
1994-07-18,147.869
1994-07-19,147.601
1994-07-20,146.836
1994-07-21,145.803
1994-07-22,145.390
1994-07-23,144.350
1994-07-24,143.491
1994-07-25,142.872
1994-07-26,143.415
1994-07-27,145.275
1994-07-28,144.581
1994-07-29,127.809
1994-07-30,94.395
1994-07-31,93.714
1994-08-01,93.370
1994-08-02,92.817
1994-08-03,92.751
1994-08-04,91.885
1994-08-05,93.653
1994-08-06,93.260
1994-08-07,92.842
1994-08-08,92.805
1994-08-09,92.303
1994-08-10,91.836
1994-08-11,91.543
1994-08-12,91.915
1994-08-13,93.024
1994-08-14,33.127
1994-08-15,52.443
1994-08-16,93.112
1994-08-17,92.726
1994-08-18,92.447
1994-08-19,79.894
1994-08-20,44.125
1994-08-21,83.820
1994-08-22,93.166
1994-08-23,92.787
1994-08-24,92.388
1994-08-25,92.032
1994-08-26,91.574
1994-08-27,91.178
1994-08-28,90.788
1994-08-29,102.114
1994-08-30,126.924
1994-08-31,126.391
1994-09-01,125.570
1994-09-02,125.164
1994-09-03,125.462
1994-09-04,125.614
1994-09-05,147.524
1994-09-06,151.134
1994-09-07,150.476
1994-09-08,149.731
1994-09-09,148.715
1994-09-10,147.908
1994-09-11,147.393
1994-09-12,148.221
1994-09-13,148.907
1994-09-14,148.458
1994-09-15,148.010
1994-09-16,35.038
1994-09-17,10.246
1994-09-18,9.972
1994-09-19,27.354
1994-09-20,49.800
1994-09-21,49.697
1994-09-22,109.829
1994-09-23,148.779
1994-09-24,147.989
1994-09-25,147.478
1994-09-26,147.679
1994-09-27,147.584
1994-09-28,147.218
1994-09-29,146.713
1994-09-30,145.871
1994-10-01,69.180
1994-10-02,66.656
1994-10-03,147.295
1994-10-04,146.575
1994-10-05,145.845
1994-10-06,145.364
1994-10-07,144.783
1994-10-08,144.329
1994-10-09,143.658
1994-10-10,144.860
1994-10-11,145.010
1994-10-12,144.644
1994-10-13,143.901
1994-10-14,143.281
1994-10-15,142.426
1994-10-16,141.823
1994-10-17,141.300
1994-10-18,142.679
1994-10-19,143.052
1994-10-20,142.172
1994-10-21,141.449
1994-10-22,140.779
1994-10-23,140.168
1994-10-24,121.111
1994-10-25,101.948
1994-10-26,101.741
1994-10-27,101.706
1994-10-28,101.666
1994-10-29,76.340
1994-10-30,63.891
1994-10-31,102.347
1994-11-01,102.045
1994-11-02,102.022
1994-11-03,101.791
1994-11-04,81.506
1994-11-05,37.257
1994-11-06,9.845
1994-11-07,9.895
1994-11-08,9.872
1994-11-09,10.064
1994-11-10,9.841
1994-11-11,9.697
1994-11-12,9.662
1994-11-13,9.630
1994-11-14,9.617
1994-11-15,9.615
1994-11-16,9.617
1994-11-17,9.599
1994-11-18,9.604
1994-11-19,9.715
1994-11-20,9.693
1994-11-21,9.720
1994-11-22,9.724
1994-11-24,9.737
1994-11-25,9.751
1994-11-26,9.775
1994-11-27,9.770
1994-11-28,9.784
1994-11-29,10.008
1994-11-30,10.008
1994-12-01,9.886
1994-12-02,9.886
1994-12-03,9.886
1994-12-04,9.913
1994-12-05,9.974
1994-12-06,10.049
1994-12-07,9.981
1994-12-08,11.663
1994-12-09,10.149
1994-12-10,10.104
1994-12-13,10.104
1994-12-15,10.145
1994-12-16,10.186
1994-12-18,10.214
1994-12-19,10.214
1994-12-20,10.322
1994-12-21,10.274
1994-12-22,10.246
1994-12-23,10.269
1994-12-24,10.269
1994-12-25,10.301
1994-12-26,10.324
1994-12-27,10.345
1994-12-28,10.345
1994-12-29,25.864
1994-12-30,49.031
1994-12-31,49.084
1995-01-01,68.352
1995-01-02,71.918
1995-01-03,89.271
1995-01-04,97.854
1995-01-05,97.527
1995-01-06,97.253
1995-01-07,96.947
1995-01-08,97.156
1995-01-09,11.411
1995-01-10,10.951
1995-01-11,10.817
1995-01-12,10.741
1995-01-13,10.708
1995-01-14,10.694
1995-01-15,10.696
1995-01-16,10.689
1995-01-17,37.793
1995-01-18,97.331
1995-01-19,117.298
1995-01-20,117.086
1995-01-21,116.940
1995-01-22,117.188
1995-01-23,80.770
1995-01-24,39.364
1995-01-25,39.290
1995-01-26,17.217
1995-01-27,11.170
1995-01-28,11.062
1995-01-29,21.780
1995-01-30,53.924
1995-01-31,88.560
1995-02-01,154.837
1995-02-02,153.807
1995-02-03,81.421
1995-02-04,22.282
1995-02-05,11.269
1995-02-06,30.337
1995-02-07,106.127
1995-02-08,154.252
1995-02-09,163.471
1995-02-10,181.922
1995-02-11,180.715
1995-02-12,179.570
1995-02-13,178.306
1995-02-14,177.650
1995-02-15,176.527
1995-02-16,177.575
1995-02-17,178.820
1995-02-18,178.020
1995-02-19,177.195
1995-02-20,191.661
1995-02-21,204.406
1995-02-22,204.018
1995-02-23,202.687
1995-02-24,201.189
1995-02-25,199.335
1995-02-26,197.497
1995-02-27,198.473
1995-02-28,198.924
1995-03-01,197.312
1995-03-02,66.741
1995-03-03,51.259
1995-03-04,51.173
1995-03-05,51.098
1995-03-06,51.052
1995-03-07,51.012
1995-03-08,51.044
1995-03-09,40.668
1995-03-10,40.700
1995-03-11,40.599
1995-03-12,40.558
1995-03-13,28.652
1995-03-14,10.540
1995-03-15,10.413
1995-03-16,10.401
1995-03-17,10.359
1995-03-18,10.325
1995-03-19,10.446
1995-03-20,10.350
1995-03-21,10.439
1995-03-22,10.338
1995-03-23,10.385
1995-03-24,10.383
1995-03-25,10.630
1995-03-26,10.666
1995-03-27,10.647
1995-03-28,10.633
1995-03-29,10.661
1995-03-30,10.689
1995-03-31,10.696
1995-04-01,10.738
1995-04-02,10.751
1995-04-03,10.767
1995-04-04,10.829
1995-04-05,10.832
1995-04-06,10.832
1995-04-07,10.852
1995-04-08,10.940
1995-04-09,10.913
1995-04-10,10.990
1995-04-11,10.954
1995-04-12,10.975
1995-04-13,10.882
1995-04-14,10.775
1995-04-15,10.775
1995-04-16,10.803
1995-04-17,10.832
1995-04-18,10.860
1995-04-19,10.903
1995-04-20,10.929
1995-04-21,10.947
1995-04-22,10.954
1995-04-23,10.968
1995-04-25,10.975
1995-04-26,10.997
1995-04-27,11.048
1995-04-28,11.106
1995-04-29,11.140
1995-04-30,34.383
1995-05-01,150.109
1995-05-02,197.856
1995-05-03,199.123
1995-05-04,197.673
1995-05-05,146.293
1995-05-06,71.820
1995-05-07,53.583
1995-05-08,53.530
1995-05-09,53.548
1995-05-10,135.811
1995-05-11,155.774
1995-05-12,63.665
1995-05-13,11.941
1995-05-14,11.650
1995-05-15,11.578
1995-05-16,11.533
1995-05-17,11.041
1995-05-18,9.700
1995-05-19,9.635
1995-05-20,38.092
1995-05-21,10.932
1995-05-22,10.798
1995-05-23,10.746
1995-05-24,10.715
1995-05-25,10.661
1995-05-26,10.623
1995-05-27,10.652
1995-05-28,10.604
1995-05-29,10.647
1995-05-30,10.658
1995-05-31,10.633
1995-06-01,10.626
1995-06-02,35.904
1995-06-03,49.320
1995-06-04,49.324
1995-06-05,49.307
1995-06-06,49.294
1995-06-07,49.267
1995-06-08,49.259
1995-06-09,72.819
1995-06-10,142.163
1995-06-11,169.566
1995-06-12,195.719
1995-06-13,194.075
1995-06-14,193.978
1995-06-15,193.896
1995-06-16,178.408
1995-06-17,148.160
1995-06-18,146.861
1995-06-19,146.048
1995-06-20,145.064
1995-06-21,145.951
1995-06-22,146.332
1995-06-23,145.414
1995-06-24,145.678
1995-06-25,145.423
1995-06-26,145.162
1995-06-27,145.136
1995-06-28,144.473
1995-06-29,143.952
1995-06-30,123.182
1995-07-01,102.344
1995-07-02,101.587
1995-07-03,102.124
1995-07-04,102.015
1995-07-05,101.894
1995-07-06,102.005
1995-07-07,91.319
1995-07-08,51.184
1995-07-09,50.884
1995-07-10,50.848
1995-07-11,50.724
1995-07-12,50.681
1995-07-13,50.866
1995-07-14,109.197
1995-07-15,194.970
1995-07-16,194.194
1995-07-17,171.446
1995-07-18,60.403
1995-07-19,121.277
1995-07-20,135.275
1995-07-21,34.702
1995-07-22,10.329
1995-07-23,10.097
1995-07-24,50.010
1995-07-25,70.115
1995-07-26,99.788
1995-07-27,99.298
1995-07-28,79.605
1995-07-29,49.979
1995-07-30,59.922
1995-07-31,119.861
1995-08-01,177.151
1995-08-02,189.752
1995-08-03,188.583
1995-08-04,187.242
1995-08-05,185.973
1995-08-06,184.657
1995-08-07,183.521
1995-08-08,182.742
1995-08-09,148.660
1995-08-10,73.129
1995-08-11,24.757
1995-08-12,9.990
1995-08-13,19.637
1995-08-14,32.908
1995-08-15,68.587
1995-08-16,141.425
1995-08-17,193.122
1995-08-18,116.265
1995-08-19,10.318
1995-08-20,9.829
1995-08-21,9.668
1995-08-22,9.591
1995-08-23,9.524
1995-08-24,9.516
1995-08-25,9.485
1995-08-26,9.458
1995-08-27,9.452
1995-08-28,9.538
1995-08-29,9.511
1995-08-30,9.472
1995-08-31,26.544
1995-09-01,98.205
1995-09-02,12.436
1995-09-03,17.724
1995-09-04,71.133
1995-09-05,50.454
1995-09-06,10.983
1995-09-07,10.322
1995-09-08,55.352
1995-09-09,135.451
1995-09-10,148.805
1995-09-11,147.933
1995-09-12,129.253
1995-09-13,117.115
1995-09-14,142.963
1995-09-15,143.102
1995-09-16,10.925
1995-09-17,10.343
1995-09-18,10.136
1995-09-19,10.017
1995-09-20,9.948
1995-09-21,9.915
1995-09-22,10.052
1995-09-23,9.972
1995-09-24,10.013
1995-09-25,10.024
1995-09-26,20.281
1995-09-27,19.532
1995-09-28,13.609
1995-09-29,10.557
1995-09-30,10.450
1995-10-01,10.408
1995-10-02,10.380
1995-10-03,10.380
1995-10-04,10.431
1995-10-05,10.422
1995-10-06,10.436
1995-10-07,10.450
1995-10-08,10.471
1995-10-09,10.534
1995-10-10,10.520
1995-10-11,10.523
1995-10-12,10.641
1995-10-13,10.576
1995-10-14,10.641
1995-10-15,10.623
1995-10-16,10.618
1995-10-17,20.465
1995-10-18,35.078
1995-10-19,50.309
1995-10-20,108.944
1995-10-21,113.976
1995-10-22,111.758
1995-10-23,107.349
1995-10-24,77.377
1995-10-25,55.450
1995-10-26,55.361
1995-10-27,55.285
1995-10-28,55.271
1995-10-29,55.375
1995-10-30,58.645
1995-10-31,165.414
1995-11-01,201.189
1995-11-02,200.347
1995-11-03,199.669
1995-11-04,199.335
1995-11-05,166.013
1995-11-06,64.204
1995-11-07,11.340
1995-11-08,11.106
1995-11-09,11.111
1995-11-10,10.956
1995-11-11,45.063
1995-11-12,98.808
1995-11-13,98.874
1995-11-14,99.023
1995-11-15,98.789
1995-11-16,98.711
1995-11-17,98.789
1995-11-18,98.593
1995-11-19,98.792
1995-11-20,117.680
1995-11-21,177.550
1995-11-22,201.224
1995-11-23,200.626
1995-11-24,193.634
1995-11-25,84.826
1995-11-26,105.705
1995-11-27,11.698
1995-11-28,44.918
1995-11-29,89.711
1995-11-30,89.853
1995-12-01,89.833
1995-12-02,90.050
1995-12-03,90.157
1995-12-04,101.136
1995-12-05,178.357
1995-12-06,162.440
1995-12-07,100.116
1995-12-08,120.433
1995-12-09,201.565
1995-12-10,201.372
1995-12-11,201.037
1995-12-12,169.257
1995-12-13,180.311
1995-12-14,44.089
1995-12-15,77.244
1995-12-16,143.920
1995-12-17,210.960
1995-12-18,210.062
1995-12-19,210.036
1995-12-20,209.777
1995-12-21,209.674
1995-12-22,210.288
1995-12-23,210.011
1995-12-24,209.933
1995-12-25,209.933
1995-12-26,209.312
1995-12-27,209.312
1995-12-28,210.525
1995-12-29,210.955
1995-12-30,210.711
1995-12-31,210.451
1996-01-01,161.867
1996-01-02,210.321
1996-01-03,210.062
1996-01-04,209.286
1996-01-05,208.506
1996-01-06,208.290
1996-01-07,207.816
1996-01-08,207.173
1996-01-09,206.747
1996-01-10,206.716
1996-01-11,206.198
1996-01-12,205.453
1996-01-13,205.497
1996-01-14,204.914
1996-01-15,204.401
1996-01-16,203.760
1996-01-17,203.054
1996-01-18,202.559
1996-01-19,201.718
1996-01-20,146.355
1996-01-21,101.071
1996-01-22,101.110
1996-01-23,101.408
1996-01-24,47.613
1996-01-25,12.104
1996-01-26,11.794
1996-01-27,11.688
1996-01-28,11.608
1996-01-29,31.004
1996-01-30,35.794
1996-01-31,35.785
1996-02-01,35.759
1996-02-02,35.777
1996-02-03,44.785
1996-02-04,203.275
1996-02-05,180.749
1996-02-06,164.816
1996-02-07,164.368
1996-02-08,137.943
1996-02-09,52.290
1996-02-10,49.711
1996-02-11,154.015
1996-02-12,36.243
1996-02-13,11.548
1996-02-14,11.417
1996-02-15,11.399
1996-02-16,21.855
1996-02-17,42.835
1996-02-18,42.894
1996-02-19,42.942
1996-02-20,42.907
1996-02-21,42.855
1996-02-22,42.851
1996-02-23,30.440
1996-02-24,11.476
1996-02-25,11.377
1996-02-26,19.980
1996-02-27,143.091
1996-02-28,201.617
1996-02-29,117.342
1996-03-01,84.236
1996-03-02,201.704
1996-03-03,201.197
1996-03-04,112.351
1996-03-05,11.861
1996-03-06,200.803
1996-03-07,105.987
1996-03-08,66.491
1996-03-09,79.203
1996-03-10,82.439
1996-03-11,69.057
1996-03-12,44.410
1996-03-13,35.228
1996-03-14,38.061
1996-03-15,49.758
1996-03-16,11.533
1996-03-17,11.301
1996-03-18,11.262
1996-03-19,22.878
1996-03-20,23.825
1996-03-21,20.770
1996-03-22,24.789
1996-03-23,39.225
1996-03-24,35.330
1996-03-25,45.083
1996-03-26,59.973
1996-03-27,83.079
1996-03-28,39.901
1996-03-29,40.949
1996-03-30,47.401
1996-03-31,35.327
1996-04-01,35.270
1996-04-02,74.623
1996-04-03,74.664
1996-04-04,74.786
1996-04-05,11.790
1996-04-06,11.423
1996-04-07,11.330
1996-04-08,11.258
1996-04-09,11.323
1996-04-10,42.110
1996-04-11,101.567
1996-04-12,101.567
1996-04-13,94.626
1996-04-14,152.903
1996-04-15,204.581
1996-04-16,203.645
1996-04-17,202.928
1996-04-18,202.809
1996-04-19,202.197
1996-04-20,202.197
1996-04-21,201.693
1996-04-22,173.040
1996-04-23,145.230
1996-04-24,131.433
1996-04-25,49.037
1996-04-26,49.789
1996-04-27,67.332
1996-04-28,82.381
1996-04-29,99.960
1996-04-30,183.451
1996-05-01,197.912
1996-05-02,179.515
1996-05-03,42.825
1996-05-04,96.755
1996-05-05,176.884
1996-05-06,198.932
1996-05-07,198.518
1996-05-08,197.738
1996-05-09,197.220
1996-05-10,196.439
1996-05-11,196.469
1996-05-12,140.470
1996-05-13,184.616
1996-05-14,196.141
1996-05-15,195.180
1996-05-16,194.254
1996-05-17,193.678
1996-05-18,192.885
1996-05-19,152.469
1996-05-20,11.386
1996-05-21,10.938
1996-05-22,10.760
1996-05-23,10.633
1996-05-24,10.554
1996-05-25,10.506
1996-05-26,25.297
1996-05-27,51.959
1996-05-28,70.516
1996-05-29,10.983
1996-05-30,10.467
1996-05-31,27.289
1996-06-01,95.102
1996-06-02,95.006
1996-06-03,94.922
1996-06-04,75.778
1996-06-05,34.147
1996-06-06,14.133
1996-06-07,10.438
1996-06-08,10.338
1996-06-09,10.316
1996-06-10,10.274
1996-06-11,10.232
1996-06-12,16.326
1996-06-13,35.357
1996-06-14,10.423
1996-06-15,10.122
1996-06-16,11.470
1996-06-17,32.712
1996-06-18,83.417
1996-06-19,113.470
1996-06-20,122.159
1996-06-21,121.979
1996-06-22,121.744
1996-06-23,132.375
1996-06-24,138.990
1996-06-25,112.225
1996-06-26,111.817
1996-06-27,149.363
1996-06-28,173.727
1996-06-29,173.072
1996-06-30,172.904
1996-07-01,172.186
1996-07-02,155.494
1996-07-03,136.388
1996-07-04,153.888
1996-07-05,162.233
1996-07-06,161.583
1996-07-07,147.376
1996-07-08,125.560
1996-07-09,152.116
1996-07-10,177.973
1996-07-11,177.337
1996-07-12,176.711
1996-07-13,176.314
1996-07-14,175.489
1996-07-15,175.182
1996-07-16,174.505
1996-07-17,174.008
1996-07-18,194.444
1996-07-19,181.891
1996-07-20,80.142
1996-07-21,32.965
1996-07-22,132.373
1996-07-23,147.168
1996-07-24,92.716
1996-07-25,89.684
1996-07-26,89.604
1996-07-27,89.337
1996-07-28,89.213
1996-07-29,89.181
1996-07-30,88.915
1996-07-31,88.752
1996-08-01,88.679
1996-08-02,82.677
1996-08-03,54.743
1996-08-04,32.463
1996-08-05,15.457
1996-08-06,51.330
1996-08-07,51.299
1996-08-08,51.277
1996-08-09,51.259
1996-08-10,51.232
1996-08-11,66.620
1996-08-12,72.555
1996-08-13,72.455
1996-08-14,72.362
1996-08-15,72.209
1996-08-16,72.294
1996-08-17,9.465
1996-08-18,30.266
1996-08-19,72.693
1996-08-20,41.672
1996-08-21,41.212
1996-08-22,41.039
1996-08-23,41.028
1996-08-24,40.979
1996-08-25,43.720
1996-08-26,47.976
1996-08-27,47.739
1996-08-28,87.692
1996-08-29,95.574
1996-08-30,95.329
1996-08-31,38.131
1996-09-01,37.818
1996-09-02,76.482
1996-09-03,79.365
1996-09-04,29.564
1996-09-05,28.791
1996-09-06,46.345
1996-09-07,38.206
1996-09-08,43.575
1996-09-09,71.296
1996-09-10,70.992
1996-09-11,70.942
1996-09-12,50.626
1996-09-13,34.717
1996-09-14,34.649
1996-09-15,52.453
1996-09-16,86.485
1996-09-17,86.435
1996-09-18,86.535
1996-09-19,9.258
1996-09-20,13.622
1996-09-21,23.274
1996-09-22,28.838
1996-09-23,56.643
1996-09-24,56.716
1996-09-25,56.648
1996-09-26,56.703
1996-09-27,56.154
1996-09-28,56.178
1996-09-29,56.201
1996-09-30,86.510
1996-10-01,91.031
1996-10-02,9.119
1996-10-03,8.827
1996-10-04,8.713
1996-10-05,8.642
1996-10-06,8.660
1996-10-07,9.966
1996-10-08,9.152
1996-10-09,8.941
1996-10-10,8.883
1996-10-11,8.838
1996-10-12,8.833
1996-10-13,8.899
1996-10-14,8.868
1996-10-15,8.849
1996-10-16,8.858
1996-10-17,8.850
1996-10-18,8.848
1996-10-19,8.858
1996-10-20,8.893
1996-10-21,8.933
1996-10-22,8.983
1996-10-23,8.969
1996-10-24,8.977
1996-10-25,8.983
1996-10-26,8.996
1996-10-27,9.021
1996-10-28,9.084
1996-10-29,9.067
1996-10-30,9.071
1996-10-31,9.099
1996-11-01,9.103
1996-11-02,9.129
1996-11-03,9.135
1996-11-04,9.154
1996-11-05,9.173
1996-11-06,9.165
1996-11-07,9.196
1996-11-08,9.190
1996-11-09,9.224
1996-11-10,9.217
1996-11-11,9.224
1996-11-12,155.711
1996-11-13,202.049
1996-11-14,200.905
1996-11-15,200.398
1996-11-16,199.547
1996-11-17,198.881
1996-11-18,198.337
1996-11-19,199.235
1996-11-20,87.955
1996-11-21,44.525
1996-11-22,95.126
1996-11-23,173.037
1996-11-24,172.605
1996-11-25,120.071
1996-11-26,102.077
1996-11-27,101.567
1996-11-28,78.564
1996-11-29,82.028
1996-11-30,163.304
1996-12-01,198.151
1996-12-02,197.251
1996-12-03,159.304
1996-12-04,123.349
1996-12-05,121.104
1996-12-06,152.634
1996-12-07,37.308
1996-12-08,9.863
1996-12-09,14.138
1996-12-10,50.015
1996-12-11,50.218
1996-12-12,43.686
1996-12-13,16.901
1996-12-14,16.810
1996-12-15,16.730
1996-12-16,16.662
1996-12-17,17.652
1996-12-18,19.060
1996-12-19,17.504
1996-12-20,17.154
1996-12-21,17.153
1996-12-22,17.119
1996-12-23,17.135
1996-12-24,17.154
1996-12-25,17.181
1996-12-26,17.181
1996-12-27,17.250
1996-12-28,17.268
1996-12-29,17.291
1996-12-30,17.308
1996-12-31,17.293
1997-01-01,17.296
1997-01-02,17.299
1997-01-03,19.555
1997-01-04,17.812
1997-01-05,25.524
1997-01-06,20.405
1997-01-07,14.521
1997-01-08,9.695
1997-01-09,9.555
1997-01-10,9.398
1997-01-11,9.101
1997-01-12,8.714
1997-01-13,8.365
1997-01-14,8.685
1997-01-15,24.393
1997-01-16,52.081
1997-01-17,51.998
1997-01-18,52.089
1997-01-19,75.655
1997-01-20,168.829
1997-01-21,153.076
1997-01-22,148.736
1997-01-23,123.723
1997-01-24,39.643
1997-01-25,10.205
1997-01-26,9.836
1997-01-27,35.771
1997-01-28,94.493
1997-01-29,105.445
1997-01-30,121.421
1997-01-31,107.685
1997-02-01,51.409
1997-02-02,134.525
1997-02-03,134.839
1997-02-04,156.723
1997-02-05,156.327
1997-02-06,155.888
1997-02-07,118.690
1997-02-08,43.543
1997-02-09,43.368
1997-02-10,33.865
1997-02-11,14.692
1997-02-12,22.135
1997-02-13,14.575
1997-02-14,11.437
1997-02-15,9.748
1997-02-16,9.657
1997-02-17,9.614
1997-02-18,9.610
1997-02-19,9.617
1997-02-20,9.635
1997-02-21,9.625
1997-02-22,9.619
1997-02-23,9.624
1997-02-24,17.272
1997-02-25,13.711
1997-02-26,9.792
1997-02-27,19.185
1997-02-28,14.239
1997-03-01,9.823
1997-03-02,9.742
1997-03-03,9.711
1997-03-04,9.690
1997-03-05,14.658
1997-03-06,18.009
1997-03-07,22.148
1997-03-08,10.403
1997-03-09,10.334
1997-03-10,21.755
1997-03-11,18.935
1997-03-12,13.968
1997-03-13,9.905
1997-03-14,19.329
1997-03-15,9.881
1997-03-16,9.714
1997-03-17,9.705
1997-03-18,9.727
1997-03-19,18.336
1997-03-20,15.488
1997-03-21,17.947
1997-03-22,9.899
1997-03-23,9.899
1997-03-24,22.465
1997-03-25,20.332
1997-03-26,25.447
1997-03-27,9.967
1997-03-28,9.823
1997-03-29,9.796
1997-03-30,9.764
1997-03-31,9.741
1997-04-01,9.770
1997-04-02,9.737
1997-04-03,9.721
1997-04-04,19.409
1997-04-05,9.861
1997-04-06,9.784
1997-04-07,9.775
1997-04-08,10.115
1997-04-09,10.352
1997-04-10,10.540
1997-04-11,10.478
1997-04-12,10.348
1997-04-13,10.255
1997-04-14,9.589
1997-04-15,8.929
1997-04-16,8.858
1997-04-17,8.705
1997-04-18,8.724
1997-04-19,8.586
1997-04-20,8.393
1997-04-21,9.326
1997-04-22,10.069
1997-04-23,10.675
1997-04-24,10.520
1997-04-25,10.562
1997-04-26,10.534
1997-04-27,10.541
1997-04-28,10.534
1997-04-29,10.553
1997-04-30,10.562
1997-05-01,10.562
1997-05-02,10.569
1997-05-03,10.562
1997-05-04,11.544
1997-05-05,23.093
1997-05-06,44.234
1997-05-07,68.005
1997-05-08,120.156
1997-05-09,118.634
1997-05-10,72.975
1997-05-11,134.717
1997-05-12,48.740
1997-05-13,149.815
1997-05-14,189.632
1997-05-15,197.408
1997-05-16,69.249
1997-05-17,88.789
1997-05-18,141.160
1997-05-19,195.419
1997-05-20,179.295
1997-05-21,87.505
1997-05-22,119.302
1997-05-23,117.990
1997-05-24,19.615
1997-05-25,52.443
1997-05-26,79.465
1997-05-27,141.317
1997-05-28,144.247
1997-05-29,132.781
1997-05-30,176.286
1997-05-31,170.023
1997-06-01,65.130
1997-06-02,73.625
1997-06-03,180.249
1997-06-04,164.750
1997-06-05,164.232
1997-06-06,163.770
1997-06-07,163.350
1997-06-08,162.740
1997-06-09,186.761
1997-06-10,198.050
1997-06-11,196.949
1997-06-12,196.506
1997-06-13,192.546
1997-06-14,199.244
1997-06-15,198.729
1997-06-16,197.199
1997-06-17,196.168
1997-06-18,195.090
1997-06-19,194.124
1997-06-20,193.151
1997-06-21,198.029
1997-06-22,199.426
1997-06-23,198.518
1997-06-24,197.195
1997-06-25,195.968
1997-06-26,194.761
1997-06-27,194.074
1997-06-28,197.286
1997-06-29,198.200
1997-06-30,196.979
1997-07-01,145.096
1997-07-02,96.433
1997-07-03,115.293
1997-07-04,191.699
1997-07-05,190.897
1997-07-06,197.637
1997-07-07,198.246
1997-07-08,197.497
1997-07-09,197.281
1997-07-10,196.519
1997-07-11,195.808
1997-07-12,195.170
1997-07-13,194.522
1997-07-14,193.568
1997-07-15,193.082
1997-07-16,192.676
1997-07-17,191.353
1997-07-18,198.065
1997-07-19,196.619
1997-07-20,195.718
1997-07-21,194.571
1997-07-22,195.272
1997-07-23,195.244
1997-07-24,185.870
1997-07-25,150.191
1997-07-26,11.206
1997-07-27,10.654
1997-07-28,131.717
1997-07-29,87.361
1997-07-30,87.198
1997-07-31,87.011
1997-08-01,68.328
1997-08-02,56.446
1997-08-03,162.865
1997-08-04,196.581
1997-08-05,195.743
1997-08-06,149.819
1997-08-07,48.812
1997-08-08,86.253
1997-08-09,59.219
1997-08-10,21.385
1997-08-11,10.251
1997-08-12,8.792
1997-08-13,9.159
1997-08-14,8.771
1997-08-15,8.620
1997-08-16,8.568
1997-08-17,8.521
1997-08-18,8.606
1997-08-19,8.569
1997-08-20,8.298
1997-08-21,8.255
1997-08-22,8.237
1997-08-23,8.220
1997-08-24,8.205
1997-08-25,8.205
1997-08-26,8.267
1997-08-27,8.422
1997-08-28,8.357
1997-08-29,8.289
1997-08-30,8.283
1997-08-31,8.275
1997-09-01,8.261
1997-09-02,8.263
1997-09-03,8.267
1997-09-04,8.261
1997-09-05,8.265
1997-09-06,8.251
1997-09-07,8.251
1997-09-08,8.240
1997-09-09,8.236
1997-09-10,8.236
1997-09-11,8.281
1997-09-12,8.244
1997-09-13,8.242
1997-09-14,8.237
1997-09-15,8.240
1997-09-16,8.251
1997-09-17,8.237
1997-09-18,8.246
1997-09-19,8.237
1997-09-20,8.237
1997-09-21,8.237
1997-09-22,8.240
1997-09-23,8.251
1997-09-24,8.251
1997-09-25,8.251
1997-09-26,8.224
1997-09-27,7.984
1997-09-28,7.991
1997-09-29,7.987
1997-09-30,7.973
1997-10-01,7.973
1997-10-02,7.980
1997-10-03,7.988
1997-10-04,8.014
1997-10-05,8.019
1997-10-06,8.042
1997-10-07,8.048
1997-10-08,8.065
1997-10-09,8.042
1997-10-10,8.059
1997-10-11,8.065
1997-10-12,8.070
1997-10-13,8.111
1997-10-14,8.125
1997-10-15,8.130
1997-10-16,8.129
1997-10-17,8.276
1997-10-18,8.298
1997-10-19,8.298
1997-10-20,8.350
1997-10-21,8.346
1997-10-22,8.355
1997-10-23,8.353
1997-10-24,8.336
1997-10-25,8.342
1997-10-26,8.360
1997-10-27,8.385
1997-10-28,8.388
1997-10-29,8.401
1997-10-30,8.407
1997-10-31,8.435
1997-11-01,8.440
1997-11-02,8.464
1997-11-03,8.695
1997-11-04,8.513
1997-11-05,8.527
1997-11-06,8.525
1997-11-07,8.580
1997-11-08,8.566
1997-11-09,8.566
1997-11-10,8.571
1997-11-11,8.555
1997-11-12,8.635
1997-11-13,8.596
1997-11-14,8.640
1997-11-15,8.739
1997-11-16,8.690
1997-11-17,8.739
1997-11-18,8.784
1997-11-19,8.765
1997-11-20,8.787
1997-11-21,8.825
1997-11-22,8.833
1997-11-23,8.833
1997-11-24,8.861
1997-11-25,8.891
1997-11-26,8.888
1997-11-27,8.920
1997-11-28,8.980
1997-11-29,8.983
1997-11-30,9.002
1997-12-01,9.067
1997-12-02,9.130
1997-12-03,9.123
1997-12-04,9.099
1997-12-05,9.135
1997-12-06,9.135
1997-12-07,9.154
1997-12-08,9.160
1997-12-09,9.182
1997-12-10,9.634
1997-12-11,9.598
1997-12-12,9.406
1997-12-13,9.382
1997-12-14,9.384
1997-12-15,9.408
1997-12-16,9.436
1997-12-17,9.424
1997-12-18,9.538
1997-12-19,14.642
1997-12-20,25.114
1997-12-21,33.010
1997-12-22,56.298
1997-12-23,35.583
1997-12-24,9.524
1997-12-25,9.472
1997-12-26,9.489
1997-12-27,9.503
1997-12-28,9.618
1997-12-29,9.540
1997-12-30,9.538
1997-12-31,9.538
1998-01-01,9.538
1998-01-02,21.528
1998-01-03,45.162
1998-01-04,48.056
1998-01-05,57.942
1998-01-06,78.044
1998-01-07,101.390
1998-01-08,109.055
1998-01-09,108.902
1998-01-10,108.498
1998-01-11,108.360
1998-01-12,108.179
1998-01-13,107.920
1998-01-14,107.757
1998-01-15,94.197
1998-01-16,41.317
1998-01-17,41.135
1998-01-18,41.108
1998-01-19,41.108
1998-01-20,41.168
1998-01-21,41.126
1998-01-22,41.123
1998-01-23,41.244
1998-01-24,41.253
1998-01-25,41.315
1998-01-26,41.362
1998-01-27,22.722
1998-01-28,10.067
1998-01-29,9.986
1998-01-30,9.994
1998-01-31,9.964
1998-02-01,9.964
1998-02-02,34.025
1998-02-03,47.325
1998-02-04,48.707
1998-02-05,48.644
1998-02-06,48.682
1998-02-07,29.833
1998-02-08,19.661
1998-02-09,15.947
1998-02-10,10.129
1998-02-11,44.335
1998-02-12,52.926
1998-02-13,52.992
1998-02-14,38.467
1998-02-15,59.479
1998-02-16,48.563
1998-02-17,10.292
1998-02-18,10.200
1998-02-19,28.567
1998-02-20,54.235
1998-02-21,73.610
1998-02-22,73.978
1998-02-23,74.754
1998-02-24,74.640
1998-02-25,74.497
1998-02-26,74.481
1998-02-27,74.406
1998-02-28,74.474
1998-03-01,85.355
1998-03-02,106.193
1998-03-03,128.962
1998-03-04,128.514
1998-03-05,128.203
1998-03-06,128.810
1998-03-07,129.236
1998-03-08,134.321
1998-03-09,192.921
1998-03-10,204.745
1998-03-11,204.016
1998-03-12,203.581
1998-03-13,202.840
1998-03-14,202.809
1998-03-15,202.595
1998-03-16,201.551
1998-03-17,200.360
1998-03-18,147.699
1998-03-19,34.699
1998-03-20,34.519
1998-03-21,34.505
1998-03-22,34.471
1998-03-23,37.427
1998-03-24,42.168
1998-03-25,42.165
1998-03-26,42.228
1998-03-27,42.189
1998-03-28,62.136
1998-03-29,105.518
1998-03-30,127.543
1998-03-31,96.644
1998-04-01,49.830
1998-04-02,49.750
1998-04-03,59.719
1998-04-04,99.346
1998-04-05,99.317
1998-04-06,69.711
1998-04-07,49.909
1998-04-08,49.831
1998-04-09,49.836
1998-04-10,49.768
1998-04-11,49.750
1998-04-12,49.842
1998-04-13,49.812
1998-04-14,59.819
1998-04-15,99.886
1998-04-16,77.658
1998-04-17,49.546
1998-04-18,66.513
1998-04-19,49.567
1998-04-20,49.542
1998-04-21,49.491
1998-04-22,49.663
1998-04-23,49.381
1998-04-24,49.346
1998-04-25,49.325
1998-04-26,49.283
1998-04-27,49.388
1998-04-28,49.316
1998-04-29,49.769
1998-04-30,49.673
1998-05-01,49.742
1998-05-02,49.489
1998-05-03,49.469
1998-05-04,95.703
1998-05-05,99.768
1998-05-06,11.577
1998-05-07,11.036
1998-05-08,55.283
1998-05-09,99.631
1998-05-10,99.670
1998-05-11,99.608
1998-05-12,99.572
1998-05-13,99.624
1998-05-14,99.379
1998-05-15,99.278
1998-05-16,99.297
1998-05-17,99.102
1998-05-18,98.890
1998-05-19,98.945
1998-05-20,98.906
1998-05-21,98.759
1998-05-22,98.629
1998-05-23,98.672
1998-05-24,98.629
1998-05-25,98.476
1998-05-26,94.667
1998-05-27,34.859
1998-05-28,59.555
1998-05-29,84.364
1998-05-30,34.819
1998-05-31,34.703
1998-06-01,34.622
1998-06-02,34.657
1998-06-03,49.532
1998-06-04,108.776
1998-06-05,108.412
1998-06-06,108.339
1998-06-07,108.274
1998-06-08,107.963
1998-06-09,95.212
1998-06-10,80.598
1998-06-11,80.428
1998-06-12,80.414
1998-06-13,113.316
1998-06-14,161.229
1998-06-15,160.674
1998-06-16,160.093
1998-06-17,189.505
1998-06-18,204.868
1998-06-19,203.863
1998-06-20,202.763
1998-06-21,202.258
1998-06-22,149.484
1998-06-23,51.711
1998-06-24,51.357
1998-06-25,51.388
1998-06-26,37.011
1998-06-27,14.877
1998-06-28,14.688
1998-06-29,14.621
1998-06-30,14.597
1998-07-01,14.718
1998-07-02,95.757
1998-07-03,176.003
1998-07-04,128.012
1998-07-05,70.080
1998-07-06,122.921
1998-07-07,148.651
1998-07-08,148.266
1998-07-09,148.074
1998-07-10,147.733
1998-07-11,147.627
1998-07-12,147.350
1998-07-13,160.874
1998-07-14,195.710
1998-07-15,199.942
1998-07-16,185.300
1998-07-17,162.605
1998-07-18,145.428
1998-07-19,40.178
1998-07-20,101.564
1998-07-21,132.226
1998-07-22,45.731
1998-07-23,10.484
1998-07-24,10.136
1998-07-25,9.948
1998-07-26,9.861
1998-07-27,9.807
1998-07-28,9.769
1998-07-29,9.867
1998-07-30,9.872
1998-07-31,9.800
1998-08-01,9.824
1998-08-02,9.810
1998-08-03,9.778
1998-08-04,9.771
1998-08-05,9.730
1998-08-06,10.367
1998-08-07,9.967
1998-08-08,9.910
1998-08-09,9.881
1998-08-10,9.872
1998-08-11,9.872
1998-08-12,96.417
1998-08-13,114.626
1998-08-14,150.626
1998-08-15,150.790
1998-08-16,150.221
1998-08-17,149.787
1998-08-18,149.917
1998-08-19,149.647
1998-08-20,149.229
1998-08-21,148.672
1998-08-22,149.293
1998-08-23,148.959
1998-08-24,148.431
1998-08-25,148.240
1998-08-26,148.010
1998-08-27,147.797
1998-08-28,147.244
1998-08-29,147.244
1998-08-30,146.632
1998-08-31,132.660
1998-09-01,47.359
1998-09-02,77.557
1998-09-03,122.541
1998-09-04,185.744
1998-09-05,163.959
1998-09-06,144.370
1998-09-07,118.889
1998-09-08,101.627
1998-09-09,101.210
1998-09-10,101.071
1998-09-11,101.005
1998-09-12,80.905
1998-09-13,60.502
1998-09-14,101.780
1998-09-15,101.567
1998-09-16,81.367
1998-09-17,50.366
1998-09-18,50.324
1998-09-19,50.262
1998-09-20,50.266
1998-09-21,50.289
1998-09-22,50.298
1998-09-23,50.360
1998-09-24,50.351
1998-09-25,34.260
1998-09-26,9.540
1998-09-27,9.406
1998-09-28,9.325
1998-09-29,9.263
1998-09-30,9.320
1998-10-01,9.263
1998-10-02,50.147
1998-10-03,50.130
1998-10-04,50.138
1998-10-05,60.830
1998-10-06,102.826
1998-10-07,102.864
1998-10-08,56.900
1998-10-09,9.818
1998-10-10,9.599
1998-10-11,9.530
1998-10-12,24.679
1998-10-13,47.113
1998-10-14,57.906
1998-10-15,78.214
1998-10-16,99.578
1998-10-17,130.835
1998-10-18,130.501
1998-10-19,131.187
1998-10-20,131.080
1998-10-21,131.050
1998-10-22,144.833
1998-10-23,178.188
1998-10-24,196.845
1998-10-25,196.206
1998-10-26,195.718
1998-10-27,195.918
1998-10-28,195.893
1998-10-29,146.142
1998-10-30,104.272
1998-10-31,104.191
1998-11-01,104.339
1998-11-02,104.087
1998-11-03,69.257
1998-11-04,51.313
1998-11-05,51.216
1998-11-06,51.213
1998-11-07,51.272
1998-11-08,51.241
1998-11-09,51.268
1998-11-10,51.286
1998-11-11,35.306
1998-11-12,19.270
1998-11-13,19.205
1998-11-14,19.204
1998-11-15,19.196
1998-11-16,19.199
1998-11-17,19.205
1998-11-18,19.211
1998-11-19,19.273
1998-11-20,19.348
1998-11-21,19.218
1998-11-22,19.217
1998-11-23,19.091
1998-11-24,19.016
1998-11-25,19.090
1998-11-26,18.977
1998-11-27,33.415
1998-11-28,47.705
1998-11-29,91.854
1998-11-30,88.628
1998-12-01,52.376
1998-12-02,33.715
1998-12-03,33.616
1998-12-04,22.445
1998-12-05,14.799
1998-12-06,22.723
1998-12-07,41.373
1998-12-08,41.317
1998-12-09,41.358
1998-12-10,41.389
1998-12-11,32.676
1998-12-12,15.069
1998-12-13,15.009
1998-12-14,14.970
1998-12-15,34.839
1998-12-16,51.843
1998-12-17,62.090
1998-12-18,62.141
1998-12-19,62.162
1998-12-20,62.075
1998-12-21,62.066
1998-12-22,61.970
1998-12-23,62.090
1998-12-24,62.114
1998-12-25,50.973
1998-12-26,34.084
1998-12-27,34.033
1998-12-28,34.025
1998-12-29,42.607
1998-12-30,48.427
1998-12-31,48.353
1999-01-01,48.383
1999-01-02,48.371
1999-01-03,48.416
1999-01-04,48.395
1999-01-05,42.781
1999-01-06,34.357
1999-01-07,34.397
1999-01-08,34.368
1999-01-09,34.353
1999-01-10,34.315
1999-01-11,34.303
1999-01-12,34.287
1999-01-13,34.294
1999-01-14,34.328
1999-01-15,34.357
1999-01-16,34.336
1999-01-17,34.329
1999-01-18,46.737
1999-01-19,49.726
1999-01-20,49.662
1999-01-21,67.158
1999-01-22,107.657
1999-01-23,107.246
1999-01-24,107.089
1999-01-25,106.979
1999-01-26,115.761
1999-01-27,132.873
1999-01-28,132.658
1999-01-29,132.206
1999-01-30,85.491
1999-01-31,61.888
1999-02-01,61.646
1999-02-02,80.868
1999-02-03,123.216
1999-02-04,122.725
1999-02-05,98.153
1999-02-06,60.563
1999-02-07,93.012
1999-02-08,157.544
1999-02-09,109.566
1999-02-10,33.993
1999-02-11,28.593
1999-02-12,51.528
1999-02-13,69.875
1999-02-14,69.722
1999-02-15,69.639
1999-02-16,69.598
1999-02-17,69.487
1999-02-18,69.440
1999-02-19,48.289
1999-02-20,33.874
1999-02-21,45.927
1999-02-22,69.841
1999-02-23,69.826
1999-02-24,69.625
1999-02-25,69.542
1999-02-26,46.423
1999-02-27,49.469
1999-02-28,54.446
1999-03-01,69.249
1999-03-02,69.115
1999-03-03,69.126
1999-03-04,68.994
1999-03-05,69.004
1999-03-06,60.405
1999-03-07,94.592
1999-03-08,103.166
1999-03-09,36.856
1999-03-10,33.133
1999-03-11,33.133
1999-03-12,33.077
1999-03-13,33.083
1999-03-14,33.050
1999-03-15,51.196
1999-03-16,105.688
1999-03-17,94.523
1999-03-18,119.990
1999-03-19,59.087
1999-03-20,46.581
1999-03-21,46.492
1999-03-22,111.261
1999-03-23,90.507
1999-03-24,70.990
1999-03-25,119.749
1999-03-26,64.775
1999-03-27,19.004
1999-03-28,18.822
1999-03-29,18.807
1999-03-30,18.946
1999-03-31,24.726
1999-04-01,20.815
1999-04-02,9.999
1999-04-03,9.910
1999-04-04,9.798
1999-04-05,9.697
1999-04-06,9.684
1999-04-07,9.764
1999-04-08,9.859
1999-04-09,9.807
1999-04-10,9.791
1999-04-11,9.888
1999-04-12,41.368
1999-04-13,115.816
1999-04-14,82.938
1999-04-15,33.241
1999-04-16,24.859
1999-04-17,9.918
1999-04-18,9.737
1999-04-19,9.622
1999-04-20,46.417
1999-04-21,55.177
1999-04-22,10.186
1999-04-23,10.030
1999-04-24,9.962
1999-04-25,9.967
1999-04-26,21.770
1999-04-27,33.623
1999-04-28,33.676
1999-04-29,29.787
1999-04-30,10.178
1999-05-01,10.172
1999-05-02,10.152
1999-05-03,24.368
1999-05-04,56.525
1999-05-05,79.061
1999-05-06,106.915
1999-05-07,201.739
1999-05-08,181.940
1999-05-09,202.564
1999-05-10,200.824
1999-05-11,200.043
1999-05-12,199.093
1999-05-13,198.452
1999-05-14,132.763
1999-05-15,33.356
1999-05-16,10.385
1999-05-17,10.076
1999-05-18,10.001
1999-05-19,9.931
1999-05-20,9.906
1999-05-21,9.883
1999-05-22,9.858
1999-05-23,9.852
1999-05-24,50.566
1999-05-25,77.659
1999-05-26,77.686
1999-05-27,26.140
1999-05-28,10.027
1999-05-29,9.795
1999-05-30,9.755
1999-05-31,9.731
1999-06-01,9.751
1999-06-02,9.727
1999-06-03,9.771
1999-06-04,9.721
1999-06-05,9.907
1999-06-06,38.695
1999-06-07,78.475
1999-06-08,83.834
1999-06-09,110.193
1999-06-10,144.150
1999-06-11,151.724
1999-06-12,120.918
1999-06-13,72.530
1999-06-14,107.546
1999-06-15,138.464
1999-06-16,138.263
1999-06-17,137.851
1999-06-18,124.094
1999-06-19,69.156
1999-06-20,125.786
1999-06-21,199.676
1999-06-22,198.906
1999-06-23,197.884
1999-06-24,198.503
1999-06-25,178.519
1999-06-26,144.254
1999-06-27,171.319
1999-06-28,199.669
1999-06-29,198.487
1999-06-30,198.246
1999-07-01,197.242
1999-07-02,173.511
1999-07-03,99.053
1999-07-04,83.481
1999-07-05,132.762
1999-07-06,107.527
1999-07-07,82.508
1999-07-08,31.702
1999-07-09,13.850
1999-07-10,13.722
1999-07-11,64.593
1999-07-12,168.697
1999-07-13,196.769
1999-07-14,196.519
1999-07-15,195.868
1999-07-16,160.698
1999-07-17,87.040
1999-07-18,65.420
1999-07-19,198.820
1999-07-20,197.785
1999-07-21,197.027
1999-07-22,195.838
1999-07-23,164.813
1999-07-24,132.385
1999-07-25,157.686
1999-07-26,194.224
1999-07-27,193.389
1999-07-28,192.765
1999-07-29,191.970
1999-07-30,191.156
1999-07-31,190.370
1999-08-01,189.732
1999-08-02,197.611
1999-08-03,198.458
1999-08-04,198.251
1999-08-05,177.550
1999-08-06,100.154
1999-08-07,99.813
1999-08-08,99.559
1999-08-09,73.799
1999-08-10,93.712
1999-08-11,122.680
1999-08-12,122.264
1999-08-13,122.069
1999-08-14,121.589
1999-08-15,121.395
1999-08-16,121.141
1999-08-17,120.792
1999-08-18,120.636
1999-08-19,120.361
1999-08-20,111.984
1999-08-21,41.732
1999-08-22,33.582
1999-08-23,85.299
1999-08-24,119.805
1999-08-25,103.002
1999-08-26,77.162
1999-08-27,72.316
1999-08-28,49.525
1999-08-29,62.967
1999-08-30,90.103
1999-08-31,57.896
1999-09-01,9.000
1999-09-02,8.750
1999-09-03,8.669
1999-09-04,8.610
1999-09-05,8.537
1999-09-06,8.562
1999-09-07,8.697
1999-09-08,8.610
1999-09-09,8.574
1999-09-10,8.542
1999-09-11,8.527
1999-09-12,8.513
1999-09-13,8.513
1999-09-14,8.859
1999-09-15,8.734
1999-09-16,8.719
1999-09-17,8.719
1999-09-18,8.734
1999-09-19,8.704
1999-09-20,8.724
1999-09-21,8.719
1999-09-22,8.717
1999-09-23,8.715
1999-09-24,8.715
1999-09-25,8.709
1999-09-26,8.715
1999-09-27,8.717
1999-09-28,8.719
1999-09-29,8.725
1999-09-30,8.715
1999-10-01,8.719
1999-10-02,8.727
1999-10-03,8.739
1999-10-04,8.742
1999-10-05,17.955
1999-10-06,27.240
1999-10-07,27.269
1999-10-08,27.286
1999-10-09,27.303
1999-10-10,27.319
1999-10-11,27.326
1999-10-12,19.819
1999-10-13,8.424
1999-10-14,8.342
1999-10-15,8.310
1999-10-16,8.293
1999-10-17,8.275
1999-10-18,8.259
1999-10-19,8.246
1999-10-20,8.271
1999-10-21,8.308
1999-10-22,8.330
1999-10-23,8.346
1999-10-24,8.379
1999-10-25,8.397
1999-10-26,8.417
1999-10-27,8.436
1999-10-28,8.460
1999-10-29,8.525
1999-10-30,8.552
1999-10-31,8.555
1999-11-01,8.705
1999-11-02,8.721
1999-11-03,8.727
1999-11-04,8.753
1999-11-05,8.820
1999-11-06,8.838
1999-11-07,8.870
1999-11-08,8.868
1999-11-09,8.899
1999-11-10,8.998
1999-11-11,9.053
1999-11-12,9.044
1999-11-13,9.059
1999-11-14,9.069
1999-11-15,9.485
1999-11-16,10.759
1999-11-17,13.440
1999-11-18,11.679
1999-11-19,11.305
1999-11-20,11.252
1999-11-21,11.203
1999-11-22,11.179
1999-11-23,11.164
1999-11-24,11.187
1999-11-25,11.179
1999-11-26,30.775
1999-11-27,44.259
1999-11-28,69.862
1999-11-29,98.450
1999-11-30,98.048
1999-12-01,97.970
1999-12-02,101.249
1999-12-03,172.937
1999-12-04,199.669
1999-12-05,198.503
1999-12-06,197.582
1999-12-07,196.519
1999-12-08,196.439
1999-12-09,132.535
1999-12-10,201.708
1999-12-11,200.528
1999-12-12,199.790
1999-12-13,199.456
1999-12-14,164.275
1999-12-15,95.260
1999-12-16,95.029
1999-12-17,94.830
1999-12-18,105.772
1999-12-19,184.876
1999-12-20,100.716
1999-12-21,156.129
1999-12-22,155.747
1999-12-23,91.536
1999-12-24,23.572
1999-12-25,23.386
1999-12-26,23.346
1999-12-27,23.327
1999-12-28,23.335
1999-12-29,23.460
1999-12-30,23.464
1999-12-31,23.479
2000-01-01,23.486
2000-01-02,64.927
2000-01-03,82.074
2000-01-04,81.792
2000-01-05,81.775
2000-01-06,64.974
2000-01-07,39.864
2000-01-08,33.270
2000-01-09,33.215
2000-01-10,26.433
2000-01-11,23.566
2000-01-12,23.522
2000-01-13,23.528
2000-01-14,23.598
2000-01-15,23.605
2000-01-16,23.516
2000-01-17,23.517
2000-01-18,23.466
2000-01-19,23.481
2000-01-20,23.471
2000-01-21,23.464
2000-01-22,23.535
2000-01-23,23.517
2000-01-24,23.691
2000-01-25,23.841
2000-01-26,12.888
2000-01-27,9.943
2000-01-28,9.751
2000-01-29,9.695
2000-01-30,9.737
2000-01-31,9.730
2000-02-01,9.695
2000-02-02,9.684
2000-02-03,9.684
2000-02-04,9.668
2000-02-05,9.716
2000-02-06,9.715
2000-02-07,9.631
2000-02-08,9.833
2000-02-09,9.823
2000-02-10,38.515
2000-02-11,55.979
2000-02-12,23.632
2000-02-13,9.671
2000-02-14,9.617
2000-02-15,9.570
2000-02-16,9.644
2000-02-17,9.690
2000-02-18,9.617
2000-02-19,9.617
2000-02-20,14.414
2000-02-21,9.648
2000-02-22,9.646
2000-02-23,9.641
2000-02-24,17.616
2000-02-25,9.711
2000-02-26,9.668
2000-02-27,9.727
2000-02-28,9.782
2000-02-29,15.027
2000-03-01,30.957
2000-03-02,31.670
2000-03-03,26.216
2000-03-04,16.093
2000-03-05,16.086
2000-03-06,20.974
2000-03-07,30.722
2000-03-08,30.816
2000-03-09,30.843
2000-03-10,30.770
2000-03-11,36.646
2000-03-12,40.813
2000-03-13,21.467
2000-03-14,16.155
2000-03-15,16.210
2000-03-16,16.184
2000-03-17,20.310
2000-03-18,16.241
2000-03-19,16.210
2000-03-20,22.063
2000-03-21,30.917
2000-03-22,30.875
2000-03-23,30.870
2000-03-24,38.229
2000-03-25,43.738
2000-03-26,48.958
2000-03-27,32.903
2000-03-28,23.622
2000-03-29,44.108
2000-03-30,49.042
2000-03-31,34.728
2000-04-01,48.961
2000-04-02,48.934
2000-04-03,48.857
2000-04-04,48.944
2000-04-05,32.273
2000-04-06,18.868
2000-04-07,30.535
2000-04-08,14.862
2000-04-09,14.810
2000-04-10,14.802
2000-04-11,14.794
2000-04-12,14.788
2000-04-13,14.799
2000-04-14,14.794
2000-04-15,16.930
2000-04-16,15.668
2000-04-17,15.662
2000-04-18,15.720
2000-04-19,15.685
2000-04-20,15.036
2000-04-21,14.837
2000-04-22,15.049
2000-04-23,15.038
2000-04-24,15.089
2000-04-25,15.059
2000-04-26,15.087
2000-04-27,15.081
2000-04-28,15.076
2000-04-29,15.084
2000-04-30,15.066
2000-05-01,14.938
2000-05-02,62.384
2000-05-03,69.662
2000-05-04,40.430
2000-05-05,30.413
2000-05-06,19.353
2000-05-07,19.478
2000-05-08,19.346
2000-05-09,19.367
2000-05-10,19.359
2000-05-11,30.912
2000-05-12,41.412
2000-05-13,48.163
2000-05-14,28.945
2000-05-15,19.211
2000-05-16,19.064
2000-05-17,19.051
2000-05-18,19.028
2000-05-19,25.097
2000-05-20,83.235
2000-05-21,19.574
2000-05-22,19.466
2000-05-23,19.424
2000-05-24,31.330
2000-05-25,39.171
2000-05-26,58.132
2000-05-27,58.063
2000-05-28,58.051
2000-05-29,50.027
2000-05-30,57.980
2000-05-31,112.504
2000-06-01,184.870
2000-06-02,201.800
2000-06-03,186.335
2000-06-04,156.273
2000-06-05,138.668
2000-06-06,116.354
2000-06-07,101.749
2000-06-08,56.220
2000-06-09,40.545
2000-06-10,40.560
2000-06-11,40.617
2000-06-12,103.715
2000-06-13,136.066
2000-06-14,171.814
2000-06-15,171.256
2000-06-16,130.464
2000-06-17,71.295
2000-06-18,48.063
2000-06-19,39.613
2000-06-20,33.879
2000-06-21,171.863
2000-06-22,160.049
2000-06-23,143.443
2000-06-24,61.976
2000-06-25,116.138
2000-06-26,203.351
2000-06-27,202.687
2000-06-28,202.355
2000-06-29,202.136
2000-06-30,201.708
2000-07-01,201.286
2000-07-02,200.885
2000-07-03,200.225
2000-07-04,199.760
2000-07-05,198.670
2000-07-06,198.488
2000-07-07,197.856
2000-07-08,198.378
2000-07-09,197.552
2000-07-10,197.449
2000-07-11,197.492
2000-07-12,197.096
2000-07-13,196.444
2000-07-14,196.650
2000-07-15,195.749
2000-07-16,195.096
2000-07-17,166.199
2000-07-18,136.967
2000-07-19,137.190
2000-07-20,137.933
2000-07-21,129.713
2000-07-22,70.794
2000-07-23,73.130
2000-07-24,169.369
2000-07-25,168.691
2000-07-26,168.319
2000-07-27,99.470
2000-07-28,15.131
2000-07-29,36.976
2000-07-30,74.260
2000-07-31,94.487
2000-08-01,94.263
2000-08-02,115.987
2000-08-03,147.960
2000-08-04,147.807
2000-08-05,147.309
2000-08-06,147.139
2000-08-07,146.787
2000-08-08,146.503
2000-08-09,146.259
2000-08-10,145.992
2000-08-11,146.304
2000-08-12,145.762
2000-08-13,145.593
2000-08-14,177.829
2000-08-15,198.882
2000-08-16,198.187
2000-08-17,197.222
2000-08-18,196.621
2000-08-19,153.100
2000-08-20,160.287
2000-08-21,195.660
2000-08-22,194.763
2000-08-23,194.200
2000-08-24,194.465
2000-08-25,193.480
2000-08-26,192.836
2000-08-27,192.174
2000-08-28,191.594
2000-08-29,191.256
2000-08-30,190.342
2000-08-31,190.077
2000-09-01,189.782
2000-09-02,188.842
2000-09-03,188.461
2000-09-04,191.341
2000-09-05,196.741
2000-09-06,196.064
2000-09-07,195.961
2000-09-08,195.302
2000-09-09,176.650
2000-09-10,81.261
2000-09-11,23.777
2000-09-12,104.137
2000-09-13,119.548
2000-09-14,119.271
2000-09-15,119.083
2000-09-16,119.171
2000-09-17,131.417
2000-09-18,194.525
2000-09-19,150.775
2000-09-20,111.325
2000-09-21,38.458
2000-09-22,18.102
2000-09-23,17.909
2000-09-24,17.873
2000-09-25,17.811
2000-09-26,17.776
2000-09-27,17.869
2000-09-28,18.012
2000-09-29,18.046
2000-09-30,18.107
2000-10-01,18.049
2000-10-02,18.125
2000-10-03,18.195
2000-10-04,18.241
2000-10-05,18.206
2000-10-06,18.262
2000-10-07,18.300
2000-10-08,18.300
2000-10-09,18.363
2000-10-10,18.361
2000-10-11,18.404
2000-10-12,18.386
2000-10-13,18.404
2000-10-14,25.449
2000-10-15,32.535
2000-10-16,22.609
2000-10-17,18.497
2000-10-18,13.464
2000-10-19,10.076
2000-10-20,14.253
2000-10-21,29.168
2000-10-22,40.394
2000-10-23,48.032
2000-10-24,48.091
2000-10-25,48.170
2000-10-26,62.624
2000-10-27,102.853
2000-10-28,109.073
2000-10-29,109.049
2000-10-30,89.118
2000-10-31,85.226
2000-11-01,126.059
2000-11-02,125.866
2000-11-03,125.597
2000-11-04,125.402
2000-11-05,125.425
2000-11-06,125.264
2000-11-07,99.511
2000-11-08,71.886
2000-11-09,108.464
2000-11-10,108.168
2000-11-11,107.998
2000-11-12,107.988
2000-11-13,107.741
2000-11-14,107.672
2000-11-15,107.655
2000-11-16,108.493
2000-11-17,108.547
2000-11-18,96.978
2000-11-19,57.165
2000-11-20,48.488
2000-11-21,48.414
2000-11-22,48.376
2000-11-23,37.307
2000-11-24,26.854
2000-11-25,16.637
2000-11-26,32.618
2000-11-27,48.679
2000-11-28,31.603
2000-11-29,14.038
2000-11-30,13.962
2000-12-01,18.272
2000-12-02,110.433
2000-12-03,54.393
2000-12-04,39.516
2000-12-05,60.290
2000-12-06,60.325
2000-12-07,60.360
2000-12-08,60.631
2000-12-09,60.619
2000-12-10,60.619
2000-12-11,60.706
2000-12-12,45.242
2000-12-13,14.142
2000-12-14,14.078
2000-12-15,14.029
2000-12-16,14.014
2000-12-17,14.028
2000-12-18,13.999
2000-12-19,13.993
2000-12-20,10.829
2000-12-21,9.716
2000-12-22,9.759
2000-12-23,9.821
2000-12-24,9.844
2000-12-25,9.854
2000-12-26,9.912
2000-12-27,9.986
2000-12-28,10.025
2000-12-29,10.090
2000-12-30,10.198
2000-12-31,10.229
2001-01-01,10.231
2001-01-02,10.275
2001-01-03,10.288
2001-01-04,10.320
2001-01-05,10.336
2001-01-06,10.335
2001-01-07,10.348
2001-01-08,10.335
2001-01-09,10.372
2001-01-10,10.401
2001-01-11,10.421
2001-01-12,10.428
2001-01-13,10.457
2001-01-14,10.479
2001-01-15,10.488
2001-01-16,10.707
2001-01-17,29.230
2001-01-18,106.083
2001-01-19,124.117
2001-01-20,123.991
2001-01-21,123.781
2001-01-22,123.534
2001-01-23,184.730
2001-01-24,200.051
2001-01-25,183.930
2001-01-26,191.951
2001-01-27,112.846
2001-01-28,124.214
2001-01-29,130.905
2001-01-30,107.059
2001-01-31,151.853
2001-02-01,152.756
2001-02-02,128.649
2001-02-03,20.535
2001-02-04,34.157
2001-02-05,17.402
2001-02-06,19.350
2001-02-07,50.630
2001-02-08,48.209
2001-02-09,33.486
2001-02-10,86.173
2001-02-11,147.323
2001-02-12,123.768
2001-02-13,101.789
2001-02-14,96.228
2001-02-15,113.931
2001-02-16,70.167
2001-02-17,46.902
2001-02-18,58.292
2001-02-19,127.837
2001-02-20,155.447
2001-02-21,182.450
2001-02-22,181.515
2001-02-23,57.863
2001-02-24,126.328
2001-02-25,90.063
2001-02-26,41.011
2001-02-27,65.096
2001-02-28,62.595
2001-03-01,196.948
2001-03-02,135.320
2001-03-03,165.650
2001-03-04,195.691
2001-03-05,141.653
2001-03-06,197.713
2001-03-07,126.657
2001-03-08,196.953
2001-03-09,70.598
2001-03-10,40.426
2001-03-11,40.307
2001-03-12,40.258
2001-03-13,40.272
2001-03-14,40.268
2001-03-15,40.272
2001-03-16,40.251
2001-03-17,40.251
2001-03-18,40.244
2001-03-19,136.235
2001-03-20,200.461
2001-03-21,200.198
2001-03-22,199.136
2001-03-23,197.977
2001-03-24,113.282
2001-03-25,61.231
2001-03-26,154.411
2001-03-27,99.718
2001-03-28,77.732
2001-03-29,14.034
2001-03-30,13.888
2001-03-31,32.416
2001-04-01,40.781
2001-04-02,53.560
2001-04-03,104.359
2001-04-04,73.301
2001-04-05,26.107
2001-04-06,40.199
2001-04-07,40.174
2001-04-08,40.167
2001-04-09,40.153
2001-04-10,40.157
2001-04-11,86.948
2001-04-12,63.953
2001-04-13,64.044
2001-04-14,35.357
2001-04-15,42.739
2001-04-16,104.941
2001-04-17,115.478
2001-04-18,99.469
2001-04-19,74.426
2001-04-20,48.672
2001-04-21,71.866
2001-04-22,107.449
2001-04-23,94.679
2001-04-24,103.922
2001-04-25,97.097
2001-04-26,40.798
2001-04-27,28.418
2001-04-28,9.642
2001-04-29,9.471
2001-04-30,49.381
2001-05-01,71.812
2001-05-02,79.628
2001-05-03,53.162
2001-05-04,103.587
2001-05-05,163.497
2001-05-06,173.221
2001-05-07,99.955
2001-05-08,42.522
2001-05-09,29.817
2001-05-10,9.879
2001-05-11,25.109
2001-05-12,15.448
2001-05-13,15.368
2001-05-14,15.328
2001-05-15,15.308
2001-05-16,15.280
2001-05-17,15.258
2001-05-18,13.927
2001-05-19,9.530
2001-05-20,9.491
2001-05-21,9.440
2001-05-22,32.446
2001-05-23,40.118
2001-05-24,28.150
2001-05-25,9.572
2001-05-26,9.457
2001-05-27,9.414
2001-05-28,9.383
2001-05-29,9.364
2001-05-30,38.793
2001-05-31,48.638
2001-06-01,48.698
2001-06-02,48.659
2001-06-03,48.689
2001-06-04,48.630
2001-06-05,24.280
2001-06-06,61.397
2001-06-07,153.944
2001-06-08,179.747
2001-06-09,59.386
2001-06-10,13.606
2001-06-11,65.013
2001-06-12,99.536
2001-06-13,35.795
2001-06-14,10.077
2001-06-15,10.094
2001-06-16,10.046
2001-06-17,10.018
2001-06-18,15.592
2001-06-19,32.455
2001-06-20,39.038
2001-06-21,48.757
2001-06-22,27.950
2001-06-23,13.506
2001-06-24,13.402
2001-06-25,39.484
2001-06-26,74.822
2001-06-27,74.742
2001-06-28,34.579
2001-06-29,43.335
2001-06-30,49.108
2001-07-01,49.117
2001-07-02,128.959
2001-07-03,194.169
2001-07-04,199.742
2001-07-05,198.883
2001-07-06,197.927
2001-07-07,197.073
2001-07-08,196.497
2001-07-09,196.472
2001-07-10,195.647
2001-07-11,194.794
2001-07-12,196.028
2001-07-13,197.048
2001-07-14,195.991
2001-07-15,195.098
2001-07-16,191.874
2001-07-17,104.225
2001-07-18,103.637
2001-07-19,103.288
2001-07-20,100.416
2001-07-21,33.265
2001-07-22,47.814
2001-07-23,77.196
2001-07-24,77.094
2001-07-25,77.177
2001-07-26,77.097
2001-07-27,77.204
2001-07-28,9.345
2001-07-29,8.945
2001-07-30,8.836
2001-07-31,8.776
2001-08-01,8.722
2001-08-02,8.727
2001-08-03,8.679
2001-08-04,8.654
2001-08-05,8.636
2001-08-06,8.623
2001-08-07,35.687
2001-08-08,48.609
2001-08-09,48.711
2001-08-10,42.669
2001-08-11,33.325
2001-08-12,33.278
2001-08-13,33.298
2001-08-14,33.285
2001-08-15,33.293
2001-08-16,33.272
2001-08-17,33.285
2001-08-18,33.285
2001-08-19,33.272
2001-08-20,33.278
2001-08-21,33.293
2001-08-22,33.314
2001-08-23,33.325
2001-08-24,79.909
2001-08-25,91.066
2001-08-26,19.469
2001-08-27,9.102
2001-08-28,15.574
2001-08-29,22.186
2001-08-30,22.193
2001-08-31,22.172
2001-09-01,22.166
2001-09-02,22.186
2001-09-03,22.171
2001-09-04,22.172
2001-09-05,18.568
2001-09-06,13.082
2001-09-07,13.054
2001-09-08,20.983
2001-09-09,32.834
2001-09-10,16.841
2001-09-11,8.932
2001-09-12,8.858
2001-09-13,8.834
2001-09-14,8.822
2001-09-15,8.815
2001-09-16,8.800
2001-09-17,8.808
2001-09-18,8.798
2001-09-19,8.799
2001-09-20,8.795
2001-09-21,8.827
2001-09-22,8.792
2001-09-23,8.795
2001-09-24,8.796
2001-09-25,8.795
2001-09-26,8.895
2001-09-27,8.861
2001-09-28,8.887
2001-09-29,8.936
2001-09-30,8.936
2001-10-01,8.978
2001-10-02,8.947
2001-10-03,8.913
2001-10-04,8.927
2001-10-05,8.926
2001-10-06,8.964
2001-10-07,8.978
2001-10-08,8.987
2001-10-09,9.001
2001-10-10,8.984
2001-10-11,8.987
2001-10-12,8.979
2001-10-13,8.973
2001-10-14,8.964
2001-10-15,8.975
2001-10-16,8.983
2001-10-17,9.045
2001-10-18,8.987
2001-10-19,9.004
2001-10-20,9.037
2001-10-21,9.025
2001-10-22,9.038
2001-10-23,9.033
2001-10-24,9.044
2001-10-25,9.044
2001-10-26,9.075
2001-10-27,9.079
2001-10-28,9.068
2001-10-29,9.315
2001-10-30,9.415
2001-10-31,9.398
2001-11-01,9.486
2001-11-02,9.481
2001-11-03,9.563
2001-11-04,9.570
2001-11-05,9.565
2001-11-06,9.573
2001-11-07,9.560
2001-11-08,9.574
2001-11-09,9.622
2001-11-10,9.666
2001-11-11,9.654
2001-11-12,9.642
2001-11-13,9.654
2001-11-14,9.719
2001-11-15,9.723
2001-11-16,9.766
2001-11-17,9.779
2001-11-18,9.772
2001-11-19,9.926
2001-11-20,9.844
2001-11-21,9.845
2001-11-22,9.894
2001-11-23,9.919
2001-11-24,9.929
2001-11-25,9.963
2001-11-26,9.980
2001-11-27,9.967
2001-11-28,9.980
2001-11-29,9.990
2001-11-30,9.789
2001-12-01,9.744
2001-12-02,9.759
2001-12-03,9.774
2001-12-04,9.804
2001-12-05,9.559
2001-12-06,9.107
2001-12-07,9.145
2001-12-08,9.163
2001-12-09,9.177
2001-12-10,9.184
2001-12-11,9.412
2001-12-12,9.481
2001-12-13,9.518
2001-12-14,9.547
2001-12-15,9.518
2001-12-16,9.412
2001-12-17,9.452
2001-12-18,9.481
2001-12-19,9.506
2001-12-20,9.520
2001-12-21,9.543
2001-12-22,9.571
2001-12-23,9.586
2001-12-24,9.625
2001-12-25,9.624
2001-12-26,9.779
2001-12-27,10.329
2001-12-28,10.239
2001-12-29,9.859
2001-12-30,9.845
2001-12-31,9.873
2002-01-01,10.006
2002-01-02,9.924
2002-01-03,10.073
2002-01-04,10.201
2002-01-05,10.183
2002-01-06,10.196
2002-01-07,10.213
2002-01-08,10.236
2002-01-09,10.147
2002-01-10,10.292
2002-01-11,10.289
2002-01-12,10.400
2002-01-13,10.226
2002-01-14,10.253
2002-01-15,10.326
2002-01-16,10.315
2002-01-17,74.832
2002-01-18,130.499
2002-01-19,49.581
2002-01-20,33.969
2002-01-21,56.392
2002-01-22,102.772
2002-01-23,170.534
2002-01-24,184.148
2002-01-25,132.343
2002-01-26,15.635
2002-01-27,10.690
2002-01-28,10.555
2002-01-29,10.501
2002-01-30,10.459
2002-01-31,10.464
2002-02-01,31.494
2002-02-02,40.574
2002-02-03,30.668
2002-02-04,10.539
2002-02-05,10.569
2002-02-06,10.452
2002-02-07,10.442
2002-02-08,10.432
2002-02-09,10.430
2002-02-10,10.453
2002-02-11,10.411
2002-02-12,10.279
2002-02-13,10.279
2002-02-14,10.288
2002-02-15,10.295
2002-02-16,10.306
2002-02-17,10.310
2002-02-18,15.742
2002-02-19,24.091
2002-02-20,23.995
2002-02-21,23.962
2002-02-22,31.502
2002-02-23,41.358
2002-02-24,41.419
2002-02-25,41.409
2002-02-26,41.417
2002-02-27,41.429
2002-02-28,41.464
2002-03-01,41.469
2002-03-02,41.571
2002-03-03,41.494
2002-03-04,41.528
2002-03-05,41.614
2002-03-06,41.656
2002-03-07,41.656
2002-03-08,32.876
2002-03-09,19.437
2002-03-10,29.814
2002-03-11,41.557
2002-03-12,57.249
2002-03-13,54.247
2002-03-14,41.103
2002-03-15,41.635
2002-03-16,41.682
2002-03-17,41.675
2002-03-18,41.656
2002-03-19,41.720
2002-03-20,34.886
2002-03-21,10.395
2002-03-22,10.235
2002-03-23,10.187
2002-03-24,10.157
2002-03-25,10.147
2002-03-26,10.163
2002-03-27,10.164
2002-03-28,10.215
2002-03-29,10.137
2002-03-30,26.062
2002-03-31,48.273
2002-04-01,42.809
2002-04-02,21.627
2002-04-03,46.930
2002-04-04,75.268
2002-04-05,42.720
2002-04-06,92.914
2002-04-07,101.171
2002-04-08,106.784
2002-04-09,164.877
2002-04-10,192.767
2002-04-11,203.531
2002-04-12,178.432
2002-04-13,113.965
2002-04-14,69.684
2002-04-15,144.819
2002-04-16,172.103
2002-04-17,78.971
2002-04-18,110.250
2002-04-19,71.134
2002-04-20,99.516
2002-04-21,99.261
2002-04-22,76.445
2002-04-23,85.557
2002-04-24,96.256
2002-04-25,178.348
2002-04-26,78.935
2002-04-27,54.720
2002-04-28,70.448
2002-04-29,59.807
2002-04-30,96.765
2002-05-01,165.845
2002-05-02,138.060
2002-05-03,82.888
2002-05-04,59.792
2002-05-05,65.720
2002-05-06,168.025
2002-05-07,146.552
2002-05-08,43.474
2002-05-09,39.952
2002-05-10,48.894
2002-05-11,65.250
2002-05-12,65.301
2002-05-13,48.857
2002-05-14,102.139
2002-05-15,114.152
2002-05-16,64.147
2002-05-17,48.791
2002-05-18,48.656
2002-05-19,71.260
2002-05-20,98.526
2002-05-21,67.312
2002-05-22,75.438
2002-05-23,108.298
2002-05-24,88.469
2002-05-25,49.313
2002-05-26,49.254
2002-05-27,74.998
2002-05-28,164.517
2002-05-29,201.975
2002-05-30,200.735
2002-05-31,182.772
2002-06-01,98.827
2002-06-02,98.404
2002-06-03,98.128
2002-06-04,97.933
2002-06-05,97.788
2002-06-06,97.581
2002-06-07,97.351
2002-06-08,97.206
2002-06-09,97.093
2002-06-10,97.104
2002-06-11,73.135
2002-06-12,82.183
2002-06-13,149.982
2002-06-14,19.367
2002-06-15,9.894
2002-06-16,9.754
2002-06-17,9.704
2002-06-18,9.650
2002-06-19,29.105
2002-06-20,48.597
2002-06-21,48.579
2002-06-22,59.127
2002-06-23,53.046
2002-06-24,16.226
2002-06-25,16.069
2002-06-26,13.514
2002-06-27,10.085
2002-06-28,26.148
2002-06-29,107.642
2002-06-30,125.051
2002-07-01,98.599
2002-07-02,107.194
2002-07-03,137.956
2002-07-04,163.789
2002-07-05,176.743
2002-07-06,176.176
2002-07-07,144.067
2002-07-08,162.254
2002-07-09,201.680
2002-07-10,201.161
2002-07-11,200.096
2002-07-12,185.645
2002-07-13,145.486
2002-07-14,167.446
2002-07-15,199.096
2002-07-16,198.249
2002-07-17,161.125
2002-07-18,160.477
2002-07-19,160.320
2002-07-20,179.859
2002-07-21,167.984
2002-07-22,130.084
2002-07-23,168.291
2002-07-24,167.401
2002-07-25,167.188
2002-07-26,166.420
2002-07-27,166.283
2002-07-28,171.579
2002-07-29,199.262
2002-07-30,197.827
2002-07-31,197.049
2002-08-01,196.802
2002-08-02,195.622
2002-08-03,194.674
2002-08-04,194.137
2002-08-05,193.354
2002-08-06,192.916
2002-08-07,192.056
2002-08-08,191.316
2002-08-09,84.754
2002-08-10,9.385
2002-08-11,93.288
2002-08-12,124.813
2002-08-13,59.059
2002-08-14,14.380
2002-08-15,14.090
2002-08-16,13.993
2002-08-17,13.936
2002-08-18,13.898
2002-08-19,13.858
2002-08-20,13.858
2002-08-21,13.851
2002-08-22,13.846
2002-08-23,13.829
2002-08-24,13.902
2002-08-25,13.865
2002-08-26,13.869
2002-08-27,13.845
2002-08-28,13.856
2002-08-29,23.244
2002-08-30,60.843
2002-08-31,60.937
2002-09-01,60.960
2002-09-02,55.947
2002-09-03,9.791
2002-09-04,9.028
2002-09-05,8.906
2002-09-06,9.010
2002-09-07,9.024
2002-09-08,8.995
2002-09-09,9.532
2002-09-10,9.834
2002-09-11,9.834
2002-09-12,9.835
2002-09-13,18.594
2002-09-14,65.392
2002-09-15,61.372
2002-09-16,25.823
2002-09-17,13.106
2002-09-18,13.827
2002-09-19,11.737
2002-09-20,10.364
2002-09-21,10.025
2002-09-22,10.065
2002-09-23,9.984
2002-09-24,37.405
2002-09-25,9.399
2002-09-26,15.934
2002-09-27,18.352
2002-09-28,29.986
2002-09-29,25.203
2002-09-30,9.359
2002-10-01,9.285
2002-10-02,9.253
2002-10-03,9.265
2002-10-04,9.248
2002-10-05,9.250
2002-10-06,9.259
2002-10-07,9.236
2002-10-08,9.230
2002-10-09,9.230
2002-10-10,9.234
2002-10-11,9.228
2002-10-12,14.615
2002-10-13,14.695
2002-10-14,9.273
2002-10-15,9.242
2002-10-16,9.253
2002-10-17,9.230
2002-10-18,9.265
2002-10-19,9.253
2002-10-20,9.257
2002-10-21,9.265
2002-10-22,9.256
2002-10-23,9.265
2002-10-24,9.260
2002-10-25,9.273
2002-10-26,9.285
2002-10-27,9.289
2002-10-28,9.308
2002-10-29,9.288
2002-10-30,123.861
2002-10-31,53.507
2002-11-01,53.366
2002-11-02,53.432
2002-11-03,53.303
2002-11-04,53.336
2002-11-05,53.346
2002-11-06,32.006
2002-11-07,31.342
2002-11-08,48.528
2002-11-09,48.564
2002-11-10,48.665
2002-11-11,48.791
2002-11-12,48.800
2002-11-13,48.802
2002-11-14,48.894
2002-11-15,48.781
2002-11-16,48.954
2002-11-17,37.000
2002-11-18,24.605
2002-11-19,48.260
2002-11-20,102.182
2002-11-21,102.268
2002-11-22,46.997
2002-11-23,36.344
2002-11-24,36.310
2002-11-25,36.294
2002-11-26,36.352
2002-11-27,36.387
2002-11-28,36.401
2002-11-29,36.526
2002-11-30,39.571
2002-12-01,48.937
2002-12-02,49.079
2002-12-03,9.580
2002-12-04,33.476
2002-12-05,59.229
2002-12-06,59.303
2002-12-07,59.543
2002-12-08,30.020
2002-12-09,9.985
2002-12-10,9.888
2002-12-11,9.845
2002-12-12,9.955
2002-12-13,9.946
2002-12-14,9.904
2002-12-15,9.912
2002-12-16,9.934
2002-12-17,29.205
2002-12-18,56.270
2002-12-19,64.135
2002-12-20,64.027
2002-12-21,64.094
2002-12-22,64.402
2002-12-23,64.186
2002-12-24,73.788
2002-12-25,80.141
2002-12-26,79.971
2002-12-27,71.231
2002-12-28,64.801
2002-12-29,80.033
2002-12-30,80.062
2002-12-31,80.073
2003-01-01,80.053
2003-01-02,79.988
2003-01-03,80.005
2003-01-04,79.977
2003-01-05,83.657
2003-01-06,101.571
2003-01-07,111.955
2003-01-08,144.531
2003-01-09,152.487
2003-01-10,152.478
2003-01-11,115.308
2003-01-12,68.579
2003-01-13,49.323
2003-01-14,90.601
2003-01-15,132.814
2003-01-16,153.464
2003-01-17,175.158
2003-01-18,198.341
2003-01-19,190.608
2003-01-20,152.686
2003-01-21,152.177
2003-01-22,151.750
2003-01-23,172.201
2003-01-24,205.633
2003-01-25,182.858
2003-01-26,167.260
2003-01-27,205.115
2003-01-28,204.325
2003-01-29,203.547
2003-01-30,186.308
2003-01-31,123.721
2003-02-01,24.015
2003-02-02,23.614
2003-02-03,18.209
2003-02-04,10.043
2003-02-05,17.598
2003-02-06,84.432
2003-02-07,35.884
2003-02-08,9.990
2003-02-09,9.896
2003-02-10,9.845
2003-02-11,28.605
2003-02-12,77.081
2003-02-13,72.279
2003-02-14,27.833
2003-02-15,18.386
2003-02-16,17.532
2003-02-17,9.837
2003-02-18,17.846
2003-02-19,23.159
2003-02-20,9.861
2003-02-21,9.829
2003-02-22,9.904
2003-02-23,10.056
2003-02-24,10.056
2003-02-25,21.189
2003-02-26,23.219
2003-02-27,23.200
2003-02-28,23.218
2003-03-01,22.842
2003-03-02,9.804
2003-03-03,9.799
2003-03-04,9.762
2003-03-05,11.811
2003-03-06,30.475
2003-03-07,9.892
2003-03-08,9.822
2003-03-09,9.820
2003-03-10,17.554
2003-03-11,21.786
2003-03-12,30.860
2003-03-13,82.247
2003-03-14,140.509
2003-03-15,46.959
2003-03-16,49.384
2003-03-17,28.648
2003-03-18,55.417
2003-03-19,67.362
2003-03-20,83.337
2003-03-21,137.750
2003-03-22,137.505
2003-03-23,51.247
2003-03-24,33.325
2003-03-25,33.873
2003-03-26,42.652
2003-03-27,77.536
2003-03-28,77.594
2003-03-29,32.442
2003-03-30,34.195
2003-03-31,23.043
2003-04-01,22.957
2003-04-02,32.306
2003-04-03,59.589
2003-04-04,42.652
2003-04-05,33.429
2003-04-06,28.455
2003-04-07,23.393
2003-04-08,23.353
2003-04-09,77.693
2003-04-10,69.821
2003-04-11,172.385
2003-04-12,182.767
2003-04-13,74.916
2003-04-14,79.022
2003-04-15,149.721
2003-04-16,136.246
2003-04-17,56.902
2003-04-18,56.597
2003-04-19,56.326
2003-04-20,65.875
2003-04-21,79.820
2003-04-22,79.682
2003-04-23,79.612
2003-04-24,79.533
2003-04-25,79.516
2003-04-26,79.317
2003-04-27,79.163
2003-04-28,94.131
2003-04-29,127.483
2003-04-30,87.634
2003-05-01,87.570
2003-05-02,59.277
2003-05-03,48.459
2003-05-04,65.557
2003-05-05,72.323
2003-05-06,65.402
2003-05-07,88.265
2003-05-08,87.974
2003-05-09,75.815
2003-05-10,79.982
2003-05-11,33.422
2003-05-12,40.342
2003-05-13,55.519
2003-05-14,77.886
2003-05-15,111.831
2003-05-16,122.738
2003-05-17,122.522
2003-05-18,122.002
2003-05-19,121.823
2003-05-20,70.719
2003-05-21,40.473
2003-05-22,21.360
2003-05-23,68.196
2003-05-24,68.060
2003-05-25,89.886
2003-05-26,122.002
2003-05-27,121.934
2003-05-28,125.073
2003-05-29,138.578
2003-05-30,111.955
2003-05-31,58.405
2003-06-01,57.961
2003-06-02,57.984
2003-06-03,109.672
2003-06-04,172.748
2003-06-05,167.261
2003-06-06,128.399
2003-06-07,98.583
2003-06-08,71.603
2003-06-09,93.614
2003-06-10,187.801
2003-06-11,185.905
2003-06-12,161.596
2003-06-13,162.744
2003-06-14,161.664
2003-06-15,161.664
2003-06-16,161.395
2003-06-17,169.962
2003-06-18,195.123
2003-06-19,194.675
2003-06-20,154.423
2003-06-21,153.495
2003-06-22,153.052
2003-06-23,145.846
2003-06-24,112.034
2003-06-25,112.122
2003-06-26,141.030
2003-06-27,140.311
2003-06-28,140.315
2003-06-29,39.050
2003-06-30,9.889
2003-07-01,9.596
2003-07-02,9.387
2003-07-03,9.122
2003-07-04,37.654
2003-07-05,77.163
2003-07-06,91.695
2003-07-07,124.614
2003-07-08,144.939
2003-07-09,161.610
2003-07-10,168.236
2003-07-11,181.612
2003-07-12,181.035
2003-07-13,180.258
2003-07-14,179.577
2003-07-15,183.921
2003-07-16,168.776
2003-07-17,60.725
2003-07-18,99.910
2003-07-19,166.257
2003-07-20,195.512
2003-07-21,199.902
2003-07-22,200.971
2003-07-23,200.680
2003-07-24,200.097
2003-07-25,198.808
2003-07-26,197.947
2003-07-27,197.249
2003-07-28,196.447
2003-07-29,195.542
2003-07-30,194.406
2003-07-31,193.656
2003-08-01,192.739
2003-08-02,192.047
2003-08-03,191.494
2003-08-04,190.873
2003-08-05,189.678
2003-08-06,174.838
2003-08-07,115.559
2003-08-08,57.231
2003-08-09,15.456
2003-08-10,15.198
2003-08-11,15.079
2003-08-12,15.019
2003-08-13,14.962
2003-08-14,14.905
2003-08-15,14.911
2003-08-16,14.873
2003-08-17,20.985
2003-08-18,26.374
2003-08-19,12.993
2003-08-20,12.966
2003-08-21,12.926
2003-08-22,12.957
2003-08-23,12.943
2003-08-24,12.910
2003-08-25,12.909
2003-08-26,12.892
2003-08-27,12.926
2003-08-28,12.895
2003-08-29,12.898
2003-08-30,33.716
2003-08-31,47.656
2003-09-01,61.291
2003-09-02,59.114
2003-09-03,47.844
2003-09-04,34.007
2003-09-05,11.588
2003-09-06,8.638
2003-09-07,8.575
2003-09-08,8.540
2003-09-09,8.526
2003-09-10,8.516
2003-09-11,8.505
2003-09-12,8.499
2003-09-13,8.541
2003-09-14,8.487
2003-09-15,8.487
2003-09-16,8.495
2003-09-17,8.560
2003-09-18,8.551
2003-09-19,8.529
2003-09-20,8.571
2003-09-21,8.545
2003-09-22,8.591
2003-09-23,8.540
2003-09-24,8.550
2003-09-25,8.669
2003-09-26,8.781
2003-09-27,8.868
2003-09-28,8.817
2003-09-29,8.776
2003-09-30,8.767
2003-10-01,8.754
2003-10-02,8.745
2003-10-03,8.834
2003-10-04,8.804
2003-10-05,8.800
2003-10-06,8.790
2003-10-07,8.785
2003-10-08,8.992
2003-10-09,8.854
2003-10-10,8.940
2003-10-11,9.497
2003-10-12,8.736
2003-10-13,8.736
2003-10-14,8.790
2003-10-15,9.001
2003-10-16,9.005
2003-10-17,9.020
2003-10-18,16.429
2003-10-19,15.687
2003-10-20,8.762
2003-10-21,8.749
2003-10-22,8.773
2003-10-23,8.799
2003-10-24,8.745
2003-10-25,8.797
2003-10-26,8.796
2003-10-27,8.809
2003-10-28,8.819
2003-10-29,8.789
2003-10-30,8.808
2003-10-31,8.827
2003-11-01,8.822
2003-11-02,8.895
2003-11-03,8.891
2003-11-04,8.890
2003-11-05,8.904
2003-11-06,8.903
2003-11-07,8.959
2003-11-08,8.949
2003-11-09,8.975
2003-11-10,8.978
2003-11-11,8.987
2003-11-12,9.002
2003-11-13,9.021
2003-11-14,8.998
2003-11-15,8.998
2003-11-16,9.072
2003-11-17,9.041
2003-11-18,9.048
2003-11-19,9.050
2003-11-20,9.135
2003-11-21,9.257
2003-11-22,9.296
2003-11-23,9.303
2003-11-24,9.371
2003-11-25,9.383
2003-11-26,9.341
2003-11-27,9.251
2003-11-28,9.232
2003-11-29,9.329
2003-11-30,9.384
2003-12-01,9.457
2003-12-02,9.495
2003-12-03,9.486
2003-12-04,9.511
2003-12-05,9.438
2003-12-06,9.700
2003-12-07,9.822
2003-12-08,9.540
2003-12-09,9.476
2003-12-10,9.509
2003-12-11,9.501
2003-12-12,9.511
2003-12-13,9.530
2003-12-14,9.675
2003-12-15,9.658
2003-12-16,9.936
2003-12-17,10.115
2003-12-18,10.147
2003-12-19,10.162
2003-12-20,10.173
2003-12-21,10.179
2003-12-22,10.209
2003-12-23,10.216
2003-12-24,10.218
2003-12-25,10.256
2003-12-26,10.275
2003-12-27,10.283
2003-12-28,10.315
2003-12-29,10.337
2003-12-30,10.350
2003-12-31,10.350
2004-01-01,10.341
2004-01-02,10.383
2004-01-03,10.426
2004-01-04,10.469
2004-01-05,26.690
2004-01-06,48.153
2004-01-07,26.725
2004-01-08,9.327
2004-01-09,9.336
2004-01-10,9.289
2004-01-11,9.320
2004-01-12,9.317
2004-01-13,9.359
2004-01-14,9.359
2004-01-15,9.393
2004-01-16,9.407
2004-01-17,9.571
2004-01-18,9.559
2004-01-19,9.530
2004-01-20,9.605
2004-01-21,9.584
2004-01-22,9.604
2004-01-23,9.614
2004-01-24,9.642
2004-01-25,9.704
2004-01-26,9.956
2004-01-27,9.879
2004-01-28,10.001
2004-01-29,10.127
2004-01-30,10.238
2004-01-31,14.395
2004-02-01,15.211
2004-02-02,9.936
2004-02-03,9.986
2004-02-04,9.976
2004-02-05,10.013
2004-02-06,10.025
2004-02-07,10.051
2004-02-08,19.467
2004-02-09,33.428
2004-02-10,45.599
2004-02-11,39.430
2004-02-12,37.258
2004-02-13,37.317
2004-02-14,37.364
2004-02-15,37.385
2004-02-16,37.399
2004-02-17,81.686
2004-02-18,124.733
2004-02-19,62.837
2004-02-20,29.309
2004-02-21,18.902
2004-02-22,18.908
2004-02-23,25.121
2004-02-24,37.788
2004-02-25,37.751
2004-02-26,37.774
2004-02-27,64.041
2004-02-28,96.174
2004-02-29,105.599
2004-03-01,147.033
2004-03-02,180.121
2004-03-03,185.218
2004-03-04,171.559
2004-03-05,131.316
2004-03-06,69.754
2004-03-07,42.722
2004-03-08,51.053
2004-03-09,76.647
2004-03-10,128.592
2004-03-11,205.492
2004-03-12,102.307
2004-03-13,98.791
2004-03-14,86.129
2004-03-15,49.183
2004-03-16,41.642
2004-03-17,41.699
2004-03-18,41.656
2004-03-19,41.646
2004-03-20,28.293
2004-03-21,24.111
2004-03-22,24.084
2004-03-23,36.222
2004-03-24,48.256
2004-03-25,59.799
2004-03-26,127.102
2004-03-27,131.848
2004-03-28,99.567
2004-03-29,51.355
2004-03-30,10.184
2004-03-31,19.426
2004-04-01,33.486
2004-04-02,25.620
2004-04-03,9.879
2004-04-04,11.367
2004-04-05,104.920
2004-04-06,150.262
2004-04-07,138.996
2004-04-08,80.562
2004-04-09,80.322
2004-04-10,80.208
2004-04-11,80.380
2004-04-12,80.174
2004-04-13,121.262
2004-04-14,43.374
2004-04-15,25.442
2004-04-16,28.312
2004-04-17,28.324
2004-04-18,28.295
2004-04-19,28.215
2004-04-20,28.247
2004-04-21,40.820
2004-04-22,35.113
2004-04-23,13.968
2004-04-24,34.572
2004-04-25,75.617
2004-04-26,70.085
2004-04-27,100.679
2004-04-28,42.318
2004-04-29,100.748
2004-04-30,150.223
2004-05-01,99.831
2004-05-02,99.497
2004-05-03,99.752
2004-05-04,14.401
2004-05-05,14.147
2004-05-06,30.320
2004-05-07,41.039
2004-05-08,41.075
2004-05-09,41.071
2004-05-10,41.422
2004-05-11,41.699
2004-05-12,41.891
2004-05-13,14.282
2004-05-14,21.396
2004-05-15,43.259
2004-05-16,60.692
2004-05-17,53.931
2004-05-18,26.280
2004-05-19,52.898
2004-05-20,86.350
2004-05-21,205.300
2004-05-22,204.018
2004-05-23,202.969
2004-05-24,202.566
2004-05-25,201.885
2004-05-26,201.492
2004-05-27,201.085
2004-05-28,200.188
2004-05-29,199.641
2004-05-30,199.096
2004-05-31,198.551
2004-06-01,198.078
2004-06-02,197.149
2004-06-03,196.622
2004-06-04,196.434
2004-06-05,181.878
2004-06-06,137.037
2004-06-07,157.333
2004-06-08,200.674
2004-06-09,199.702
2004-06-10,199.824
2004-06-11,198.934
2004-06-12,197.797
2004-06-13,197.324
2004-06-14,197.073
2004-06-15,177.561
2004-06-16,106.694
2004-06-17,79.018
2004-06-18,98.674
2004-06-19,23.144
2004-06-20,22.994
2004-06-21,19.318
2004-06-22,13.554
2004-06-23,13.455
2004-06-24,13.426
2004-06-25,13.400
2004-06-26,13.401
2004-06-27,13.685
2004-06-28,13.663
2004-06-29,13.540
2004-06-30,13.535
2004-07-01,13.513
2004-07-02,13.609
2004-07-03,13.710
2004-07-04,13.706
2004-07-05,13.706
2004-07-06,13.779
2004-07-07,13.725
2004-07-08,13.700
2004-07-09,13.712
2004-07-10,13.706
2004-07-11,27.208
2004-07-12,75.184
2004-07-13,99.023
2004-07-14,98.860
2004-07-15,98.937
2004-07-16,90.381
2004-07-17,58.974
2004-07-18,41.289
2004-07-19,41.803
2004-07-20,78.660
2004-07-21,109.330
2004-07-22,148.141
2004-07-23,182.898
2004-07-24,199.581
2004-07-25,199.005
2004-07-26,197.870
2004-07-27,197.073
2004-07-28,196.984
2004-07-29,196.111
2004-07-30,182.614
2004-07-31,155.934
2004-08-01,155.460
2004-08-02,194.028
2004-08-03,193.006
2004-08-04,192.269
2004-08-05,191.671
2004-08-06,191.208
2004-08-07,137.728
2004-08-08,130.699
2004-08-09,194.177
2004-08-10,193.457
2004-08-11,192.590
2004-08-12,192.472
2004-08-13,93.674
2004-08-14,111.471
2004-08-15,125.924
2004-08-16,188.055
2004-08-17,197.886
2004-08-18,197.073
2004-08-19,197.013
2004-08-20,196.000
2004-08-21,195.392
2004-08-22,195.363
2004-08-23,194.724
2004-08-24,194.018
2004-08-25,192.972
2004-08-26,192.368
2004-08-27,192.294
2004-08-28,195.582
2004-08-29,200.375
2004-08-30,199.096
2004-08-31,199.156
2004-09-01,180.406
2004-09-02,108.842
2004-09-03,129.845
2004-09-04,129.434
2004-09-05,152.264
2004-09-06,200.059
2004-09-07,199.439
2004-09-08,198.702
2004-09-09,197.902
2004-09-10,174.115
2004-09-11,118.095
2004-09-12,117.674
2004-09-13,147.821
2004-09-14,147.196
2004-09-15,147.056
2004-09-16,146.661
2004-09-17,146.631
2004-09-18,146.229
2004-09-19,145.869
2004-09-20,188.282
2004-09-21,202.128
2004-09-22,201.009
2004-09-23,200.248
2004-09-24,199.414
2004-09-25,198.581
2004-09-26,198.229
2004-09-27,197.736
2004-09-28,196.772
2004-09-29,196.171
2004-09-30,195.373
2004-10-01,146.341
2004-10-02,59.932
2004-10-03,69.662
2004-10-04,119.437
2004-10-05,119.354
2004-10-06,119.327
2004-10-07,119.032
2004-10-08,67.672
2004-10-09,57.947
2004-10-10,52.133
2004-10-11,118.425
2004-10-12,84.108
2004-10-13,32.519
2004-10-14,23.141
2004-10-15,9.013
2004-10-16,9.139
2004-10-17,9.200
2004-10-18,9.149
2004-10-19,8.999
2004-10-20,8.811
2004-10-21,8.781
2004-10-22,8.773
2004-10-23,8.773
2004-10-24,8.776
2004-10-25,8.772
2004-10-26,8.770
2004-10-27,8.772
2004-10-28,8.796
2004-10-29,8.872
2004-10-30,8.820
2004-10-31,8.823
2004-11-01,8.832
2004-11-02,14.620
2004-11-03,93.122
2004-11-04,18.343
2004-11-05,7.391
2004-11-06,7.324
2004-11-07,7.309
2004-11-08,7.298
2004-11-09,7.294
2004-11-10,7.309
2004-11-11,7.260
2004-11-12,7.105
2004-11-13,7.102
2004-11-14,7.114
2004-11-15,7.349
2004-11-16,7.431
2004-11-17,7.437
2004-11-18,7.490
2004-11-19,7.527
2004-11-20,7.599
2004-11-21,7.614
2004-11-22,7.620
2004-11-23,7.687
2004-11-24,7.687
2004-11-25,7.687
2004-11-26,7.617
2004-11-27,7.512
2004-11-28,7.508
2004-11-29,7.506
2004-11-30,7.497
2004-12-01,7.467
2004-12-02,7.412
2004-12-03,7.535
2004-12-04,7.769
2004-12-05,7.768
2004-12-06,7.649
2004-12-07,7.543
2004-12-08,7.474
2004-12-09,7.550
2004-12-10,7.756
2004-12-11,7.759
2004-12-12,7.760
2004-12-13,7.615
2004-12-14,7.538
2004-12-15,7.525
2004-12-16,7.557
2004-12-17,7.592
2004-12-18,7.748
2004-12-19,7.739
2004-12-20,7.615
2004-12-21,7.565
2004-12-22,7.668
2004-12-23,7.752
2004-12-24,7.754
2004-12-25,7.754
2004-12-26,7.756
2004-12-27,7.773
2004-12-28,7.759
2004-12-29,7.819
2004-12-30,7.802
2004-12-31,7.763
2005-01-01,7.717
2005-01-02,7.694
2005-01-03,7.706
2005-01-04,7.721
2005-01-05,7.736
2005-01-06,7.755
2005-01-07,7.759
2005-01-08,7.884
2005-01-09,7.834
2005-01-10,7.827
2005-01-11,7.833
2005-01-12,7.840
2005-01-13,7.821
2005-01-14,7.886
2005-01-15,8.063
2005-01-16,8.096
2005-01-17,8.319
2005-01-18,8.159
2005-01-19,8.173
2005-01-20,8.183
2005-01-21,8.192
2005-01-22,8.228
2005-01-23,8.254
2005-01-24,8.307
2005-01-25,8.328
2005-01-26,8.336
2005-01-27,8.341
2005-01-28,8.357
2005-01-29,8.349
2005-01-30,8.349
2005-01-31,8.359
2005-02-01,8.374
2005-02-02,8.378
2005-02-03,17.546
2005-02-04,31.226
2005-02-05,31.252
2005-02-06,22.757
2005-02-07,46.263
2005-02-08,76.659
2005-02-09,104.334
2005-02-10,197.952
2005-02-11,108.194
2005-02-12,12.770
2005-02-13,12.537
2005-02-14,12.581
2005-02-15,12.574
2005-02-16,12.498
2005-02-17,12.565
2005-02-18,12.537
2005-02-19,12.537
2005-02-20,12.535
2005-02-21,52.287
2005-02-22,79.622
2005-02-23,17.702
2005-02-24,41.873
2005-02-25,48.081
2005-02-26,32.432
2005-02-27,34.465
2005-02-28,59.736
2005-03-01,76.970
2005-03-02,129.513
2005-03-03,137.636
2005-03-04,12.600
2005-03-05,12.224
2005-03-06,12.299
2005-03-07,12.206
2005-03-08,12.283
2005-03-09,12.240
2005-03-10,12.377
2005-03-11,12.466
2005-03-12,12.493
2005-03-13,12.516
2005-03-14,17.476
2005-03-15,14.247
2005-03-16,14.392
2005-03-17,15.713
2005-03-18,16.424
2005-03-19,14.593
2005-03-20,14.015
2005-03-21,12.481
2005-03-22,16.505
2005-03-23,14.675
2005-03-24,14.242
2005-03-25,12.822
2005-03-26,12.859
2005-03-27,12.817
2005-03-28,12.840
2005-03-29,12.759
2005-03-30,16.652
2005-03-31,14.559
2005-04-01,12.315
2005-04-02,12.268
2005-04-03,16.513
2005-04-04,15.921
2005-04-05,13.925
2005-04-06,12.402
2005-04-07,14.605
2005-04-08,14.201
2005-04-09,12.425
2005-04-10,12.404
2005-04-11,12.406
2005-04-12,12.406
2005-04-13,12.406
2005-04-14,30.660
2005-04-15,12.372
2005-04-16,12.077
2005-04-17,12.065
2005-04-18,12.083
2005-04-19,12.142
2005-04-20,12.315
2005-04-21,12.329
2005-04-22,12.344
2005-04-23,12.351
2005-04-24,19.955
2005-04-25,99.047
2005-04-26,161.364
2005-04-27,197.164
2005-04-28,195.347
2005-04-29,119.083
2005-04-30,74.520
2005-05-01,31.497
2005-05-02,89.446
2005-05-03,160.052
2005-05-04,159.193
2005-05-05,158.950
2005-05-06,125.161
2005-05-07,56.231
2005-05-08,96.842
2005-05-09,158.397
2005-05-10,158.162
2005-05-11,142.748
2005-05-12,98.490
2005-05-13,63.323
2005-05-14,40.956
2005-05-15,48.190
2005-05-16,46.357
2005-05-17,157.278
2005-05-18,156.858
2005-05-19,156.506
2005-05-20,88.975
2005-05-21,44.925
2005-05-22,84.546
2005-05-23,193.982
2005-05-24,158.883
2005-05-25,158.317
2005-05-26,150.674
2005-05-27,115.491
2005-05-28,91.638
2005-05-29,55.451
2005-05-30,44.694
2005-05-31,180.252
2005-06-01,183.970
2005-06-02,136.457
2005-06-03,136.429
2005-06-04,136.247
2005-06-05,73.727
2005-06-06,75.149
2005-06-07,188.064
2005-06-08,197.550
2005-06-09,196.572
2005-06-10,139.146
2005-06-11,118.407
2005-06-12,117.981
2005-06-13,167.600
2005-06-14,190.800
2005-06-15,198.859
2005-06-16,198.279
2005-06-17,165.150
2005-06-18,59.094
2005-06-19,91.695
2005-06-20,167.790
2005-06-21,198.038
2005-06-22,196.802
2005-06-23,196.472
2005-06-24,147.158
2005-06-25,66.195
2005-06-26,136.986
2005-06-27,136.793
2005-06-28,136.318
2005-06-29,136.126
2005-06-30,135.723
2005-07-01,135.272
2005-07-02,135.045
2005-07-03,160.427
2005-07-04,197.856
2005-07-05,197.224
2005-07-06,197.250
2005-07-07,196.772
2005-07-08,196.111
2005-07-09,75.543
2005-07-10,74.949
2005-07-11,197.465
2005-07-12,196.021
2005-07-13,156.479
2005-07-14,96.945
2005-07-15,86.006
2005-07-16,32.281
2005-07-17,58.042
2005-07-18,96.660
2005-07-19,96.457
2005-07-20,96.241
2005-07-21,96.118
2005-07-22,74.545
2005-07-23,31.333
2005-07-24,39.397
2005-07-25,48.081
2005-07-26,47.982
2005-07-27,48.066
2005-07-28,42.276
2005-07-29,11.837
2005-07-30,11.704
2005-07-31,11.629
2005-08-01,11.592
2005-08-02,44.178
2005-08-03,30.964
2005-08-04,30.945
2005-08-05,30.923
2005-08-06,30.925
2005-08-07,30.882
2005-08-08,30.891
2005-08-09,30.918
2005-08-10,30.870
2005-08-11,27.671
2005-08-12,11.665
2005-08-13,11.576
2005-08-14,11.568
2005-08-15,11.502
2005-08-16,11.513
2005-08-17,11.518
2005-08-18,11.518
2005-08-19,11.502
2005-08-20,11.491
2005-08-21,11.485
2005-08-22,11.443
2005-08-23,11.294
2005-08-24,11.279
2005-08-25,11.301
2005-08-26,11.323
2005-08-27,11.301
2005-08-28,11.300
2005-08-29,11.305
2005-08-30,11.323
2005-08-31,11.315
2005-09-01,11.300
2005-09-02,11.348
2005-09-03,11.356
2005-09-04,11.374
2005-09-05,11.451
2005-09-06,13.541
2005-09-07,11.676
2005-09-08,11.083
2005-09-09,11.328
2005-09-10,11.342
2005-09-11,11.363
2005-09-12,11.367
2005-09-13,11.389
2005-09-14,11.403
2005-09-15,11.411
2005-09-16,11.429
2005-09-17,11.447
2005-09-18,11.496
2005-09-19,11.469
2005-09-20,20.952
2005-09-21,40.347
2005-09-22,50.357
2005-09-23,21.549
2005-09-24,11.480
2005-09-25,11.435
2005-09-26,11.429
2005-09-27,11.437
2005-09-28,11.431
2005-09-29,11.432
2005-09-30,11.449
2005-10-01,11.519
2005-10-02,11.491
2005-10-03,11.496
2005-10-04,11.614
2005-10-05,11.903
2005-10-06,11.753
2005-10-07,11.683
2005-10-08,43.078
2005-10-09,140.183
2005-10-10,80.472
2005-10-11,25.751
2005-10-12,11.616
2005-10-13,11.531
2005-10-14,11.533
2005-10-15,11.490
2005-10-16,11.504
2005-10-17,11.513
2005-10-18,11.522
2005-10-19,11.517
2005-10-20,11.527
2005-10-21,11.536
2005-10-22,11.536
2005-10-23,11.536
2005-10-24,11.536
2005-10-25,11.540
2005-10-26,11.531
2005-10-27,11.522
2005-10-28,11.533
2005-10-29,11.695
2005-10-30,23.051
2005-10-31,71.178
2005-11-01,51.566
2005-11-02,42.473
2005-11-03,71.047
2005-11-04,35.588
2005-11-05,11.500
2005-11-06,11.434
2005-11-07,11.337
2005-11-08,37.164
2005-11-09,53.823
2005-11-10,11.412
2005-11-11,11.379
2005-11-12,11.381
2005-11-13,11.385
2005-11-14,11.354
2005-11-15,11.328
2005-11-16,11.407
2005-11-17,11.483
2005-11-18,11.634
2005-11-19,11.529
2005-11-20,11.563
2005-11-21,11.465
2005-11-22,11.560
2005-11-23,11.533
2005-11-24,11.787
2005-11-25,11.953
2005-11-26,15.808
2005-11-27,15.790
2005-11-28,11.558
2005-11-29,11.469
2005-11-30,11.478
2005-12-01,11.490
2005-12-02,11.473
2005-12-03,11.482
2005-12-04,11.496
2005-12-05,11.549
2005-12-06,11.538
2005-12-07,11.544
2005-12-08,11.549
2005-12-09,11.567
2005-12-10,11.607
2005-12-11,11.616
2005-12-12,11.642
2005-12-13,11.651
2005-12-14,11.665
2005-12-15,11.677
2005-12-16,11.704
2005-12-17,11.731
2005-12-18,11.747
2005-12-19,11.763
2005-12-20,11.844
2005-12-21,11.808
2005-12-22,11.985
2005-12-23,11.877
2005-12-24,11.877
2005-12-25,11.861
2005-12-26,11.918
2005-12-27,11.892
2005-12-28,11.889
2005-12-29,11.885
2005-12-30,11.866
2005-12-31,11.877
2006-01-01,11.922
2006-01-02,11.920
2006-01-03,11.935
2006-01-04,11.958
2006-01-05,11.935
2006-01-06,11.962
2006-01-07,11.957
2006-01-08,11.946
2006-01-09,11.993
2006-01-10,12.025
2006-01-11,12.045
2006-01-12,12.181
2006-01-13,12.093
2006-01-14,12.104
2006-01-15,12.206
2006-01-16,12.251
2006-01-17,12.202
2006-01-18,12.238
2006-01-19,12.268
2006-01-20,12.180
2006-01-21,12.180
2006-01-22,12.238
2006-01-23,12.273
2006-01-24,12.269
2006-01-25,12.301
2006-01-26,12.284
2006-01-27,12.262
2006-01-28,12.278
2006-01-29,12.289
2006-01-30,12.292
2006-01-31,12.295
2006-02-01,12.342
2006-02-02,12.333
2006-02-03,12.374
2006-02-04,12.350
2006-02-05,12.377
2006-02-06,12.380
2006-02-07,12.377
2006-02-08,23.938
2006-02-09,31.522
2006-02-10,25.030
2006-02-11,11.989
2006-02-12,11.942
2006-02-13,11.939
2006-02-14,11.991
2006-02-15,11.969
2006-02-16,11.966
2006-02-17,11.974
2006-02-18,11.976
2006-02-19,11.980
2006-02-20,12.034
2006-02-21,12.107
2006-02-22,12.077
2006-02-23,23.911
2006-02-24,31.691
2006-02-25,49.127
2006-02-26,81.060
2006-02-27,21.896
2006-02-28,12.088
2006-03-01,11.987
2006-03-02,39.839
2006-03-03,47.757
2006-03-04,42.241
2006-03-05,25.331
2006-03-06,22.270
2006-03-07,31.061
2006-03-08,63.285
2006-03-09,39.891
2006-03-10,15.554
2006-03-11,12.056
2006-03-12,12.056
2006-03-13,45.900
2006-03-14,96.573
2006-03-15,157.476
2006-03-16,125.761
2006-03-17,82.903
2006-03-18,48.002
2006-03-19,54.112
2006-03-20,144.040
2006-03-21,200.730
2006-03-22,199.399
2006-03-23,199.520
2006-03-24,125.251
2006-03-25,37.451
2006-03-26,59.098
2006-03-27,183.492
2006-03-28,69.051
2006-03-29,62.646
2006-03-30,68.265
2006-03-31,78.627
2006-04-01,55.840
2006-04-02,87.775
2006-04-03,80.206
2006-04-04,86.630
2006-04-05,90.604
2006-04-06,111.433
2006-04-07,94.599
2006-04-08,55.529
2006-04-09,55.344
2006-04-10,57.536
2006-04-11,82.545
2006-04-12,79.076
2006-04-13,107.823
2006-04-14,107.679
2006-04-15,90.560
2006-04-16,71.500
2006-04-17,110.821
2006-04-18,101.439
2006-04-19,47.985
2006-04-20,47.913
2006-04-21,47.794
2006-04-22,47.844
2006-04-23,24.534
2006-04-24,12.289
2006-04-25,12.265
2006-04-26,12.279
2006-04-27,12.213
2006-04-28,12.201
2006-04-29,12.202
2006-04-30,12.188
2006-05-01,21.792
2006-05-02,31.480
2006-05-03,27.651
2006-05-04,12.228
2006-05-05,14.217
2006-05-06,12.197
2006-05-07,12.169
2006-05-08,15.051
2006-05-09,12.522
2006-05-10,16.362
2006-05-11,17.421
2006-05-12,15.312
2006-05-13,12.173
2006-05-14,12.174
2006-05-15,17.726
2006-05-16,12.215
2006-05-17,12.206
2006-05-18,12.210
2006-05-19,77.581
2006-05-20,12.089
2006-05-21,11.817
2006-05-22,11.813
2006-05-23,11.704
2006-05-24,33.880
2006-05-25,34.530
2006-05-26,11.796
2006-05-27,11.736
2006-05-28,11.723
2006-05-29,12.055
2006-05-30,11.882
2006-05-31,11.885
2006-06-01,11.898
2006-06-02,16.936
2006-06-03,11.736
2006-06-04,11.753
2006-06-05,11.727
2006-06-06,40.267
2006-06-07,48.210
2006-06-08,48.207
2006-06-09,48.230
2006-06-10,48.210
2006-06-11,48.356
2006-06-12,43.445
2006-06-13,79.901
2006-06-14,116.392
2006-06-15,149.175
2006-06-16,59.595
2006-06-17,11.871
2006-06-18,24.773
2006-06-19,122.577
2006-06-20,180.276
2006-06-21,149.017
2006-06-22,149.399
2006-06-23,149.038
2006-06-24,148.756
2006-06-25,148.269
2006-06-26,171.473
2006-06-27,200.765
2006-06-28,199.580
2006-06-29,198.833
2006-06-30,197.977
2006-07-01,97.545
2006-07-02,167.798
2006-07-03,199.945
2006-07-04,199.515
2006-07-05,198.884
2006-07-06,197.789
2006-07-07,169.094
2006-07-08,73.303
2006-07-09,99.177
2006-07-10,201.186
2006-07-11,143.801
2006-07-12,105.490
2006-07-13,105.186
2006-07-14,132.962
2006-07-15,131.064
2006-07-16,104.881
2006-07-17,139.798
2006-07-18,160.580
2006-07-19,181.439
2006-07-20,195.153
2006-07-21,177.192
2006-07-22,109.756
2006-07-23,126.513
2006-07-24,181.476
2006-07-25,160.767
2006-07-26,160.409
2006-07-27,164.672
2006-07-28,123.698
2006-07-29,31.307
2006-07-30,80.130
2006-07-31,160.891
2006-08-01,149.660
2006-08-02,149.141
2006-08-03,148.867
2006-08-04,102.554
2006-08-05,32.091
2006-08-06,46.485
2006-08-07,131.581
2006-08-08,182.990
2006-08-09,196.502
2006-08-10,195.547
2006-08-11,194.599
2006-08-12,27.880
2006-08-13,32.832
2006-08-14,47.794
2006-08-15,47.765
2006-08-16,57.510
2006-08-17,76.797
2006-08-18,54.868
2006-08-19,21.702
2006-08-20,21.656
2006-08-21,21.566
2006-08-22,37.429
2006-08-23,81.843
2006-08-24,96.916
2006-08-25,66.977
2006-08-26,21.790
2006-08-27,21.636
2006-08-28,55.691
2006-08-29,49.716
2006-08-30,27.409
2006-08-31,11.694
2006-09-01,11.602
2006-09-02,11.541
2006-09-03,11.562
2006-09-04,11.553
2006-09-05,11.589
2006-09-06,11.608
2006-09-07,11.608
2006-09-08,11.634
2006-09-09,11.634
2006-09-10,11.640
2006-09-11,11.656
2006-09-12,11.656
2006-09-13,11.664
2006-09-14,11.669
2006-09-15,11.667
2006-09-16,11.723
2006-09-17,11.736
2006-09-18,11.736
2006-09-19,11.777
2006-09-20,11.790
2006-09-21,11.831
2006-09-22,11.936
2006-09-23,14.773
2006-09-24,15.108
2006-09-25,11.827
2006-09-26,13.576
2006-09-27,11.980
2006-09-28,11.993
2006-09-29,12.018
2006-09-30,12.012
2006-10-01,12.079
2006-10-02,12.110
2006-10-03,12.142
2006-10-04,12.175
2006-10-05,12.190
2006-10-06,12.215
2006-10-07,12.235
2006-10-08,12.361
2006-10-09,12.361
2006-10-10,12.355
2006-10-11,12.361
2006-10-12,12.370
2006-10-13,12.388
2006-10-14,12.457
2006-10-15,12.509
2006-10-16,14.956
2006-10-17,13.830
2006-10-18,14.272
2006-10-19,16.210
2006-10-20,14.366
2006-10-21,12.267
2006-10-22,12.317
2006-10-23,12.333
2006-10-24,14.145
2006-10-25,14.376
2006-10-26,14.766
2006-10-27,16.242
2006-10-28,16.465
2006-10-29,16.445
2006-10-30,15.603
2006-10-31,12.039
2006-11-01,12.041
2006-11-02,12.047
2006-11-03,12.043
2006-11-04,12.068
2006-11-05,12.056
2006-11-06,12.133
2006-11-07,12.126
2006-11-08,12.179
2006-11-09,12.169
2006-11-10,12.180
2006-11-11,12.202
2006-11-12,12.215
2006-11-13,12.235
2006-11-14,12.379
2006-11-15,12.366
2006-11-16,12.393
2006-11-17,12.503
2006-11-18,12.636
2006-11-19,12.657
2006-11-20,12.636
2006-11-21,12.597
2006-11-22,12.581
2006-11-23,12.645
2006-11-24,12.714
2006-11-25,12.724
2006-11-26,12.747
2006-11-27,12.775
2006-11-28,12.752
2006-11-29,13.291
2006-11-30,13.785
2006-12-01,13.331
2006-12-02,13.183
2006-12-03,13.155
2006-12-04,13.145
2006-12-05,13.124
2006-12-06,13.131
2006-12-07,13.128
2006-12-08,13.392
2006-12-09,12.901
2006-12-10,12.820
2006-12-11,12.782
2006-12-12,12.808
2006-12-13,12.915
2006-12-14,12.932
2006-12-15,12.937
2006-12-16,12.950
2006-12-17,12.971
2006-12-18,12.883
2006-12-19,12.837
2006-12-20,12.926
2006-12-21,12.873
2006-12-22,12.866
2006-12-23,12.868
2006-12-24,12.870
2006-12-25,12.892
2006-12-26,12.904
2006-12-27,12.932
2006-12-28,12.950
2006-12-29,12.965
2006-12-30,12.994
2006-12-31,13.017
2007-01-01,13.026
2007-01-02,13.038
2007-01-03,13.040
2007-01-04,13.004
2007-01-05,13.008
2007-01-06,13.038
2007-01-07,13.040
2007-01-08,13.005
2007-01-09,42.344
2007-01-10,48.042
2007-01-11,47.614
2007-01-12,47.265
2007-01-13,47.260
2007-01-14,47.260
2007-01-15,47.242
2007-01-16,47.264
2007-01-17,49.302
2007-01-18,61.114
2007-01-19,60.960
2007-01-20,60.795
2007-01-21,60.772
2007-01-22,60.791
2007-01-23,60.663
2007-01-24,60.960
2007-01-25,60.875
2007-01-26,60.725
2007-01-27,60.579
2007-01-28,60.593
2007-01-29,60.548
2007-01-30,57.368
2007-01-31,48.843
2007-02-01,48.809
2007-02-02,42.524
2007-02-03,26.817
2007-02-04,14.431
2007-02-05,14.319
2007-02-06,21.961
2007-02-07,33.439
2007-02-08,33.453
2007-02-09,33.526
2007-02-10,33.558
2007-02-11,38.075
2007-02-12,56.434
2007-02-13,51.372
2007-02-14,23.823
2007-02-15,14.456
2007-02-16,13.632
2007-02-17,12.408
2007-02-18,12.406
2007-02-19,12.422
2007-02-20,12.411
2007-02-21,12.429
2007-02-22,12.429
2007-02-23,12.477
2007-02-24,12.475
2007-02-25,12.447
2007-02-26,12.470
2007-02-27,12.519
2007-02-28,25.101
2007-03-01,48.874
2007-03-02,39.656
2007-03-03,46.919
2007-03-04,46.950
2007-03-05,76.967
2007-03-06,77.243
2007-03-07,121.040
2007-03-08,38.753
2007-03-09,131.030
2007-03-10,92.278
2007-03-11,57.495
2007-03-12,54.454
2007-03-13,79.836
2007-03-14,122.696
2007-03-15,69.775
2007-03-16,41.256
2007-03-17,23.123
2007-03-18,20.512
2007-03-19,20.127
2007-03-20,17.416
2007-03-21,62.286
2007-03-22,92.792
2007-03-23,75.493
2007-03-24,79.747
2007-03-25,101.372
2007-03-26,101.352
2007-03-27,79.585
2007-03-28,129.043
2007-03-29,114.395
2007-03-30,162.689
2007-03-31,126.524
2007-04-01,65.214
2007-04-02,85.373
2007-04-03,94.480
2007-04-04,106.758
2007-04-05,131.664
2007-04-06,31.563
2007-04-07,31.357
2007-04-08,31.780
2007-04-09,31.635
2007-04-10,66.700
2007-04-11,90.029
2007-04-12,122.478
2007-04-13,53.548
2007-04-14,31.868
2007-04-15,31.786
2007-04-16,104.431
2007-04-17,76.764
2007-04-18,123.323
2007-04-19,173.706
2007-04-20,173.267
2007-04-21,172.794
2007-04-22,172.327
2007-04-23,177.422
2007-04-24,198.664
2007-04-25,183.060
2007-04-26,182.720
2007-04-27,174.682
2007-04-28,76.503
2007-04-29,75.977
2007-04-30,125.635
2007-05-01,199.413
2007-05-02,198.531
2007-05-03,197.947
2007-05-04,197.314
2007-05-05,109.109
2007-05-06,81.258
2007-05-07,148.346
2007-05-08,169.485
2007-05-09,200.552
2007-05-10,175.369
2007-05-11,110.332
2007-05-12,109.668
2007-05-13,125.053
2007-05-14,194.294
2007-05-15,199.399
2007-05-16,178.733
2007-05-17,131.191
2007-05-18,85.915
2007-05-19,76.929
2007-05-20,76.805
2007-05-21,96.662
2007-05-22,88.098
2007-05-23,35.542
2007-05-24,12.333
2007-05-25,12.188
2007-05-26,12.121
2007-05-27,12.088
2007-05-28,14.773
2007-05-29,77.232
2007-05-30,71.266
2007-05-31,47.926
2007-06-01,19.705
2007-06-02,12.251
2007-06-03,12.159
2007-06-04,12.124
2007-06-05,12.093
2007-06-06,12.077
2007-06-07,12.093
2007-06-08,12.099
2007-06-09,21.051
2007-06-10,41.186
2007-06-11,74.475
2007-06-12,74.516
2007-06-13,82.015
2007-06-14,95.083
2007-06-15,94.199
2007-06-16,95.390
2007-06-17,95.142
2007-06-18,135.257
2007-06-19,148.781
2007-06-20,160.083
2007-06-21,194.546
2007-06-22,193.541
2007-06-23,192.946
2007-06-24,191.908
2007-06-25,191.356
2007-06-26,191.426
2007-06-27,194.674
2007-06-28,194.488
2007-06-29,194.461
2007-06-30,133.732
2007-07-01,12.711
2007-07-02,12.369
2007-07-03,24.485
2007-07-04,13.300
2007-07-05,13.243
2007-07-06,26.205
2007-07-07,31.482
2007-07-08,12.093
2007-07-09,13.727
2007-07-10,47.639
2007-07-11,71.309
2007-07-12,141.889
2007-07-13,141.764
2007-07-14,141.719
2007-07-15,152.776
2007-07-16,193.382
2007-07-17,193.601
2007-07-18,193.809
2007-07-19,194.028
2007-07-20,164.081
2007-07-21,132.512
2007-07-22,171.114
2007-07-23,193.631
2007-07-24,193.556
2007-07-25,192.471
2007-07-26,176.191
2007-07-27,139.862
2007-07-28,117.272
2007-07-29,143.984
2007-07-30,192.738
2007-07-31,191.642
2007-08-01,145.570
2007-08-02,154.219
2007-08-03,157.446
2007-08-04,144.584
2007-08-05,144.181
2007-08-06,143.577
2007-08-07,142.982
2007-08-08,142.400
2007-08-09,97.033
2007-08-10,84.270
2007-08-11,38.152
2007-08-12,19.787
2007-08-13,38.494
2007-08-14,38.439
2007-08-15,38.404
2007-08-16,38.390
2007-08-17,38.384
2007-08-18,38.349
2007-08-19,38.351
2007-08-20,38.525
2007-08-21,12.831
2007-08-22,12.725
2007-08-23,12.687
2007-08-24,12.650
2007-08-25,12.627
2007-08-26,12.622
2007-08-27,12.615
2007-08-28,25.566
2007-08-29,28.876
2007-08-30,30.395
2007-08-31,48.254
2007-09-01,109.445
2007-09-02,123.629
2007-09-03,123.563
2007-09-04,97.812
2007-09-05,59.383
2007-09-06,54.978
2007-09-07,54.967
2007-09-08,54.033
2007-09-09,49.243
2007-09-10,55.120
2007-09-11,54.842
2007-09-12,54.745
2007-09-13,38.448
2007-09-14,27.080
2007-09-15,54.154
2007-09-16,37.980
2007-09-17,13.392
2007-09-18,13.330
2007-09-19,13.293
2007-09-20,13.286
2007-09-21,13.275
2007-09-22,43.788
2007-09-23,54.200
2007-09-24,47.997
2007-09-25,25.521
2007-09-26,13.336
2007-09-27,13.256
2007-09-28,13.228
2007-09-29,13.195
2007-09-30,13.291
2007-10-01,13.325
2007-10-02,13.355
2007-10-03,13.370
2007-10-04,13.411
2007-10-05,13.495
2007-10-06,13.482
2007-10-07,13.719
2007-10-08,17.194
2007-10-09,13.549
2007-10-10,13.568
2007-10-11,13.585
2007-10-12,13.606
2007-10-13,16.429
2007-10-14,17.046
2007-10-15,13.752
2007-10-16,21.379
2007-10-17,18.474
2007-10-18,14.024
2007-10-19,30.713
2007-10-20,14.100
2007-10-21,14.053
2007-10-22,14.071
2007-10-23,22.449
2007-10-24,19.319
2007-10-25,19.918
2007-10-26,14.132
2007-10-27,14.134
2007-10-28,14.121
2007-10-29,14.116
2007-10-30,14.111
2007-10-31,24.211
2007-11-01,14.453
2007-11-02,14.456
2007-11-03,21.387
2007-11-04,28.221
2007-11-05,14.468
2007-11-06,14.225
2007-11-07,14.763
2007-11-08,13.831
2007-11-09,13.847
2007-11-10,13.960
2007-11-11,13.965
2007-11-12,13.921
2007-11-13,13.985
2007-11-14,13.862
2007-11-15,13.911
2007-11-16,13.947
2007-11-17,14.101
2007-11-18,14.178
2007-11-19,14.088
2007-11-20,14.034
2007-11-21,14.028
2007-11-22,13.988
2007-11-23,14.049
2007-11-24,14.040
2007-11-25,14.060
2007-11-26,14.083
2007-11-27,14.088
2007-11-28,14.108
2007-11-29,14.103
2007-11-30,14.116
2007-12-01,28.163
2007-12-02,25.632
2007-12-03,12.755
2007-12-04,12.147
2007-12-05,12.093
2007-12-06,12.108
2007-12-07,12.097
2007-12-08,12.106
2007-12-09,12.102
2007-12-10,12.120
2007-12-11,12.137
2007-12-12,12.142
2007-12-13,30.679
2007-12-14,35.618
2007-12-15,15.593
2007-12-16,12.344
2007-12-17,12.354
2007-12-18,12.470
2007-12-19,12.507
2007-12-20,12.520
2007-12-21,12.526
2007-12-22,12.539
2007-12-23,12.532
2007-12-24,12.576
2007-12-25,12.595
2007-12-26,12.620
2007-12-27,12.681
2007-12-28,12.673
2007-12-29,12.692
2007-12-30,12.719
2007-12-31,12.736
2008-01-01,12.729
2008-01-02,12.729
2008-01-03,12.726
2008-01-04,12.775
2008-01-05,25.216
2008-01-06,20.409
2008-01-07,12.311
2008-01-08,12.265
2008-01-09,12.268
2008-01-10,12.267
2008-01-11,12.278
2008-01-12,12.246
2008-01-13,12.258
2008-01-14,12.347
2008-01-15,12.340
2008-01-16,12.344
2008-01-17,12.388
2008-01-18,12.397
2008-01-19,12.395
2008-01-20,12.404
2008-01-21,12.402
2008-01-22,12.641
2008-01-23,12.567
2008-01-24,12.581
2008-01-25,12.588
2008-01-26,12.581
2008-01-27,12.581
2008-01-28,12.608
2008-01-29,12.602
2008-01-30,12.608
2008-01-31,25.385
2008-02-01,47.597
2008-02-02,33.377
2008-02-03,31.645
2008-02-04,72.227
2008-02-05,81.340
2008-02-06,55.551
2008-02-07,55.558
2008-02-08,52.833
2008-02-09,55.641
2008-02-10,55.686
2008-02-11,61.437
2008-02-12,75.199
2008-02-13,55.545
2008-02-14,51.697
2008-02-15,26.633
2008-02-16,12.780
2008-02-17,24.338
2008-02-18,47.547
2008-02-19,47.577
2008-02-20,60.990
2008-02-21,65.415
2008-02-22,39.593
2008-02-23,13.214
2008-02-24,13.151
2008-02-25,38.980
2008-02-26,47.671
2008-02-27,47.695
2008-02-28,36.308
2008-02-29,13.195
2008-03-01,13.223
2008-03-02,13.161
2008-03-03,19.017
2008-03-04,21.825
2008-03-05,13.384
2008-03-06,13.375
2008-03-07,13.350
2008-03-08,21.914
2008-03-09,19.469
2008-03-10,20.711
2008-03-11,19.624
2008-03-12,13.251
2008-03-13,17.969
2008-03-14,13.364
2008-03-15,13.350
2008-03-16,13.381
2008-03-17,47.491
2008-03-18,47.488
2008-03-19,47.449
2008-03-20,39.535
2008-03-21,31.579
2008-03-22,20.926
2008-03-23,13.511
2008-03-24,13.383
2008-03-25,56.897
2008-03-26,92.848
2008-03-27,97.723
2008-03-28,97.804
2008-03-29,67.903
2008-03-30,38.966
2008-03-31,61.885
2008-04-01,105.626
2008-04-02,103.458
2008-04-03,96.337
2008-04-04,96.128
2008-04-05,79.822
2008-04-06,46.674
2008-04-07,92.544
2008-04-08,178.750
2008-04-09,110.208
2008-04-10,55.853
2008-04-11,50.203
2008-04-12,94.530
2008-04-13,103.932
2008-04-14,81.722
2008-04-15,90.338
2008-04-16,85.417
2008-04-17,79.424
2008-04-18,151.491
2008-04-19,133.574
2008-04-20,114.521
2008-04-21,148.987
2008-04-22,148.397
2008-04-23,99.572
2008-04-24,64.765
2008-04-25,73.510
2008-04-26,47.310
2008-04-27,71.699
2008-04-28,59.210
2008-04-29,62.374
2008-04-30,196.892
2008-05-01,146.295
2008-05-02,66.407
2008-05-03,91.318
2008-05-04,134.684
2008-05-05,173.689
2008-05-06,195.459
2008-05-07,102.869
2008-05-08,109.493
2008-05-09,56.805
2008-05-10,31.087
2008-05-11,30.986
2008-05-12,58.336
2008-05-13,99.143
2008-05-14,99.072
2008-05-15,98.889
2008-05-16,84.455
2008-05-17,55.529
2008-05-18,82.905
2008-05-19,99.300
2008-05-20,99.104
2008-05-21,98.289
2008-05-22,99.366
2008-05-23,81.977
2008-05-24,55.529
2008-05-25,55.373
2008-05-26,73.183
2008-05-27,99.480
2008-05-28,99.183
2008-05-29,99.088
2008-05-30,137.774
2008-05-31,194.799
2008-06-01,193.809
2008-06-02,155.457
2008-06-03,97.480
2008-06-04,129.329
2008-06-05,195.153
2008-06-06,194.600
2008-06-07,193.869
2008-06-08,192.664
2008-06-09,174.465
2008-06-10,180.746
2008-06-11,179.912
2008-06-12,179.253
2008-06-13,178.881
2008-06-14,147.410
2008-06-15,62.785
2008-06-16,94.574
2008-06-17,180.267
2008-06-18,186.990
2008-06-19,193.303
2008-06-20,192.026
2008-06-21,191.375
2008-06-22,193.615
2008-06-23,193.754
2008-06-24,192.515
2008-06-25,191.430
2008-06-26,190.347
2008-06-27,163.004
2008-06-28,14.523
2008-06-29,12.980
2008-06-30,25.919
2008-07-01,52.259
2008-07-02,69.289
2008-07-03,25.541
2008-07-04,20.711
2008-07-05,34.693
2008-07-06,34.674
2008-07-07,43.048
2008-07-08,37.911
2008-07-09,31.006
2008-07-10,151.288
2008-07-11,18.397
2008-07-12,13.695
2008-07-13,13.606
2008-07-14,13.575
2008-07-15,13.551
2008-07-16,24.371
2008-07-17,25.348
2008-07-18,13.565
2008-07-19,13.561
2008-07-20,13.545
2008-07-21,13.545
2008-07-22,13.576
2008-07-23,147.217
2008-07-24,150.718
2008-07-25,76.212
2008-07-26,20.600
2008-07-27,40.997
2008-07-28,47.675
2008-07-29,47.729
2008-07-30,12.679
2008-07-31,12.426
2008-08-01,12.377
2008-08-02,12.339
2008-08-03,13.221
2008-08-04,12.876
2008-08-05,19.529
2008-08-06,36.389
2008-08-07,47.556
2008-08-08,35.456
2008-08-09,16.769
2008-08-10,16.627
2008-08-11,16.579
2008-08-12,16.583
2008-08-13,16.587
2008-08-14,16.574
2008-08-15,16.566
2008-08-16,38.969
2008-08-17,38.980
2008-08-18,39.008
2008-08-19,74.964
2008-08-20,66.375
2008-08-21,16.877
2008-08-22,16.797
2008-08-23,16.743
2008-08-24,16.725
2008-08-25,16.741
2008-08-26,16.726
2008-08-27,16.707
2008-08-28,14.750
2008-08-29,11.952
2008-08-30,11.934
2008-08-31,11.908
2008-09-01,11.905
2008-09-02,11.940
2008-09-03,12.022
2008-09-04,12.084
2008-09-05,12.104
2008-09-06,12.119
2008-09-07,12.124
2008-09-08,12.134
2008-09-09,12.186
2008-09-10,12.187
2008-09-11,12.198
2008-09-12,12.216
2008-09-13,12.220
2008-09-14,12.231
2008-09-15,12.245
2008-09-16,12.259
2008-09-17,12.288
2008-09-18,12.333
2008-09-19,12.340
2008-09-20,12.360
2008-09-21,12.446
2008-09-22,12.379
2008-09-23,12.464
2008-09-24,12.526
2008-09-25,12.569
2008-09-26,12.603
2008-09-27,12.800
2008-09-28,12.752
2008-09-29,12.767
2008-09-30,12.801
2008-10-01,12.838
2008-10-02,12.837
2008-10-03,12.857
2008-10-04,12.923
2008-10-05,12.962
2008-10-06,13.062
2008-10-07,13.065
2008-10-08,13.149
2008-10-09,13.173
2008-10-10,13.163
2008-10-11,13.171
2008-10-12,13.188
2008-10-13,13.203
2008-10-14,13.179
2008-10-15,13.209
2008-10-16,13.296
2008-10-17,13.305
2008-10-18,13.362
2008-10-19,13.351
2008-10-20,13.351
2008-10-21,13.374
2008-10-22,13.389
2008-10-23,13.416
2008-10-24,13.504
2008-10-25,13.597
2008-10-26,13.527
2008-10-27,13.530
2008-10-28,13.567
2008-10-29,13.628
2008-10-30,13.636
2008-10-31,13.646
2008-11-01,22.432
2008-11-02,28.002
2008-11-03,12.715
2008-11-04,12.655
2008-11-05,12.722
2008-11-06,12.715
2008-11-07,12.714
2008-11-08,12.723
2008-11-09,12.755
2008-11-10,12.781
2008-11-11,12.809
2008-11-12,12.845
2008-11-13,12.854
2008-11-14,12.892
2008-11-15,12.924
2008-11-16,12.951
2008-11-17,12.991
2008-11-18,13.016
2008-11-19,13.028
2008-11-20,13.064
2008-11-21,13.050
2008-11-22,13.103
2008-11-23,13.184
2008-11-24,13.329
2008-11-25,13.295
2008-11-26,13.376
2008-11-27,13.403
2008-11-28,13.425
2008-11-29,13.500
2008-11-30,13.500
2008-12-01,13.475
2008-12-02,13.492
2008-12-03,12.712
2008-12-04,12.724
2008-12-05,12.793
2008-12-06,28.799
2008-12-07,32.050
2008-12-08,13.421
2008-12-09,13.349
2008-12-10,13.362
2008-12-11,13.401
2008-12-12,13.443
2008-12-13,13.437
2008-12-14,13.455
2008-12-15,13.527
2008-12-16,13.555
2008-12-17,13.575
2008-12-18,13.593
2008-12-19,13.635
2008-12-20,13.943
2008-12-21,13.889
2008-12-22,20.828
2008-12-23,23.644
2008-12-24,23.686
2008-12-25,23.728
2008-12-26,23.745
2008-12-27,23.794
2008-12-28,23.911
2008-12-29,23.933
2008-12-30,23.974
2008-12-31,24.051
2009-01-01,24.023
2009-01-02,24.103
2009-01-03,29.000
2009-01-04,30.846
2009-01-05,23.210
2009-01-06,23.000
2009-01-07,23.010
2009-01-08,23.014
2009-01-09,23.005
2009-01-10,23.122
2009-01-11,23.119
2009-01-12,23.063
2009-01-13,23.105
2009-01-14,23.112
2009-01-15,23.140
2009-01-16,28.808
2009-01-17,32.601
2009-01-18,32.580
2009-01-19,32.526
2009-01-20,32.510
2009-01-21,32.506
2009-01-22,32.442
2009-01-23,32.399
2009-01-24,32.406
2009-01-25,32.386
2009-01-26,28.689
2009-01-27,26.032
2009-01-28,23.081
2009-01-29,23.084
2009-01-30,23.070
2009-01-31,23.105
2009-02-01,15.793
2009-02-02,13.674
2009-02-03,13.605
2009-02-04,13.635
2009-02-05,13.647
2009-02-06,13.653
2009-02-07,28.384
2009-02-08,32.564
2009-02-09,13.713
2009-02-10,13.708
2009-02-11,13.684
2009-02-12,13.720
2009-02-13,17.074
2009-02-14,13.629
2009-02-15,13.605
2009-02-16,18.519
2009-02-17,13.882
2009-02-18,13.831
2009-02-19,13.877
2009-02-20,13.991
2009-02-21,13.967
2009-02-22,14.068
2009-02-23,25.287
2009-02-24,32.899
2009-02-25,32.955
2009-02-26,32.979
2009-02-27,33.042
2009-02-28,33.164
2009-03-01,33.192
2009-03-02,33.174
2009-03-03,33.216
2009-03-04,33.219
2009-03-05,34.252
2009-03-06,34.283
2009-03-07,34.231
2009-03-08,34.376
2009-03-09,47.529
2009-03-10,50.481
2009-03-11,50.414
2009-03-12,50.394
2009-03-13,36.532
2009-03-14,28.736
2009-03-15,28.546
2009-03-16,28.137
2009-03-17,28.136
2009-03-18,53.125
2009-03-19,69.475
2009-03-20,55.707
2009-03-21,69.226
2009-03-22,63.652
2009-03-23,61.177
2009-03-24,60.604
2009-03-25,49.416
2009-03-26,42.681
2009-03-27,32.615
2009-03-28,32.564
2009-03-29,32.533
2009-03-30,38.049
2009-03-31,49.954
2009-04-01,105.192
2009-04-02,112.256
2009-04-03,83.844
2009-04-04,108.231
2009-04-05,102.525
2009-04-06,46.404
2009-04-07,20.681
2009-04-08,17.620
2009-04-09,13.864
2009-04-10,13.816
2009-04-11,13.781
2009-04-12,13.746
2009-04-13,13.678
2009-04-14,13.690
2009-04-15,26.684
2009-04-16,49.307
2009-04-17,56.133
2009-04-18,52.935
2009-04-19,52.924
2009-04-20,27.091
2009-04-21,43.894
2009-04-22,117.172
2009-04-23,112.956
2009-04-24,73.918
2009-04-25,39.567
2009-04-26,44.947
2009-04-27,44.933
2009-04-28,22.391
2009-04-29,32.323
2009-04-30,40.740
2009-05-01,82.164
2009-05-02,88.254
2009-05-03,88.286
2009-05-04,88.211
2009-05-05,88.182
2009-05-06,88.065
2009-05-07,65.454
2009-05-08,49.575
2009-05-09,49.460
2009-05-10,49.411
2009-05-11,77.274
2009-05-12,105.045
2009-05-13,104.978
2009-05-14,105.042
2009-05-15,105.324
2009-05-16,145.468
2009-05-17,197.615
2009-05-18,197.303
2009-05-19,197.038
2009-05-20,196.037
2009-05-21,195.612
2009-05-22,194.599
2009-05-23,194.166
2009-05-24,193.533
2009-05-25,194.407
2009-05-26,191.179
2009-05-27,180.869
2009-05-28,140.969
2009-05-29,108.548
2009-05-30,96.675
2009-05-31,96.521
2009-06-01,96.220
2009-06-02,52.673
2009-06-03,41.388
2009-06-04,41.286
2009-06-05,41.214
2009-06-06,62.745
2009-06-07,76.478
2009-06-08,122.592
2009-06-09,139.624
2009-06-10,169.628
2009-06-11,189.520
2009-06-12,168.347
2009-06-13,118.390
2009-06-14,125.967
2009-06-15,144.916
2009-06-16,166.430
2009-06-17,197.916
2009-06-18,194.659
2009-06-19,195.962
2009-06-20,194.863
2009-06-21,194.002
2009-06-22,193.168
2009-06-23,192.429
2009-06-24,191.742
2009-06-25,192.386
2009-06-26,194.211
2009-06-27,193.297
2009-06-28,192.603
2009-06-29,191.797
2009-06-30,191.120
2009-07-01,190.292
2009-07-02,189.201
2009-07-03,188.564
2009-07-04,187.879
2009-07-05,191.392
2009-07-06,195.912
2009-07-07,194.415
2009-07-08,193.108
2009-07-09,192.108
2009-07-10,191.149
2009-07-11,190.115
2009-07-12,189.324
2009-07-13,188.525
2009-07-14,170.401
2009-07-15,134.391
2009-07-16,132.966
2009-07-17,94.581
2009-07-18,22.866
2009-07-19,66.413
2009-07-20,120.444
2009-07-21,146.295
2009-07-22,145.788
2009-07-23,120.342
2009-07-24,94.196
2009-07-25,93.971
2009-07-26,106.989
2009-07-27,153.895
2009-07-28,173.381
2009-07-29,143.133
2009-07-30,142.491
2009-07-31,99.758
2009-08-01,47.438
2009-08-02,66.943
2009-08-03,95.912
2009-08-04,96.083
2009-08-05,96.034
2009-08-06,95.819
2009-08-07,95.602
2009-08-08,95.532
2009-08-09,114.672
2009-08-10,143.092
2009-08-11,142.904
2009-08-12,124.297
2009-08-13,111.472
2009-08-14,111.995
2009-08-15,67.026
2009-08-16,47.396
2009-08-17,47.333
2009-08-18,47.346
2009-08-19,47.273
2009-08-20,50.388
2009-08-21,54.380
2009-08-22,106.594
2009-08-23,164.268
2009-08-24,178.563
2009-08-25,101.497
2009-08-26,14.666
2009-08-27,14.446
2009-08-28,14.390
2009-08-29,14.347
2009-08-30,14.427
2009-08-31,14.414
2009-09-01,14.410
2009-09-02,14.405
2009-09-03,14.390
2009-09-04,14.400
2009-09-05,14.397
2009-09-06,14.394
2009-09-07,14.405
2009-09-08,14.402
2009-09-09,14.405
2009-09-10,14.425
2009-09-11,14.443
2009-09-12,14.440
2009-09-13,14.456
2009-09-14,14.469
2009-09-15,14.481
2009-09-16,14.476
2009-09-17,14.487
2009-09-18,24.284
2009-09-19,32.190
2009-09-20,38.896
2009-09-21,38.898
2009-09-22,38.939
2009-09-23,47.223
2009-09-24,55.447
2009-09-25,55.526
2009-09-26,55.572
2009-09-27,55.591
2009-09-28,55.628
2009-09-29,56.994
2009-09-30,59.544
2009-10-01,59.483
2009-10-02,38.648
2009-10-03,32.994
2009-10-04,37.324
2009-10-05,54.653
2009-10-06,54.692
2009-10-07,55.595
2009-10-08,59.347
2009-10-09,59.354
2009-10-10,59.219
2009-10-11,46.449
2009-10-12,14.271
2009-10-13,13.743
2009-10-14,13.666
2009-10-15,29.860
2009-10-16,48.651
2009-10-17,55.651
2009-10-18,55.620
2009-10-19,55.572
2009-10-20,55.563
2009-10-21,55.544
2009-10-22,55.572
2009-10-23,55.561
2009-10-24,55.544
2009-10-25,55.503
2009-10-26,55.535
2009-10-27,55.507
2009-10-28,55.498
2009-10-29,55.461
2009-10-30,55.453
2009-10-31,55.447
2009-11-01,55.349
2009-11-02,39.985
2009-11-03,31.406
2009-11-04,31.403
2009-11-05,31.406
2009-11-06,31.387
2009-11-07,31.339
2009-11-08,31.411
2009-11-09,43.560
2009-11-10,74.826
2009-11-11,127.137
2009-11-12,146.435
2009-11-13,160.327
2009-11-14,180.090
2009-11-15,178.982
2009-11-16,162.108
2009-11-17,14.351
2009-11-18,13.315
2009-11-19,13.189
2009-11-20,13.104
2009-11-21,13.056
2009-11-22,13.085
2009-11-23,13.084
2009-11-24,13.056
2009-11-25,13.085
2009-11-26,13.016
2009-11-27,13.046
2009-11-28,13.072
2009-11-29,13.037
2009-11-30,13.037
2009-12-01,13.034
2009-12-02,13.085
2009-12-03,13.080
2009-12-04,13.080
2009-12-05,27.960
2009-12-06,30.814
2009-12-07,13.189
2009-12-08,13.156
2009-12-09,13.271
2009-12-10,13.266
2009-12-11,13.266
2009-12-12,13.280
2009-12-13,13.321
2009-12-14,13.349
2009-12-15,13.367
2009-12-16,13.367
2009-12-17,13.367
2009-12-18,13.386
2009-12-19,13.410
2009-12-20,13.460
2009-12-21,13.470
2009-12-22,13.470
2009-12-23,13.470
2009-12-24,13.480
2009-12-25,13.485
2009-12-26,13.545
2009-12-27,13.560
2009-12-28,13.560
2009-12-29,13.563
2009-12-30,13.614
2009-12-31,13.635
2010-01-01,13.635
2010-01-02,26.833
2010-01-03,22.370
2010-01-04,13.374
2010-01-05,13.367
2010-01-06,13.421
2010-01-07,13.408
2010-01-08,13.470
2010-01-09,13.440
2010-01-10,13.530
2010-01-11,13.507
2010-01-12,13.540
2010-01-13,13.560
2010-01-14,13.583
2010-01-15,13.718
2010-01-16,13.771
2010-01-17,13.801
2010-01-18,13.871
2010-01-19,18.199
2010-01-20,38.507
2010-01-21,44.383
2010-01-22,28.410
2010-01-23,38.473
2010-01-24,48.691
2010-01-25,48.674
2010-01-26,52.429
2010-01-27,53.809
2010-01-28,53.817
2010-01-29,40.511
2010-01-30,13.792
2010-01-31,13.741
2010-02-01,13.711
2010-02-02,47.167
2010-02-03,40.075
2010-02-04,36.774
2010-02-05,50.070
2010-02-06,35.758
2010-02-07,33.345
2010-02-08,33.364
2010-02-09,33.291
2010-02-10,41.684
2010-02-11,66.573
2010-02-12,66.474
2010-02-13,66.635
2010-02-14,66.587
2010-02-15,66.618
2010-02-16,72.135
2010-02-17,120.374
2010-02-18,83.224
2010-02-19,36.382
2010-02-20,25.556
2010-02-21,23.105
2010-02-22,23.070
2010-02-23,23.081
2010-02-24,31.628
2010-02-25,48.441
2010-02-26,29.552
2010-02-27,22.972
2010-02-28,22.958
2010-03-01,31.612
2010-03-02,37.514
2010-03-03,54.737
2010-03-04,47.236
2010-03-05,30.186
2010-03-06,23.126
2010-03-07,23.075
2010-03-08,28.986
2010-03-09,27.250
2010-03-10,17.972
2010-03-11,20.721
2010-03-12,51.985
2010-03-13,73.143
2010-03-14,23.336
2010-03-15,23.204
2010-03-16,23.186
2010-03-17,63.665
2010-03-18,87.303
2010-03-19,31.898
2010-03-20,31.794
2010-03-21,31.752
2010-03-22,31.858
2010-03-23,31.905
2010-03-24,31.938
2010-03-25,31.925
2010-03-26,31.954
2010-03-27,31.992
2010-03-28,48.248
2010-03-29,65.784
2010-03-30,69.163
2010-03-31,35.764
2010-04-01,35.713
2010-04-02,35.697
2010-04-03,35.768
2010-04-04,23.284
2010-04-05,17.957
2010-04-06,17.944
2010-04-07,17.922
2010-04-08,33.284
2010-04-09,66.428
2010-04-10,77.424
2010-04-11,39.489
2010-04-12,34.573
2010-04-13,61.278
2010-04-14,43.817
2010-04-15,37.088
2010-04-16,48.573
2010-04-17,39.930
2010-04-18,52.558
2010-04-19,83.182
2010-04-20,82.114
2010-04-21,99.203
2010-04-22,99.155
2010-04-23,75.501
2010-04-24,31.606
2010-04-25,14.378
2010-04-26,14.400
2010-04-27,14.380
2010-04-28,14.414
2010-04-29,14.451
2010-04-30,14.497
2010-05-01,14.617
2010-05-02,15.019
2010-05-03,14.835
2010-05-04,14.454
2010-05-05,14.009
2010-05-06,21.648
2010-05-07,31.918
2010-05-08,31.965
2010-05-09,40.197
2010-05-10,34.762
2010-05-11,15.066
2010-05-12,15.040
2010-05-13,15.009
2010-05-14,15.004
2010-05-15,15.004
2010-05-16,15.012
2010-05-17,15.019
2010-05-18,15.019
2010-05-19,15.019
2010-05-20,15.027
2010-05-21,21.334
2010-05-22,27.670
2010-05-23,27.691
2010-05-24,38.256
2010-05-25,48.194
2010-05-26,48.257
2010-05-27,35.116
2010-05-28,21.161
2010-05-29,33.069
2010-05-30,47.398
2010-05-31,78.056
2010-06-01,109.134
2010-06-02,115.336
2010-06-03,127.698
2010-06-04,127.271
2010-06-05,126.855
2010-06-06,126.652
2010-06-07,93.824
2010-06-08,67.625
2010-06-09,122.545
2010-06-10,189.612
2010-06-11,197.126
2010-06-12,153.972
2010-06-13,97.198
2010-06-14,197.420
2010-06-15,195.767
2010-06-16,195.312
2010-06-17,194.166
2010-06-18,170.065
2010-06-19,82.706
2010-06-20,136.070
2010-06-21,157.178
2010-06-22,156.757
2010-06-23,195.487
2010-06-24,194.450
2010-06-25,193.520
2010-06-26,194.603
2010-06-27,194.839
2010-06-28,193.893
2010-06-29,193.108
2010-06-30,192.256
2010-07-01,191.490
2010-07-02,190.972
2010-07-03,190.203
2010-07-04,189.702
2010-07-05,188.687
2010-07-06,192.590
2010-07-07,194.042
2010-07-08,192.752
2010-07-09,191.811
2010-07-10,177.063
2010-07-11,162.917
2010-07-12,192.306
2010-07-13,191.035
2010-07-14,194.307
2010-07-15,193.913
2010-07-16,192.900
2010-07-17,191.755
2010-07-18,157.289
2010-07-19,168.639
2010-07-20,191.169
2010-07-21,190.440
2010-07-22,189.471
2010-07-23,188.393
2010-07-24,126.236
2010-07-25,162.942
2010-07-26,191.818
2010-07-27,170.713
2010-07-28,155.329
2010-07-29,154.785
2010-07-30,178.155
2010-07-31,193.322
2010-08-01,146.549
2010-08-02,53.326
2010-08-03,58.432
2010-08-04,126.465
2010-08-05,155.967
2010-08-06,137.141
2010-08-07,55.226
2010-08-08,55.015
2010-08-09,67.315
2010-08-10,172.883
2010-08-11,190.479
2010-08-12,191.182
2010-08-13,122.760
2010-08-14,44.761
2010-08-15,39.120
2010-08-16,39.034
2010-08-17,39.017
2010-08-18,39.012
2010-08-19,73.456
2010-08-20,96.178
2010-08-21,73.370
2010-08-22,38.991
2010-08-23,38.896
2010-08-24,38.884
2010-08-25,38.836
2010-08-26,57.222
2010-08-27,69.237
2010-08-28,101.434
2010-08-29,47.794
2010-08-30,47.639
2010-08-31,47.589
2010-09-01,47.589
2010-09-02,50.645
2010-09-03,55.115
2010-09-04,48.761
2010-09-05,28.440
2010-09-06,17.007
2010-09-07,12.718
2010-09-08,12.673
2010-09-09,12.661
2010-09-10,12.661
2010-09-11,12.655
2010-09-12,12.663
2010-09-13,12.672
2010-09-14,12.707
2010-09-15,12.684
2010-09-16,12.697
2010-09-17,12.724
2010-09-18,12.716
2010-09-19,12.718
2010-09-20,12.740
2010-09-21,12.770
2010-09-22,12.752
2010-09-23,12.775
2010-09-24,12.797
2010-09-25,12.810
2010-09-26,12.798
2010-09-27,12.821
2010-09-28,12.887
2010-09-29,12.740
2010-09-30,12.701
2010-10-01,12.702
2010-10-02,12.721
2010-10-03,12.764
2010-10-04,12.785
2010-10-05,12.797
2010-10-06,12.793
2010-10-07,12.831
2010-10-08,12.843
2010-10-09,12.893
2010-10-10,12.900
2010-10-11,12.900
2010-10-12,12.907
2010-10-13,12.931
2010-10-14,12.948
2010-10-15,12.965
2010-10-16,12.965
2010-10-17,13.006
2010-10-18,13.037
2010-10-19,13.060
2010-10-20,12.936
2010-10-21,12.913
2010-10-22,14.420
2010-10-23,14.435
2010-10-24,14.412
2010-10-25,14.457
2010-10-26,14.469
2010-10-27,14.489
2010-10-28,14.504
2010-10-29,21.099
2010-10-30,25.956
2010-10-31,14.781
2010-11-01,14.773
2010-11-02,14.778
2010-11-03,14.773
2010-11-04,14.789
2010-11-05,14.832
2010-11-06,31.681
2010-11-07,31.768
2010-11-08,44.110
2010-11-09,56.576
2010-11-10,56.751
2010-11-11,56.724
2010-11-12,56.658
2010-11-13,56.745
2010-11-14,56.731
2010-11-15,38.248
2010-11-16,31.872
2010-11-17,31.850
2010-11-18,20.450
2010-11-19,13.810
2010-11-20,35.153
2010-11-21,41.008
2010-11-22,56.472
2010-11-23,56.419
2010-11-24,56.381
2010-11-25,56.359
2010-11-26,56.297
2010-11-27,56.333
2010-11-28,55.745
2010-11-29,56.299
2010-11-30,56.299
2010-12-01,132.200
2010-12-02,60.605
2010-12-03,55.768
2010-12-04,36.452
2010-12-05,39.587
2010-12-06,55.751
2010-12-07,55.636
2010-12-08,55.600
2010-12-09,55.507
2010-12-10,55.383
2010-12-11,55.394
2010-12-12,55.349
2010-12-13,55.349
2010-12-14,24.797
2010-12-15,28.615
2010-12-16,55.433
2010-12-17,55.416
2010-12-18,55.451
2010-12-19,55.450
2010-12-20,55.427
2010-12-21,41.639
2010-12-22,13.388
2010-12-23,13.298
2010-12-24,13.360
2010-12-25,13.332
2010-12-26,13.309
2010-12-27,13.456
2010-12-28,13.635
2010-12-29,13.650
2010-12-30,13.549
2010-12-31,13.545
2011-01-01,28.201
2011-01-02,31.267
2011-01-03,18.261
2011-01-04,13.545
2011-01-05,13.545
2011-01-06,13.690
2011-01-07,13.599
2011-01-08,13.605
2011-01-09,13.628
2011-01-10,19.177
2011-01-11,26.296
2011-01-12,36.340
2011-01-13,42.817
2011-01-14,51.153
2011-01-15,55.810
2011-01-16,55.992
2011-01-17,56.094
2011-01-18,56.121
2011-01-19,56.143
2011-01-20,56.238
2011-01-21,44.766
2011-01-22,33.038
2011-01-23,33.008
2011-01-24,44.694
2011-01-25,56.393
2011-01-26,56.665
2011-01-27,56.685
2011-01-28,56.598
2011-01-29,56.698
2011-01-30,56.725
2011-01-31,56.764
2011-02-01,133.308
2011-02-02,190.988
2011-02-03,192.475
2011-02-04,191.416
2011-02-05,50.247
2011-02-06,35.563
2011-02-07,165.395
2011-02-08,199.261
2011-02-09,198.686
2011-02-10,197.364
2011-02-11,196.577
2011-02-12,196.037
2011-02-13,195.687
2011-02-14,194.988
2011-02-15,127.018
2011-02-16,48.160
2011-02-17,41.682
2011-02-18,47.790
2011-02-19,47.826
2011-02-20,47.790
2011-02-21,47.799
2011-02-22,47.957
2011-02-23,44.981
2011-02-24,33.137
2011-02-25,33.143
2011-02-26,33.085
2011-02-27,33.117
2011-02-28,33.110
2011-03-01,46.118
2011-03-02,97.159
2011-03-03,32.299
2011-03-04,32.192
2011-03-05,32.245
2011-03-06,32.227
2011-03-07,32.239
2011-03-08,32.184
2011-03-09,38.268
2011-03-10,47.866
2011-03-11,40.037
2011-03-12,32.203
2011-03-13,32.205
2011-03-14,32.195
2011-03-15,36.959
2011-03-16,58.031
2011-03-17,96.940
2011-03-18,144.097
2011-03-19,143.971
2011-03-20,121.406
2011-03-21,25.891
2011-03-22,31.734
2011-03-23,51.439
2011-03-24,64.922
2011-03-25,52.831
2011-03-26,52.781
2011-03-27,61.145
2011-03-28,73.131
2011-03-29,57.638
2011-03-30,88.445
2011-03-31,66.979
2011-04-01,107.701
2011-04-02,124.539
2011-04-03,114.507
2011-04-04,77.936
2011-04-05,89.342
2011-04-06,119.549
2011-04-07,93.428
2011-04-08,95.791
2011-04-09,95.548
2011-04-10,95.349
2011-04-11,92.046
2011-04-12,50.205
2011-04-13,76.514
2011-04-14,115.506
2011-04-15,92.677
2011-04-16,109.453
2011-04-17,129.792
2011-04-18,136.476
2011-04-19,171.460
2011-04-20,151.836
2011-04-21,129.506
2011-04-22,159.700
2011-04-23,140.000
2011-04-24,73.951
2011-04-25,94.396
2011-04-26,128.152
2011-04-27,19.094
2011-04-28,53.053
2011-04-29,145.184
2011-04-30,168.442
2011-05-01,168.569
2011-05-02,167.296
2011-05-03,166.490
2011-05-04,178.995
2011-05-05,144.658
2011-05-06,97.547
2011-05-07,97.401
2011-05-08,56.890
2011-05-09,26.072
2011-05-10,118.204
2011-05-11,117.738
2011-05-12,117.496
2011-05-13,110.878
2011-05-14,80.861
2011-05-15,47.846
2011-05-16,47.816
2011-05-17,84.551
2011-05-18,102.639
2011-05-19,102.576
2011-05-20,102.440
2011-05-21,47.824
2011-05-22,61.636
2011-05-23,117.160
2011-05-24,89.779
2011-05-25,85.181
2011-05-26,117.068
2011-05-27,116.143
2011-05-28,96.691
2011-05-29,96.321
2011-05-30,84.801
2011-05-31,96.046
2011-06-01,136.795
2011-06-02,196.838
2011-06-03,163.195
2011-06-04,85.903
2011-06-05,52.908
2011-06-06,31.666
2011-06-07,31.585
2011-06-08,31.565
2011-06-09,45.624
2011-06-10,52.078
2011-06-11,22.867
2011-06-12,40.227
2011-06-13,87.620
2011-06-14,114.999
2011-06-15,117.714
2011-06-16,136.313
2011-06-17,136.047
2011-06-18,123.888
2011-06-19,119.835
2011-06-20,137.529
2011-06-21,159.935
2011-06-22,177.395
2011-06-23,154.057
2011-06-24,159.513
2011-06-25,158.972
2011-06-26,150.416
2011-06-27,118.090
2011-06-28,183.591
2011-06-29,193.525
2011-06-30,195.548
2011-07-01,193.182
2011-07-02,118.180
2011-07-03,77.275
2011-07-04,77.005
2011-07-05,76.773
2011-07-06,76.674
2011-07-07,76.728
2011-07-08,76.611
2011-07-09,76.560
2011-07-10,76.489
2011-07-11,61.262
2011-07-12,55.833
2011-07-13,55.749
2011-07-14,55.693
2011-07-15,55.628
2011-07-16,72.947
2011-07-17,91.463
2011-07-18,77.681
2011-07-19,64.733
2011-07-20,66.638
2011-07-21,77.307
2011-07-22,77.080
2011-07-23,87.898
2011-07-24,117.856
2011-07-25,182.732
2011-07-26,196.277
2011-07-27,174.813
2011-07-28,108.401
2011-07-29,108.106
2011-07-30,107.840
2011-07-31,107.698
2011-08-01,107.453
2011-08-02,55.945
2011-08-03,39.667
2011-08-04,31.479
2011-08-05,56.707
2011-08-06,81.690
2011-08-07,48.088
2011-08-08,47.975
2011-08-09,37.966
2011-08-10,22.743
2011-08-11,22.657
2011-08-12,29.101
2011-08-13,73.223
2011-08-14,87.729
2011-08-15,138.034
2011-08-16,188.613
2011-08-17,187.644
2011-08-18,173.572
2011-08-19,92.082
2011-08-20,31.698
2011-08-21,31.447
2011-08-22,37.652
2011-08-23,127.941
2011-08-24,143.589
2011-08-25,98.403
2011-08-26,69.291
2011-08-27,31.267
2011-08-28,31.180
2011-08-29,28.243
2011-08-30,22.418
2011-08-31,32.900
2011-09-01,37.358
2011-09-02,53.283
2011-09-03,55.447
2011-09-04,43.307
2011-09-05,24.471
2011-09-06,14.299
2011-09-07,14.231
2011-09-08,14.183
2011-09-09,14.160
2011-09-10,14.161
2011-09-11,14.163
2011-09-12,14.173
2011-09-13,14.148
2011-09-14,14.078
2011-09-15,14.106
2011-09-16,14.078
2011-09-17,14.083
2011-09-18,14.088
2011-09-19,14.088
2011-09-20,14.068
2011-09-21,14.073
2011-09-22,14.073
2011-09-23,14.052
2011-09-24,14.027
2011-09-25,14.065
2011-09-26,38.741
2011-09-27,38.899
2011-09-28,27.156
2011-09-29,19.323
2011-09-30,14.130
2011-10-01,14.128
2011-10-02,14.123
2011-10-03,14.138
2011-10-04,18.168
2011-10-05,30.174
2011-10-06,35.913
2011-10-07,53.141
2011-10-08,53.298
2011-10-11,53.206
2011-10-12,53.271
2011-10-13,53.344
2011-10-14,37.951
2011-10-15,14.365
2011-10-16,22.509
2011-10-17,30.663
2011-10-18,23.727
2011-10-19,12.919
2011-10-20,12.855
2011-10-21,12.840
2011-10-22,12.845
2011-10-23,12.843
2011-10-24,12.816
2011-10-25,12.979
2011-10-26,13.002
2011-10-27,13.058
2011-10-28,13.070
2011-10-29,13.080
2011-10-30,13.125
2011-10-31,13.123
2011-11-01,13.206
2011-11-02,13.315
2011-11-03,13.183
2011-11-04,13.281
2011-11-05,28.492
2011-11-06,28.577
2011-11-07,12.769
2011-11-08,12.718
2011-11-09,12.817
2011-11-10,12.775
2011-11-11,12.735
2011-11-12,12.775
2011-11-13,12.826
2011-11-14,12.780
2011-11-15,12.814
2011-11-16,12.783
2011-11-17,12.775
2011-11-18,12.801
2011-11-19,12.771
2011-11-20,12.775
2011-11-21,12.898
2011-11-22,12.827
2011-11-23,12.826
2011-11-24,12.845
2011-11-25,12.855
2011-11-26,12.879
2011-11-27,12.890
2011-11-28,12.930
2011-11-29,12.948
2011-11-30,12.955
2011-12-01,12.948
2011-12-02,12.988
2011-12-03,25.146
2011-12-04,25.594
2011-12-05,13.037
2011-12-06,12.994
2011-12-07,12.981
2011-12-08,13.008
2011-12-09,13.022
2011-12-10,13.018
2011-12-11,13.027
2011-12-12,13.029
2011-12-13,13.060
2011-12-14,26.806
2011-12-15,31.001
2011-12-16,20.587
2011-12-17,13.470
2011-12-18,13.450
2011-12-19,13.445
2011-12-20,13.445
2011-12-21,13.467
2011-12-22,13.490
2011-12-23,13.491
2011-12-24,13.527
2011-12-25,13.540
2011-12-26,13.545
2011-12-27,13.575
2011-12-28,22.295
2011-12-29,41.521
2011-12-30,47.033
2011-12-31,52.157
2012-01-01,47.554
2012-01-02,39.155
2012-01-03,19.296
2012-01-04,23.573
2012-01-05,39.234
2012-01-06,35.415
2012-01-07,31.339
2012-01-08,31.359
2012-01-09,41.609
2012-01-10,54.247
2012-01-11,54.282
2012-01-12,54.304
2012-01-13,49.593
2012-01-14,24.901
2012-01-15,15.061
2012-01-16,21.504
2012-01-17,28.499
2012-01-18,22.702
2012-01-19,37.435
2012-01-20,54.687
2012-01-21,55.986
2012-01-22,53.480
2012-01-23,56.121
2012-01-24,46.350
2012-01-25,31.485
2012-01-26,31.552
2012-01-27,36.697
2012-01-28,47.438
2012-01-29,47.423
2012-01-30,47.363
2012-01-31,39.649
2012-02-01,31.826
2012-02-02,31.772
2012-02-03,31.989
2012-02-04,31.722
2012-02-05,31.687
2012-02-06,31.714
2012-02-07,31.690
2012-02-08,52.006
2012-02-09,56.143
2012-02-10,64.339
2012-02-11,73.077
2012-02-12,72.852
2012-02-13,72.707
2012-02-14,59.336
2012-02-15,42.211
2012-02-16,38.516
2012-02-17,31.282
2012-02-18,31.279
2012-02-19,31.275
2012-02-20,31.239
2012-02-21,31.253
2012-02-22,31.220
2012-02-23,27.035
2012-02-24,15.000
2012-02-25,13.269
2012-02-26,13.259
2012-02-27,13.240
2012-02-28,13.266
2012-02-29,13.362
2012-03-01,13.319
2012-03-02,13.315
2012-03-03,16.464
2012-03-04,15.200
2012-03-05,7.912
2012-03-06,14.372
2012-03-07,7.000
2012-03-08,13.613
2012-03-09,27.006
2012-03-10,13.861
2012-03-11,14.046
2012-03-12,13.867
2012-03-13,13.883
2012-03-14,13.868
2012-03-15,13.922
2012-03-16,13.902
2012-03-17,13.902
2012-03-18,13.892
2012-03-19,13.967
2012-03-20,21.040
2012-03-21,31.605
2012-03-22,31.690
2012-03-23,31.712
2012-03-24,31.798
2012-03-25,31.778
2012-03-26,45.401
2012-03-27,58.829
2012-03-28,58.896
2012-03-29,58.962
2012-03-30,58.881
2012-03-31,58.942
2012-04-01,59.056
2012-04-02,71.009
2012-04-03,78.537
2012-04-04,78.316
2012-04-05,56.207
2012-04-06,32.042
2012-04-07,31.952
2012-04-08,31.892
2012-04-09,38.590
2012-04-10,68.147
2012-04-11,100.237
2012-04-12,109.341
2012-04-13,87.635
2012-04-14,87.400
2012-04-15,87.301
2012-04-16,87.122
2012-04-17,86.866
2012-04-18,86.742
2012-04-19,75.015
2012-04-20,67.331
2012-04-21,155.961
2012-04-22,161.168
2012-04-23,126.450
2012-04-24,76.466
2012-04-25,76.251
2012-04-26,76.063
2012-04-27,76.063
2012-04-28,47.886
2012-04-29,118.719
2012-04-30,97.658
2012-05-01,69.644
2012-05-02,90.292
2012-05-03,141.366
2012-05-04,196.087
2012-05-05,167.841
2012-05-06,100.033
2012-05-07,87.382
2012-05-08,74.076
2012-05-09,47.522
2012-05-10,47.403
2012-05-11,47.380
2012-05-12,68.887
2012-05-13,84.169
2012-05-14,54.763
2012-05-15,47.574
2012-05-16,47.497
2012-05-17,50.816
2012-05-18,63.890
2012-05-19,63.744
2012-05-20,57.865
2012-05-21,46.916
2012-05-22,47.497
2012-05-23,57.613
2012-05-24,78.888
2012-05-25,98.033
2012-05-26,97.838
2012-05-27,81.451
2012-05-28,36.938
2012-05-29,31.307
2012-05-30,37.743
2012-05-31,47.695
2012-06-01,42.423
2012-06-02,31.266
2012-06-03,31.243
2012-06-04,31.243
2012-06-05,47.860
2012-06-06,98.114
2012-06-07,98.816
2012-06-08,98.188
2012-06-09,86.895
2012-06-10,65.863
2012-06-11,65.690
2012-06-12,75.347
2012-06-13,98.806
2012-06-14,110.817
2012-06-15,107.376
2012-06-16,138.181
2012-06-17,149.999
2012-06-18,146.382
2012-06-19,109.169
2012-06-20,121.162
2012-06-21,143.041
2012-06-22,153.582
2012-06-23,69.667
2012-06-24,42.339
2012-06-25,110.849
2012-06-26,149.357
2012-06-27,171.380
2012-06-28,190.750
2012-06-29,189.075
2012-06-30,152.790
2012-07-01,98.637
2012-07-02,98.383
2012-07-03,98.052
2012-07-04,97.894
2012-07-05,97.799
2012-07-06,82.213
2012-07-07,66.217
2012-07-08,66.063
2012-07-09,72.444
2012-07-10,98.598
2012-07-11,98.311
2012-07-12,163.214
2012-07-13,181.229
2012-07-14,79.537
2012-07-15,52.168
2012-07-16,39.257
2012-07-17,32.581
2012-07-18,22.440
2012-07-19,35.022
2012-07-20,49.291
2012-07-21,62.262
2012-07-22,70.741
2012-07-23,80.278
2012-07-24,98.793
2012-07-25,98.695
2012-07-26,98.506
2012-07-27,98.373
2012-07-28,98.260
2012-07-29,98.000
2012-07-30,134.571
2012-07-31,150.044
2012-08-01,161.342
2012-08-02,194.181
2012-08-03,165.571
2012-08-04,109.575
2012-08-05,109.194
2012-08-06,182.132
2012-08-07,160.492
2012-08-08,160.001
2012-08-09,146.467
2012-08-10,90.520
2012-08-11,31.634
2012-08-12,31.475
2012-08-13,88.655
2012-08-14,88.565
2012-08-15,88.373
2012-08-16,88.356
2012-08-17,71.678
2012-08-18,31.371
2012-08-19,31.228
2012-08-20,88.480
2012-08-21,79.693
2012-08-22,65.971
2012-08-23,65.863
2012-08-24,59.986
2012-08-25,48.219
2012-08-26,54.829
2012-08-27,64.650
2012-08-28,64.570
2012-08-29,60.500
2012-08-30,65.743
2012-08-31,52.161
2012-09-01,31.093
2012-09-02,31.092
2012-09-03,15.992
2012-09-04,15.962
2012-09-05,37.850
2012-09-06,38.028
2012-09-07,26.158
2012-09-08,14.406
2012-09-09,14.370
2012-09-10,14.251
2012-09-11,14.239
2012-09-12,14.196
2012-09-13,14.190
2012-09-14,14.178
2012-09-15,14.229
2012-09-16,14.254
2012-09-17,14.341
2012-09-18,14.186
2012-09-19,14.196
2012-09-20,14.229
2012-09-21,14.239
2012-09-22,14.251
2012-09-23,14.264
2012-09-24,14.289
2012-09-25,14.329
2012-09-26,14.385
2012-09-27,14.410
2012-09-28,13.250
2012-09-29,12.936
2012-09-30,12.936
2012-10-01,3.682
2012-10-02,3.268
2012-10-03,3.176
2012-10-04,6.004
2012-10-05,6.527
2012-10-06,11.439
2012-10-07,11.480
2012-10-08,3.996
2012-10-09,3.455
2012-10-10,3.414
2012-10-11,3.418
2012-10-12,5.282
2012-10-13,11.002
2012-10-14,11.023
2012-10-15,5.511
2012-10-16,3.384
2012-10-17,3.364
2012-10-18,3.379
2012-10-19,3.376
2012-10-20,10.957
2012-10-21,10.956
2012-10-22,10.929
2012-10-23,3.369
2012-10-24,3.391
2012-10-25,2.961
2012-10-26,2.936
2012-10-27,5.748
2012-10-28,8.666
2012-10-29,3.452
2012-10-30,3.686
2012-10-31,3.871
2012-11-01,3.819
2012-11-02,3.874
2012-11-03,12.261
2012-11-04,9.535
2012-11-05,3.852
2012-11-06,3.465
2012-11-07,3.514
2012-11-08,3.409
2012-11-09,5.235
2012-11-10,11.044
2012-11-11,8.768
2012-11-12,3.715
2012-11-13,3.625
2012-11-14,3.269
2012-11-15,3.677
2012-11-16,6.127
2012-11-17,13.331
2012-11-18,10.051
2012-11-19,3.948
2012-11-20,3.636
2012-11-21,3.747
2012-11-22,3.800
2012-11-23,6.103
2012-11-24,10.754
2012-11-25,10.753
2012-11-26,3.820
2012-11-27,3.313
2012-11-28,3.882
2012-11-29,18.650
2012-11-30,7.147
2012-12-01,11.745
2012-12-02,11.779
2012-12-03,4.167
2012-12-04,4.110
2012-12-05,3.797
2012-12-06,3.564
2012-12-07,25.479
2012-12-08,43.336
2012-12-09,52.644
2012-12-10,55.156
2012-12-11,38.338
2012-12-12,15.041
2012-12-13,13.446
2012-12-14,11.961
2012-12-15,11.933
2012-12-16,11.959
2012-12-17,11.963
2012-12-18,16.751
2012-12-19,18.645
2012-12-20,11.920
2012-12-21,11.928
2012-12-22,11.942
2012-12-23,11.944
2012-12-24,11.950
2012-12-25,11.963
2012-12-26,11.987
2012-12-27,11.978
2012-12-28,11.966
2012-12-29,28.876
2012-12-30,55.219
2012-12-31,82.679
2013-01-01,112.181
2013-01-02,113.170
2013-01-03,132.575
2013-01-04,124.056
2013-01-05,123.954
2013-01-06,123.934
2013-01-07,123.429
2013-01-08,122.895
2013-01-09,122.226
2013-01-10,51.800
2013-01-11,36.701
2013-01-12,75.148
2013-01-13,79.152
2013-01-14,73.634
2013-01-15,68.461
2013-01-16,63.896
2013-01-17,61.885
2013-01-18,58.329
2013-01-19,58.108
2013-01-20,55.440
2013-01-21,53.028
2013-01-22,43.707
2013-01-23,42.460
2013-01-24,14.577
2013-01-25,14.401
2013-01-26,14.436
2013-01-27,14.422
2013-01-28,14.390
2013-01-29,14.573
2013-01-30,14.401
2013-01-31,14.425
2013-02-01,22.957
2013-02-02,35.395
2013-02-03,35.291
2013-02-04,50.663
2013-02-05,64.993
2013-02-06,64.913
2013-02-07,65.492
2013-02-08,57.643
2013-02-09,42.986
2013-02-10,42.401
2013-02-11,42.287
2013-02-12,35.709
2013-02-13,14.900
2013-02-14,14.812
2013-02-15,14.806
2013-02-16,14.838
2013-02-17,34.028
2013-02-18,65.527
2013-02-19,22.749
2013-02-20,46.239
2013-02-21,145.234
2013-02-22,144.562
2013-02-23,143.705
2013-02-24,142.980
2013-02-25,142.301
2013-02-26,145.282
2013-02-27,141.919
2013-02-28,141.445
2013-03-01,116.461
2013-03-02,110.579
2013-03-03,109.912
2013-03-04,140.372
2013-03-05,184.891
2013-03-06,183.399
2013-03-07,182.383
2013-03-08,144.745
2013-03-09,72.465
2013-03-10,93.674
2013-03-11,182.980
2013-03-12,182.092
2013-03-13,181.671
2013-03-14,165.162
2013-03-15,60.951
2013-03-16,150.917
2013-03-17,150.412
2013-03-18,171.753
2013-03-19,185.923
2013-03-20,184.740
2013-03-21,184.084
2013-03-22,183.298
2013-03-23,182.763
2013-03-24,182.072
2013-03-25,136.285
2013-03-26,64.856
2013-03-27,47.524
2013-03-28,26.089
2013-03-29,29.949
2013-03-30,29.941
2013-03-31,29.799
2013-04-01,35.620
2013-04-02,58.196
2013-04-03,58.121
2013-04-04,78.824
2013-04-05,133.653
2013-04-06,133.770
2013-04-07,101.807
2013-04-08,101.382
2013-04-09,82.558
2013-04-10,74.963
2013-04-11,88.843
2013-04-12,79.135
2013-04-13,63.714
2013-04-14,63.759
2013-04-15,88.772
2013-04-16,97.132
2013-04-17,109.114
2013-04-18,105.689
2013-04-19,86.787
2013-04-20,60.160
2013-04-21,65.487
2013-04-22,88.462
2013-04-23,74.140
2013-04-24,101.157
2013-04-25,104.131
2013-04-26,78.326
2013-04-27,92.957
2013-04-28,112.359
2013-04-29,112.670
2013-04-30,112.618
2013-05-01,96.513
2013-05-02,61.725
2013-05-03,44.359
2013-05-04,51.865
2013-05-05,51.835
2013-05-06,61.472
2013-05-07,100.044
2013-05-08,121.617
2013-05-09,121.370
2013-05-10,95.352
2013-05-11,42.622
2013-05-12,54.285
2013-05-13,100.292
2013-05-14,117.355
2013-05-15,116.779
2013-05-16,116.211
2013-05-17,78.362
2013-05-18,58.993
2013-05-19,69.848
2013-05-20,114.748
2013-05-21,115.724
2013-05-22,117.059
2013-05-23,116.388
2013-05-24,93.774
2013-05-25,59.838
2013-05-26,68.971
2013-05-27,117.105
2013-05-28,132.586
2013-05-29,139.668
2013-05-30,139.021
2013-05-31,138.748
2013-06-01,79.908
2013-06-02,12.774
2013-06-03,12.846
2013-06-04,12.590
2013-06-05,12.452
2013-06-06,12.639
2013-06-07,12.396
2013-06-08,12.403
2013-06-09,12.353
2013-06-10,25.755
2013-06-11,69.100
2013-06-12,102.807
2013-06-13,127.464
2013-06-14,127.085
2013-06-15,126.902
2013-06-16,85.625
2013-06-17,19.626
2013-06-18,12.459
2013-06-19,18.065
2013-06-20,58.844
2013-06-21,83.678
2013-06-22,121.667
2013-06-23,156.691
2013-06-24,190.218
2013-06-25,193.562
2013-06-26,192.398
2013-06-27,191.877
2013-06-28,191.241
2013-06-29,189.910
2013-06-30,188.714
2013-07-01,171.287
2013-07-02,77.627
2013-07-03,13.376
2013-07-04,13.084
2013-07-05,12.613
2013-07-06,12.861
2013-07-07,12.846
2013-07-08,12.638
2013-07-09,12.590
2013-07-10,12.546
2013-07-11,12.515
2013-07-12,12.492
2013-07-13,12.465
2013-07-14,12.503
2013-07-15,12.514
2013-07-16,12.475
2013-07-17,12.486
2013-07-18,38.136
2013-07-19,54.737
2013-07-20,54.644
2013-07-21,42.083
2013-07-22,22.851
2013-07-23,43.408
2013-07-24,105.575
2013-07-25,110.393
2013-07-26,110.184
2013-07-27,110.152
2013-07-28,96.669
2013-07-29,127.077
2013-07-30,187.737
2013-07-31,166.935
2013-08-01,45.157
2013-08-02,76.350
2013-08-03,75.801
2013-08-04,132.243
2013-08-05,188.079
2013-08-06,192.719
2013-08-07,175.744
2013-08-08,160.888
2013-08-09,160.230
2013-08-10,159.595
2013-08-11,159.432
2013-08-12,172.811
2013-08-13,193.154
2013-08-14,193.851
2013-08-15,192.780
2013-08-16,181.791
2013-08-17,155.110
2013-08-18,145.273
2013-08-19,162.059
2013-08-20,174.549
2013-08-21,194.018
2013-08-22,196.500
2013-08-23,196.211
2013-08-24,195.218
2013-08-25,193.666
2013-08-26,195.297
2013-08-27,195.462
2013-08-28,193.728
2013-08-29,192.102
2013-08-30,179.937
2013-08-31,117.695
2013-09-01,59.226
2013-09-02,58.718
2013-09-03,58.583
2013-09-04,58.678
2013-09-05,87.020
2013-09-06,143.851
2013-09-07,133.118
2013-09-08,81.095
2013-09-09,58.958
2013-09-10,52.087
2013-09-11,22.379
2013-09-12,12.030
2013-09-13,11.915
2013-09-14,11.875
2013-09-15,11.875
2013-09-16,11.826
2013-09-17,11.776
2013-09-18,11.701
2013-09-19,11.664
2013-09-20,11.666
2013-09-21,11.685
2013-09-22,11.662
2013-09-23,11.658
2013-09-24,11.678
2013-09-25,11.655
2013-09-26,11.658
2013-09-27,11.682
2013-09-28,11.344
2013-09-29,11.340
2013-09-30,11.351
2013-10-01,11.342
2013-10-02,11.440
2013-10-03,11.443
2013-10-04,40.448
2013-10-05,46.383
2013-10-06,29.832
2013-10-07,11.328
2013-10-08,11.506
2013-10-09,11.355
2013-10-10,11.339
2013-10-11,11.316
2013-10-12,11.282
2013-10-13,11.293
2013-10-14,11.347
2013-10-15,11.185
2013-10-16,11.180
2013-10-17,11.212
2013-10-18,11.956
2013-10-19,11.578
2013-10-20,11.577
2013-10-21,11.866
2013-10-22,12.690
2013-10-23,12.279
2013-10-24,12.360
2013-10-25,12.355
2013-10-26,12.545
2013-10-27,12.521
2013-10-28,12.507
2013-10-29,12.437
2013-10-30,12.431
2013-10-31,12.723
2013-11-01,12.003
2013-11-02,26.512
2013-11-03,26.222
2013-11-04,11.973
2013-11-05,12.169
2013-11-06,12.439
2013-11-07,13.729
2013-11-08,12.300
2013-11-09,13.652
2013-11-10,13.579
2013-11-11,13.722
2013-11-12,13.759
2013-11-13,13.555
2013-11-14,13.509
2013-11-15,13.515
2013-11-16,13.519
2013-11-17,13.561
2013-11-18,13.561
2013-11-19,13.568
2013-11-20,13.567
2013-11-21,13.624
2013-11-22,13.617
2013-11-23,13.610
2013-11-24,13.643
2013-11-25,33.209
2013-11-26,40.720
2013-11-27,26.744
2013-11-28,13.297
2013-11-29,13.190
2013-11-30,13.220
2013-12-01,13.190
2013-12-02,26.763
2013-12-03,45.441
2013-12-04,44.831
2013-12-05,61.853
2013-12-06,49.996
2013-12-07,33.843
2013-12-08,33.098
2013-12-09,32.782
2013-12-10,42.446
2013-12-11,59.131
2013-12-12,55.116
2013-12-13,38.744
2013-12-14,38.296
2013-12-15,37.884
2013-12-16,36.238
2013-12-17,36.044
2013-12-18,35.207
2013-12-19,52.622
2013-12-20,48.879
2013-12-21,44.593
2013-12-22,36.941
2013-12-23,13.729
2013-12-24,13.660
2013-12-25,13.659
2013-12-26,13.707
2013-12-27,36.655
2013-12-28,34.380
2013-12-29,37.347
2013-12-30,33.669
2013-12-31,36.805
2014-01-01,35.413
2014-01-02,35.555
2014-01-03,17.947
2014-01-04,32.573
2014-01-05,34.553
2014-01-06,18.043
2014-01-07,18.038
2014-01-08,18.138
2014-01-09,18.056
2014-01-10,17.999
2014-01-11,17.972
2014-01-12,18.053
2014-01-13,18.113
2014-01-14,18.276
2014-01-15,18.215
2014-01-16,16.246
2014-01-17,13.550
2014-01-18,38.894
2014-01-19,27.071
2014-01-20,18.539
2014-01-21,18.360
2014-01-22,18.261
2014-01-23,35.840
2014-01-24,55.883
2014-01-25,61.379
2014-01-26,52.364
2014-01-27,27.213
2014-01-28,60.508
2014-01-29,59.638
2014-01-30,59.593
2014-01-31,59.117
2014-02-01,46.177
2014-02-02,41.650
2014-02-03,142.800
2014-02-04,156.806
2014-02-05,154.731
2014-02-06,154.141
2014-02-07,185.619
2014-02-08,159.339
2014-02-09,137.579
2014-02-10,193.393
2014-02-11,194.326
2014-02-12,191.570
2014-02-13,189.106
2014-02-14,186.158
2014-02-15,191.042
2014-02-16,143.504
2014-02-17,191.425
2014-02-18,191.754
2014-02-19,191.020
2014-02-20,191.491
2014-02-21,191.835
2014-02-22,176.158
2014-02-23,173.978
2014-02-24,192.521
2014-02-25,102.935
2014-02-26,122.654
2014-02-27,191.486
2014-02-28,191.551
2014-03-01,171.692
2014-03-02,167.770
2014-03-03,172.697
2014-03-04,129.728
2014-03-05,185.960
2014-03-06,176.845
2014-03-07,124.107
2014-03-08,18.470
2014-03-09,38.608
2014-03-10,35.263
2014-03-11,20.984
2014-03-12,35.744
2014-03-13,44.100
2014-03-14,40.738
2014-03-15,74.091
2014-03-16,120.917
2014-03-17,190.332
2014-03-18,153.981
2014-03-19,87.292
2014-03-20,55.355
2014-03-21,39.121
2014-03-22,43.287
2014-03-23,35.009
2014-03-24,46.622
2014-03-25,35.734
2014-03-26,85.091
2014-03-27,72.053
2014-03-28,64.727
2014-03-29,73.870
2014-03-30,113.285
2014-03-31,189.155
2014-04-01,55.397
2014-04-02,65.300
2014-04-03,71.082
2014-04-04,44.795
2014-04-05,40.833
2014-04-06,40.922
2014-04-07,40.851
2014-04-08,52.466
2014-04-09,101.694
2014-04-10,51.832
2014-04-11,186.487
2014-04-12,189.502
2014-04-13,187.851
2014-04-14,186.591
2014-04-15,104.906
2014-04-16,87.956
2014-04-17,53.832
2014-04-18,36.530
2014-04-19,36.257
2014-04-20,36.179
2014-04-21,36.101
2014-04-22,39.092
2014-04-23,93.342
2014-04-24,139.728
2014-04-25,35.602
2014-04-26,34.837
2014-04-27,34.734
2014-04-28,34.905
2014-04-29,96.518
2014-04-30,137.145
2014-05-01,149.007
2014-05-02,134.868
2014-05-03,45.330
2014-05-04,36.223
2014-05-05,40.990
2014-05-06,17.563
2014-05-07,35.851
2014-05-08,24.077
2014-05-09,17.639
2014-05-10,17.582
2014-05-11,17.525
2014-05-12,17.739
2014-05-13,82.602
2014-05-14,137.301
2014-05-15,137.286
2014-05-16,137.349
2014-05-17,142.753
2014-05-18,153.493
2014-05-19,152.978
2014-05-20,131.210
2014-05-21,15.611
2014-05-22,12.259
2014-05-23,12.216
2014-05-24,12.153
2014-05-25,12.218
2014-05-26,12.107
2014-05-27,12.110
2014-05-28,12.024
2014-05-29,12.218
2014-05-30,12.085
2014-05-31,12.107
2014-06-01,12.050
2014-06-02,12.128
2014-06-03,12.135
2014-06-04,12.112
2014-06-05,12.119
2014-06-06,12.142
2014-06-07,12.159
2014-06-08,12.156
2014-06-09,28.805
2014-06-10,24.563
2014-06-11,46.345
2014-06-12,49.161
2014-06-13,142.640
2014-06-14,190.553
2014-06-15,190.233
2014-06-16,189.973
2014-06-17,133.782
2014-06-18,123.661
2014-06-19,148.662
2014-06-20,156.556
2014-06-21,173.154
2014-06-22,185.424
2014-06-23,192.547
2014-06-24,193.872
2014-06-25,106.259
2014-06-26,18.058
2014-06-27,36.998
2014-06-28,103.677
2014-06-29,129.795
2014-06-30,104.837
2014-07-01,23.979
2014-07-02,22.252
2014-07-03,23.498
2014-07-04,70.802
2014-07-05,110.040
2014-07-06,109.038
2014-07-07,108.720
2014-07-08,146.363
2014-07-09,183.173
2014-07-10,182.112
2014-07-11,181.221
2014-07-12,155.873
2014-07-13,85.608
2014-07-14,72.068
2014-07-15,84.333
2014-07-16,146.676
2014-07-17,182.835
2014-07-18,158.616
2014-07-19,172.296
2014-07-20,187.919
2014-07-21,193.614
2014-07-22,192.138
2014-07-23,192.414
2014-07-24,192.243
2014-07-25,192.695
2014-07-26,192.621
2014-07-27,192.102
2014-07-28,193.630
2014-07-29,194.697
2014-07-30,187.853
2014-07-31,98.268
2014-08-01,26.948
2014-08-02,13.438
2014-08-03,12.802
2014-08-04,12.590
2014-08-05,12.486
2014-08-06,12.457
2014-08-07,12.452
2014-08-08,12.446
2014-08-09,12.411
2014-08-10,12.383
2014-08-11,12.548
2014-08-12,12.309
2014-08-13,11.877
2014-08-14,12.241
2014-08-15,31.582
2014-08-16,104.306
2014-08-17,149.826
2014-08-18,149.700
2014-08-19,181.317
2014-08-20,193.213
2014-08-21,194.328
2014-08-22,194.623
2014-08-23,195.545
2014-08-24,194.722
2014-08-25,193.914
2014-08-26,193.361
2014-08-27,193.859
2014-08-28,195.589
2014-08-29,196.104
2014-08-30,194.821
2014-08-31,153.108
2014-09-01,58.909
2014-09-02,58.310
2014-09-03,58.738
2014-09-04,58.426
2014-09-05,58.041
2014-09-06,58.208
2014-09-07,57.790
2014-09-08,105.321
2014-09-09,104.733
2014-09-10,104.699
2014-09-11,104.279
2014-09-12,88.186
2014-09-13,59.415
2014-09-14,59.051
2014-09-15,59.237
2014-09-16,59.285
2014-09-17,59.121
2014-09-18,58.949
2014-09-19,58.971
2014-09-20,59.077
2014-09-21,58.727
2014-09-22,59.024
2014-09-23,58.904
2014-09-24,58.855
2014-09-25,58.752
2014-09-26,58.878
2014-09-27,58.918
2014-09-28,58.691
2014-09-29,58.695
2014-09-30,58.585
2014-10-01,58.905
2014-10-02,58.855
2014-10-03,58.671
2014-10-04,58.532
2014-10-05,58.809
2014-10-06,58.006
2014-10-07,56.045
2014-10-08,56.276
2014-10-09,56.434
2014-10-10,56.394
2014-10-11,56.339
2014-10-12,56.473
2014-10-13,56.407
2014-10-14,56.198
2014-10-15,48.925
2014-10-16,16.828
2014-10-17,16.745
2014-10-18,16.825
2014-10-19,16.735
2014-10-20,16.762
2014-10-21,16.700
2014-10-22,16.858
2014-10-23,16.997
2014-10-24,16.997
2014-10-25,16.851
2014-10-26,16.850
2014-10-27,16.922
2014-10-28,23.379
2014-10-29,28.830
2014-10-30,24.383
2014-10-31,19.615
2014-11-01,31.158
2014-11-02,29.549
2014-11-03,7.614
2014-11-04,11.415
2014-11-05,11.382
2014-11-06,11.493
2014-11-07,11.407
2014-11-08,11.420
2014-11-09,11.401
2014-11-10,11.409
2014-11-11,11.432
2014-11-12,11.455
2014-11-13,26.045
2014-11-14,54.893
2014-11-15,52.197
2014-11-16,28.913
2014-11-17,55.097
2014-11-18,55.251
2014-11-19,55.371
2014-11-20,53.687
2014-11-21,37.067
2014-11-22,16.223
2014-11-23,16.110
2014-11-24,15.435
2014-11-25,12.547
2014-11-26,11.554
2014-11-27,11.551
2014-11-28,11.554
2014-11-29,11.497
2014-11-30,11.531
2014-12-01,11.520
2014-12-02,33.480
2014-12-03,53.858
2014-12-04,54.322
2014-12-05,58.906
2014-12-06,33.988
2014-12-07,46.609
2014-12-08,33.395
2014-12-09,44.003
2014-12-10,57.918
2014-12-11,44.664
2014-12-12,17.256
2014-12-13,27.391
2014-12-14,16.281
2014-12-15,25.256
2014-12-16,63.344
2014-12-17,64.128
2014-12-18,57.430
2014-12-19,26.303
2014-12-20,11.416
2014-12-21,11.355
2014-12-22,11.351
2014-12-23,11.355
2014-12-24,11.316
2014-12-25,11.378
2014-12-26,31.776
2014-12-27,11.593
2014-12-28,11.627
2014-12-29,33.335
2014-12-30,37.933
2014-12-31,12.693
2015-01-01,12.481
2015-01-02,12.445
2015-01-03,28.855
2015-01-04,54.901
2015-01-05,11.925
2015-01-06,29.336
2015-01-07,59.918
2015-01-08,59.504
2015-01-09,59.444
2015-01-10,64.891
2015-01-11,48.145
2015-01-12,12.672
2015-01-13,54.832
2015-01-14,58.668
2015-01-15,65.614
2015-01-16,60.196
2015-01-17,59.400
2015-01-18,50.819
2015-01-19,24.984
2015-01-20,48.542
2015-01-21,60.561
2015-01-22,63.591
2015-01-23,60.445
2015-01-24,69.005
2015-01-25,60.158
2015-01-26,63.514
2015-01-27,67.387
2015-01-28,70.014
2015-01-29,77.375
2015-01-30,95.841
2015-01-31,125.945
2015-02-01,131.292
2015-02-02,96.122
2015-02-03,33.730
2015-02-04,65.136
2015-02-05,64.583
2015-02-06,64.141
2015-02-07,38.761
2015-02-08,67.636
2015-02-09,64.408
2015-02-10,22.882
2015-02-11,55.571
2015-02-12,40.781
2015-02-13,98.768
2015-02-14,125.604
2015-02-15,135.689
2015-02-16,164.597
2015-02-17,162.753
2015-02-18,160.682
2015-02-19,158.748
2015-02-20,159.558
2015-02-21,110.385
2015-02-22,102.036
2015-02-23,186.372
2015-02-24,197.150
2015-02-25,196.076
2015-02-26,196.982
2015-02-27,195.169
2015-02-28,165.525
2015-03-01,41.202
2015-03-02,16.932
2015-03-03,28.323
2015-03-04,76.658
2015-03-05,42.878
2015-03-06,62.517
2015-03-07,72.288
2015-03-08,52.996
2015-03-09,33.648
2015-03-10,31.454
2015-03-11,30.808
2015-03-12,64.251
2015-03-13,66.870
2015-03-14,71.010
2015-03-15,73.089
2015-03-16,35.109
2015-03-17,45.688
2015-03-18,38.444
2015-03-19,38.330
2015-03-20,153.473
2015-03-21,103.489
2015-03-22,91.543
2015-03-23,153.423
2015-03-24,113.174
2015-03-25,130.289
2015-03-26,64.233
2015-03-27,105.460
2015-03-28,78.773
2015-03-29,82.949
2015-03-30,122.578
2015-03-31,133.439
2015-04-01,80.174
2015-04-02,47.883
2015-04-03,68.986
2015-04-04,59.747
2015-04-05,62.144
2015-04-06,70.231
2015-04-07,98.482
2015-04-08,86.681
2015-04-09,87.377
2015-04-10,87.636
2015-04-11,87.007
2015-04-12,71.452
2015-04-13,92.635
2015-04-14,175.645
2015-04-15,192.070
2015-04-16,178.719
2015-04-17,110.885
2015-04-18,69.321
2015-04-19,56.281
2015-04-20,36.353
2015-04-21,36.338
2015-04-22,23.937
2015-04-23,23.400
2015-04-24,23.551
2015-04-25,23.358
2015-04-26,18.960
2015-04-27,12.932
2015-04-28,12.816
2015-04-29,12.969
2015-04-30,15.755
2015-05-01,13.934
2015-05-02,13.872
2015-05-03,13.868
2015-05-04,13.905
2015-05-05,58.025
2015-05-06,45.289
2015-05-07,14.899
2015-05-08,14.101
2015-05-09,13.126
2015-05-10,13.121
2015-05-11,13.167
2015-05-12,13.216
2015-05-13,13.301
2015-05-14,13.319
2015-05-15,13.331
2015-05-16,13.284
2015-05-17,13.299
2015-05-18,13.315
2015-05-19,13.320
2015-05-20,13.290
2015-05-21,13.366
2015-05-22,13.360
2015-05-23,13.379
2015-05-24,13.367
2015-05-25,13.377
2015-05-26,13.412
2015-05-27,34.884
2015-05-28,74.329
2015-05-29,86.004
2015-05-30,115.021
2015-05-31,152.033
2015-06-01,175.469
2015-06-02,116.388
2015-06-03,97.867
2015-06-04,48.632
2015-06-05,30.653
2015-06-06,103.654
2015-06-07,123.719
2015-06-08,123.201
2015-06-09,63.316
2015-06-10,12.434
2015-06-11,12.400
2015-06-12,12.414
2015-06-13,12.376
2015-06-14,12.326
2015-06-15,12.304
2015-06-16,12.278
2015-06-17,81.205
2015-06-18,63.212
2015-06-19,12.921
2015-06-20,12.817
2015-06-21,18.783
2015-06-22,33.899
2015-06-23,97.214
2015-06-24,169.925
2015-06-25,187.328
2015-06-26,187.135
2015-06-27,186.717
2015-06-28,174.618
2015-06-29,136.049
2015-06-30,102.352
2015-07-01,100.879
2015-07-02,140.651
2015-07-03,77.939
2015-07-04,53.183
2015-07-05,53.240
2015-07-06,98.097
2015-07-07,145.890
2015-07-08,187.981
2015-07-09,187.769
2015-07-10,194.780
2015-07-11,196.090
2015-07-12,195.342
2015-07-13,197.005
2015-07-14,196.605
2015-07-15,195.826
2015-07-16,186.227
2015-07-17,160.127
2015-07-18,140.840
2015-07-19,164.675
2015-07-20,188.769
2015-07-21,190.533
2015-07-22,192.842
2015-07-23,192.659
2015-07-24,192.822
2015-07-25,190.810
2015-07-26,189.669
2015-07-27,188.319
2015-07-28,187.030
2015-07-29,188.497
2015-07-30,191.610
2015-07-31,137.211
2015-08-01,34.703
2015-08-02,56.797
2015-08-03,148.717
2015-08-04,121.756
2015-08-05,137.374
2015-08-06,158.307
2015-08-07,134.417
2015-08-08,75.991
2015-08-09,126.528
2015-08-10,186.368
2015-08-11,189.881
2015-08-12,192.793
2015-08-13,191.651
2015-08-14,130.006
2015-08-15,60.403
2015-08-16,43.924
2015-08-17,71.902
2015-08-18,88.752
2015-08-19,53.145
2015-08-20,66.367
2015-08-21,106.662
2015-08-22,74.302
2015-08-23,70.855
2015-08-24,82.822
2015-08-25,98.571
2015-08-26,120.003
2015-08-27,129.718
2015-08-28,139.021
2015-08-29,78.803
2015-08-30,74.537
2015-08-31,106.675
2015-09-01,56.023
2015-09-02,51.198
2015-09-03,34.085
2015-09-04,15.868
2015-09-05,11.870
2015-09-06,11.788
2015-09-07,11.738
2015-09-08,18.428
2015-09-09,28.266
2015-09-10,24.941
2015-09-11,16.685
2015-09-12,16.496
2015-09-13,16.564
2015-09-14,16.456
2015-09-15,16.438
2015-09-16,16.465
2015-09-17,16.416
2015-09-18,15.517
2015-09-19,11.719
2015-09-20,11.710
2015-09-21,13.448
2015-09-22,54.057
2015-09-23,57.480
2015-09-24,57.367
2015-09-25,57.275
2015-09-26,57.183
2015-09-27,56.974
2015-09-28,57.435
2015-09-29,57.684
2015-09-30,57.502
2015-10-01,57.486
2015-10-02,33.821
2015-10-03,33.456
2015-10-04,33.446
2015-10-05,33.594
2015-10-06,33.498
2015-10-07,16.432
2015-10-08,12.185
2015-10-09,12.127
2015-10-10,12.107
2015-10-11,12.050
2015-10-12,12.094
2015-10-13,12.121
2015-10-14,12.084
2015-10-15,12.100
2015-10-16,12.090
2015-10-17,12.169
2015-10-18,12.279
2015-10-19,12.217
2015-10-20,12.211
2015-10-21,12.183
2015-10-22,12.274
2015-10-23,12.288
2015-10-24,12.285
2015-10-25,12.291
2015-10-26,12.286
2015-10-27,12.396
2015-10-28,12.334
2015-10-29,12.407
2015-10-30,12.374
2015-10-31,12.383
2015-11-01,12.365
2015-11-02,11.592
2015-11-03,11.390
2015-11-04,11.342
2015-11-05,11.314
2015-11-06,11.316
2015-11-07,31.606
2015-11-08,69.360
2015-11-09,43.864
2015-11-10,57.750
2015-11-11,57.909
2015-11-12,55.350
2015-11-13,34.296
2015-11-14,35.087
2015-11-15,57.205
2015-11-16,57.777
2015-11-17,12.901
2015-11-18,12.390
2015-11-19,11.641
2015-11-20,11.627
2015-11-21,11.618
2015-11-22,11.578
2015-11-23,11.582
2015-11-24,11.593
2015-11-25,11.591
2015-11-26,11.632
2015-11-27,11.696
2015-11-28,11.704
2015-11-29,11.715
2015-11-30,11.751
2015-12-01,11.753
2015-12-02,11.771
2015-12-03,11.816
2015-12-04,11.845
2015-12-05,27.543
2015-12-06,35.208
2015-12-07,11.723
2015-12-08,11.664
2015-12-09,11.669
2015-12-10,12.022
2015-12-11,11.559
2015-12-12,11.547
2015-12-13,11.536
2015-12-14,11.526
2015-12-15,11.555
2015-12-16,11.554
2015-12-17,11.545
2015-12-18,11.565
2015-12-19,11.568
2015-12-20,11.564
2015-12-21,11.552
2015-12-22,24.971
2015-12-23,55.996
2015-12-24,25.982
2015-12-25,17.406
2015-12-26,38.682
2015-12-27,16.196
2015-12-28,35.031
2015-12-29,16.701
2015-12-30,49.031
2015-12-31,32.630
2016-01-01,19.596
2016-01-02,25.112
2016-01-03,49.669
2016-01-04,17.507
2016-01-05,41.921
2016-01-06,17.406
2016-01-07,31.466
2016-01-08,17.456
2016-01-09,17.319
2016-01-10,39.110
2016-01-11,17.397
2016-01-12,43.055
2016-01-13,17.610
2016-01-14,35.884
2016-01-15,17.553
2016-01-16,33.666
2016-01-17,17.690
2016-01-18,37.416
2016-01-19,55.824
2016-01-20,63.407
2016-01-21,46.153
2016-01-22,39.922
2016-01-23,17.653
2016-01-24,17.624
2016-01-25,17.732
2016-01-26,35.944
2016-01-27,37.573
2016-01-28,38.349
2016-01-29,40.390
2016-01-30,53.078
2016-01-31,14.056
2016-02-01,12.493
2016-02-02,12.203
2016-02-03,11.979
2016-02-04,11.595
2016-02-05,11.974
2016-02-06,27.833
2016-02-07,35.364
2016-02-08,11.634
2016-02-09,11.650
2016-02-10,11.721
2016-02-11,29.763
2016-02-12,37.747
2016-02-13,73.339
2016-02-14,103.778
2016-02-15,103.409
2016-02-16,63.769
2016-02-17,123.771
2016-02-18,59.121
2016-02-19,14.380
2016-02-20,12.027
2016-02-21,11.997
2016-02-22,27.130
2016-02-23,48.583
2016-02-24,28.124
2016-02-25,13.638
2016-02-26,13.743
2016-02-27,13.185
2016-02-28,12.811
2016-02-29,12.735
2016-03-01,24.702
2016-03-02,16.560
2016-03-03,24.327
2016-03-04,29.834
2016-03-05,32.098
2016-03-06,24.244
2016-03-07,11.783
2016-03-08,11.991
2016-03-09,11.944
2016-03-10,21.111
2016-03-11,12.776
2016-03-12,13.357
2016-03-13,12.762
2016-03-14,28.535
2016-03-15,52.434
2016-03-16,68.245
2016-03-17,71.659
2016-03-18,68.845
2016-03-19,52.796
2016-03-20,28.763
2016-03-21,29.033
2016-03-22,35.376
2016-03-23,26.207
2016-03-24,47.954
2016-03-25,13.324
2016-03-26,13.173
2016-03-27,13.115
2016-03-28,13.086
2016-03-29,13.083
2016-03-30,38.008
2016-03-31,30.757
2016-04-01,22.303
2016-04-02,38.626
2016-04-03,104.390
2016-04-04,134.134
2016-04-05,191.856
2016-04-06,188.837
2016-04-07,186.787
2016-04-08,184.004
2016-04-09,161.966
2016-04-10,94.564
2016-04-11,75.356
2016-04-12,64.750
2016-04-13,103.566
2016-04-14,111.276
2016-04-15,150.412
2016-04-16,149.281
2016-04-17,148.357
2016-04-18,162.569
2016-04-19,140.952
2016-04-20,86.643
2016-04-21,192.966
2016-04-22,193.489
2016-04-23,170.625
2016-04-24,193.502
2016-04-25,193.312
2016-04-26,193.584
2016-04-27,193.708
2016-04-28,191.405
2016-04-29,105.082
2016-04-30,149.589
2016-05-01,192.811
2016-05-02,192.649
2016-05-03,192.565
2016-05-04,192.206
2016-05-05,145.153
2016-05-06,58.434
2016-05-07,22.088
2016-05-08,68.359
2016-05-09,120.296
2016-05-10,156.142
2016-05-11,129.906
2016-05-12,24.634
2016-05-13,13.053
2016-05-14,12.970
2016-05-15,12.977
2016-05-16,12.988
2016-05-17,12.922
2016-05-18,12.977
2016-05-19,12.947
2016-05-20,12.964
2016-05-21,12.956
2016-05-22,12.953
2016-05-23,10.771
2016-05-24,6.065
2016-05-25,7.039
2016-05-26,47.139
2016-05-27,66.696
2016-05-28,43.033
2016-05-29,42.833
2016-05-30,34.436
2016-05-31,37.507
2016-06-01,83.216
2016-06-02,102.107
2016-06-03,115.758
2016-06-04,111.896
2016-06-05,102.343
2016-06-06,126.922
2016-06-07,169.355
2016-06-08,180.719
2016-06-09,189.484
2016-06-10,136.103
2016-06-11,16.611
2016-06-12,16.223
2016-06-13,16.043
2016-06-14,26.827
2016-06-15,55.664
2016-06-16,61.708
2016-06-17,50.571
2016-06-18,77.241
2016-06-19,108.892
2016-06-20,123.510
2016-06-21,111.064
2016-06-22,51.945
2016-06-23,33.685
2016-06-24,23.381
2016-06-25,20.594
2016-06-26,97.560
2016-06-27,133.440
2016-06-28,162.130
2016-06-29,184.417
2016-06-30,194.673
2016-07-01,194.889
2016-07-02,194.674
2016-07-03,193.485
2016-07-04,194.712
2016-07-05,192.912
2016-07-06,193.177
2016-07-07,193.321
2016-07-08,192.003
2016-07-09,190.947
2016-07-10,155.802
2016-07-11,66.356
2016-07-12,56.098
2016-07-13,64.237
2016-07-14,17.482
2016-07-15,17.341
2016-07-16,17.115
2016-07-17,30.567
2016-07-18,43.941
2016-07-19,43.810
2016-07-20,60.266
2016-07-21,84.470
2016-07-22,92.458
2016-07-23,103.903
2016-07-24,90.329
2016-07-25,76.398
2016-07-26,106.796
2016-07-27,113.178
2016-07-28,95.206
2016-07-29,94.839
2016-07-30,94.756
2016-07-31,94.402
2016-08-01,105.804
2016-08-02,127.998
2016-08-03,116.840
2016-08-04,74.670
2016-08-05,32.905
2016-08-06,12.742
2016-08-07,16.765
2016-08-08,61.519
2016-08-09,103.632
2016-08-10,82.547
2016-08-11,71.721
2016-08-12,75.440
2016-08-13,149.156
2016-08-14,146.119
2016-08-15,143.057
2016-08-16,143.121
2016-08-17,151.754
2016-08-18,181.102
2016-08-19,151.028
2016-08-20,112.682
2016-08-21,119.798
2016-08-22,140.168
2016-08-23,140.321
2016-08-24,157.497
2016-08-25,135.926
2016-08-26,74.293
2016-08-27,192.582
2016-08-28,191.298
2016-08-29,193.327
2016-08-30,192.507
2016-08-31,154.581
2016-09-01,56.250
2016-09-02,49.276
2016-09-03,35.085
2016-09-04,34.866
2016-09-05,34.824
2016-09-06,34.863
2016-09-07,25.894
2016-09-08,27.333
2016-09-09,74.700
2016-09-10,57.944
2016-09-11,57.726
2016-09-12,45.436
2016-09-13,35.381
2016-09-14,34.846
2016-09-15,34.764
2016-09-16,38.648
2016-09-17,45.655
2016-09-18,37.838
2016-09-19,35.115
2016-09-20,34.824
2016-09-21,34.567
2016-09-22,45.768
2016-09-23,57.148
2016-09-24,46.902
2016-09-25,43.625
2016-09-26,43.508
2016-09-27,43.429
2016-09-28,43.327
2016-09-29,43.124
2016-09-30,43.038
2016-10-01,39.658
2016-10-02,34.459
2016-10-03,34.555
2016-10-04,34.347
2016-10-05,34.443
2016-10-06,47.857
2016-10-07,58.354
2016-10-08,60.185
2016-10-09,59.772
2016-10-10,59.608
2016-10-11,34.833
2016-10-12,13.929
2016-10-13,11.239
2016-10-14,11.317
2016-10-15,11.203
2016-10-16,11.141
2016-10-17,11.167
2016-10-18,25.172
2016-10-19,25.247
2016-10-20,11.281
2016-10-21,11.256
2016-10-22,11.247
2016-10-23,11.229
2016-10-24,11.245
2016-10-25,45.715
2016-10-26,32.574
2016-10-27,31.069
2016-10-28,11.679
2016-10-29,11.574
2016-10-30,11.569
2016-10-31,20.256
2016-11-01,34.451
2016-11-02,50.751
2016-11-03,32.406
2016-11-04,18.900
2016-11-05,33.234
2016-11-06,64.001
2016-11-07,41.406
2016-11-08,16.800
2016-11-09,16.042
2016-11-10,11.615
2016-11-11,11.439
2016-11-12,11.430
2016-11-13,11.384
2016-11-14,11.397
2016-11-15,11.417
2016-11-16,11.377
2016-11-17,11.417
2016-11-18,11.380
2016-11-19,11.353
2016-11-20,11.358
2016-11-21,11.356
2016-11-22,11.391
2016-11-23,11.395
2016-11-24,11.453
2016-11-25,11.452
2016-11-26,11.469
2016-11-27,11.443
2016-11-28,11.456
2016-11-29,11.448
2016-11-30,11.535
2016-12-01,11.506
2016-12-02,11.517
2016-12-03,25.278
2016-12-04,11.784
2016-12-05,11.443
2016-12-06,11.439
2016-12-07,11.473
2016-12-08,12.523
2016-12-09,11.526
2016-12-10,11.203
2016-12-11,11.068
2016-12-12,11.187
2016-12-13,11.169
2016-12-14,11.172
2016-12-15,11.172
2016-12-16,11.169
2016-12-17,11.117
2016-12-18,11.137
2016-12-19,11.156
2016-12-20,11.163
2016-12-21,11.217
2016-12-22,11.239
2016-12-23,11.187
2016-12-24,11.195
2016-12-25,11.234
2016-12-26,11.182
2016-12-27,11.212
2016-12-28,11.176
2016-12-29,11.226
2016-12-30,11.165
2016-12-31,32.585
2017-01-01,11.749
2017-01-02,11.323
2017-01-03,31.816
2017-01-04,17.124
2017-01-05,37.561
2017-01-06,17.299
2017-01-07,30.538
2017-01-08,54.785
2017-01-09,17.307
2017-01-10,23.705
2017-01-11,52.712
2017-01-12,22.326
2017-01-13,13.507
2017-01-14,13.429
2017-01-15,56.885
2017-01-16,45.029
2017-01-17,45.086
2017-01-18,43.368
2017-01-19,14.579
2017-01-20,12.563
2017-01-21,12.717
2017-01-22,37.466
2017-01-23,28.527
2017-01-24,12.385
2017-01-25,11.669
2017-01-26,11.548
2017-01-27,11.537
2017-01-28,11.473
2017-01-29,11.411
2017-01-30,11.347
2017-01-31,11.422
2017-02-01,11.417
2017-02-02,11.411
2017-02-03,11.334
2017-02-04,33.614
2017-02-05,11.816
2017-02-06,11.452
2017-02-07,11.438
2017-02-08,11.384
2017-02-09,11.307
2017-02-10,11.439
2017-02-11,11.432
2017-02-12,11.382
2017-02-13,11.495
2017-02-14,11.622
2017-02-15,11.506
2017-02-16,11.669
2017-02-17,11.591
2017-02-18,11.479
2017-02-19,11.482
2017-02-20,38.077
2017-02-21,77.311
2017-02-22,126.126
2017-02-23,124.462
2017-02-24,89.594
2017-02-25,107.487
2017-02-26,125.333
2017-02-27,124.742
2017-02-28,152.127
2017-03-01,185.389
2017-03-02,184.904
2017-03-03,184.053
2017-03-04,86.710
2017-03-05,52.421
2017-03-06,44.978
2017-03-07,87.339
2017-03-08,122.297
2017-03-09,104.818
2017-03-10,127.202
2017-03-11,90.880
2017-03-12,72.827
2017-03-13,112.267
2017-03-14,170.448
2017-03-15,197.116
2017-03-16,197.368
2017-03-17,140.921
2017-03-18,13.539
2017-03-19,13.231
2017-03-20,13.105
2017-03-21,26.135
2017-03-22,60.669
2017-03-23,112.996
2017-03-24,191.592
2017-03-25,98.930
2017-03-26,110.097
2017-03-27,169.499
2017-03-28,196.495
2017-03-29,196.428
2017-03-30,69.440
2017-03-31,93.810
2017-04-01,93.231
2017-04-02,99.226
2017-04-03,123.008
2017-04-04,148.587
2017-04-05,183.990
2017-04-06,196.641
2017-04-07,185.617
2017-04-08,54.209
2017-04-09,53.315
2017-04-10,146.801
2017-04-11,146.210
2017-04-12,146.254
2017-04-13,107.677
2017-04-14,41.763
2017-04-15,34.887
2017-04-16,37.350
2017-04-17,80.531
2017-04-18,133.319
2017-04-19,162.102
2017-04-20,161.108
2017-04-21,134.180
2017-04-22,66.924
2017-04-23,66.428
2017-04-24,147.324
2017-04-25,146.385
2017-04-26,147.000
2017-04-27,147.351
2017-04-28,127.510
2017-04-29,66.969
2017-04-30,85.862
2017-05-01,104.898
2017-05-02,104.336
2017-05-03,72.848
2017-05-04,12.749
2017-05-05,14.365
2017-05-06,53.901
2017-05-07,82.644
2017-05-08,105.167
2017-05-09,53.837
2017-05-10,54.270
2017-05-11,61.791
2017-05-12,58.322
2017-05-13,69.407
2017-05-14,54.167
2017-05-15,96.169
2017-05-16,105.623
2017-05-17,85.505
2017-05-18,54.586
2017-05-19,29.867
2017-05-20,35.841
2017-05-21,54.278
2017-05-22,81.519
2017-05-23,81.225
2017-05-24,81.052
2017-05-25,81.127
2017-05-26,71.852
2017-05-27,36.054
2017-05-28,37.725
2017-05-29,74.189
2017-05-30,74.031
2017-05-31,73.963
2017-06-01,54.756
2017-06-02,43.881
2017-06-03,35.898
2017-06-04,35.994
2017-06-05,58.550
2017-06-06,83.698
2017-06-07,123.220
2017-06-08,104.017
2017-06-09,59.093
2017-06-10,35.093
2017-06-11,73.394
2017-06-12,126.014
2017-06-13,135.353
2017-06-14,140.212
2017-06-15,74.999
2017-06-16,94.926
2017-06-17,20.218
2017-06-18,12.221
2017-06-19,12.155
2017-06-20,11.965
2017-06-21,11.941
2017-06-22,12.003
2017-06-23,11.912
2017-06-24,11.864
2017-06-25,25.988
2017-06-26,59.981
2017-06-27,75.474
2017-06-28,75.050
2017-06-29,74.801
2017-06-30,52.843
2017-07-01,12.143
2017-07-02,32.813
2017-07-03,49.644
2017-07-04,53.159
2017-07-05,52.697
2017-07-06,52.588
2017-07-07,40.924
2017-07-08,11.896
2017-07-09,28.174
2017-07-10,66.156
2017-07-11,74.504
2017-07-12,88.631
2017-07-13,125.387
2017-07-14,98.593
2017-07-15,43.789
2017-07-16,38.027
2017-07-17,32.294
2017-07-18,32.369
2017-07-19,32.145
2017-07-20,31.903
2017-07-21,21.859
2017-07-22,11.758
2017-07-23,20.547
2017-07-24,38.161
2017-07-25,37.919
2017-07-26,43.949
2017-07-27,63.584
2017-07-28,82.071
2017-07-29,27.001
2017-07-30,33.201
2017-07-31,52.628
2017-08-01,52.427
2017-08-02,52.480
2017-08-03,51.979
2017-08-04,47.292
2017-08-05,23.399
2017-08-06,35.017
2017-08-07,52.601
2017-08-08,52.494
2017-08-09,52.383
2017-08-10,41.889
2017-08-11,17.066
2017-08-12,11.836
2017-08-13,11.723
2017-08-14,52.836
2017-08-15,52.588
2017-08-16,63.198
2017-08-17,79.364
2017-08-18,43.852
2017-08-19,16.506
2017-08-20,16.277
2017-08-21,52.895
2017-08-22,46.418
2017-08-23,37.537
2017-08-24,52.630
2017-08-25,52.612
2017-08-26,34.566
2017-08-27,34.419
2017-08-28,34.269
2017-08-29,23.121
2017-08-30,12.988
2017-08-31,13.003
2017-09-01,12.990
2017-09-02,12.904
2017-09-03,12.880
2017-09-04,22.660
2017-09-05,22.156
2017-09-06,12.853
2017-09-07,12.748
2017-09-08,12.728
2017-09-09,12.725
2017-09-10,12.699
2017-09-11,20.660
2017-09-12,17.153
2017-09-13,11.810
2017-09-14,11.818
2017-09-15,11.840
2017-09-16,11.860
2017-09-17,11.878
2017-09-18,11.901
2017-09-19,11.900
2017-09-20,11.923
2017-09-21,11.887
2017-09-22,11.918
2017-09-23,11.939
2017-09-24,11.961
2017-09-25,12.024
2017-09-26,12.093
2017-09-27,12.114
2017-09-28,12.088
2017-09-29,12.092
2017-09-30,12.146
2017-10-01,12.137
2017-10-02,12.146
2017-10-03,12.134
2017-10-04,12.171
2017-10-05,12.133
2017-10-06,11.843
2017-10-07,11.865
2017-10-08,12.031
2017-10-09,12.074
2017-10-10,15.130
2017-10-11,27.231
2017-10-12,45.176
2017-10-13,22.626
2017-10-14,11.923
2017-10-15,11.839
2017-10-16,11.864
2017-10-17,11.828
2017-10-18,11.856
2017-10-19,11.826
2017-10-20,11.842
2017-10-21,11.851
2017-10-22,11.841
2017-10-23,11.871
2017-10-24,11.830
2017-10-25,18.713
2017-10-26,35.034
2017-10-27,43.836
2017-10-28,43.681
2017-10-29,43.636
2017-10-30,53.958
2017-10-31,57.313
2017-11-01,56.967
2017-11-02,44.395
2017-11-03,27.819
2017-11-04,31.084
2017-11-05,71.089
2017-11-06,41.768
2017-11-07,57.738
2017-11-08,57.201
2017-11-09,38.764
2017-11-10,34.453
2017-11-11,34.073
2017-11-12,34.214
2017-11-13,43.649
2017-11-14,57.594
2017-11-15,57.377
2017-11-16,81.837
2017-11-17,57.815
2017-11-18,57.516
2017-11-19,72.065
2017-11-20,57.749
2017-11-21,57.790
2017-11-22,57.358
2017-11-23,57.378
2017-11-24,58.716
2017-11-25,60.811
2017-11-26,60.520
2017-11-27,60.924
2017-11-28,60.709
2017-11-29,60.320
2017-11-30,60.012
2017-12-01,59.775
2017-12-02,48.426
2017-12-03,94.814
2017-12-04,112.828
2017-12-05,171.759
2017-12-06,197.166
2017-12-07,196.519
2017-12-08,182.505
2017-12-09,89.856
2017-12-10,58.054
2017-12-11,58.067
2017-12-12,58.556
2017-12-13,61.227
2017-12-14,61.259
2017-12-15,61.002
2017-12-16,43.429
2017-12-17,33.138
2017-12-18,32.873
2017-12-19,33.153
2017-12-20,46.337
2017-12-21,59.759
2017-12-22,88.626
2017-12-23,11.771
2017-12-24,11.239
2017-12-25,11.161
2017-12-26,29.755
2017-12-27,16.800
2017-12-28,43.385
2017-12-29,27.709
2017-12-30,17.390
2017-12-31,12.109
2018-01-01,12.020
2018-01-02,54.596
2018-01-03,27.435
2018-01-04,14.441
2018-01-05,20.792
2018-01-06,33.067
2018-01-07,58.307
2018-01-08,16.097
2018-01-09,22.006
2018-01-10,46.359
2018-01-11,43.663
2018-01-12,32.904
2018-01-13,22.040
2018-01-14,22.095
2018-01-15,21.878
2018-01-16,27.882
2018-01-17,68.206
2018-01-18,57.388
2018-01-19,57.123
2018-01-20,57.181
2018-01-21,52.527
2018-01-22,18.344
2018-01-23,38.822
2018-01-24,44.575
2018-01-25,37.007
2018-01-26,39.753
2018-01-27,17.317
2018-01-28,12.275
2018-01-29,21.379
2018-01-30,16.765
2018-01-31,39.957
2018-02-01,12.681
2018-02-02,12.428
2018-02-03,25.780
2018-02-04,12.279
2018-02-05,12.161
2018-02-06,38.660
2018-02-07,9.192
2018-02-08,12.135
2018-02-09,22.898
2018-02-10,33.549
2018-02-11,24.621
2018-02-12,18.790
2018-02-13,58.769
2018-02-14,21.968
2018-02-15,17.251
2018-02-16,12.535
2018-02-17,12.515
2018-02-18,6.093
2018-02-19,12.135
2018-02-20,12.218
2018-02-21,12.162
2018-02-22,12.174
2018-02-23,12.176
2018-02-24,12.192
2018-02-25,12.226
2018-02-26,12.218
2018-02-27,12.223
2018-02-28,12.279
2018-03-01,12.318
2018-03-02,12.361
2018-03-03,12.341
2018-03-04,12.356
2018-03-05,12.401
2018-03-06,12.454
2018-03-07,12.394
2018-03-08,16.291
2018-03-09,12.488
2018-03-10,23.256
2018-03-11,25.159
2018-03-12,17.307
2018-03-13,27.740
2018-03-14,56.943
2018-03-15,27.812
2018-03-16,12.555
2018-03-17,33.860
2018-03-18,51.452
2018-03-19,80.671
2018-03-20,109.866
2018-03-21,95.590
2018-03-22,39.841
2018-03-23,34.825
2018-03-24,34.735
2018-03-25,34.374
2018-03-26,33.588
2018-03-27,33.698
2018-03-28,54.401
2018-03-29,12.818
2018-03-30,12.710
2018-03-31,12.630
2018-04-01,12.585
2018-04-02,12.508
2018-04-03,12.501
2018-04-04,31.113
2018-04-05,97.606
2018-04-06,87.699
2018-04-07,34.818
2018-04-08,46.201
2018-04-09,76.813
2018-04-10,134.798
2018-04-11,172.250
2018-04-12,196.974
2018-04-13,185.075
2018-04-14,142.409
2018-04-15,141.291
2018-04-16,103.500
2018-04-17,23.354
2018-04-18,12.804
2018-04-19,12.710
2018-04-20,12.559
2018-04-21,12.594
2018-04-22,14.156
2018-04-23,62.885
2018-04-24,73.626
2018-04-25,92.889
2018-04-26,113.768
2018-04-27,82.731
2018-04-28,34.365
2018-04-29,22.837
2018-04-30,12.320
2018-05-01,17.908
2018-05-02,21.949
2018-05-03,38.601
2018-05-04,44.952
2018-05-05,46.915
2018-05-06,22.291
2018-05-07,46.860
2018-05-08,62.904
2018-05-09,62.339
2018-05-10,75.750
2018-05-11,35.286
2018-05-12,35.351
2018-05-13,42.470
2018-05-14,80.881
2018-05-15,122.509
2018-05-16,120.940
2018-05-17,96.918
2018-05-18,85.961
2018-05-19,118.840
2018-05-20,83.896
2018-05-21,48.666
2018-05-22,40.783
2018-05-23,19.608
2018-05-24,13.962
2018-05-25,48.052
2018-05-26,55.291
2018-05-27,42.563
2018-05-28,103.819
2018-05-29,168.646
2018-05-30,189.984
2018-05-31,190.641
2018-06-01,173.582
2018-06-02,102.169
2018-06-03,111.110
2018-06-04,148.928
2018-06-05,197.361
2018-06-06,196.697
2018-06-07,195.820
2018-06-08,198.572
2018-06-09,167.110
2018-06-10,158.415
2018-06-11,194.390
2018-06-12,197.050
2018-06-13,196.453
2018-06-14,182.367
2018-06-15,121.071
2018-06-16,119.441
2018-06-17,120.669
2018-06-18,128.544
2018-06-19,168.151
2018-06-20,191.458
2018-06-21,196.395
2018-06-22,197.474
2018-06-23,173.680
2018-06-24,119.644
2018-06-25,146.264
2018-06-26,196.806
2018-06-27,194.686
2018-06-28,191.917
2018-06-29,146.750
2018-06-30,103.450
2018-07-01,115.865
2018-07-02,183.184
2018-07-03,178.969
2018-07-04,168.588
2018-07-05,185.462
2018-07-06,147.321
2018-07-07,44.056
2018-07-08,12.481
2018-07-09,12.343
2018-07-10,12.225
2018-07-11,12.050
2018-07-12,12.054
2018-07-13,11.970
2018-07-14,11.961
2018-07-15,11.951
2018-07-16,11.955
2018-07-17,11.953
2018-07-18,11.946
2018-07-19,11.932
2018-07-20,11.902
2018-07-21,11.983
2018-07-22,11.913
2018-07-23,11.905
2018-07-24,11.955
2018-07-25,11.934
2018-07-26,11.895
2018-07-27,11.891
2018-07-28,11.908
2018-07-29,11.881
2018-07-30,11.889
2018-07-31,11.867
2018-08-01,11.888
2018-08-02,11.850
2018-08-03,11.879
2018-08-04,15.655
2018-08-05,12.253
2018-08-06,18.911
2018-08-07,47.099
2018-08-08,69.371
2018-08-09,124.470
2018-08-10,163.225
2018-08-11,189.531
2018-08-12,174.081
2018-08-13,70.069
2018-08-14,105.159
2018-08-15,119.834
2018-08-16,101.803
2018-08-17,82.736
2018-08-18,71.463
2018-08-19,70.342
2018-08-20,106.295
2018-08-21,134.840
2018-08-22,152.779
2018-08-23,156.001
2018-08-24,134.258
2018-08-25,44.600
2018-08-26,46.992
2018-08-27,152.890
2018-08-28,176.431
2018-08-29,190.677
2018-08-30,191.048
2018-08-31,176.112
2018-09-01,55.819
2018-09-02,55.508
2018-09-03,59.207
2018-09-04,73.959
2018-09-05,94.100
2018-09-06,96.707
2018-09-07,97.614
2018-09-08,95.977
2018-09-09,93.435
2018-09-10,87.578
2018-09-11,55.620
2018-09-12,55.336
2018-09-13,55.258
2018-09-14,48.283
2018-09-15,22.636
2018-09-16,11.431
2018-09-17,11.412
2018-09-18,11.323
2018-09-19,11.232
2018-09-20,11.253
2018-09-21,11.225
2018-09-22,23.591
2018-09-23,25.322
2018-09-24,15.510
2018-09-25,20.908
2018-09-26,49.109
2018-09-27,55.300
2018-09-28,44.712
2018-09-29,21.381
2018-09-30,16.605
2018-10-01,11.701
2018-10-02,11.663
2018-10-03,11.574
2018-10-04,11.567
2018-10-05,11.584
2018-10-06,11.574
2018-10-07,11.632
2018-10-08,11.574
2018-10-09,11.554
2018-10-10,11.604
2018-10-11,11.669
2018-10-12,11.548
2018-10-13,11.478
2018-10-14,11.448
2018-10-15,21.097
2018-10-16,59.029
2018-10-17,58.828
2018-10-18,40.614
2018-10-19,11.543
2018-10-20,11.434
2018-10-21,11.401
2018-10-22,11.443
2018-10-23,11.417
2018-10-24,11.406
2018-10-25,11.511
2018-10-26,34.894
2018-10-27,11.600
2018-10-28,11.556
2018-10-29,11.552
2018-10-30,11.567
2018-10-31,11.513
2018-11-01,11.508
2018-11-02,18.028
2018-11-03,26.803
2018-11-04,11.658
2018-11-05,11.632
2018-11-06,11.664
2018-11-07,11.527
2018-11-08,11.595
2018-11-09,11.592
2018-11-10,11.579
2018-11-11,11.611
2018-11-12,11.574
2018-11-13,11.627
2018-11-14,11.583
2018-11-15,11.585
2018-11-16,11.631
2018-11-17,11.674
2018-11-18,11.657
2018-11-19,11.706
2018-11-20,11.820
2018-11-21,11.832
2018-11-22,11.758
2018-11-23,11.801
2018-11-24,11.770
2018-11-25,11.805
2018-11-26,11.789
2018-11-27,11.774
2018-11-28,11.811
2018-11-29,11.832
2018-11-30,11.829
2018-12-01,28.741
2018-12-02,11.777
2018-12-03,11.721
2018-12-04,11.716
2018-12-05,11.725
2018-12-06,11.773
2018-12-07,11.732
2018-12-08,11.754
2018-12-09,11.776
2018-12-10,11.832
2018-12-11,11.838
2018-12-12,11.853
2018-12-13,11.851
2018-12-14,11.843
2018-12-15,21.245
2018-12-16,16.634
2018-12-17,11.798
2018-12-18,11.758
2018-12-19,11.848
2018-12-20,11.798
2018-12-21,11.795
2018-12-22,11.864
2018-12-23,11.774
2018-12-24,11.789
2018-12-25,11.779
2018-12-26,11.855
2018-12-27,11.779
2018-12-28,11.806
2018-12-29,11.822
2018-12-30,11.918
2018-12-31,34.995
2019-01-01,12.152
2019-01-02,11.981
2019-01-03,35.669
2019-01-04,12.155
2019-01-05,29.295
2019-01-06,12.163
2019-01-07,11.987
2019-01-08,12.483
2019-01-09,31.454
2019-01-10,12.114
2019-01-11,12.008
2019-01-12,11.958
2019-01-13,11.974
2019-01-14,11.968
2019-01-15,12.006
2019-01-16,12.009
2019-01-17,11.993
2019-01-18,12.001
2019-01-19,12.104
2019-01-20,12.046
2019-01-21,12.056
2019-01-22,12.082
2019-01-23,38.676
2019-01-24,14.124
2019-01-25,12.228
2019-01-26,12.178
2019-01-27,12.215
2019-01-28,12.240
2019-01-29,12.207
2019-01-30,36.153
2019-01-31,12.248
2019-02-01,12.221
2019-02-02,22.110
2019-02-03,74.381
2019-02-04,55.186
2019-02-05,75.301
2019-02-06,90.687
2019-02-07,76.291
2019-02-08,75.822
2019-02-09,74.521
2019-02-10,99.592
2019-02-11,135.800
2019-02-12,199.528
2019-02-13,197.200
2019-02-14,195.034
2019-02-15,156.359
2019-02-16,134.733
2019-02-17,119.851
2019-02-18,152.969
2019-02-19,113.112
2019-02-20,22.618
2019-02-21,52.557
2019-02-22,94.086
2019-02-23,93.919
2019-02-24,93.757
2019-02-25,66.908
2019-02-26,84.603
2019-02-27,84.239
2019-02-28,68.092
2019-03-01,94.490
2019-03-02,53.367
2019-03-03,26.765
2019-03-04,188.655
2019-03-05,196.390
2019-03-06,196.365
2019-03-07,181.111
2019-03-08,85.936
2019-03-09,35.215
2019-03-10,60.264
2019-03-11,161.920
2019-03-12,162.248
2019-03-13,163.123
2019-03-14,162.370
2019-03-15,159.614
2019-03-16,54.127
2019-03-17,73.929
2019-03-18,133.037
2019-03-19,132.744
2019-03-20,132.362
2019-03-21,131.848
2019-03-22,131.516
2019-03-23,105.922
2019-03-24,124.707
2019-03-25,107.233
2019-03-26,46.938
2019-03-27,12.535
2019-03-28,16.513
2019-03-29,12.429
2019-03-30,27.363
2019-03-31,12.279
2019-04-01,12.251
2019-04-02,12.274
2019-04-03,12.268
2019-04-04,19.380
2019-04-05,18.532
2019-04-06,12.818
2019-04-07,37.867
2019-04-08,80.639
2019-04-09,65.645
2019-04-10,37.067
2019-04-11,12.591
2019-04-12,12.429
2019-04-13,12.434
2019-04-14,12.414
2019-04-15,12.387
2019-04-16,12.248
2019-04-17,12.190
2019-04-18,12.130
2019-04-19,12.064
2019-04-20,12.193
2019-04-21,12.542
2019-04-22,86.306
2019-04-23,67.205
2019-04-24,83.747
2019-04-25,72.615
2019-04-26,39.211
2019-04-27,18.629
2019-04-28,12.627
2019-04-29,20.997
2019-04-30,21.335
2019-05-01,30.351
2019-05-02,45.648
2019-05-03,40.722
2019-05-04,22.571
2019-05-05,28.295
2019-05-06,80.841
2019-05-07,115.401
2019-05-08,123.503
2019-05-09,115.943
2019-05-10,76.417
2019-05-11,55.933
2019-05-12,35.054
2019-05-13,12.658
2019-05-14,12.379
2019-05-15,12.261
2019-05-16,58.868
2019-05-17,113.451
2019-05-18,115.411
2019-05-19,71.839
2019-05-20,99.378
2019-05-21,124.502
2019-05-22,124.401
2019-05-23,140.625
2019-05-24,163.680
2019-05-25,163.333
2019-05-26,141.382
2019-05-27,64.657
2019-05-28,12.521
2019-05-29,12.312
2019-05-30,12.224
2019-05-31,12.163
2019-06-01,12.109
2019-06-02,11.967
2019-06-03,11.896
2019-06-04,12.090
2019-06-05,12.039
2019-06-06,11.848
2019-06-07,11.522
2019-06-08,11.482
2019-06-09,11.308
2019-06-10,25.800
2019-06-11,84.677
2019-06-12,84.388
2019-06-13,84.423
2019-06-14,84.057
2019-06-15,83.925
2019-06-16,83.110
2019-06-17,142.343
2019-06-18,198.850
2019-06-19,201.020
2019-06-20,201.271
2019-06-21,200.689
2019-06-22,201.929
2019-06-23,200.491
2019-06-24,199.327
2019-06-25,199.026
2019-06-26,200.242
2019-06-27,201.119
2019-06-28,201.039
2019-06-29,200.134
2019-06-30,201.144
2019-07-01,200.471
2019-07-02,199.251
2019-07-03,198.685
2019-07-04,184.587
2019-07-05,174.949
2019-07-06,180.273
2019-07-07,191.085
2019-07-08,199.661
2019-07-09,200.080
2019-07-10,198.824
2019-07-11,198.271
2019-07-12,197.722
2019-07-13,183.156
2019-07-14,89.930
2019-07-15,65.721
2019-07-16,131.391
2019-07-17,131.045
2019-07-18,130.717
2019-07-19,130.303
2019-07-20,129.720
2019-07-21,129.322
2019-07-22,139.104
2019-07-23,162.066
2019-07-24,188.319
2019-07-25,197.869
2019-07-26,184.476
2019-07-27,159.535
2019-07-28,183.317
2019-07-29,192.358
2019-07-30,192.430
2019-07-31,194.058
2019-08-01,192.714
2019-08-02,191.538
2019-08-03,190.284
2019-08-04,189.423
2019-08-05,190.384
2019-08-06,194.704
2019-08-07,195.316
2019-08-08,166.001
2019-08-09,108.202
2019-08-10,82.921
2019-08-11,93.750
2019-08-12,130.753
2019-08-13,102.367
2019-08-14,101.779
2019-08-15,101.910
2019-08-16,145.048
2019-08-17,93.003
2019-08-18,119.030
2019-08-19,174.221
2019-08-20,199.965
2019-08-21,178.959
2019-08-22,52.695
2019-08-23,52.344
2019-08-24,52.193
2019-08-25,51.961
2019-08-26,67.535
2019-08-27,77.693
2019-08-28,77.575
2019-08-29,59.089
2019-08-30,21.301
2019-08-31,21.125
2019-09-01,20.976
2019-09-02,20.986
2019-09-03,20.792
2019-09-04,20.786
2019-09-05,20.769
2019-09-06,20.557
2019-09-07,20.481
2019-09-08,34.969
2019-09-09,51.914
2019-09-10,51.836
2019-09-11,51.758
2019-09-12,51.807
2019-09-13,38.871
2019-09-14,21.090
2019-09-15,20.972
2019-09-16,20.950
2019-09-17,20.855
2019-09-18,20.662
2019-09-19,20.651
2019-09-20,18.326
2019-09-21,15.736
2019-09-22,15.771
2019-09-23,16.042
2019-09-24,15.849
2019-09-25,26.909
2019-09-26,42.973
2019-09-27,43.135
2019-09-28,43.010
2019-09-29,46.000
2019-09-30,65.745
2019-10-01,101.183
2019-10-02,105.580
2019-10-03,124.441
2019-10-04,99.697
2019-10-05,67.767
2019-10-06,45.046
2019-10-07,16.154
2019-10-08,16.049
2019-10-09,15.907
2019-10-10,11.787
2019-10-11,8.165
2019-10-12,10.826
2019-10-13,10.707
2019-10-14,10.723
2019-10-15,10.712
2019-10-16,10.697
2019-10-17,10.698
2019-10-18,10.759
2019-10-19,10.722
2019-10-20,10.714
2019-10-21,10.686
2019-10-22,10.682
2019-10-23,29.182
2019-10-24,58.566
2019-10-25,58.076
2019-10-26,47.930
2019-10-27,14.896
2019-10-28,10.514
2019-10-29,10.510
2019-10-30,42.629
2019-10-31,15.892
2019-11-01,15.661
2019-11-02,28.111
2019-11-03,23.959
2019-11-04,23.286
2019-11-05,43.135
2019-11-06,73.674
2019-11-07,63.330
2019-11-08,28.036
2019-11-09,11.736
2019-11-10,11.838
2019-11-11,11.776
2019-11-12,11.727
2019-11-13,11.739
2019-11-14,11.776
2019-11-15,11.795
2019-11-16,11.834
2019-11-17,11.816
2019-11-18,11.866
2019-11-19,11.927
2019-11-20,11.938
2019-11-21,11.931
2019-11-22,11.990
2019-11-23,11.923
2019-11-24,12.007
2019-11-25,12.050
2019-11-26,12.415
2019-11-27,11.706
2019-11-28,11.725
2019-11-29,11.767
2019-11-30,11.763
2019-12-01,11.764
2019-12-02,11.862
2019-12-03,11.866
2019-12-04,11.577
2019-12-05,10.811
2019-12-06,11.298
2019-12-07,11.266
2019-12-08,11.172
2019-12-09,11.032
2019-12-10,10.802
2019-12-11,10.667
2019-12-12,10.633
2019-12-13,11.099
2019-12-14,10.902
2019-12-15,10.789
2019-12-16,10.774
2019-12-17,10.769
2019-12-18,10.472
2019-12-19,10.913
2019-12-20,28.907
2019-12-21,57.397
2019-12-22,72.825
2019-12-23,57.921
2019-12-24,57.777
2019-12-25,57.018
2019-12-26,75.518
2019-12-27,54.363
2019-12-28,50.363
2019-12-29,58.908
2019-12-30,42.412
2019-12-31,22.355
2020-01-01,22.163
2020-01-02,50.714
2020-01-03,22.681
2020-01-04,30.512
2020-01-05,73.732
2020-01-06,22.717
2020-01-07,21.118
2020-01-08,17.261
2020-01-09,51.070
2020-01-10,15.849
2020-01-11,12.588
2020-01-12,49.393
2020-01-13,19.886
2020-01-14,22.790
2020-01-15,17.198
2020-01-16,16.878
2020-01-17,16.675
2020-01-18,16.444
2020-01-19,16.352
2020-01-20,33.439
2020-01-21,50.443
2020-01-22,53.632
2020-01-23,53.449
2020-01-24,53.414
2020-01-25,38.795
2020-01-26,23.947
2020-01-27,23.746
2020-01-28,33.943
2020-01-29,55.082
2020-01-30,58.500
2020-01-31,58.737
2020-02-01,35.067
2020-02-02,66.587
2020-02-03,16.922
2020-02-04,13.057
2020-02-05,14.091
2020-02-06,64.296
2020-02-07,149.533
2020-02-08,91.528
2020-02-09,43.897
2020-02-10,31.242
2020-02-11,31.099
2020-02-12,30.968
2020-02-13,30.837
2020-02-14,30.741
2020-02-15,30.644
2020-02-16,49.173
2020-02-17,73.256
2020-02-18,34.697
2020-02-19,22.963
2020-02-20,22.657
2020-02-21,77.833
2020-02-22,131.391
2020-02-23,34.528
2020-02-24,23.054
2020-02-25,22.857
2020-02-26,22.671
2020-02-27,22.728
2020-02-28,130.723
2020-02-29,200.967
2020-03-01,181.493
2020-03-02,123.605
2020-03-03,92.469
2020-03-04,54.849
2020-03-05,49.622
2020-03-06,54.200
2020-03-07,74.042
2020-03-08,64.077
2020-03-09,51.649
2020-03-10,37.061
2020-03-11,23.876
2020-03-12,23.736
2020-03-13,23.468
2020-03-14,31.090
2020-03-15,38.008
2020-03-16,25.881
2020-03-17,80.599
2020-03-18,127.561
2020-03-19,127.289
2020-03-20,94.586
2020-03-21,107.761
2020-03-22,110.749
2020-03-23,126.421
2020-03-24,158.157
2020-03-25,100.879
2020-03-26,13.741
2020-03-27,26.040
2020-03-28,45.244
2020-03-29,96.323
2020-03-30,104.113
2020-03-31,87.391
2020-04-01,86.971
2020-04-02,86.733
2020-04-03,86.551
2020-04-04,99.812
2020-04-05,173.944
2020-04-06,187.339
2020-04-07,189.968
2020-04-08,195.038
2020-04-09,163.547
2020-04-10,145.707
2020-04-11,161.626
2020-04-12,169.804
2020-04-13,45.861
2020-04-14,131.867
2020-04-15,194.881
2020-04-16,126.063
2020-04-17,86.585
2020-04-18,61.356
2020-04-19,36.056
2020-04-20,30.124
2020-04-21,18.424
2020-04-22,24.894
2020-04-23,49.926
2020-04-24,53.704
2020-04-25,41.680
2020-04-26,41.370
2020-04-27,41.451
2020-04-28,37.724
2020-04-29,23.644
2020-04-30,45.599
2020-05-01,45.194
2020-05-02,45.360
2020-05-03,45.329
2020-05-04,24.182
2020-05-05,15.539
2020-05-06,45.190
2020-05-07,54.811
2020-05-08,36.849
2020-05-09,43.085
2020-05-10,66.288
2020-05-11,106.184
2020-05-12,126.582
2020-05-13,196.218
2020-05-14,198.182
2020-05-15,197.041
2020-05-16,195.590
2020-05-17,194.639
2020-05-18,196.693
2020-05-19,195.657
2020-05-20,195.412
2020-05-21,173.214
2020-05-22,138.962
2020-05-23,120.342
2020-05-24,179.059
2020-05-25,196.762
2020-05-26,180.110
2020-05-27,172.430
2020-05-28,196.960
2020-05-29,196.090
2020-05-30,194.618
2020-05-31,194.560
2020-06-01,195.191
2020-06-02,194.412
2020-06-03,185.239
2020-06-04,167.790
2020-06-05,194.071
2020-06-06,193.127
2020-06-07,196.729
2020-06-08,183.957
2020-06-09,161.801
2020-06-10,194.196
2020-06-11,193.872
2020-06-12,192.557
2020-06-13,193.182
2020-06-14,193.287
2020-06-15,195.778
2020-06-16,185.407
2020-06-17,151.921
2020-06-18,120.263
2020-06-19,69.813
2020-06-20,35.332
2020-06-21,69.550
2020-06-22,103.997
2020-06-23,103.592
2020-06-24,103.387
2020-06-25,103.140
2020-06-26,147.202
2020-06-27,195.595
2020-06-28,194.618
2020-06-29,193.464
2020-06-30,192.285
2020-07-01,190.753
2020-07-02,189.595
2020-07-03,188.298
2020-07-04,163.447
2020-07-05,43.069
2020-07-06,17.179
2020-07-07,100.250
2020-07-08,121.704
2020-07-09,121.225
2020-07-10,87.740
2020-07-11,34.310
2020-07-12,16.818
2020-07-13,16.649
2020-07-14,66.612
2020-07-15,112.345
2020-07-16,111.781
2020-07-17,91.064
2020-07-18,52.739
2020-07-19,43.790
2020-07-20,28.603
2020-07-21,21.323
2020-07-22,14.000
2020-07-23,33.383
2020-07-24,63.020
2020-07-25,21.945
2020-07-26,56.573
2020-07-27,130.933
2020-07-28,140.191
2020-07-29,139.470
2020-07-30,126.524
2020-07-31,47.523
2020-08-01,19.192
2020-08-02,19.089
2020-08-03,23.809
2020-08-04,43.516
2020-08-05,28.684
2020-08-06,16.506
2020-08-07,26.315
2020-08-08,92.855
2020-08-09,67.954
2020-08-10,96.106
2020-08-11,158.202
2020-08-12,188.176
2020-08-13,191.835
2020-08-14,119.564
2020-08-15,154.916
2020-08-16,177.920
2020-08-17,187.499
2020-08-18,193.799
2020-08-19,195.575
2020-08-20,196.386
2020-08-21,195.166
2020-08-22,140.937
2020-08-23,126.129
2020-08-24,148.803
2020-08-25,148.791
2020-08-26,139.892
2020-08-27,126.906
2020-08-28,105.774
2020-08-29,84.191
2020-08-30,78.979
2020-08-31,78.803
2020-09-01,79.252
2020-09-02,78.991
2020-09-03,78.891
2020-09-04,78.658
2020-09-05,78.885
2020-09-06,78.979
2020-09-07,78.530
2020-09-08,78.748
2020-09-09,78.403
2020-09-10,78.883
2020-09-11,78.371
2020-09-12,78.690
2020-09-13,78.227
2020-09-14,78.403
2020-09-15,19.948
2020-09-16,12.321
2020-09-17,12.373
2020-09-18,12.268
2020-09-19,12.248
2020-09-20,12.262
2020-09-21,12.268
2020-09-22,12.240
2020-09-23,12.221
2020-09-24,12.023
2020-09-25,11.532
2020-09-26,11.478
2020-09-27,11.574
2020-09-28,11.058
2020-09-29,10.975
2020-09-30,10.919
2020-10-01,11.122
2020-10-02,10.898
2020-10-03,10.932
2020-10-04,10.960
2020-10-05,10.946
2020-10-06,10.988
2020-10-07,10.997
2020-10-08,11.036
2020-10-09,11.014
2020-10-10,11.005
2020-10-11,11.100
2020-10-12,11.115
2020-10-13,11.099
2020-10-14,10.976
2020-10-15,10.641
2020-10-16,10.610
2020-10-17,10.637
2020-10-18,10.624
2020-10-19,10.625
2020-10-20,10.616
2020-10-21,10.597
2020-10-22,10.616
2020-10-23,10.573
2020-10-24,10.626
2020-10-25,10.633
2020-10-26,10.735
2020-10-27,10.749
2020-10-28,10.654
2020-10-29,10.687
2020-10-30,10.676
2020-10-31,10.662
2020-11-01,10.708
2020-11-02,10.718
2020-11-03,10.663
2020-11-04,10.680
2020-11-05,10.688
2020-11-06,10.718
2020-11-07,22.963
2020-11-08,11.798
2020-11-09,11.354
2020-11-10,11.323
2020-11-11,11.260
2020-11-12,11.230
2020-11-13,11.182
2020-11-14,11.234
2020-11-15,11.216
2020-11-16,11.228
2020-11-17,11.432
2020-11-18,11.267
2020-11-19,11.335
2020-11-20,11.156
2020-11-21,42.030
2020-11-22,58.351
2020-11-23,57.947
2020-11-24,54.415
2020-11-25,44.098
2020-11-26,56.881
2020-11-27,34.808
2020-11-28,34.289
2020-11-29,46.091
2020-11-30,36.555
2020-12-01,33.370
2020-12-02,25.039
2020-12-03,12.028
2020-12-04,11.939
2020-12-05,34.291
2020-12-06,85.293
2020-12-07,57.532
2020-12-08,57.377
2020-12-09,57.607
2020-12-10,57.816
2020-12-11,57.757
2020-12-12,57.247
2020-12-13,48.076
2020-12-14,38.705
2020-12-15,38.677
2020-12-16,31.173
2020-12-17,16.640
2020-12-18,15.047
2020-12-19,12.017
2020-12-20,24.562
2020-12-21,44.703
2020-12-22,55.861
2020-12-23,67.293
2020-12-24,12.703
2020-12-25,12.143
2020-12-26,12.180
2020-12-27,54.502
2020-12-28,17.761
2020-12-29,17.497
2020-12-30,59.252
2020-12-31,24.765
2021-01-01,36.890
2021-01-02,30.649
2021-01-03,12.449
2021-01-04,12.484
2021-01-05,12.575
2021-01-06,12.472
2021-01-07,12.518
2021-01-08,12.540
2021-01-09,13.425
2021-01-10,61.040
2021-01-11,12.509
2021-01-12,12.223
2021-01-13,58.816
2021-01-14,34.692
2021-01-15,34.800
2021-01-16,34.715
2021-01-17,70.292
2021-01-18,14.799
2021-01-19,12.516
2021-01-20,12.374
2021-01-21,12.448
2021-01-22,12.407
2021-01-23,12.417
2021-01-24,12.429
2021-01-25,12.407
2021-01-26,13.940
2021-01-27,30.238
2021-01-28,38.905
2021-01-29,22.807
2021-01-30,27.500
2021-01-31,70.961
2021-02-01,55.412
2021-02-02,55.559
2021-02-03,52.088
2021-02-04,34.400
2021-02-05,29.663
2021-02-06,33.740
2021-02-07,61.654
2021-02-08,57.221
2021-02-09,19.065
2021-02-10,13.287
2021-02-11,13.070
2021-02-12,13.015
2021-02-13,46.886
2021-02-14,59.619
2021-02-15,81.780
2021-02-16,103.538
2021-02-17,60.966
2021-02-18,18.255
2021-02-19,39.990
2021-02-20,103.493
2021-02-21,103.523
2021-02-22,103.265
2021-02-23,103.031
2021-02-24,90.428
2021-02-25,104.202
2021-02-26,95.492
2021-02-27,76.044
2021-02-28,75.834
2021-03-01,106.784
2021-03-02,69.526
2021-03-03,61.059
2021-03-04,40.895
2021-03-05,29.698
2021-03-06,20.090
2021-03-07,19.988
2021-03-08,20.048
2021-03-09,28.477
2021-03-10,54.129
2021-03-11,36.689
2021-03-12,63.474
2021-03-13,35.998
2021-03-14,41.942
2021-03-15,53.406
2021-03-16,36.060
2021-03-17,51.881
2021-03-18,53.916
2021-03-19,56.177
2021-03-20,76.672
2021-03-21,102.424
2021-03-22,123.190
2021-03-23,129.612
2021-03-24,136.321
2021-03-25,119.385
2021-03-26,84.658
2021-03-27,18.231
2021-03-28,13.688
2021-03-29,53.041
2021-03-30,64.941
2021-03-31,64.914
2021-04-01,47.994
2021-04-02,36.212
2021-04-03,36.026
2021-04-04,36.086
2021-04-05,54.685
2021-04-06,73.523
2021-04-07,65.097
2021-04-08,71.176
2021-04-09,119.671
2021-04-10,119.513
2021-04-11,119.512
2021-04-12,82.795
2021-04-13,82.741
2021-04-14,82.836
2021-04-15,74.160
2021-04-16,65.496
2021-04-17,65.461
2021-04-18,65.322
2021-04-19,48.360
2021-04-20,18.481
2021-04-21,18.337
2021-04-22,18.412
2021-04-23,18.274
2021-04-24,18.377
2021-04-25,15.084
2021-04-26,13.560
2021-04-27,13.455
2021-04-28,82.768
2021-04-29,82.839
2021-04-30,83.036
2021-05-01,56.012
2021-05-02,55.798
2021-05-03,65.442
2021-05-04,74.751
2021-05-05,74.644
2021-05-06,74.878
2021-05-07,70.198
2021-05-08,39.100
2021-05-09,13.485
2021-05-10,13.404
2021-05-11,13.467
2021-05-12,13.428
2021-05-13,13.455
2021-05-14,13.677
2021-05-15,13.455
2021-05-16,22.584
2021-05-17,34.915
2021-05-18,34.776
2021-05-19,47.160
2021-05-20,71.291
2021-05-21,82.904
2021-05-22,83.167
2021-05-23,83.028
2021-05-24,92.364
2021-05-25,113.182
2021-05-26,118.958
2021-05-27,118.463
2021-05-28,129.900
2021-05-29,119.513
2021-05-30,119.496
2021-05-31,119.232
2021-06-01,105.304
2021-06-02,101.255
2021-06-03,108.412
2021-06-04,118.704
2021-06-05,118.404
2021-06-06,104.383
2021-06-07,102.142
2021-06-08,117.176
2021-06-09,118.544
2021-06-10,118.562
2021-06-11,118.374
2021-06-12,103.957
2021-06-13,78.847
2021-06-14,13.435
2021-06-15,13.254
2021-06-16,13.139
2021-06-17,13.137
2021-06-18,13.117
2021-06-19,13.100
2021-06-20,18.542
2021-06-21,38.279
2021-06-22,55.024
2021-06-23,54.960
2021-06-24,55.116
2021-06-25,38.355
2021-06-26,12.927
2021-06-27,12.855
2021-06-28,12.850
2021-06-29,12.804
2021-06-30,23.120
2021-07-01,77.376
2021-07-02,100.103
2021-07-03,99.905
2021-07-04,99.726
2021-07-05,99.622
2021-07-06,53.671
2021-07-07,13.532
2021-07-08,13.152
2021-07-09,13.077
2021-07-10,21.305
2021-07-11,40.149
2021-07-12,84.006
2021-07-13,128.276
2021-07-14,150.524
2021-07-15,134.877
2021-07-16,74.307
2021-07-17,18.139
2021-07-18,13.221
2021-07-19,13.099
2021-07-20,13.042
2021-07-21,21.581
2021-07-22,55.436
2021-07-23,54.804
2021-07-24,74.626
2021-07-25,74.406
2021-07-26,74.259
2021-07-27,89.924
2021-07-28,108.593
2021-07-29,126.131
2021-07-30,121.185
2021-07-31,121.022
2021-08-01,120.806
2021-08-02,83.040
2021-08-03,25.120
2021-08-04,44.870
2021-08-05,146.835
2021-08-06,197.276
2021-08-07,194.577
2021-08-08,193.293
2021-08-09,194.123
2021-08-10,193.588
2021-08-11,192.458
2021-08-12,191.864
2021-08-13,147.117
2021-08-14,92.640
2021-08-15,60.131
2021-08-16,85.864
2021-08-17,66.917
2021-08-18,28.158
2021-08-19,15.239
2021-08-20,15.013
2021-08-21,14.792
2021-08-22,14.633
2021-08-23,14.976
2021-08-24,14.860
2021-08-25,14.643
2021-08-26,14.508
2021-08-27,14.349
2021-08-28,14.092
2021-08-29,13.874
2021-08-30,13.587
2021-08-31,13.635
2021-09-01,28.012
2021-09-02,58.028
2021-09-03,58.135
2021-09-04,57.725
2021-09-05,57.858
2021-09-06,57.450
2021-09-07,57.519
2021-09-08,42.978
2021-09-09,19.797
2021-09-10,15.509
2021-09-11,13.205
2021-09-12,13.141
2021-09-13,13.272
2021-09-14,12.802
2021-09-15,12.386
2021-09-16,12.885
2021-09-17,12.793
2021-09-18,12.669
2021-09-19,12.764
2021-09-20,12.740
2021-09-21,12.502
2021-09-22,12.461
2021-09-23,12.423
2021-09-24,12.596
2021-09-25,13.175
2021-09-26,13.097
2021-09-27,13.065
2021-09-28,13.056
2021-09-29,12.703
2021-09-30,12.869
2021-10-01,12.495
2021-10-02,12.528
2021-10-03,12.474
2021-10-04,23.466
2021-10-05,52.209
2021-10-06,57.934
2021-10-07,39.950
2021-10-08,80.768
2021-10-09,81.078
2021-10-10,81.285
2021-10-11,68.722
2021-10-12,38.791
2021-10-13,58.711
2021-10-14,57.989
2021-10-15,58.132
2021-10-16,58.066
2021-10-17,58.098
2021-10-18,67.948
2021-10-19,82.266
2021-10-20,82.318
2021-10-21,82.236
2021-10-22,82.025
2021-10-23,81.882
2021-10-24,81.645
2021-10-25,81.713
2021-10-26,81.466
2021-10-27,65.215
2021-10-28,80.907
2021-10-29,75.925
2021-10-30,81.176
2021-10-31,81.170
2021-11-01,83.939
2021-11-02,124.603
2021-11-03,89.154
2021-11-04,124.542
2021-11-05,124.252
2021-11-06,62.893
2021-11-07,124.644
2021-11-08,134.094
2021-11-09,143.640
2021-11-10,142.965
2021-11-11,139.737
2021-11-12,140.126
2021-11-13,123.743
2021-11-14,105.985
2021-11-15,96.376
2021-11-16,87.432
2021-11-17,67.387
2021-11-18,53.414
2021-11-19,59.437
2021-11-20,59.398
2021-11-21,80.482
2021-11-22,36.549
2021-11-23,42.694
2021-11-24,36.489
2021-11-25,36.287
2021-11-26,36.420
2021-11-27,36.465
2021-11-28,36.371
2021-11-29,36.542
2021-11-30,35.578
2021-12-01,35.133
2021-12-02,35.003
2021-12-03,35.143
2021-12-04,35.040
2021-12-05,74.037
2021-12-06,23.932
2021-12-07,29.322
2021-12-08,43.163
2021-12-09,51.117
2021-12-10,58.866
2021-12-11,83.770
2021-12-12,116.554
2021-12-13,107.532
2021-12-14,87.511
2021-12-15,67.472
2021-12-16,107.458
2021-12-17,114.804
2021-12-18,24.816
2021-12-19,13.863
2021-12-20,13.851
2021-12-21,13.762
2021-12-22,15.641
2021-12-23,13.746
2021-12-24,13.755
2021-12-25,13.793
2021-12-26,41.414
2021-12-27,29.038
2021-12-28,50.227
2021-12-29,55.218
2021-12-30,65.373
2021-12-31,35.753
2022-01-01,30.706
2022-01-02,91.533
2022-01-03,86.366
2022-01-04,97.233
2022-01-05,97.321
2022-01-06,102.708
2022-01-07,56.832
2022-01-08,104.076
2022-01-09,120.684
2022-01-10,112.936
2022-01-11,81.643
2022-01-12,97.042
2022-01-13,113.990
2022-01-14,126.809
2022-01-15,127.435
2022-01-16,127.842
2022-01-17,127.254
2022-01-18,126.724
2022-01-19,134.771
2022-01-20,135.240
2022-01-21,131.747
2022-01-22,126.418
2022-01-23,127.134
2022-01-24,107.569
2022-01-25,87.122
2022-01-26,74.627
2022-01-27,92.050
2022-01-28,97.559
2022-01-29,125.522
2022-01-30,126.888
2022-01-31,126.826
2022-02-01,126.146
2022-02-02,126.536
2022-02-03,83.124
2022-02-04,26.836
2022-02-05,28.270
2022-02-06,13.980
2022-02-07,13.804
2022-02-08,13.798
2022-02-09,25.046
2022-02-10,24.194
2022-02-11,13.769
2022-02-12,23.981
2022-02-13,13.822
2022-02-14,13.744
2022-02-15,21.680
2022-02-16,28.488
2022-02-17,24.453
2022-02-18,13.746
2022-02-19,13.839
2022-02-20,13.734
2022-02-21,19.182
2022-02-22,24.243
2022-02-23,26.180
2022-02-24,80.141
2022-02-25,194.712
2022-02-26,147.086
2022-02-27,155.174
2022-02-28,192.210
2022-03-01,179.683
2022-03-02,55.427
2022-03-03,17.372
2022-03-04,17.739
2022-03-05,17.618
2022-03-06,30.765
2022-03-07,51.351
2022-03-08,88.584
2022-03-09,195.512
2022-03-10,195.469
2022-03-11,196.190
2022-03-12,147.456
2022-03-13,42.855
2022-03-14,30.505
2022-03-15,27.286
2022-03-16,36.086
2022-03-17,36.037
2022-03-18,35.694
2022-03-19,45.050
2022-03-20,39.053
2022-03-21,39.243
2022-03-22,39.130
2022-03-23,73.665
2022-03-24,111.515
2022-03-25,148.642
2022-03-26,155.508
2022-03-27,154.522
2022-03-28,167.704
2022-03-29,196.420
2022-03-30,196.219
2022-03-31,195.096
2022-04-01,194.643
2022-04-02,121.371
2022-04-03,120.486
2022-04-04,90.457
2022-04-05,144.509
2022-04-06,90.654
2022-04-07,113.519
2022-04-08,58.901
2022-04-09,37.244
2022-04-10,37.020
2022-04-11,36.981
2022-04-12,71.041
2022-04-13,85.295
2022-04-14,35.645
2022-04-15,20.731
2022-04-16,20.528
2022-04-17,20.444
2022-04-18,94.247
2022-04-19,46.553
2022-04-20,46.200
2022-04-21,30.380
2022-04-22,19.176
2022-04-23,19.069
2022-04-24,18.954
2022-04-25,42.194
2022-04-26,109.808
2022-04-27,97.971
2022-04-28,87.921
2022-04-29,19.568
2022-04-30,19.256
2022-05-01,25.283
2022-05-02,54.812
2022-05-03,91.130
2022-05-04,101.014
2022-05-05,110.842
2022-05-06,106.361
2022-05-07,87.118
2022-05-08,87.391
2022-05-09,96.525
2022-05-10,120.373
2022-05-11,129.507
2022-05-12,151.542
2022-05-13,184.058
2022-05-14,189.582
2022-05-15,172.696
2022-05-16,187.225
2022-05-17,196.835
2022-05-18,137.060
2022-05-19,36.408
2022-05-20,21.105
2022-05-21,42.754
2022-05-22,70.328
2022-05-23,33.173
2022-05-24,35.058
2022-05-25,73.494
2022-05-26,98.085
2022-05-27,124.348
2022-05-28,154.196
2022-05-29,43.551
2022-05-30,95.138
2022-05-31,129.057
2022-06-01,18.303
2022-06-02,25.206
2022-06-03,77.349
2022-06-04,77.342
2022-06-05,77.281
2022-06-06,77.261
2022-06-07,77.146
2022-06-08,61.969
2022-06-09,33.086
2022-06-10,25.994
2022-06-11,11.945
2022-06-12,12.044
2022-06-13,11.955
2022-06-14,11.910
2022-06-15,11.886
2022-06-16,23.376
2022-06-17,42.586
2022-06-18,32.964
2022-06-19,47.611
2022-06-20,141.810
2022-06-21,192.513
2022-06-22,191.697
2022-06-23,191.097
2022-06-24,190.440
2022-06-25,179.780
2022-06-26,152.058
2022-06-27,136.584
2022-06-28,124.743
2022-06-29,134.355
2022-06-30,162.672
2022-07-01,147.680
2022-07-02,102.104
2022-07-03,24.632
2022-07-04,30.553
2022-07-05,58.307
2022-07-06,58.655
2022-07-07,58.252
2022-07-08,57.875
2022-07-09,58.017
2022-07-10,57.704
2022-07-11,81.266
2022-07-12,90.752
2022-07-13,50.479
2022-07-14,17.313
2022-07-15,76.543
2022-07-16,147.888
2022-07-17,138.096
2022-07-18,28.550
2022-07-19,13.229
2022-07-20,12.880
2022-07-21,12.647
2022-07-22,12.301
2022-07-23,11.851
2022-07-24,11.798
2022-07-25,11.945
2022-07-26,11.910
2022-07-27,11.886
2022-07-28,11.857
2022-07-29,11.852
2022-07-30,11.827
2022-07-31,11.803
2022-08-01,11.816
2022-08-02,12.068
2022-08-03,12.137
2022-08-04,12.085
2022-08-05,12.144
2022-08-06,12.330
2022-08-07,12.401
2022-08-08,12.324
2022-08-09,12.452
2022-08-10,12.142
2022-08-11,12.098
2022-08-12,12.083
2022-08-13,12.038
2022-08-14,12.039
2022-08-15,12.028
2022-08-16,12.033
2022-08-17,12.043
2022-08-18,12.205
2022-08-19,12.217
2022-08-20,12.399
2022-08-21,12.350
2022-08-22,12.336
2022-08-23,12.365
2022-08-24,12.550
2022-08-25,12.294
2022-08-26,12.211
2022-08-27,36.101
2022-08-28,39.232
2022-08-29,12.404
2022-08-30,21.440
2022-08-31,32.495
2022-09-01,32.321
2022-09-02,43.514
2022-09-03,86.752
2022-09-04,86.760
2022-09-05,86.538
2022-09-06,99.519
2022-09-07,126.645
2022-09-08,126.415
2022-09-09,126.093
2022-09-10,118.197
2022-09-11,66.592
2022-09-12,44.371
2022-09-13,30.705
2022-09-14,48.069
2022-09-15,90.572
2022-09-16,106.381
2022-09-17,106.096
2022-09-18,105.626
2022-09-19,105.588
2022-09-20,105.192
2022-09-21,104.724
2022-09-22,101.021
2022-09-23,71.266
2022-09-24,21.777
2022-09-25,21.686
2022-09-26,21.412
2022-09-27,65.230
2022-09-28,87.338
2022-09-29,75.504
2022-09-30,34.021
2022-10-01,12.559
2022-10-02,12.437
2022-10-03,37.921
2022-10-04,55.614
2022-10-05,56.518
2022-10-06,94.125
2022-10-07,106.459
2022-10-08,83.482
2022-10-09,56.576
2022-10-10,37.500
2022-10-11,33.049
2022-10-12,46.136
2022-10-13,40.678
2022-10-14,42.082
2022-10-15,21.834
2022-10-16,21.746
2022-10-17,35.887
2022-10-18,56.834
2022-10-19,51.203
2022-10-20,57.117
2022-10-21,56.785
2022-10-22,56.293
2022-10-23,39.187
2022-10-24,21.761
2022-10-25,51.107
2022-10-26,44.787
2022-10-27,10.226
2022-10-28,13.149
2022-10-29,12.900
2022-10-30,13.210
2022-10-31,22.995
2022-11-01,12.494
2022-11-02,12.579
2022-11-03,12.556
2022-11-04,27.839
2022-11-05,31.419
2022-11-06,127.573
2022-11-07,127.195
2022-11-08,130.419
2022-11-09,155.284
2022-11-10,180.857
2022-11-11,187.892
2022-11-12,190.292
2022-11-13,189.150
2022-11-14,187.864
2022-11-15,187.497
2022-11-16,171.326
2022-11-17,146.492
2022-11-18,117.891
2022-11-19,76.141
2022-11-20,57.648
2022-11-21,85.990
2022-11-22,107.466
2022-11-23,107.510
2022-11-24,107.997
2022-11-25,108.129
2022-11-26,107.851
2022-11-27,107.829
2022-11-28,96.576
2022-11-29,77.726
2022-11-30,61.388
2022-12-01,58.174
2022-12-02,57.672
2022-12-03,37.598
2022-12-04,64.737
2022-12-05,36.456
2022-12-06,36.364
2022-12-07,37.101
2022-12-08,30.289
2022-12-09,34.995
2022-12-10,34.920
2022-12-11,45.459
2022-12-12,51.387
2022-12-13,59.062
2022-12-14,59.003
2022-12-15,58.976
2022-12-16,58.823
2022-12-17,40.844
2022-12-18,34.546
2022-12-19,34.416
2022-12-20,45.530
2022-12-21,56.377
2022-12-22,56.545
2022-12-23,71.447
2022-12-24,56.321
2022-12-25,85.537
2022-12-26,56.447
2022-12-27,56.237
2022-12-28,51.281
2022-12-29,78.947
2022-12-30,47.122
2022-12-31,40.446
2023-01-01,69.600
2023-01-02,34.631
2023-01-03,34.415
2023-01-04,39.176
2023-01-05,73.828
2023-01-06,39.607
2023-01-07,29.658
2023-01-08,71.101
2023-01-09,34.695
2023-01-10,34.611
2023-01-11,37.485
2023-01-12,73.545
2023-01-13,35.137
2023-01-14,34.892
2023-01-15,56.317
2023-01-16,17.145
2023-01-17,17.028
2023-01-18,35.834
2023-01-19,61.928
2023-01-20,16.975
2023-01-21,39.269
2023-01-22,80.422
2023-01-23,74.381
2023-01-24,107.724
2023-01-25,128.017
2023-01-26,105.926
2023-01-27,59.089
2023-01-28,58.609
2023-01-29,86.669
2023-01-30,64.455
2023-01-31,88.689
2023-02-01,156.412
2023-02-02,196.240
2023-02-03,172.051
2023-02-04,29.555
2023-02-05,96.534
2023-02-06,16.419
2023-02-07,12.900
2023-02-08,12.928
2023-02-09,12.713
2023-02-10,12.654
2023-02-11,12.599
2023-02-12,12.569
2023-02-13,23.400
2023-02-14,37.228
2023-02-15,100.065
2023-02-16,187.742
2023-02-17,186.838
2023-02-18,185.523
2023-02-19,154.029
2023-02-20,122.168
2023-02-21,63.063
2023-02-22,64.094
2023-02-23,127.062
2023-02-24,74.881
2023-02-25,22.491
2023-02-26,34.671
2023-02-27,72.206
2023-02-28,102.797
2023-03-01,177.847
2023-03-02,112.126
2023-03-03,125.852
2023-03-04,185.985
2023-03-05,185.203
2023-03-06,184.163
2023-03-07,106.636
2023-03-08,105.713
2023-03-09,185.386
2023-03-10,184.545
2023-03-11,184.010
2023-03-12,154.569
2023-03-13,128.452
2023-03-14,186.034
2023-03-15,185.644
2023-03-16,129.180
2023-03-17,95.786
2023-03-18,115.924
2023-03-19,105.416
2023-03-20,22.912
2023-03-21,13.495
2023-03-22,13.271
2023-03-23,13.204
2023-03-24,13.174
2023-03-25,13.162
2023-03-26,13.128
2023-03-27,9.036
2023-03-28,8.267
2023-03-29,8.207
2023-03-30,7.845
2023-03-31,38.440
2023-04-01,67.047
2023-04-02,17.162
2023-04-03,71.085
2023-04-04,106.868
2023-04-05,96.092
2023-04-06,17.308
2023-04-07,17.007
2023-04-08,55.397
2023-04-09,62.086
2023-04-10,84.363
2023-04-11,33.544
2023-04-12,54.524
2023-04-13,54.646
2023-04-14,54.662
2023-04-15,160.228
2023-04-16,129.075
2023-04-17,34.342
2023-04-18,121.546
2023-04-19,145.214
2023-04-20,145.088
2023-04-21,144.940
2023-04-22,144.426
2023-04-23,144.448
2023-04-24,143.805
2023-04-25,159.128
2023-04-26,162.062
2023-04-27,194.402
2023-04-28,198.851
2023-04-29,197.614
2023-04-30,196.489
2023-05-01,193.859
2023-05-02,191.726
2023-05-03,191.056
2023-05-04,174.400
2023-05-05,103.747
2023-05-06,54.946
2023-05-07,34.001
2023-05-08,13.122
2023-05-09,13.014
2023-05-10,13.032
2023-05-11,12.956
2023-05-12,12.890
2023-05-13,12.845
2023-05-14,12.820
2023-05-15,12.817
2023-05-16,12.794
2023-05-17,12.755
2023-05-18,12.769
2023-05-19,12.749
2023-05-20,12.699
2023-05-21,12.641
2023-05-22,12.604
2023-05-23,12.635
2023-05-24,12.609
2023-05-25,12.593
2023-05-26,12.635
2023-05-27,12.599
2023-05-28,12.619
2023-05-29,12.671
2023-05-30,12.713
2023-05-31,12.724
2023-06-01,12.704
2023-06-02,12.729
2023-06-03,12.734
2023-06-04,12.820
2023-06-05,12.779
2023-06-06,12.749
2023-06-07,12.757
2023-06-08,12.774
2023-06-09,12.779
2023-06-10,12.804
2023-06-11,12.761
2023-06-12,12.764
2023-06-13,12.810
2023-06-14,36.383
2023-06-15,71.737
2023-06-16,92.022
2023-06-17,69.666
2023-06-18,77.294
2023-06-19,128.609
2023-06-20,160.694
2023-06-21,182.048
2023-06-22,195.731
2023-06-23,197.340
2023-06-24,196.539
2023-06-25,175.677
2023-06-26,189.045
2023-06-27,196.910
2023-06-28,195.990
2023-06-29,195.941
2023-06-30,196.239
2023-07-01,194.998
2023-07-02,195.127
2023-07-03,196.472
2023-07-04,128.829
2023-07-05,88.093
2023-07-06,192.250
2023-07-07,195.985
2023-07-08,195.620
2023-07-09,194.625
2023-07-10,196.191
2023-07-11,182.452
2023-07-12,182.623
2023-07-13,191.525
2023-07-14,168.873
2023-07-15,124.772
2023-07-16,124.536
2023-07-17,154.298
2023-07-18,154.161
2023-07-19,123.527
2023-07-20,130.668
2023-07-21,162.726
2023-07-22,142.804
2023-07-23,154.817
2023-07-24,166.773
2023-07-25,165.802
2023-07-26,180.136
2023-07-27,190.471
2023-07-28,182.442
2023-07-29,142.077
2023-07-30,139.179
2023-07-31,151.729
2023-08-01,151.463
2023-08-02,105.817
2023-08-03,105.326
2023-08-04,105.207
2023-08-05,97.976
2023-08-06,58.135
2023-08-07,81.417
2023-08-08,127.215
2023-08-09,126.960
2023-08-10,156.353
2023-08-11,159.275
2023-08-12,119.129
2023-08-13,114.644
2023-08-14,133.550
2023-08-15,146.367
2023-08-16,163.272
2023-08-17,179.993
2023-08-18,171.856
2023-08-19,119.488
2023-08-20,105.382
2023-08-21,141.971
2023-08-22,141.127
2023-08-23,137.092
2023-08-24,132.625
2023-08-25,132.392
2023-08-26,132.145
2023-08-27,131.802
2023-08-28,150.969
2023-08-29,170.666
2023-08-30,118.050
2023-08-31,55.294
2023-09-01,54.832
2023-09-02,40.917
2023-09-03,34.485
2023-09-04,34.387
2023-09-05,34.239
2023-09-06,34.247
2023-09-07,34.219
2023-09-08,25.706
2023-09-09,12.474
2023-09-10,12.384
2023-09-11,12.336
2023-09-12,12.294
2023-09-13,12.236
2023-09-14,18.475
2023-09-15,30.859
2023-09-16,24.056
2023-09-17,12.424
2023-09-18,12.354
2023-09-19,12.345
2023-09-20,12.420
2023-09-21,12.645
2023-09-22,12.711
2023-09-23,11.530
2023-09-24,11.429
2023-09-25,11.396
2023-09-26,11.379
2023-09-27,11.362
2023-09-28,11.347
2023-09-29,11.290
2023-09-30,11.251
2023-10-01,11.285
2023-10-02,11.310
2023-10-03,11.299
2023-10-04,11.333
2023-10-05,11.376
2023-10-06,11.439
2023-10-07,11.986
2023-10-08,12.653
2023-10-09,12.623
2023-10-10,12.612
2023-10-11,12.629
2023-10-12,12.614
2023-10-13,12.549
2023-10-14,12.623
2023-10-15,32.888
2023-10-16,32.839
2023-10-17,32.855
2023-10-18,26.195
2023-10-19,12.413
2023-10-20,12.365
2023-10-21,25.912
2023-10-22,34.995
2023-10-23,72.559
2023-10-24,58.617
2023-10-25,57.962
2023-10-26,12.916
2023-10-27,17.280
2023-10-28,33.140
2023-10-29,24.984
2023-10-30,13.123
2023-10-31,22.889
2023-11-01,95.157
2023-11-02,131.818
2023-11-03,118.169
2023-11-04,27.840
2023-11-05,68.154
2023-11-06,28.986
2023-11-07,122.309
2023-11-08,82.104
2023-11-09,34.545
2023-11-10,12.594
2023-11-11,12.479
2023-11-12,12.443
2023-11-13,12.419
2023-11-14,12.294
2023-11-15,12.241
2023-11-16,12.167
2023-11-17,12.181
2023-11-18,12.163
2023-11-19,12.384
2023-11-20,27.618
2023-11-21,17.897
2023-11-22,25.590
2023-11-23,29.937
2023-11-24,46.730
2023-11-25,19.243
2023-11-26,12.539
2023-11-27,17.152
2023-11-28,13.414
2023-11-29,34.464
2023-11-30,41.110
2023-12-01,63.946
2023-12-02,26.049
2023-12-03,79.240
2023-12-04,58.003
2023-12-05,57.506
2023-12-06,43.021
2023-12-07,48.740
2023-12-08,60.678
2023-12-09,58.348
2023-12-10,94.677
2023-12-11,103.478
2023-12-12,103.559
2023-12-13,103.342
2023-12-14,103.274
2023-12-15,102.662
2023-12-16,102.718
2023-12-17,102.477
2023-12-18,102.361
2023-12-19,102.866
2023-12-20,68.210
2023-12-21,12.702
2023-12-22,12.539
2023-12-23,13.775
2023-12-24,38.205
2023-12-25,12.492
2023-12-26,12.515
2023-12-27,12.437
2023-12-28,25.574
2023-12-29,12.401
2023-12-30,12.350
2023-12-31,29.606
2024-01-01,12.389
2024-01-02,12.321
2024-01-03,13.274
2024-01-04,29.076
2024-01-05,12.554
2024-01-06,28.268
2024-01-07,39.977
2024-01-08,12.521
2024-01-09,12.489
2024-01-10,17.916
2024-01-11,12.527
2024-01-12,12.524
2024-01-13,12.907
2024-01-14,63.136
2024-01-15,12.636
2024-01-16,49.988
2024-01-17,57.395
2024-01-18,31.932
2024-01-19,12.743
2024-01-20,12.677
2024-01-21,12.649
2024-01-22,12.689
2024-01-23,12.785
2024-01-24,12.707
2024-01-25,12.706
2024-01-26,12.787
2024-01-27,12.769
2024-01-28,12.769
2024-01-29,12.749
2024-01-30,12.822
2024-01-31,12.937
2024-02-01,12.617
2024-02-02,13.724
2024-02-03,30.646
2024-02-04,12.711
2024-02-05,12.713
2024-02-06,12.694
2024-02-07,24.134
2024-02-08,12.689
2024-02-09,12.625
2024-02-10,12.719
2024-02-11,12.669
2024-02-12,12.684
2024-02-13,12.707
2024-02-14,12.725
2024-02-15,12.749
2024-02-16,12.725
2024-02-17,12.957
2024-02-18,38.813
2024-02-19,12.944
2024-02-20,12.840
2024-02-21,19.382
2024-02-22,12.870
2024-02-23,12.870
2024-02-24,12.936
2024-02-25,12.876
2024-02-26,14.529
2024-02-27,13.178
2024-02-28,17.682
2024-02-29,15.805
2024-03-01,12.730
2024-03-02,12.931
2024-03-03,12.931
2024-03-04,15.441
2024-03-05,14.348
2024-03-06,18.752
2024-03-07,16.616
2024-03-08,23.326
2024-03-09,12.767
2024-03-10,37.259
2024-03-11,13.314
2024-03-12,14.482
2024-03-13,32.611
2024-03-14,33.899
2024-03-15,43.135
2024-03-16,21.491
2024-03-17,32.584
2024-03-18,56.493
2024-03-19,69.670
2024-03-20,72.434
2024-03-21,90.407
2024-03-22,111.625
2024-03-23,81.068
2024-03-24,104.952
2024-03-25,72.170
2024-03-26,21.635
2024-03-27,29.603
2024-03-28,17.018
2024-03-29,71.106
2024-03-30,72.909
2024-03-31,59.503
2024-04-01,12.685
2024-04-02,12.554
2024-04-03,12.544
2024-04-04,12.527
2024-04-05,31.930
2024-04-06,53.437
2024-04-07,16.766
2024-04-08,91.458
2024-04-09,37.600
2024-04-10,12.815
2024-04-11,12.985
2024-04-12,13.022
2024-04-13,12.952
2024-04-14,12.968
2024-04-15,12.986
2024-04-16,13.027
2024-04-17,13.060
2024-04-18,13.082
2024-04-19,13.067
2024-04-20,13.095
2024-04-21,29.723
2024-04-22,73.730
2024-04-23,142.108
2024-04-24,117.139
2024-04-25,13.447
2024-04-26,18.639
2024-04-27,67.471
2024-04-28,50.482
2024-04-29,21.477
2024-04-30,31.884
2024-05-01,13.169
2024-05-02,43.930
2024-05-03,138.654
2024-05-04,152.265
2024-05-05,152.172
2024-05-06,151.197
2024-05-07,165.883
2024-05-08,191.294
2024-05-09,194.092
2024-05-10,195.170
2024-05-11,195.541
2024-05-12,187.479
2024-05-13,22.929
2024-05-14,14.272
2024-05-15,58.645
2024-05-16,105.098
2024-05-17,104.802
2024-05-18,104.896
2024-05-19,115.267
2024-05-20,128.393
2024-05-21,128.116
2024-05-22,39.164
2024-05-23,162.806
2024-05-24,161.701
2024-05-25,129.585
2024-05-26,18.323
2024-05-27,46.399
2024-05-28,105.005
2024-05-29,119.680
2024-05-30,121.552
2024-05-31,41.167
2024-06-01,81.473
2024-06-02,96.058
2024-06-03,63.691
2024-06-04,97.305
2024-06-05,34.772
2024-06-06,63.828
2024-06-07,100.699
2024-06-08,141.427
2024-06-09,140.912
2024-06-10,127.647
2024-06-11,153.606
2024-06-12,163.513
2024-06-13,168.674
2024-06-14,167.748
2024-06-15,166.257
2024-06-16,165.989
2024-06-17,23.687
2024-06-18,170.968
2024-06-19,169.376
2024-06-20,174.902
2024-06-21,179.675
2024-06-22,178.821
2024-06-23,177.603
2024-06-24,184.283
2024-06-25,192.989
2024-06-26,193.488
2024-06-27,192.118
2024-06-28,189.563
2024-06-29,187.596
2024-06-30,115.872
2024-07-01,37.011
2024-07-02,22.768
2024-07-03,38.536
2024-07-04,102.874
2024-07-05,102.514
2024-07-06,88.737
2024-07-07,52.983
2024-07-08,43.577
2024-07-09,54.634
2024-07-10,58.476
2024-07-11,74.086
2024-07-12,93.402
2024-07-13,93.345
2024-07-14,93.176
2024-07-15,93.128
2024-07-16,68.111
2024-07-17,68.034
2024-07-18,75.150
2024-07-19,84.936
2024-07-20,88.557
2024-07-21,102.181
2024-07-22,120.368
2024-07-23,86.840
2024-07-24,85.726
2024-07-25,85.502
2024-07-26,85.259
2024-07-27,119.913
2024-07-28,119.539
2024-07-29,122.067
2024-07-30,128.262
2024-07-31,120.617
2024-08-01,120.185
2024-08-02,119.837
2024-08-03,114.401
2024-08-04,98.686
2024-08-05,98.459
2024-08-06,98.832
2024-08-07,98.566
2024-08-08,83.259
2024-08-09,54.424
2024-08-10,16.752
2024-08-11,12.840
2024-08-12,61.026
2024-08-13,93.043
2024-08-14,76.540
2024-08-15,59.063
2024-08-16,58.812
2024-08-17,52.940
2024-08-18,34.322
2024-08-19,111.119
2024-08-20,136.342
2024-08-21,74.099
2024-08-22,50.322
2024-08-23,27.528
2024-08-24,27.393
2024-08-25,17.493
2024-08-26,12.503
2024-08-27,12.419
2024-08-28,12.345
2024-08-29,12.370
2024-08-30,12.378
2024-08-31,12.407
2024-09-01,12.414
2024-09-02,12.489
2024-09-03,12.593
2024-09-04,12.731
2024-09-05,12.439
2024-09-06,12.431
2024-09-07,12.474
2024-09-08,12.454
2024-09-09,12.527
2024-09-10,12.527
2024-09-11,12.529
2024-09-12,12.639
2024-09-13,12.743
2024-09-14,12.749
2024-09-15,12.773
2024-09-16,12.759
2024-09-17,12.745
2024-09-18,12.742
2024-09-19,12.729
2024-09-20,12.719
2024-09-21,12.709
2024-09-22,12.773
2024-09-23,12.743
2024-09-24,12.815
2024-09-25,12.798
2024-09-26,12.795
2024-09-27,12.791
2024-09-28,12.822
2024-09-29,12.784
2024-09-30,12.805
2024-10-01,12.816
2024-10-02,12.991
2024-10-03,13.108
2024-10-04,12.443
2024-10-05,11.312
2024-10-06,11.297
2024-10-07,12.167
2024-10-08,12.859
2024-10-09,12.614
2024-10-10,12.521
2024-10-11,12.494
2024-10-12,12.455
2024-10-13,12.521
2024-10-14,12.474
2024-10-15,12.479
2024-10-16,12.455
2024-10-17,12.399
2024-10-18,12.419
2024-10-19,12.395
2024-10-20,12.424
2024-10-21,12.434
2024-10-22,12.434
2024-10-23,27.106
2024-10-24,12.297
2024-10-25,12.235
2024-10-26,12.509
2024-10-27,12.497
2024-10-28,12.521
2024-10-29,12.494
2024-10-30,12.485
2024-10-31,12.439
2024-11-01,12.414
2024-11-02,33.498
2024-11-03,12.304
2024-11-04,12.294
2024-11-05,12.300
2024-11-06,26.660
2024-11-07,40.915
2024-11-08,22.021
2024-11-09,12.761
2024-11-10,12.671
2024-11-11,12.633
2024-11-12,12.587
2024-11-13,12.554
2024-11-14,12.719
2024-11-15,21.353
2024-11-16,53.448
2024-11-17,66.329
2024-11-18,82.784
2024-11-19,105.270
2024-11-20,105.099
2024-11-21,104.840
2024-11-22,104.196
2024-11-23,112.328
2024-11-24,115.892
2024-11-25,106.039
2024-11-26,60.894
2024-11-27,103.139
2024-11-28,103.593
2024-11-29,123.903
2024-11-30,123.475
2024-12-01,123.274
2024-12-02,93.082
2024-12-03,62.762
2024-12-04,91.708
2024-12-05,138.915
2024-12-06,153.508
2024-12-07,52.174
2024-12-08,124.266
2024-12-09,66.298
2024-12-10,123.923
2024-12-11,124.165
2024-12-12,123.721
2024-12-13,123.828
2024-12-14,123.912
2024-12-15,123.949
2024-12-16,94.416
2024-12-17,17.585
2024-12-18,42.278
2024-12-19,66.791
2024-12-20,66.918
2024-12-21,79.853
2024-12-22,94.811
2024-12-23,67.565
2024-12-24,67.285
2024-12-25,67.362
2024-12-26,87.428
2024-12-27,90.136
2024-12-28,88.474
2024-12-29,84.691
2024-12-30,92.212
2024-12-31,82.177
2025-01-01,84.086
2025-01-02,56.986
2025-01-03,40.422
2025-01-04,30.303
2025-01-05,30.463
2025-01-06,30.246
2025-01-07,29.862
2025-01-08,35.315
2025-01-09,52.008
2025-01-10,12.769
2025-01-11,12.671
2025-01-12,16.272
2025-01-13,55.438
2025-01-14,59.362
2025-01-15,54.859
2025-01-16,61.593
2025-01-17,47.205
2025-01-18,12.734
2025-01-19,21.641
2025-01-20,57.251
2025-01-21,57.092
2025-01-22,48.753
2025-01-23,52.836
2025-01-24,40.116
2025-01-25,88.670
2025-01-26,74.133
2025-01-27,58.889
2025-01-28,58.745
2025-01-29,58.717
2025-01-30,84.871
2025-01-31,57.011
2025-02-01,41.095
2025-02-02,91.370
2025-02-03,63.093
2025-02-04,46.184
2025-02-05,46.020
2025-02-06,65.754
2025-02-07,16.933
2025-02-08,47.911
2025-02-09,65.840
2025-02-10,99.513
2025-02-11,78.008
2025-02-12,94.197
2025-02-13,106.774
2025-02-14,106.491
2025-02-15,56.771
2025-02-16,56.616
2025-02-17,87.699
2025-02-18,71.711
2025-02-19,76.252
2025-02-20,96.960
2025-02-21,48.778
2025-02-22,32.079
2025-02-23,38.809
2025-02-24,37.097
2025-02-25,52.535
2025-02-26,136.467
2025-02-27,107.113
2025-02-28,119.526
2025-03-01,109.724
2025-03-02,145.849
2025-03-03,70.742
2025-03-04,64.144
2025-03-05,134.378
2025-03-06,94.810
2025-03-07,89.907
2025-03-08,61.568
2025-03-09,12.744
2025-03-10,53.095
2025-03-11,105.945
2025-03-12,41.213
2025-03-13,32.200
2025-03-14,33.812
2025-03-15,33.559
2025-03-16,33.755
2025-03-17,33.636
2025-03-18,53.421
2025-03-19,62.280
2025-03-20,12.700
2025-03-21,11.745
2025-03-22,12.665
2025-03-23,12.611
2025-03-24,36.818
2025-03-25,28.792
2025-03-26,16.440
2025-03-27,47.118
2025-03-28,54.902
2025-03-29,46.632
2025-03-30,21.438
2025-03-31,101.162
2025-04-01,179.148
2025-04-02,189.621
2025-04-03,136.861
2025-04-04,50.137
2025-04-05,27.256
2025-04-06,12.635
2025-04-07,12.533
2025-04-08,85.577
2025-04-09,165.654
2025-04-10,147.479
2025-04-11,106.445
2025-04-12,88.378
2025-04-13,86.515
2025-04-14,37.547
2025-04-15,45.688
2025-04-16,37.420
2025-04-17,16.838
2025-04-18,16.712
2025-04-19,74.357
2025-04-20,67.732
2025-04-21,79.168
2025-04-22,12.599
2025-04-23,12.467
2025-04-24,12.315
2025-04-25,63.046
2025-04-26,84.965
2025-04-27,55.381
2025-04-28,34.422
2025-04-29,121.418
2025-04-30,141.738
2025-05-01,184.171
2025-05-02,145.209
2025-05-03,19.281
2025-05-04,16.654
2025-05-05,15.172
2025-05-06,12.414
2025-05-07,12.318
2025-05-08,12.402
2025-05-09,12.395
2025-05-10,12.221
2025-05-11,12.181
2025-05-12,12.122
2025-05-13,12.097
2025-05-14,12.063
2025-05-15,12.053
2025-05-16,12.029
2025-05-17,12.073
2025-05-18,12.098
2025-05-19,12.026
2025-05-20,11.970
2025-05-21,11.911
2025-05-22,13.568
2025-05-23,44.804
2025-05-24,17.882
2025-05-25,11.810
2025-05-26,28.462
2025-05-27,86.909
2025-05-28,86.866
2025-05-29,86.949
2025-05-30,51.957
2025-05-31,11.935
2025-06-01,71.123
2025-06-02,168.591
2025-06-03,190.490
2025-06-04,189.237
2025-06-05,177.854
2025-06-06,142.618
2025-06-07,99.117
2025-06-08,123.076
2025-06-09,97.815
2025-06-10,100.926
2025-06-11,84.940
2025-06-12,104.464
2025-06-13,33.821
2025-06-14,20.173
2025-06-15,16.153
2025-06-16,150.203
2025-06-17,176.144
2025-06-18,184.334
2025-06-19,123.954
2025-06-20,16.793
2025-06-21,51.735
2025-06-22,52.243
2025-06-23,16.719
2025-06-24,185.055
2025-06-25,154.788
2025-06-26,114.888
2025-06-27,13.182
2025-06-28,12.616
2025-06-29,12.419
2025-06-30,12.523
2025-07-01,96.190
2025-07-02,110.343
2025-07-03,42.569
2025-07-04,12.478
2025-07-05,12.300
2025-07-06,12.234
2025-07-07,81.839
2025-07-08,139.317
2025-07-09,104.350
2025-07-10,104.242
2025-07-11,74.569
2025-07-12,13.021
2025-07-13,27.113
2025-07-14,108.622
2025-07-15,109.178
2025-07-16,64.379
2025-07-17,122.531
2025-07-18,132.458
2025-07-19,131.975
2025-07-20,146.654
2025-07-21,173.439
2025-07-22,117.224
2025-07-23,166.580
2025-07-24,150.800
2025-07-25,165.697
2025-07-26,188.647
2025-07-27,189.687
2025-07-28,192.208
2025-07-29,191.857
2025-07-30,191.571
2025-07-31,190.514
2025-08-01,189.432
2025-08-02,191.003
2025-08-03,191.056
2025-08-04,191.949
2025-08-05,191.899
2025-08-06,191.006
2025-08-07,189.924
2025-08-08,188.701
2025-08-09,189.889
2025-08-10,189.113
2025-08-11,187.547
2025-08-12,146.898
2025-08-13,158.982
2025-08-14,158.069
2025-08-15,156.885
2025-08-16,156.281
2025-08-17,155.150
2025-08-18,154.371
2025-08-19,153.796
2025-08-20,152.709
2025-08-21,151.876
2025-08-22,150.710
2025-08-23,150.180
2025-08-24,149.261
2025-08-25,148.035
2025-08-26,145.436
2025-08-27,16.903
2025-08-28,68.167
2025-08-29,77.124
2025-08-30,16.057
2025-08-31,14.202
2025-09-01,14.155
2025-09-02,14.042
2025-09-03,23.661
2025-09-04,55.427
2025-09-05,13.790
2025-09-06,13.517
2025-09-07,21.918
2025-09-08,47.949
2025-09-09,25.068
2025-09-10,13.926
2025-09-11,13.772
2025-09-12,13.553
2025-09-13,13.545
2025-09-14,13.514
2025-09-15,13.381
2025-09-16,13.493
2025-09-17,13.721
2025-09-18,13.845
2025-09-19,20.993
2025-09-20,12.970
2025-09-21,13.184
2025-09-22,13.039
2025-09-23,13.082
2025-09-24,13.015
2025-09-25,13.355
2025-09-26,13.097
2025-09-27,13.102
2025-09-28,13.253
2025-09-29,13.189
2025-09-30,13.242
2025-10-01,13.239
2025-10-02,13.794
2025-10-03,13.595
2025-10-04,13.713
2025-10-05,13.710
2025-10-06,13.764
2025-10-07,13.742
2025-10-08,13.704
2025-10-09,14.299
2025-10-10,13.742
2025-10-11,13.742
2025-10-12,13.802
2025-10-13,13.727
2025-10-14,13.792
2025-10-15,15.878
2025-10-16,13.821
2025-10-17,13.742
2025-10-18,13.772
2025-10-19,13.772
2025-10-20,14.192
2025-10-21,14.095
2025-10-22,13.601
2025-10-23,14.029
2025-10-24,13.963
2025-10-25,13.882
2025-10-26,13.918
2025-10-27,14.111
2025-10-28,14.146
2025-10-29,14.184
2025-10-30,14.911
2025-10-31,14.207
2025-11-01,28.597
2025-11-02,14.085
2025-11-03,14.072
2025-11-04,14.081
2025-11-05,22.313
2025-11-06,14.746
2025-11-07,14.096
2025-11-08,14.085
2025-11-09,14.118
2025-11-10,14.054
2025-11-11,14.051
2025-11-12,24.204
2025-11-13,14.264
2025-11-14,14.207
2025-11-15,14.281
2025-11-16,14.276
2025-11-17,14.289
2025-11-18,14.307
2025-11-19,29.640
2025-11-20,39.558
2025-11-21,61.564
2025-11-22,69.074
2025-11-23,69.264
2025-11-24,67.857
2025-11-25,74.026
2025-11-26,63.410
2025-11-27,15.072
2025-11-28,15.077
2025-11-29,91.707
2025-11-30,147.210
2025-12-01,187.680
2025-12-02,126.611
2025-12-03,141.072
2025-12-04,178.745
2025-12-05,187.058
2025-12-06,58.496
2025-12-07,125.957
2025-12-08,54.040
2025-12-09,74.949
2025-12-10,138.482
2025-12-11,186.521
2025-12-12,176.609
2025-12-13,107.286
2025-12-14,100.716
2025-12-15,41.625
2025-12-16,16.163
2025-12-17,28.450
2025-12-18,39.724
2025-12-19,40.711
2025-12-20,79.431
2025-12-21,91.636
2025-12-22,40.798
2025-12-23,30.915
2025-12-24,63.672
2025-12-25,67.636
2025-12-26,107.101
2025-12-27,127.761
2025-12-28,108.970
2025-12-29,98.811
2025-12-30,79.776
2025-12-31,79.982
2026-01-01,79.876
2026-01-02,61.120
2026-01-03,36.414
2026-01-04,60.337
2026-01-05,59.377
2026-01-06,59.321
2026-01-07,59.380
2026-01-08,59.218
2026-01-09,59.132
2026-01-10,59.182
2026-01-11,109.949
2026-01-12,197.104
2026-01-13,197.396
2026-01-14,195.226
2026-01-15,68.892
2026-01-16,67.018
2026-01-17,66.919
2026-01-18,66.692
2026-01-19,82.937
2026-01-20,98.898
2026-01-21,98.595
2026-01-22,99.822
2026-01-23,101.269
2026-01-24,101.053
2026-01-25,66.975
2026-01-26,25.805
2026-01-27,18.065
2026-01-28,27.916
2026-01-29,39.554
2026-01-30,59.252
2026-01-31,58.880
2026-02-01,58.718
2026-02-02,58.641
2026-02-03,31.507
2026-02-04,27.684
2026-02-05,25.102
2026-02-06,60.885
2026-02-07,31.418
2026-02-08,95.047
2026-02-09,24.932
2026-02-10,57.011
2026-02-11,84.520
2026-02-12,56.445
2026-02-13,92.968
2026-02-14,29.053
2026-02-15,16.659
2026-02-16,20.793
2026-02-17,16.387
2026-02-18,16.149
2026-02-19,16.086
2026-02-20,16.136
2026-02-21,16.204
2026-02-22,16.177
2026-02-23,14.547
2026-02-24,16.273
2026-02-25,15.985
2026-02-26,16.014
2026-02-27,24.813
2026-02-28,16.478
2026-03-01,16.037
2026-03-02,20.534
2026-03-03,22.209
2026-03-04,28.260
2026-03-05,29.784
2026-03-06,28.870
2026-03-07,20.918
2026-03-08,30.218
2026-03-09,53.867
2026-03-10,33.434
2026-03-11,44.478
2026-03-12,44.333
2026-03-13,44.414
2026-03-14,62.603
2026-03-15,76.247
2026-03-16,84.722
2026-03-17,56.019
2026-03-18,67.113
2026-03-19,89.230
2026-03-20,106.607
2026-03-21,81.907
2026-03-22,64.132
2026-03-23,69.801
2026-03-24,46.092
2026-03-25,81.146
2026-03-26,106.950
2026-03-27,38.727
2026-03-28,16.731
2026-03-29,45.926
2026-03-30,121.361
2026-03-31,121.145
2026-04-01,120.646
2026-04-02,88.220
2026-04-03,22.393
2026-04-04,62.287
2026-04-05,78.921
2026-04-06,53.590
2026-04-07,106.340
2026-04-08,40.093
2026-04-09,32.210
2026-04-10,15.246
2026-04-11,14.362
2026-04-12,14.377
2026-04-13,14.355
2026-04-14,14.926
2026-04-15,16.540
2026-04-16,16.440
2026-04-17,16.490
2026-04-18,16.614
2026-04-19,16.529
2026-04-20,16.469
2026-04-21,16.752
2026-04-22,16.614
2026-04-23,45.375
2026-04-24,37.569
2026-04-25,61.676
2026-04-26,80.370
2026-04-27,22.309
2026-04-28,98.720
2026-04-29,100.414
2026-04-30,107.845
2026-05-01,168.090
2026-05-02,145.726
2026-05-03,124.808
2026-05-04,124.439
2026-05-05,136.473
2026-05-06,117.891
2026-05-07,43.635
2026-05-08,15.486
2026-05-09,15.206
2026-05-10,15.314
2026-05-11,15.340
2026-05-12,51.150
2026-05-13,110.749
2026-05-14,110.763
2026-05-15,110.269
2026-05-16,110.213
2026-05-17,109.830
2026-05-18,183.817
2026-05-19,182.994
2026-05-20,182.055
2026-05-21,166.883
2026-05-22,135.932
2026-05-23,97.626
2026-05-24,63.371
2026-05-25,110.455
2026-05-26,110.575
2026-05-27,120.955
2026-05-28,135.883
2026-05-29,135.859
2026-05-30,146.024
2026-05-31,42.396
2026-06-01,15.944
2026-06-02,15.573
2026-06-03,15.385
2026-06-04,15.340
2026-06-05,15.206
2026-06-06,15.269
2026-06-07,15.242
2026-06-08,15.289
2026-06-09,22.120
2026-06-10,114.276
2026-06-11,96.759
2026-06-12,123.953
2026-06-13,96.792
2026-06-14,21.339
2026-06-15,50.288
2026-06-16,96.920
2026-06-17,128.549
2026-06-18,110.772
2026-06-19,88.067
2026-06-20,88.471
2026-06-21,89.000
2026-06-22,88.635
2026-06-23,88.861
2026-06-24,88.021
2026-06-25,87.824
2026-06-26,89.383
2026-06-27,94.401
2026-06-28,94.470
2026-06-29,130.299
2026-06-30,166.358
2026-07-01,172.784
2026-07-02,187.152
2026-07-03,189.453
2026-07-04,188.680
2026-07-05,188.299
2026-07-06,187.002
2026-07-07,186.139
2026-07-08,185.226
2026-07-09,184.057
2026-07-10,183.046
2026-07-11,187.147
2026-07-12,192.040
2026-07-13,170.326
2026-07-14,127.852
2026-07-15,127.897
2026-07-16,127.816
2026-07-17,127.584
2026-07-18,127.606
2026-07-19,127.450
2026-07-20,169.553
2026-07-21,179.614
2026-07-22,179.186
2026-07-23,179.173
2026-07-24,184.125
2026-07-25,190.260
2026-07-26,189.388
2026-07-27,188.785
2026-07-28,187.745
2026-07-29,190.183
2026-07-30,186.524
2026-07-31,184.048
2026-08-01,183.148
2026-08-02,183.364
2026-08-03,182.600
2026-08-04,182.044
2026-08-05,185.323
2026-08-06,190.086
2026-08-07,189.054
2026-08-08,188.663
2026-08-09,189.747
2026-08-10,190.021
2026-08-11,192.124
2026-08-12,191.888
2026-08-13,191.522
2026-08-14,190.895
2026-08-15,190.242
2026-08-16,190.430
2026-08-17,189.587
2026-08-18,189.054
2026-08-19,189.909
2026-08-20,190.904
2026-08-21,190.317
2026-08-22,190.112
2026-08-23,190.191
2026-08-24,190.618
2026-08-25,190.472
2026-08-26,189.290
2026-08-27,188.940
2026-08-28,88.439
2026-08-29,20.566
2026-08-30,38.667
2026-08-31,69.822
2026-09-01,89.881
2026-09-02,110.422
2026-09-03,110.202
2026-09-04,70.414
2026-09-05,59.564
2026-09-06,93.276
2026-09-07,110.248
2026-09-08,130.444
2026-09-09,158.902
2026-09-10,161.253
2026-09-11,161.338
2026-09-12,161.122
2026-09-13,160.829
2026-09-14,160.614
2026-09-15,160.634
2026-09-16,160.556
2026-09-17,160.129
2026-09-18,159.657
2026-09-19,159.911
2026-09-20,159.511
2026-09-21,43.194
2026-09-22,17.721
2026-09-23,17.462
2026-09-24,17.283
2026-09-25,32.623
2026-09-26,82.768
2026-09-27,82.856
2026-09-28,106.225
2026-09-29,127.316
2026-09-30,127.152
2026-10-01,126.988
2026-10-02,126.851
2026-10-03,127.152
2026-10-04,126.530
2026-10-05,140.265
2026-10-06,159.502
2026-10-07,158.571
2026-10-08,157.179
2026-10-09,146.882
2026-10-10,71.594
