date,inflow_m3s
1982-01-01,59.1
1982-01-02,62.4
1982-01-03,62.2
1982-01-04,57.1
1982-01-05,59.1
1982-01-06,59.1
1982-01-07,62.0
1982-01-08,52.7
1982-01-09,49.1
1982-01-10,48.1
1982-01-11,42.6
1982-01-12,40.5
1982-01-13,35.5
1982-01-14,33.2
1982-01-15,39.6
1982-01-16,29.1
1982-01-17,25.4
1982-01-18,46.6
1982-01-19,64.1
1982-01-20,87.2
1982-01-21,89.0
1982-01-22,87.8
1982-01-23,108.9
1982-01-24,153.8
1982-01-25,167.4
1982-01-26,159.8
1982-01-27,144.0
1982-01-28,147.1
1982-01-29,147.4
1982-01-30,140.5
1982-01-31,100.8
1982-02-01,76.6
1982-02-02,71.6
1982-02-03,71.1
1982-02-04,69.8
1982-02-05,72.4
1982-02-06,65.8
1982-02-07,63.9
1982-02-08,62.8
1982-02-09,59.0
1982-02-10,52.7
1982-02-11,49.1
1982-02-12,45.3
1982-02-13,44.4
1982-02-14,44.9
1982-02-15,37.4
1982-02-16,44.9
1982-02-17,45.4
1982-02-18,47.6
1982-02-19,46.0
1982-02-20,44.6
1982-02-21,41.8
1982-02-22,48.2
1982-02-23,38.9
1982-02-24,43.1
1982-02-25,48.7
1982-02-26,64.8
1982-02-27,94.8
1982-02-28,110.1
1982-03-01,118.1
1982-03-02,124.3
1982-03-03,122.0
1982-03-04,115.5
1982-03-05,100.1
1982-03-06,78.5
1982-03-07,60.3
1982-03-08,71.2
1982-03-09,126.6
1982-03-10,144.7
1982-03-11,150.4
1982-03-12,155.8
1982-03-13,154.5
1982-03-14,159.6
1982-03-15,142.1
1982-03-16,79.3
1982-03-17,62.0
1982-03-18,51.9
1982-03-19,45.5
1982-03-20,37.2
1982-03-21,32.8
1982-03-22,24.5
1982-03-23,23.7
1982-03-24,19.4
1982-03-25,21.4
1982-03-26,20.0
1982-03-27,22.1
1982-03-28,22.5
1982-03-29,25.0
1982-03-30,29.0
1982-03-31,31.3
1982-04-01,28.6
1982-04-02,28.5
1982-04-03,28.9
1982-04-04,36.9
1982-04-05,39.3
1982-04-06,45.0
1982-04-07,44.3
1982-04-08,47.1
1982-04-09,46.4
1982-04-10,44.0
1982-04-11,38.5
1982-04-12,34.2
1982-04-13,24.9
1982-04-14,20.9
1982-04-15,18.8
1982-04-16,17.9
1982-04-17,19.6
1982-04-18,16.4
1982-04-19,17.1
1982-04-20,16.2
1982-04-21,16.3
1982-04-22,15.9
1982-04-23,15.0
1982-04-24,25.2
1982-04-25,30.6
1982-04-26,34.0
1982-04-27,44.3
1982-04-28,45.9
1982-04-29,55.5
1982-04-30,56.6
1982-05-01,50.4
1982-05-02,47.7
1982-05-03,45.5
1982-05-04,43.9
1982-05-05,70.0
1982-05-06,76.5
1982-05-07,91.9
1982-05-08,102.1
1982-05-09,108.9
1982-05-10,117.0
1982-05-11,119.9
1982-05-12,92.0
1982-05-13,81.3
1982-05-14,76.1
1982-05-15,70.0
1982-05-16,68.7
1982-05-17,96.5
1982-05-18,138.0
1982-05-19,186.7
1982-05-20,219.2
1982-05-21,228.4
1982-05-22,228.9
1982-05-23,227.3
1982-05-24,196.0
1982-05-25,148.7
1982-05-26,107.0
1982-05-27,74.1
1982-05-28,62.0
1982-05-29,58.4
1982-05-30,55.2
1982-05-31,54.4
1982-06-01,72.8
1982-06-02,78.1
1982-06-03,80.3
1982-06-04,79.3
1982-06-05,81.3
1982-06-06,82.8
1982-06-07,82.9
1982-06-08,66.6
1982-06-09,64.3
1982-06-10,68.2
1982-06-11,67.1
1982-06-12,63.6
1982-06-13,68.0
1982-06-14,66.8
1982-06-15,59.7
1982-06-16,47.3
1982-06-17,49.2
1982-06-18,50.6
1982-06-19,56.1
1982-06-20,56.7
1982-06-21,57.9
1982-06-22,60.6
1982-06-23,70.3
1982-06-24,59.8
1982-06-25,59.0
1982-06-26,53.2
1982-06-27,51.2
1982-06-28,48.8
1982-06-29,49.2
1982-06-30,44.3
1982-07-01,45.6
1982-07-02,44.1
1982-07-03,42.8
1982-07-04,40.9
1982-07-05,41.4
1982-07-06,39.6
1982-07-07,40.0
1982-07-08,41.6
1982-07-09,40.7
1982-07-10,44.4
1982-07-11,39.4
1982-07-12,40.3
1982-07-13,31.7
1982-07-14,44.7
1982-07-15,43.2
1982-07-16,44.7
1982-07-17,39.6
1982-07-18,42.8
1982-07-19,42.7
1982-07-20,54.1
1982-07-21,43.0
1982-07-22,44.7
1982-07-23,42.8
1982-07-24,45.0
1982-07-25,39.1
1982-07-26,42.1
1982-07-27,39.0
1982-07-28,49.3
1982-07-29,59.7
1982-07-30,63.4
1982-07-31,71.7
1982-08-01,81.3
1982-08-02,78.7
1982-08-03,84.7
1982-08-04,77.7
1982-08-05,68.6
1982-08-06,65.0
1982-08-07,58.7
1982-08-08,59.4
1982-08-09,57.0
1982-08-10,62.8
1982-08-11,62.5
1982-08-12,66.2
1982-08-13,70.3
1982-08-14,71.2
1982-08-15,68.2
1982-08-16,71.7
1982-08-17,65.2
1982-08-18,64.5
1982-08-19,60.2
1982-08-20,62.4
1982-08-21,65.8
1982-08-22,66.2
1982-08-23,75.6
1982-08-24,81.2
1982-08-25,82.5
1982-08-26,80.9
1982-08-27,84.7
1982-08-28,92.1
1982-08-29,108.2
1982-08-30,103.6
1982-08-31,99.3
1982-09-01,98.8
1982-09-02,107.1
1982-09-03,101.8
1982-09-04,93.7
1982-09-05,77.7
1982-09-06,77.2
1982-09-07,71.6
1982-09-08,65.8
1982-09-09,62.4
1982-09-10,62.3
1982-09-11,59.3
1982-09-12,57.3
1982-09-13,51.4
1982-09-14,53.4
1982-09-15,57.5
1982-09-16,53.6
1982-10-07,68.2
1982-10-08,68.3
1982-10-09,64.9
1982-10-10,59.6
1982-10-11,53.7
1982-10-12,60.3
1982-10-13,60.8
1982-10-14,62.0
1982-10-15,60.5
1982-10-16,57.9
1982-10-17,53.6
1982-10-18,56.9
1982-10-19,48.8
1982-10-20,45.2
1982-10-21,42.3
1982-10-22,48.2
1982-10-23,50.1
1982-10-24,53.9
1982-10-25,56.5
1982-10-26,57.2
1982-10-27,62.2
1982-10-28,68.4
1982-10-29,78.3
1982-10-30,81.5
1982-10-31,82.5
1982-11-01,83.7
1982-11-02,89.2
1982-11-03,94.0
1982-11-04,98.6
1982-11-05,99.4
1982-11-06,112.3
1982-11-07,119.0
1982-11-08,129.9
1982-11-09,149.7
1982-11-10,146.7
1982-11-11,144.1
1982-11-12,132.5
1982-11-13,120.6
1982-11-14,116.2
1982-11-15,126.0
1982-11-16,152.7
1982-11-17,179.1
1982-11-18,193.8
1982-11-19,208.2
1982-11-20,214.5
1982-11-21,217.6
1982-11-22,201.3
1982-11-23,187.5
1982-11-24,178.7
1982-11-25,181.4
1982-11-26,179.8
1982-11-27,178.9
1982-11-28,177.9
1982-11-29,178.0
1983-01-07,82.1
1983-01-08,117.2
1983-01-09,162.2
1983-01-10,233.6
1983-01-11,284.4
1983-01-12,304.6
1983-01-13,324.6
1983-01-14,321.2
1983-01-15,300.4
1983-01-16,265.0
1983-01-17,196.1
1983-01-18,144.5
1983-01-19,135.5
1983-01-20,118.7
1983-01-21,115.2
1983-01-22,102.7
1983-01-31,60.0
1983-02-01,59.5
1983-02-02,58.3
1983-02-03,54.0
1983-02-04,56.9
1983-02-05,58.0
1983-02-17,41.8
1983-02-18,40.5
1983-02-19,39.1
1983-02-20,42.3
1983-02-21,39.4
1983-03-02,27.5
1983-03-03,30.6
1983-03-04,24.6
1983-03-05,26.2
1983-03-06,22.4
1983-03-07,48.7
1983-03-08,82.5
1983-03-09,89.6
1983-03-10,89.6
1983-03-11,99.1
1983-03-12,102.1
1983-03-13,101.6
1983-03-14,77.8
1983-03-15,47.2
1983-03-16,44.4
1983-03-17,40.3
1983-03-18,29.5
1983-03-19,22.9
1983-03-20,25.7
1983-03-21,28.3
1983-03-22,41.0
1983-03-23,50.8
1983-03-24,58.1
1983-03-25,73.1
1983-03-26,79.3
1983-03-27,78.5
1983-03-28,81.3
1983-03-29,68.6
1983-03-30,60.0
1983-03-31,55.1
1983-04-01,43.8
1983-04-02,43.4
1983-04-03,47.8
1983-04-04,64.1
1983-04-05,85.0
1983-04-06,85.1
1983-04-07,86.4
1983-04-08,91.6
1983-04-09,93.4
1983-04-10,87.9
1983-04-11,64.5
1983-04-12,65.2
1983-04-13,85.2
1983-04-14,91.4
1983-04-15,94.3
1983-04-16,93.6
1983-04-17,100.9
1983-04-18,111.7
1983-04-19,96.7
1983-04-20,77.3
1983-04-21,72.2
1983-04-22,67.7
1983-04-23,66.8
1983-04-24,82.4
1983-04-25,91.3
1983-04-26,90.9
1983-04-27,92.2
1983-04-28,87.9
1983-04-29,91.0
1983-04-30,80.1
1983-05-01,56.6
1983-05-02,51.7
1983-05-03,90.9
1983-05-04,103.4
1983-05-05,114.5
1983-05-06,133.3
1983-05-07,194.3
1983-05-08,227.4
1983-05-09,230.2
1983-05-10,199.6
1983-05-11,187.5
1983-05-12,181.2
1983-05-13,164.6
1983-05-14,135.1
1983-05-15,130.7
1983-05-16,127.8
1983-05-17,123.0
1983-05-18,120.2
1983-05-19,117.8
1983-05-20,113.8
1983-05-21,91.3
1983-05-22,67.6
1983-05-23,59.0
1983-05-24,48.9
1983-05-25,47.0
1983-05-26,44.0
1983-05-27,45.6
1983-05-28,51.6
1983-05-29,52.1
1983-05-30,49.7
1983-05-31,51.9
1983-06-01,48.8
1983-06-02,48.6
1983-06-03,47.5
1983-06-04,42.9
1983-06-05,39.5
1983-06-06,37.8
1983-06-07,37.4
1983-06-08,38.0
1983-06-09,39.0
1983-06-10,35.7
1983-06-11,39.5
1983-06-12,46.4
1983-06-13,49.7
1983-06-14,48.6
1983-06-15,45.8
1983-06-16,50.0
1983-06-17,55.8
1983-06-18,56.3
1983-06-19,51.2
1983-06-20,50.4
1983-06-21,44.1
1983-06-22,42.9
1983-06-23,45.2
1983-06-24,67.2
1983-06-25,85.4
1983-06-26,100.8
1983-06-27,104.2
1983-06-28,110.4
1983-06-29,116.8
1983-06-30,117.4
1983-07-01,95.9
1983-07-02,73.1
1983-07-03,56.7
1983-07-04,46.7
1983-07-05,43.4
1983-07-06,80.3
1983-07-07,107.1
1983-07-08,119.8
1983-07-09,125.4
1983-07-10,135.2
1983-07-11,146.0
1983-07-12,148.4
1983-07-13,108.7
1983-07-14,74.5
1983-07-15,58.2
1983-07-16,53.6
1983-07-17,45.3
1983-07-18,39.6
1983-07-19,41.4
1983-07-20,41.3
1983-07-21,47.7
1983-07-22,47.0
1983-07-23,45.8
1983-07-24,45.4
1983-07-25,45.1
1983-07-26,46.7
1983-07-27,47.4
1983-07-28,52.3
1983-07-29,91.0
1983-07-30,113.8
1983-07-31,128.5
1983-08-01,137.3
1983-08-02,146.4
1983-08-03,152.2
1983-08-04,148.1
1983-08-05,112.9
1983-08-06,95.4
1983-08-07,110.8
1983-08-08,121.6
1983-08-09,119.6
1983-08-10,118.2
1983-08-11,117.8
1983-08-12,113.7
1983-08-13,113.1
1983-08-14,86.8
1983-08-15,73.0
1983-08-16,68.1
1983-08-17,69.3
1983-08-18,70.8
1983-08-19,79.8
1983-08-20,78.8
1983-08-21,77.3
1983-08-22,75.7
1983-08-23,74.5
1983-08-24,73.9
1983-08-25,68.1
1983-08-26,59.6
1983-08-27,60.1
1983-08-28,56.4
1983-08-29,57.8
1983-08-30,57.9
1983-08-31,55.4
1983-09-01,54.2
1983-09-02,54.5
1983-09-03,51.0
1983-09-04,56.4
1983-09-05,64.3
1983-09-06,73.2
1983-09-07,76.4
1983-09-08,84.7
1983-09-09,92.7
1983-09-10,105.1
1983-09-11,108.5
1983-09-12,100.5
1983-09-13,85.8
1983-09-14,80.7
1983-09-15,79.6
1983-09-16,75.5
1983-09-17,65.7
1983-09-18,73.8
1983-09-19,99.9
1983-09-20,119.3
1983-09-21,157.2
1983-09-22,171.2
1983-09-23,178.6
1983-09-24,185.7
1983-09-25,177.1
1983-09-26,156.0
1983-09-27,144.4
1983-09-28,122.0
1983-09-29,109.8
1983-09-30,112.0
1983-10-01,118.8
1983-10-02,119.1
1983-10-03,117.2
1983-10-04,132.8
1983-10-05,163.9
1983-10-06,219.5
1983-10-07,239.0
1983-10-08,241.1
1983-10-09,248.2
1983-10-10,253.4
1983-10-11,238.6
1983-10-12,198.6
1983-10-13,136.9
1983-10-14,107.7
1983-10-15,89.4
1983-10-16,78.8
1983-10-17,73.6
1983-10-18,120.2
1983-10-19,166.8
1983-10-20,188.3
1983-10-21,202.8
1983-10-22,220.8
1983-10-23,235.4
1983-10-24,245.1
1983-10-25,209.5
1983-10-26,170.6
1983-10-27,148.4
1983-10-28,136.6
1983-10-29,121.6
1983-10-30,112.1
1983-10-31,98.0
1983-11-01,86.7
1983-11-02,91.6
1983-11-03,108.9
1983-11-04,110.1
1983-11-05,115.1
1983-11-06,114.2
1983-11-07,128.4
1983-11-08,154.8
1983-11-09,149.0
1983-11-10,141.8
1983-11-11,138.1
1983-11-12,135.3
1983-11-13,135.8
1983-11-14,139.2
1983-11-15,164.0
1983-11-16,202.1
1983-11-17,214.9
1983-11-18,222.4
1983-11-19,229.2
1983-11-20,234.0
1983-11-21,220.9
1983-11-22,177.1
1983-11-23,130.9
1983-11-24,109.8
1983-11-25,104.2
1983-11-26,90.7
1983-11-27,81.5
1983-11-28,80.9
1983-11-29,70.9
1983-11-30,71.9
1983-12-01,78.9
1983-12-02,76.6
1983-12-03,79.2
1983-12-04,78.4
1983-12-05,85.2
1983-12-06,125.5
1983-12-07,161.5
1983-12-08,169.3
1983-12-09,179.3
1983-12-10,186.9
1983-12-11,187.1
1983-12-12,179.5
1983-12-13,142.3
1983-12-14,104.9
1983-12-15,95.3
1983-12-16,79.6
1983-12-17,71.0
1983-12-18,71.9
1983-12-19,67.8
1983-12-20,70.6
1983-12-21,69.3
1983-12-22,62.4
1983-12-23,66.4
1983-12-24,67.3
1983-12-25,64.0
1983-12-26,64.2
1983-12-27,60.5
1983-12-28,60.4
1983-12-29,56.7
1983-12-30,54.4
1983-12-31,52.4
1984-01-01,53.7
1984-01-02,49.9
1984-01-03,48.5
1984-01-04,47.3
1984-01-05,51.5
1984-01-06,53.4
1984-01-07,59.0
1984-01-08,107.6
1984-01-09,132.9
1984-01-10,140.3
1984-01-11,146.5
1984-01-12,147.6
1984-01-13,148.0
1984-01-14,144.3
1984-01-15,95.9
1984-01-16,79.8
1984-01-17,80.6
1984-01-18,79.0
1984-01-19,79.7
1984-01-20,80.0
1984-01-21,82.1
1984-01-22,82.1
1984-01-23,80.9
1984-01-24,99.7
1984-01-25,142.6
1984-01-26,145.4
1984-01-27,151.0
1984-01-28,153.3
1984-01-29,157.2
1984-01-30,153.6
1984-01-31,129.3
1984-02-01,84.8
1984-02-02,79.7
1984-02-03,73.7
1984-02-04,69.8
1984-02-05,64.4
1984-02-06,64.1
1984-02-07,64.6
1984-02-08,66.3
1984-02-09,68.7
1984-02-10,69.8
1984-02-11,81.4
1984-02-12,91.7
1984-02-13,94.2
1984-02-14,91.5
1984-02-15,84.8
1984-02-16,82.0
1984-02-17,79.4
1984-02-18,66.0
1984-02-19,52.6
1984-02-20,46.6
1984-02-21,42.1
1984-02-22,40.8
1984-02-23,35.5
1984-02-24,31.8
1984-02-25,31.0
1984-02-26,34.4
1984-02-27,75.5
1984-02-28,122.1
1984-02-29,136.5
1984-03-01,149.1
1984-03-02,165.9
1984-03-03,180.3
1984-03-04,195.4
1984-03-05,172.6
1984-03-06,143.5
1984-03-07,146.8
1984-03-08,141.9
1984-03-09,132.5
1984-03-10,117.9
1984-03-11,102.6
1984-03-12,87.9
1984-03-13,71.7
1984-03-14,56.6
1984-03-15,54.3
1984-03-16,51.9
1984-03-17,53.1
1984-03-18,50.2
1984-03-19,44.3
1984-03-20,43.4
1984-03-21,42.8
1984-03-22,39.0
1984-03-23,36.1
1984-03-24,42.2
1984-03-25,52.9
1984-03-26,65.2
1984-03-27,69.6
1984-03-28,73.4
1984-03-29,77.1
1984-03-30,80.4
1984-03-31,74.0
1984-04-01,65.9
1984-04-02,54.2
1984-04-03,51.8
1984-04-04,53.4
1984-04-05,52.8
1984-04-06,52.9
1984-04-07,52.0
1984-04-08,49.9
1984-04-09,51.5
1984-04-10,48.0
1984-04-11,41.1
1984-04-12,38.4
1984-04-13,33.9
1984-04-14,32.4
1984-04-15,31.8
1984-04-16,31.9
1984-04-17,28.6
1984-04-18,27.9
1984-04-19,26.5
1984-04-20,26.9
1984-04-21,27.1
1984-04-22,27.2
1984-04-23,27.5
1984-04-24,33.3
1984-04-25,46.6
1984-04-26,56.5
1984-04-27,61.1
1984-04-28,63.0
1984-04-29,64.6
1984-04-30,64.7
1984-05-01,64.2
1984-05-02,53.2
1984-05-03,46.7
1984-05-04,47.7
1984-05-05,48.1
1984-05-06,52.4
1984-05-09,56.4
1984-05-10,58.1
1984-05-11,63.1
1984-05-12,66.7
1984-05-13,64.3
1984-05-16,69.4
1984-05-17,69.3
1984-05-18,61.6
1984-05-19,56.5
1984-05-20,51.9
1984-05-21,45.9
1984-05-22,40.4
1984-05-23,37.4
1984-05-24,33.4
1984-05-25,31.5
1984-05-26,32.2
1984-05-27,33.0
1984-05-28,33.4
1984-05-29,33.2
1984-05-30,31.4
1984-05-31,31.3
1984-06-01,33.6
1984-06-02,42.2
1984-06-03,47.6
1984-06-04,54.3
1984-06-05,60.4
1984-06-06,72.3
1984-06-07,83.8
1984-06-08,89.5
1984-06-09,85.2
1984-06-10,79.2
1984-06-11,79.8
1984-06-12,80.5
1984-06-13,72.2
1984-06-14,65.8
1984-06-15,61.3
1984-06-16,54.3
1984-06-17,59.5
1984-06-18,56.6
1984-06-19,41.0
1984-06-20,36.2
1984-06-21,37.8
1984-06-22,43.2
1984-06-23,46.3
1984-06-24,44.6
1984-06-25,47.3
1984-06-26,51.5
1984-06-27,51.8
1984-06-28,51.7
1984-06-29,47.7
1984-06-30,53.2
1984-07-01,48.5
1984-07-02,43.1
1984-07-03,47.7
1984-07-04,50.2
1984-07-05,44.6
1984-07-06,46.1
1984-07-07,45.3
1984-07-08,44.6
1984-07-09,42.5
1984-07-10,45.5
1984-07-11,46.7
1984-07-12,48.4
1984-07-13,45.5
1984-07-14,43.7
1984-07-15,50.3
1984-07-16,58.3
1984-07-17,53.5
1984-07-18,73.9
1984-07-19,117.5
1984-07-20,144.1
1984-07-21,161.3
1984-07-22,169.6
1984-07-23,174.1
1984-07-24,180.3
1984-07-25,163.7
1984-07-26,123.3
1984-07-27,105.0
1984-07-28,112.3
1984-07-29,119.1
1984-07-30,126.6
1984-07-31,132.9
1984-08-01,135.2
1984-08-02,137.8
1984-08-03,128.2
1984-09-24,80.4
1984-09-25,77.5
1984-09-26,69.9
1984-09-27,74.8
1984-09-28,78.8
1984-09-29,72.1
1984-09-30,69.3
1984-10-01,71.8
1984-10-02,68.5
1984-10-03,71.8
1984-10-04,69.0
1984-10-05,66.7
1984-10-06,70.1
1984-10-07,70.5
1984-10-08,78.3
1984-10-09,83.3
1984-10-10,80.4
1984-10-11,86.5
1984-10-12,95.5
1984-10-13,130.7
1984-10-14,230.7
1984-10-15,283.3
1984-10-16,318.0
1984-10-17,333.1
1984-10-18,345.0
1984-10-19,342.3
1984-10-27,82.9
1984-10-28,79.1
1984-10-29,77.8
1984-10-30,75.6
1984-10-31,77.8
1984-11-01,76.5
1984-11-02,76.0
1984-11-03,83.8
1984-11-04,81.0
1984-11-13,117.7
1984-11-14,130.3
1984-11-15,130.6
1984-11-16,126.5
1984-11-17,125.9
1984-11-18,122.6
1984-11-19,109.4
1984-11-20,140.8
1984-11-21,156.6
1984-11-22,164.1
1984-11-23,168.6
1984-12-05,123.2
1984-12-06,127.2
1984-12-07,128.1
1984-12-08,122.3
1984-12-09,106.7
1984-12-10,103.1
1984-12-11,108.3
1984-12-12,115.4
1984-12-13,123.3
1984-12-14,159.5
1984-12-15,183.2
1984-12-16,216.4
1984-12-17,274.7
1984-12-18,398.3
1984-12-19,513.0
1984-12-20,554.2
1984-12-21,557.9
1984-12-22,558.1
1984-12-23,536.4
1984-12-24,481.8
1984-12-25,358.6
1984-12-26,240.3
1984-12-27,194.8
1984-12-28,163.9
1984-12-29,145.0
1984-12-30,136.0
1984-12-31,140.4
1985-01-01,147.0
1985-01-02,149.8
1985-01-03,159.8
1985-01-04,172.7
1985-01-05,179.2
1985-01-06,181.2
1985-01-07,186.5
1985-01-08,217.1
1985-01-09,251.1
1985-01-10,263.9
1985-01-11,258.6
1985-01-12,261.0
1985-01-13,261.5
1985-01-14,250.3
1985-01-15,208.9
1985-01-16,168.0
1985-01-17,142.0
1985-01-18,135.9
1985-01-19,127.2
1985-01-20,126.2
1985-01-21,131.4
1985-01-22,132.7
1985-01-23,129.0
1985-01-24,126.8
1985-01-25,122.3
1985-01-26,112.2
1985-01-27,107.0
1985-01-28,97.5
1985-01-29,94.1
1985-01-30,96.6
1985-01-31,93.4
1985-02-01,85.7
1985-02-02,87.8
1985-02-03,78.9
1985-02-04,77.3
1985-02-05,62.9
1985-02-06,49.2
1985-02-07,46.1
1985-02-08,42.6
1985-02-09,30.7
1985-02-10,30.4
1985-02-11,27.5
1985-02-12,27.9
1985-02-14,27.2
1985-02-15,27.3
1985-02-16,31.7
1985-02-17,31.8
1985-02-18,26.3
1985-02-19,29.7
1985-02-21,31.1
1985-02-22,27.1
1985-02-23,28.1
1985-02-24,26.6
1985-02-25,30.3
1985-02-26,45.7
1985-02-27,52.2
1985-02-28,55.5
1985-03-01,58.5
1985-03-02,61.3
1985-03-03,67.8
1985-03-04,67.3
1985-03-06,44.4
1985-03-07,41.7
1985-03-08,41.2
1985-03-09,41.4
1985-03-10,32.9
1985-03-11,30.2
1985-03-13,28.7
1985-03-14,26.9
1985-03-15,25.9
1985-03-16,21.4
1985-03-17,22.6
1985-03-18,23.8
1985-03-19,25.9
1985-03-20,18.7
1985-03-21,25.0
1985-03-22,21.4
1985-03-23,18.7
1985-03-24,17.9
1985-03-25,15.5
1985-03-26,13.5
1985-03-27,19.5
1985-03-28,10.6
1985-03-29,17.9
1985-03-30,18.8
1985-03-31,17.3
1985-04-01,16.0
1985-04-02,14.2
1985-04-03,12.9
1985-04-04,16.1
1985-04-05,11.4
1985-04-06,15.3
1985-04-07,17.7
1985-04-08,18.9
1985-04-09,18.2
1985-04-10,19.7
1985-04-11,17.3
1985-04-12,18.6
1985-04-13,20.5
1985-04-14,27.5
1985-04-15,27.7
1985-04-16,51.1
1985-04-17,76.1
1985-04-18,127.1
1985-04-19,160.6
1985-04-20,161.5
1985-04-21,156.4
1985-04-22,153.8
1985-04-23,133.9
1985-04-24,110.8
1985-04-25,63.8
1985-04-26,29.3
1985-04-27,25.8
1985-04-28,24.3
1985-04-29,28.1
1985-04-30,26.3
1985-05-01,25.3
1985-05-02,24.8
1985-05-03,26.5
1985-05-04,27.2
1985-05-05,31.9
1985-05-06,63.9
1985-05-07,89.6
1985-05-08,98.6
1985-05-09,99.9
1985-05-10,102.0
1985-05-11,100.7
1985-05-12,95.5
1985-05-13,66.1
1985-05-14,42.3
1985-05-16,32.7
1985-05-17,36.7
1985-05-18,52.1
1985-05-19,57.9
1985-05-20,56.6
1985-05-21,55.4
1985-05-24,48.9
1985-05-25,34.8
1985-05-27,25.4
1985-05-28,38.6
1985-05-31,54.1
1985-06-01,57.4
1985-06-03,90.8
1985-06-04,87.5
1985-06-05,86.0
1985-06-06,88.3
1985-06-07,90.2
1985-06-08,86.7
1985-06-09,87.8
1985-06-10,72.2
1985-06-11,69.5
1985-06-12,69.8
1985-06-13,74.3
1985-06-14,70.5
1985-06-15,76.5
1985-06-16,75.0
1985-06-17,80.2
1985-06-18,84.1
1985-06-19,85.7
1985-06-20,75.8
1985-06-21,77.6
1985-06-22,75.2
1985-07-06,55.6
1985-07-07,54.7
1985-07-08,53.7
1985-07-09,49.1
1985-07-10,37.5
1985-07-11,33.9
1985-07-12,32.7
1985-07-13,30.7
1985-07-14,37.5
1985-07-15,56.7
1985-07-16,66.0
1985-07-17,72.1
1985-08-02,73.2
1985-08-03,72.9
1985-08-04,69.0
1985-08-05,52.1
1985-08-06,46.0
1985-08-07,60.8
1985-08-08,71.4
1985-08-09,86.8
1985-08-10,93.7
1985-08-11,98.8
1985-08-12,104.5
1985-08-13,105.0
1985-08-14,92.5
1985-08-15,85.8
1985-08-16,106.5
1985-08-17,117.0
1985-08-18,118.6
1985-08-19,119.8
1985-08-20,120.7
1985-08-21,118.6
1985-08-22,118.6
1985-08-23,97.8
1985-08-24,89.8
1985-08-25,93.3
1985-08-26,91.7
1985-08-27,93.2
1985-08-28,95.4
1985-08-29,97.1
1985-09-14,73.8
1985-09-15,69.4
1985-09-16,69.1
1985-09-17,62.7
1985-09-18,51.6
1985-09-19,44.8
1985-09-20,42.8
1985-09-21,38.6
1985-09-29,87.4
1985-09-30,84.4
1985-10-01,63.9
1985-10-02,51.4
1985-10-03,49.5
1985-10-04,51.8
1985-10-05,50.1
1985-10-06,53.0
1985-10-18,39.8
1985-10-19,42.5
1985-10-20,37.6
1985-10-21,40.6
1985-10-22,39.4
1985-10-23,37.0
1985-10-24,37.3
1985-10-25,36.9
1985-10-26,39.9
1985-10-27,45.8
1985-10-28,43.7
1985-10-29,47.3
1985-10-30,51.2
1985-10-31,50.4
1985-11-01,47.7
1985-11-02,39.8
1985-11-03,36.8
1985-11-04,35.7
1985-11-05,30.0
1985-11-06,25.6
1985-11-07,26.1
1985-11-08,29.0
1985-11-09,32.9
1985-11-10,35.4
1985-11-11,39.8
1985-11-12,45.4
1985-11-13,49.6
1985-11-14,66.1
1985-11-15,103.0
1985-11-16,168.0
1985-11-17,210.0
1985-11-18,238.3
1985-11-19,253.7
1985-11-20,261.6
1985-11-21,252.8
1985-11-22,222.1
1985-11-23,159.9
1985-11-24,121.1
1985-11-25,96.2
1985-11-26,81.9
1985-11-27,75.8
1985-11-28,77.6
1985-11-29,79.7
1985-11-30,81.5
1985-12-01,79.6
1985-12-02,80.6
1985-12-03,84.3
1985-12-04,85.6
1985-12-05,84.4
1985-12-06,80.6
1985-12-07,80.7
1985-12-08,80.1
1985-12-09,77.9
1985-12-10,67.8
1985-12-11,64.3
1985-12-12,59.4
1985-12-13,58.7
1985-12-14,55.6
1985-12-15,56.1
1985-12-16,54.5
1985-12-17,64.6
1985-12-18,74.4
1985-12-19,85.0
1985-12-20,90.6
1985-12-21,99.2
1985-12-22,104.8
1985-12-23,110.2
1985-12-24,112.7
1985-12-25,123.6
1985-12-26,150.1
1985-12-27,156.1
1985-12-28,157.2
1985-12-29,166.4
1985-12-30,184.1
1985-12-31,187.0
1986-01-01,175.2
1986-01-02,140.9
1986-01-03,128.1
1986-01-04,116.6
1986-01-05,102.5
1986-01-06,81.1
1986-01-07,74.8
1986-01-08,66.6
1986-01-09,67.0
1986-01-10,77.7
1986-01-11,84.2
1986-01-12,82.1
1986-01-13,81.1
1986-01-14,78.3
1986-01-15,74.5
1986-01-16,67.9
1986-01-17,56.0
1986-01-18,49.6
1986-01-19,57.9
1986-01-20,69.0
1986-01-21,78.7
1986-01-22,87.0
1986-01-23,96.9
1986-01-24,105.2
1986-01-25,109.1
1986-01-26,93.3
1986-01-27,78.1
1986-01-28,63.5
1986-01-29,51.8
1986-01-30,42.6
1986-01-31,33.8
1986-02-01,25.7
1986-02-02,30.1
1986-02-03,29.4
1986-02-04,31.5
1986-02-05,32.9
1986-02-06,31.0
1986-02-07,29.7
1986-02-08,29.8
1986-02-09,29.0
1986-02-10,25.5
1986-02-19,70.3
1986-02-20,83.1
1986-02-21,89.6
1986-02-22,97.0
1986-02-23,108.0
1986-02-24,112.2
1986-02-25,104.5
1986-02-26,102.4
1986-02-27,97.0
1986-02-28,96.6
1986-03-01,95.2
1986-03-02,85.6
1986-03-03,74.0
1986-03-04,65.9
1986-03-05,62.8
1986-03-06,56.7
1986-03-07,49.7
1986-03-08,50.4
1986-03-09,65.2
1986-03-10,81.7
1986-03-11,98.0
1986-03-12,101.9
1986-03-13,112.0
1986-03-14,121.2
1986-03-15,121.3
1986-03-16,105.1
1986-03-17,87.7
1986-03-18,65.3
1986-03-19,57.3
1986-03-20,50.4
1986-03-21,45.3
1986-03-22,37.4
1986-03-23,36.3
1986-03-24,35.9
1986-03-25,40.3
1986-03-26,40.9
1986-03-27,38.9
1986-03-28,35.9
1986-03-29,38.3
1986-03-30,36.1
1986-03-31,34.6
1986-04-01,34.7
1986-04-02,35.0
1986-04-03,74.3
1986-04-04,86.7
1986-04-05,80.8
1986-04-06,86.1
1986-04-07,93.4
1986-04-08,94.0
1986-04-09,96.3
1986-04-10,58.9
1986-04-11,50.9
1986-04-12,55.6
1986-04-13,52.4
1986-04-14,45.6
1986-04-15,43.2
1986-04-16,40.4
1986-04-17,40.4
1986-04-18,36.5
1986-04-19,39.0
1986-04-20,38.4
1986-04-21,38.3
1986-04-22,38.9
1986-04-23,46.9
1986-04-24,72.6
1986-04-25,93.3
1986-04-26,102.7
1986-04-27,110.7
1986-04-28,109.9
1986-04-29,110.0
1986-04-30,105.5
1986-05-01,80.3
1986-05-02,59.4
1986-05-03,47.8
1986-05-04,40.5
1986-05-05,41.2
1986-05-06,41.9
1986-05-07,36.7
1986-05-08,34.8
1986-05-09,37.3
1986-05-10,39.4
1986-05-11,39.1
1986-05-12,38.8
1986-05-13,37.0
1986-05-14,38.9
1986-05-15,39.1
1986-05-16,37.9
1986-05-17,35.5
1986-05-18,38.7
1986-05-19,40.4
1986-05-20,38.6
1986-05-21,35.0
1986-05-22,33.0
1986-05-23,31.6
1986-05-31,77.6
1986-06-01,81.8
1986-06-02,87.1
1986-06-03,71.9
1986-06-04,48.4
1986-06-05,50.6
1986-06-06,71.2
1986-06-07,88.7
1986-06-08,113.2
1986-06-09,145.3
1986-06-10,178.0
1986-06-11,199.3
1986-06-12,206.4
1986-06-13,192.1
1986-06-14,174.5
1986-06-15,145.8
1986-06-16,112.5
1986-06-17,77.7
1986-06-18,71.3
1986-06-19,84.6
1986-06-20,95.1
1986-06-21,106.1
1986-06-22,113.3
1986-06-23,118.2
1986-06-24,116.8
1986-06-25,105.7
1986-06-26,86.9
1986-06-27,75.4
1986-06-28,63.7
1986-06-29,54.7
1986-06-30,49.0
1986-07-01,49.2
1986-07-02,46.0
1986-07-03,44.9
1986-07-04,44.1
1986-07-05,43.3
1986-07-06,43.2
1986-07-07,42.1
1986-07-08,40.8
1986-07-09,41.8
1986-07-10,38.0
1986-07-11,35.7
1986-07-12,33.7
1986-07-13,32.9
1986-07-14,33.3
1986-07-15,31.3
1986-07-16,29.3
1986-07-17,28.0
1986-07-18,32.9
1986-07-19,42.6
1986-07-20,47.3
1986-07-21,52.7
1986-07-22,71.0
1986-07-23,79.4
1986-07-24,86.8
1986-07-25,91.2
1986-07-26,88.9
1986-07-27,88.4
1986-07-28,89.8
1986-07-29,87.4
1986-07-30,87.6
1986-07-31,87.3
1986-08-01,85.5
1986-08-02,80.6
1986-08-03,81.0
1986-08-04,76.8
1986-08-05,65.6
1986-08-06,66.6
1986-08-07,62.3
1986-08-08,58.9
1986-08-09,63.9
1986-08-10,66.4
1986-08-11,64.4
1986-08-12,63.3
1986-08-13,59.1
1986-08-14,61.3
1986-08-15,62.7
1986-08-16,64.8
1986-08-17,72.8
1986-08-18,80.2
1986-08-19,80.8
1986-08-20,82.0
1986-08-21,83.0
1986-08-22,82.5
1986-08-23,81.9
1986-08-24,64.1
1986-08-25,66.4
1986-08-26,67.1
1986-08-27,61.9
1986-08-28,62.9
1986-08-29,61.2
1986-08-30,58.4
1986-08-31,64.9
1986-09-01,57.5
1986-09-02,51.6
1986-09-03,51.0
1986-09-04,54.9
1986-09-05,58.3
1986-09-06,56.1
1986-09-07,55.0
1986-09-08,53.6
1986-09-09,59.5
1986-09-10,57.5
1986-09-11,47.3
1986-09-12,38.0
1986-09-13,34.8
1986-09-14,32.3
1986-09-15,30.2
1986-09-16,27.0
1986-09-17,28.3
1986-09-18,28.3
1986-09-19,29.8
1986-09-20,29.2
1986-09-21,29.4
1986-09-22,30.3
1986-09-23,31.9
1986-09-24,41.2
1986-09-25,51.1
1986-09-26,60.5
1986-09-27,62.1
1986-09-28,65.2
1986-09-29,66.9
1986-09-30,79.3
1986-10-01,94.4
1986-10-02,107.6
1986-10-03,109.8
1986-10-04,117.9
1986-10-05,120.1
1986-10-06,121.3
1986-10-07,111.5
1986-10-08,90.6
1986-10-09,72.0
1986-10-10,66.8
1986-10-11,61.6
1986-10-12,62.6
1986-10-13,62.6
1986-10-14,63.4
1986-10-15,63.1
1986-10-16,62.9
1986-10-17,61.9
1986-10-18,60.1
1986-10-19,57.1
1986-10-20,56.2
1986-10-21,55.3
1986-10-22,57.5
1986-10-23,57.0
1986-10-24,55.4
1986-10-25,56.8
1986-10-26,55.1
1986-10-27,54.5
1986-10-28,52.8
1986-10-29,53.6
1986-10-30,53.1
1986-10-31,54.8
1986-11-08,73.9
1986-11-09,71.7
1986-11-10,67.0
1986-11-11,54.1
1986-11-12,47.9
1986-11-13,46.0
1986-11-14,42.0
1986-11-15,37.9
1986-11-23,98.7
1986-11-24,106.9
1986-11-25,92.5
1986-11-26,90.1
1986-11-27,82.8
1986-11-28,67.2
1986-11-29,56.0
1986-11-30,43.3
1986-12-01,34.4
1986-12-02,33.8
1986-12-03,30.7
1986-12-04,30.9
1986-12-05,30.7
1986-12-06,40.0
1986-12-07,42.3
1986-12-08,45.4
1986-12-09,48.5
1986-12-10,51.3
1986-12-11,56.8
1986-12-12,61.2
1986-12-13,39.4
1987-01-20,123.9
1987-01-21,137.0
1987-01-22,127.3
1987-01-23,131.6
1987-01-24,136.1
1987-01-25,144.9
1987-01-26,145.9
1987-01-27,120.7
1987-01-28,114.4
1987-01-29,117.9
1987-01-30,120.2
1987-01-31,119.1
1987-02-01,146.7
1987-02-02,148.7
1987-02-03,154.2
1987-02-04,148.6
1987-02-05,146.2
1987-02-06,140.4
1987-02-07,141.3
1987-02-08,104.2
1987-02-09,74.8
1987-02-10,62.1
1987-02-11,61.4
1987-02-12,58.1
1987-02-13,54.7
1987-02-14,50.5
1987-02-15,50.4
1987-02-16,47.3
1987-02-17,48.6
1987-02-18,47.6
1987-02-19,45.4
1987-02-20,51.1
1987-02-21,54.3
1987-02-22,52.1
1987-02-23,52.4
1987-02-24,55.1
1987-02-25,54.9
1987-02-26,57.2
1987-02-27,50.5
1987-02-28,48.0
1987-03-01,51.5
1987-03-02,54.1
1987-03-03,52.9
1987-03-04,52.7
1987-03-05,52.3
1987-03-06,53.7
1987-03-07,101.7
1987-03-08,142.3
1987-03-09,171.5
1987-03-10,188.9
1987-03-11,196.6
1987-03-12,209.2
1987-03-13,202.9
1987-03-14,154.3
1987-03-15,107.1
1987-03-16,74.2
1987-03-17,56.5
1987-03-18,45.0
1987-03-19,30.4
1987-03-20,35.2
1987-03-21,32.3
1987-03-22,33.0
1987-03-23,31.5
1987-03-24,31.0
1987-03-25,28.5
1987-03-26,32.9
1987-03-27,86.0
1987-03-28,195.3
1987-03-29,252.4
1987-03-30,283.6
1987-03-31,298.8
1987-04-01,314.8
1987-04-02,321.1
1987-04-03,279.9
1987-04-04,181.1
1987-04-05,128.6
1987-04-06,103.8
1987-04-07,95.1
1987-04-08,86.7
1987-04-09,77.4
1987-04-10,66.4
1987-04-11,61.4
1987-04-12,60.2
1987-04-13,49.2
1987-04-15,38.2
1987-04-17,37.6
1987-04-18,47.2
1987-04-19,76.0
1987-04-20,93.6
1987-04-22,95.4
1987-04-24,99.9
1987-04-25,86.6
1987-04-26,50.1
1987-04-27,38.8
1987-04-28,43.1
1987-04-29,41.5
1987-04-30,32.5
1987-05-01,47.4
1987-05-02,52.1
1987-05-03,52.9
1987-05-04,51.8
1987-05-05,48.3
1987-05-06,46.2
1987-05-07,45.5
1987-05-08,34.7
1987-05-09,29.4
1987-05-10,35.0
1987-05-11,31.4
1987-05-12,32.7
1987-05-13,32.7
1987-05-14,37.0
1987-05-15,41.5
1987-05-16,49.3
1987-05-17,51.5
1987-05-18,53.1
1987-05-19,53.5
1987-05-20,55.1
1987-05-21,53.3
1987-05-22,53.0
1987-05-23,61.1
1987-05-24,84.7
1987-05-25,109.8
1987-05-26,169.7
1987-05-27,192.1
1987-05-28,216.8
1987-05-29,233.1
1987-05-30,227.4
1987-05-31,209.9
1987-06-01,217.0
1987-06-02,175.8
1987-06-03,161.7
1987-06-04,138.4
1987-06-05,119.3
1987-06-06,113.1
1987-06-07,108.3
1987-06-08,82.7
1987-06-09,68.5
1987-06-10,66.1
1987-06-11,107.1
1987-06-12,131.6
1987-06-13,138.8
1987-06-14,137.2
1987-06-15,136.0
1987-06-16,133.4
1987-06-17,130.0
1987-06-18,84.8
1987-06-19,57.2
1987-06-20,47.4
1987-06-21,45.1
1987-06-22,49.0
1987-06-23,57.1
1987-06-24,57.0
1987-06-25,57.5
1987-06-26,58.0
1987-06-27,57.5
1987-06-28,56.7
1987-06-29,49.4
1987-06-30,35.2
1987-07-01,30.0
1987-07-02,28.7
1987-07-03,29.3
1987-07-04,29.5
1987-07-05,28.1
1987-07-06,29.4
1987-07-07,27.6
1987-07-08,30.5
1987-07-09,25.6
1987-07-10,24.9
1987-07-11,24.4
1987-07-12,25.5
1987-07-13,25.6
1987-07-14,30.6
1987-07-15,30.7
1987-07-16,38.4
1987-07-17,36.4
1987-07-18,45.6
1987-07-19,49.1
1987-07-20,47.6
1987-07-21,45.9
1987-07-22,40.8
1987-07-23,37.5
1987-07-24,40.3
1987-07-25,30.3
1987-07-26,22.3
1987-07-27,22.6
1987-07-28,22.1
1987-07-29,25.8
1987-07-30,29.0
1987-07-31,32.1
1987-08-01,33.2
1987-08-02,39.1
1987-08-03,43.5
1987-08-04,50.5
1987-08-05,56.5
1987-08-06,55.2
1987-08-07,54.4
1987-08-08,51.2
1987-08-09,51.4
1987-08-10,44.9
1987-08-11,40.1
1987-08-12,32.6
1987-08-13,32.8
1987-08-14,31.1
1987-08-15,32.6
1987-08-16,31.0
1987-08-17,31.5
1987-08-18,30.0
1987-08-19,36.3
1987-08-20,42.2
1987-08-21,42.9
1987-08-22,44.3
1987-08-23,43.1
1987-08-24,51.3
1987-08-25,48.1
1987-08-26,47.6
1987-08-27,39.9
1987-08-28,39.0
1987-08-29,38.3
1987-08-30,35.5
1987-08-31,47.8
1987-09-01,65.3
1987-09-02,66.6
1987-09-03,67.1
1987-09-04,67.0
1987-09-05,69.2
1987-09-06,79.2
1987-09-07,60.5
1987-09-08,50.2
1987-09-09,45.9
1987-09-10,48.7
1987-09-11,52.5
1987-09-12,51.1
1987-09-13,47.2
1987-09-14,48.7
1987-09-15,43.6
1987-10-07,231.4
1987-10-08,245.1
1987-10-09,252.4
1987-10-10,210.7
1987-10-11,164.7
1987-10-12,130.3
1987-10-13,104.3
1987-10-14,90.3
1987-10-15,79.6
1987-10-16,76.1
1987-10-17,70.6
1987-10-18,64.2
1987-10-19,65.0
1987-10-20,66.2
1987-10-21,71.3
1987-10-22,77.9
1987-10-23,77.3
1987-10-24,82.1
1987-10-25,85.3
1987-10-26,102.0
1987-11-04,115.5
1987-11-05,108.6
1987-11-06,109.2
1987-11-07,101.5
1987-11-08,92.6
1987-11-09,70.6
1987-11-10,66.0
1987-11-11,64.8
1987-11-12,64.8
1987-11-13,64.5
1987-11-14,64.0
1987-11-15,59.8
1987-11-16,54.8
1987-11-17,52.3
1987-11-18,48.3
1987-11-19,43.9
1987-11-20,38.7
1987-11-21,35.5
1987-11-22,36.7
1987-11-23,38.5
1987-11-24,41.4
1987-11-25,41.4
1987-11-26,43.9
1987-11-27,45.1
1987-11-28,50.8
1987-11-29,52.8
1987-11-30,74.9
1987-12-01,85.6
1987-12-02,85.2
1987-12-03,85.6
1987-12-04,89.3
1987-12-05,86.1
1987-12-06,81.9
1987-12-07,58.6
1987-12-08,45.4
1987-12-09,46.3
1987-12-10,44.6
1987-12-11,41.1
1987-12-12,37.9
1987-12-13,35.9
1987-12-14,37.1
1987-12-15,41.3
1987-12-16,41.0
1987-12-17,37.3
1987-12-18,36.3
1987-12-19,34.1
1987-12-20,43.3
1987-12-21,47.1
1987-12-22,46.6
1987-12-23,54.6
1987-12-24,57.1
1987-12-25,61.6
1987-12-26,62.1
1987-12-27,51.9
1987-12-28,42.3
1987-12-29,39.5
1987-12-30,30.2
1987-12-31,28.6
1988-01-01,24.9
1988-01-02,24.6
1988-01-03,30.9
1988-01-04,33.3
1988-01-05,34.6
1988-01-06,31.8
1988-01-07,33.1
1988-01-08,35.0
1988-01-09,36.6
1988-01-10,34.3
1988-01-11,36.2
1988-01-12,38.4
1988-01-13,40.5
1988-01-14,43.1
1988-01-15,40.7
1988-01-16,61.9
1988-01-17,86.1
1988-01-18,86.1
1988-01-19,85.4
1988-01-20,85.2
1988-01-21,81.0
1988-01-22,80.6
1988-01-23,61.1
1988-01-24,33.4
1988-01-25,31.0
1988-01-26,25.0
1988-01-27,27.5
1988-01-28,29.7
1988-01-29,31.7
1988-01-30,23.9
1988-01-31,26.6
1988-02-01,25.1
1988-02-02,23.7
1988-02-03,21.2
1988-02-04,20.0
1988-02-05,18.2
1988-02-06,22.6
1988-02-07,20.3
1988-02-08,22.3
1988-02-09,25.4
1988-02-10,27.9
1988-02-11,29.4
1988-02-12,32.3
1988-02-13,38.8
1988-02-14,45.7
1988-02-15,48.0
1988-02-16,50.0
1988-02-17,51.6
1988-02-18,51.4
1988-02-19,53.9
1988-02-20,72.1
1988-02-21,85.0
1988-02-22,85.1
1988-02-23,91.7
1988-02-24,90.4
1988-02-25,93.0
1988-02-26,91.4
1988-02-27,67.4
1988-02-28,46.0
1988-02-29,43.5
1988-03-01,35.5
1988-03-02,32.9
1988-03-03,26.7
1988-03-04,19.2
1988-03-05,19.3
1988-03-06,22.0
1988-03-07,21.6
1988-03-08,20.4
1988-03-09,23.8
1988-03-10,43.8
1988-03-11,61.0
1988-03-12,84.9
1988-03-13,96.4
1988-03-14,98.2
1988-03-15,99.0
1988-03-16,95.3
1988-03-17,78.2
1988-03-18,66.7
1988-03-19,44.2
1988-03-20,29.6
1988-03-21,29.9
1988-03-22,27.1
1988-03-23,33.3
1988-03-24,27.8
1988-03-25,26.0
1988-03-26,22.3
1988-03-27,28.6
1988-03-28,28.7
1988-03-29,36.2
1988-03-30,28.9
1988-03-31,32.7
1988-04-01,32.0
1988-04-02,37.5
1988-04-03,34.2
1988-04-04,28.3
1988-04-05,24.6
1988-04-06,50.7
1988-04-07,66.1
1988-04-08,67.5
1988-04-09,65.1
1988-04-10,64.7
1988-04-11,70.9
1988-04-12,68.7
1988-04-13,46.9
1988-04-14,31.2
1988-04-15,29.9
1988-04-16,29.6
1988-04-17,27.7
1988-04-18,24.6
1988-04-21,20.9
1988-04-22,19.6
1988-04-23,19.2
1988-04-24,19.2
1988-04-25,19.2
1988-04-28,15.9
1988-04-29,17.5
1988-04-30,20.3
1988-05-01,21.4
1988-05-02,25.1
1988-05-03,24.7
1988-05-04,23.4
1988-05-05,20.8
1988-05-06,20.9
1988-05-07,16.8
1988-05-08,17.4
1988-05-09,16.5
1988-05-10,18.8
1988-05-11,21.8
1988-05-12,26.6
1988-05-13,22.0
1988-05-14,21.8
1988-05-15,20.4
1988-05-16,29.6
1988-05-17,62.1
1988-05-18,67.6
1988-05-19,70.2
1988-05-20,70.4
1988-05-21,72.0
1988-05-22,74.3
1988-05-23,60.7
1988-05-24,30.1
1988-05-25,21.7
1988-05-26,18.3
1988-05-27,22.9
1988-05-28,20.5
1988-05-29,18.5
1988-05-30,17.7
1988-05-31,16.1
1988-06-01,17.3
1988-06-02,15.7
1988-06-03,14.4
1988-06-04,19.3
1988-06-05,36.0
1988-06-06,51.3
1988-06-07,55.1
1988-06-08,56.7
1988-06-09,59.6
1988-06-10,59.5
1988-06-11,56.2
1988-06-12,39.2
1988-06-13,29.7
1988-06-14,41.8
1988-06-15,48.8
1988-06-16,59.7
1988-06-17,70.6
1988-06-18,76.4
1988-06-19,80.1
1988-06-20,80.0
1988-06-21,66.5
1988-06-22,62.3
1988-06-23,54.9
1988-06-24,56.2
1988-06-25,55.9
1988-06-26,57.1
1988-06-27,57.7
1988-06-28,60.6
1988-06-29,61.0
1988-06-30,55.1
1988-07-01,44.6
1988-07-02,43.1
1988-07-03,39.4
1988-07-04,38.6
1988-07-12,45.4
1988-07-13,45.1
1988-07-14,34.4
1988-07-15,26.9
1988-07-16,26.4
1988-07-24,129.7
1988-07-25,141.8
1988-07-26,153.6
1988-07-27,154.0
1988-07-28,119.0
1988-07-29,106.4
1988-07-30,100.0
1988-07-31,88.0
1988-08-01,78.5
1988-08-02,70.7
1988-08-03,64.4
1988-08-04,58.6
1988-08-05,56.1
1988-08-06,61.2
1988-08-07,57.9
1988-08-08,65.3
1988-08-09,65.7
1988-08-10,75.1
1988-08-11,74.1
1988-08-12,72.8
1988-08-13,65.9
1988-08-14,67.7
1988-08-15,69.0
1988-08-16,74.9
1988-08-17,65.1
1988-08-18,71.9
1988-08-19,71.6
1988-08-20,78.0
1988-08-21,80.3
1988-08-22,68.0
1988-08-23,54.7
1988-08-24,61.6
1988-08-25,59.9
1988-08-26,57.9
1988-08-27,56.1
1988-08-28,52.3
1988-08-29,59.0
1988-08-30,65.5
1988-08-31,61.8
1988-09-01,61.4
1988-09-02,69.0
1988-09-03,65.0
1988-09-04,65.4
1988-09-05,65.2
1988-09-06,65.8
1988-09-07,65.6
1988-09-08,63.7
1988-09-09,77.7
1988-09-10,147.7
1988-09-11,170.5
1988-09-12,179.6
1988-09-13,183.8
1988-10-01,83.6
1988-10-02,101.6
1988-10-03,115.3
1988-10-04,118.3
1988-10-05,113.9
1988-10-06,116.1
1988-10-07,118.3
1988-10-08,129.1
1988-10-09,125.1
1988-10-10,127.0
1988-10-11,147.7
1988-10-12,159.8
1988-10-13,204.0
1988-10-14,224.0
1988-10-15,246.7
1988-10-16,261.0
1988-10-17,261.4
1988-10-18,240.3
1988-10-19,232.9
1988-10-20,197.8
1988-10-21,191.3
1988-10-22,176.3
1988-10-23,170.0
1988-10-24,173.8
1988-10-25,189.3
1988-10-26,210.7
1988-10-27,226.7
1988-10-28,242.6
1988-10-29,243.1
1988-10-30,236.8
1988-10-31,228.5
1988-11-01,219.8
1988-11-02,197.1
1988-11-03,177.3
1988-11-04,143.4
1988-11-05,122.9
1988-11-06,110.6
1988-11-07,100.5
1988-11-08,90.5
1988-11-09,86.4
1988-11-10,82.6
1988-11-11,83.9
1988-11-12,79.9
1988-11-13,79.8
1988-11-14,82.5
1988-11-15,78.4
1988-11-16,86.6
1988-11-17,93.2
1988-11-18,98.7
1988-11-19,105.9
1988-11-20,105.7
1988-11-21,106.8
1988-11-22,106.5
1988-11-23,90.0
1988-11-24,82.5
1988-11-25,91.1
1988-11-26,106.8
1988-11-27,110.1
1988-11-28,107.5
1988-11-29,100.6
1988-11-30,101.0
1988-12-01,99.9
1988-12-02,84.4
1988-12-03,68.2
1988-12-04,78.7
1988-12-05,98.9
1988-12-06,111.1
1988-12-07,102.8
1988-12-08,101.6
1988-12-09,121.3
1988-12-10,140.6
1988-12-11,122.2
1988-12-12,97.1
1988-12-13,89.8
1988-12-14,99.5
1988-12-15,100.6
1988-12-16,76.5
1988-12-17,55.1
1988-12-18,59.5
1988-12-19,79.8
1988-12-20,87.8
1988-12-21,90.3
1988-12-22,88.0
1988-12-23,92.0
1988-12-24,92.1
1988-12-25,86.0
1988-12-26,64.6
1988-12-27,57.9
1988-12-28,58.4
1988-12-29,58.6
1988-12-30,58.4
1988-12-31,57.1
1989-01-01,59.7
1989-01-02,61.4
1989-01-03,58.2
1989-01-04,55.7
1989-01-05,53.8
1989-01-06,54.5
1989-01-07,53.6
1989-01-08,51.4
1989-01-09,51.0
1989-01-10,53.4
1989-01-11,53.6
1989-01-12,53.0
1989-01-13,50.0
1989-01-14,47.1
1989-01-15,47.5
1989-01-16,48.5
1989-01-17,44.9
1989-01-18,52.2
1989-01-19,59.0
1989-01-20,66.4
1989-01-21,69.5
1989-01-22,68.2
1989-01-23,66.5
1989-01-24,64.4
1989-01-25,54.1
1989-01-26,47.6
1989-01-27,39.3
1989-01-28,35.2
1989-01-29,36.1
1989-01-30,33.9
1989-01-31,32.1
1989-02-01,35.9
1989-02-02,34.6
1989-02-03,34.3
1989-02-04,32.5
1989-02-05,30.2
1989-02-06,30.0
1989-02-07,34.4
1989-02-08,30.5
1989-02-09,30.4
1989-02-10,31.2
1989-02-11,32.5
1989-02-12,33.3
1989-02-13,37.9
1989-02-14,32.5
1989-02-15,30.6
1989-02-16,30.1
1989-02-17,24.8
1989-02-18,17.4
1989-02-19,27.1
1989-02-20,49.4
1989-03-17,109.2
1989-03-18,96.3
1989-03-19,62.1
1989-03-20,42.7
1989-03-21,42.9
1989-03-22,40.7
1989-03-23,39.9
1989-03-24,41.1
1989-03-25,42.8
1989-03-26,89.1
1989-03-27,111.4
1989-03-28,106.0
1989-03-29,103.1
1989-03-30,97.4
1989-03-31,98.2
1989-04-01,99.7
1989-04-02,51.8
1989-04-03,28.9
1989-04-04,31.1
1989-04-05,29.5
1989-04-06,29.2
1989-04-07,30.4
1989-04-08,27.9
1989-04-09,28.0
1989-04-10,26.3
1989-04-11,23.3
1989-04-12,22.2
1989-04-13,27.4
1989-04-14,29.4
1989-04-15,30.1
1989-04-16,32.8
1989-04-17,33.8
1989-04-18,33.2
1989-04-19,34.7
1989-04-20,30.1
1989-04-21,22.1
1989-04-22,21.6
1989-04-23,19.0
1989-04-24,16.1
1989-04-25,17.0
1989-04-26,16.1
1989-04-27,26.2
1989-04-28,35.5
1989-04-29,38.7
1989-04-30,41.4
1989-05-01,48.5
1989-05-02,51.6
1989-05-03,52.3
1989-05-04,44.3
1989-05-05,36.2
1989-05-06,34.2
1989-05-07,29.5
1989-05-08,26.0
1989-05-09,22.3
1989-05-10,19.1
1989-05-11,17.1
1989-05-12,20.3
1989-05-13,20.7
1989-05-14,21.0
1989-05-15,19.2
1989-05-16,20.2
1989-05-17,22.9
1989-05-18,22.2
1989-05-19,25.6
1989-05-20,26.9
1989-05-21,29.8
1989-05-22,33.3
1989-05-23,32.8
1989-05-24,33.3
1989-05-25,33.8
1989-05-26,28.1
1989-05-27,25.1
1989-05-28,23.1
1989-05-29,19.4
1989-05-30,18.6
1989-05-31,16.9
1989-06-01,18.1
1989-06-02,18.8
1989-06-03,18.5
1989-06-04,26.5
1989-06-05,66.0
1989-06-06,82.3
1989-06-07,89.9
1989-06-08,98.9
1989-06-09,117.4
1989-06-10,124.8
1989-06-11,129.8
1989-06-12,93.5
1989-06-13,90.2
1989-06-14,89.2
1989-06-15,85.6
1989-06-16,71.0
1989-06-17,69.7
1989-06-18,58.9
1989-06-19,59.7
1989-06-20,48.8
1989-06-21,45.2
1989-06-22,45.9
1989-06-23,44.9
1989-06-24,40.7
1989-06-25,39.5
1989-06-26,37.1
1989-06-27,34.2
1989-06-28,33.5
1989-06-29,26.3
1989-06-30,25.8
1989-07-01,23.5
1989-07-02,28.2
1989-07-03,42.4
1989-07-04,48.2
1989-07-05,51.6
1989-07-06,54.4
1989-07-07,59.4
1989-07-08,64.6
1989-07-09,60.6
1989-07-10,48.0
1989-07-11,45.7
1989-07-12,44.5
1989-07-13,43.5
1989-07-14,40.8
1989-07-15,37.5
1989-07-16,37.8
1989-07-17,37.9
1989-07-18,39.6
1989-07-19,39.2
1989-07-20,35.4
1989-07-21,36.4
1989-07-22,34.6
1989-07-23,28.2
1989-07-24,25.8
1989-07-25,24.7
1989-07-26,23.4
1989-07-27,25.5
1989-07-28,20.2
1989-07-29,22.7
1989-07-30,31.9
1989-07-31,35.0
1989-08-01,36.5
1989-08-02,42.5
1989-08-03,53.3
1989-08-04,64.6
1989-08-05,73.2
1989-08-06,77.1
1989-08-08,79.2
1989-08-09,71.0
1989-08-10,60.9
1989-08-11,52.0
1989-08-12,42.9
1989-08-13,34.6
1989-08-15,27.6
1989-08-16,27.3
1989-08-17,28.4
1989-08-18,25.4
1989-08-19,24.5
1989-08-20,22.5
1989-08-21,16.4
1989-08-22,17.5
1989-08-23,22.4
1989-08-24,18.9
1989-08-25,21.5
1989-08-26,20.1
1989-08-27,22.7
1989-08-28,28.3
1989-08-29,26.9
1989-08-30,19.4
1989-08-31,21.9
1989-09-01,19.9
1989-09-02,20.5
1989-09-03,18.4
1989-09-04,15.0
1989-09-05,14.0
1989-09-06,17.0
1989-09-07,14.2
1989-09-08,14.0
1989-09-09,15.5
1989-09-10,21.0
1989-09-11,19.3
1989-09-12,18.8
1989-09-13,22.7
1989-09-14,26.8
1989-09-15,27.8
1989-09-16,27.8
1989-09-17,23.3
1989-09-18,25.6
1989-09-19,26.4
1989-09-20,25.4
1989-09-21,22.7
1989-09-22,20.5
1989-09-23,21.5
1989-09-24,22.7
1989-09-25,23.6
1989-09-26,23.7
1989-09-27,25.2
1989-09-28,28.9
1989-09-29,32.0
1989-09-30,42.7
1989-10-01,61.5
1989-10-02,69.9
1989-10-03,72.0
1989-10-04,68.1
1989-10-05,67.9
1989-10-06,68.0
1989-10-07,50.6
1989-10-08,28.0
1989-10-09,22.1
1989-10-10,19.7
1989-10-11,21.8
1989-10-12,21.7
1989-10-13,23.6
1989-10-14,29.9
1989-10-15,36.0
1989-10-16,36.1
1989-10-17,37.8
1989-10-18,35.3
1989-10-19,34.3
1989-10-20,38.2
1989-10-21,41.4
1989-10-22,34.0
1989-10-23,33.8
1989-10-24,36.3
1989-10-25,36.1
1989-10-26,36.4
1989-10-27,35.8
1989-10-28,36.1
1989-10-29,45.9
1989-10-30,46.6
1989-10-31,41.3
1989-11-02,43.0
1989-11-03,37.0
1989-11-04,39.8
1989-11-05,52.1
1989-11-06,81.6
1989-11-07,113.3
1989-11-15,49.8
1989-11-16,42.6
1989-11-17,38.1
1989-11-18,35.2
1989-11-19,33.6
1989-11-20,36.3
1989-11-21,37.0
1989-11-22,33.4
1989-11-23,33.6
1989-11-24,32.1
1989-11-25,29.8
1989-11-26,29.6
1989-11-27,31.6
1989-11-28,29.8
1989-11-29,32.5
1989-11-30,38.9
1989-12-01,55.6
1989-12-02,56.8
1989-12-03,57.7
1989-12-04,57.7
1989-12-05,61.1
1989-12-06,59.2
1989-12-07,59.0
1989-12-08,45.6
1989-12-09,47.6
1989-12-10,51.6
1989-12-11,49.1
1989-12-12,101.1
1989-12-13,159.5
1989-12-14,176.3
1989-12-15,185.7
1989-12-16,191.5
1989-12-17,191.6
1989-12-18,196.5
1989-12-19,147.0
1989-12-20,89.0
1989-12-28,191.5
1989-12-29,190.6
1989-12-30,194.2
1989-12-31,180.8
1990-01-01,125.7
1990-01-02,98.1
1990-01-13,42.6
1990-01-14,56.3
1990-01-15,82.2
1990-01-24,40.7
1990-01-25,39.6
1990-01-26,39.8
1990-01-27,37.3
1990-01-28,38.7
1990-01-29,36.1
1990-01-30,35.9
1990-01-31,34.2
1990-02-01,33.1
1990-02-02,33.3
1990-02-03,32.1
1990-02-04,30.3
1990-02-05,31.7
1990-02-06,35.0
1990-02-07,35.7
1990-02-08,33.8
1990-02-21,32.7
1990-02-22,33.9
1990-02-23,25.4
1990-03-10,142.5
1990-03-11,156.3
1990-03-12,151.8
1990-03-13,139.6
1990-03-14,109.2
1990-03-15,91.6
1990-03-16,86.7
1990-03-17,66.7
1990-03-18,49.4
1990-03-19,39.4
1990-03-30,28.0
1990-03-31,32.0
1990-04-08,19.5
1990-04-09,18.3
1990-04-10,19.9
1990-04-11,15.4
1990-04-12,16.4
1990-04-13,23.3
1990-04-14,32.1
1990-04-15,31.9
1990-04-16,40.8
1990-04-17,38.9
1990-04-18,38.4
1990-04-19,37.4
1990-04-20,36.5
1990-04-21,40.1
1990-04-22,50.0
1990-04-23,51.9
1990-04-24,62.3
1990-04-25,85.8
1990-04-26,109.9
1990-04-27,117.9
1990-04-28,110.1
1990-04-29,111.1
1990-04-30,115.1
1990-05-13,107.5
1990-05-14,106.3
1990-05-15,108.5
1990-05-16,107.8
1990-05-17,125.9
1990-05-18,116.3
1990-05-19,124.0
1990-05-20,139.5
1990-05-21,148.1
1990-05-22,149.2
1990-05-23,151.9
1990-05-24,121.9
1990-05-25,108.0
1990-05-26,100.2
1990-05-27,78.1
1990-06-05,73.7
1990-06-06,67.1
1990-06-19,52.8
1990-06-20,52.3
1990-06-21,51.2
1990-06-22,39.8
1990-06-23,37.7
1990-06-24,73.4
1990-06-25,98.2
1990-06-26,108.7
1990-06-27,116.8
1990-06-28,124.8
1990-06-29,121.9
1990-06-30,118.4
1990-07-01,82.4
1990-07-02,58.0
1990-07-03,47.3
1990-07-04,37.0
1990-07-05,31.7
1990-07-06,37.6
1990-07-07,37.1
1990-07-08,34.3
1990-07-09,31.4
1990-07-10,30.4
1990-07-11,30.5
1990-07-12,26.7
1990-07-13,23.8
1990-07-14,25.6
1990-07-15,25.5
1990-07-16,25.7
1990-07-17,26.4
1990-07-18,26.1
1990-07-19,26.8
1990-07-20,26.0
1990-07-21,24.3
1990-07-22,26.1
1990-07-23,59.8
1990-07-24,94.2
1990-07-25,105.8
1990-07-26,107.7
1990-07-27,109.3
1990-07-28,114.1
1990-07-29,116.3
1990-07-30,82.7
1990-07-31,48.8
1990-08-01,42.0
1990-08-02,52.8
1990-08-03,74.6
1990-08-04,84.3
1990-08-05,94.1
1990-08-06,103.5
1990-08-07,106.5
1990-08-08,107.5
1990-08-09,101.0
1990-08-10,81.8
1990-08-11,67.2
1990-08-12,56.3
1990-08-13,51.9
1990-08-14,49.4
1990-08-15,42.9
1990-08-16,38.9
1990-08-17,37.9
1990-08-18,37.5
1990-08-19,35.4
1990-08-20,35.5
1990-08-21,28.8
1990-08-22,30.6
1990-08-23,33.4
1990-08-24,33.5
1990-08-25,35.3
1990-08-26,33.2
1990-08-27,28.1
1990-08-28,37.0
1990-08-29,35.9
1990-08-30,28.2
1990-08-31,22.6
1990-09-01,25.3
1990-09-02,25.9
1990-09-03,18.8
1990-09-04,15.0
1990-09-05,12.9
1990-09-06,12.8
1990-09-07,13.0
1990-09-08,8.4
1990-09-09,8.6
1990-09-10,15.9
1990-09-11,17.1
1990-09-12,19.4
1990-09-13,19.1
1990-09-14,20.5
1990-09-15,18.7
1990-09-16,18.9
1990-09-17,17.7
1990-09-18,16.5
1990-09-19,17.9
1990-09-20,18.6
1990-09-21,20.9
1990-09-22,25.0
1990-09-23,24.6
1990-09-24,25.9
1990-09-25,22.8
1990-09-26,18.3
1990-09-27,19.3
1990-09-28,17.5
1990-09-29,15.2
1990-09-30,13.1
1990-10-01,13.4
1990-10-02,16.1
1990-10-03,21.4
1990-10-04,31.8
1990-10-05,35.4
1990-10-06,32.2
1990-10-07,31.6
1990-10-08,32.9
1990-10-09,36.8
1990-10-10,51.1
1990-10-11,94.0
1990-10-12,122.2
1990-10-13,139.1
1990-10-14,154.2
1990-10-15,161.9
1990-10-16,166.2
1990-10-17,155.4
1990-10-18,109.7
1990-10-19,83.4
1990-10-20,73.2
1990-10-21,65.3
1990-10-22,59.4
1990-10-23,56.4
1990-10-24,57.8
1990-10-25,50.2
1990-10-26,52.9
1990-10-27,51.0
1990-10-28,44.8
1990-10-29,42.2
1990-10-30,43.6
1990-10-31,36.7
1990-11-01,39.8
1990-11-02,33.3
1990-11-03,34.3
1990-11-11,80.5
1990-11-12,80.3
1990-11-13,84.2
1990-11-14,85.7
1990-11-15,80.4
1990-11-16,69.8
1990-11-17,66.3
1990-11-18,64.1
1990-11-19,58.2
1990-11-20,49.4
1990-11-21,42.2
1990-11-22,50.1
1990-11-23,51.2
1990-11-24,41.2
1990-11-25,38.7
1990-11-26,41.6
1990-11-27,49.7
1990-11-28,53.7
1990-11-29,44.2
1990-11-30,38.5
1990-12-01,34.5
1990-12-02,32.3
1990-12-03,38.4
1990-12-04,29.2
1990-12-05,32.8
1990-12-06,35.2
1990-12-07,41.3
1990-12-08,70.2
1990-12-09,152.2
1990-12-10,193.8
1990-12-11,244.9
1990-12-12,279.7
1990-12-13,304.8
1990-12-14,306.2
1990-12-15,292.0
1990-12-16,222.6
1990-12-17,181.7
1990-12-18,142.2
1990-12-19,108.6
1990-12-20,87.1
1990-12-21,83.7
1990-12-22,85.0
1990-12-23,85.8
1990-12-24,87.4
1990-12-25,91.1
1990-12-26,95.4
1990-12-27,99.2
1990-12-28,95.3
1990-12-29,89.0
1990-12-30,80.2
1990-12-31,74.3
1991-01-01,67.8
1991-01-02,68.7
1991-01-03,65.2
1991-01-04,92.3
1991-01-05,111.6
1991-01-06,112.6
1991-01-07,109.8
1991-01-08,109.6
1991-01-09,101.6
1991-01-10,99.7
1991-01-11,68.4
1991-01-12,45.9
1991-01-13,44.3
1991-01-14,52.5
1991-01-15,54.7
1991-01-16,48.6
1991-01-17,47.8
1991-01-18,49.6
1991-01-19,48.4
1991-01-20,52.5
1991-01-21,58.8
1991-01-22,60.3
1991-01-23,68.0
1991-01-24,68.2
1991-01-25,88.2
1991-01-26,105.4
1991-01-27,103.3
1991-01-28,101.5
1991-01-29,114.5
1991-01-30,124.3
1991-01-31,134.6
1991-02-01,120.9
1991-02-02,107.7
1991-02-03,119.0
1991-02-04,123.7
1991-02-05,114.8
1991-02-06,110.1
1991-02-07,104.8
1991-02-08,98.7
1991-02-09,98.1
1991-02-10,87.8
1991-02-11,74.3
1991-02-12,95.7
1991-02-13,103.2
1991-02-14,104.2
1991-02-15,112.0
1991-02-16,117.3
1991-02-17,117.8
1991-02-18,114.7
1991-02-19,84.1
1991-02-20,72.6
1991-02-21,59.6
1991-02-22,51.0
1991-02-23,44.9
1991-02-24,37.1
1991-02-25,33.4
1991-02-26,35.0
1991-02-27,27.4
1991-03-07,26.9
1991-03-08,24.9
1991-03-09,21.6
1991-03-10,24.1
1991-03-12,21.2
1991-03-13,20.3
1991-03-14,20.1
1991-03-15,18.3
1991-03-16,17.7
1991-03-17,18.4
1991-03-18,18.5
1991-03-19,21.2
1991-03-20,29.0
1991-03-21,34.6
1991-03-22,35.0
1991-03-23,36.5
1991-03-24,38.9
1991-03-25,40.0
1991-03-26,40.4
1991-03-27,33.5
1991-03-28,28.3
1991-03-29,33.2
1991-03-30,51.9
1991-03-31,84.1
1991-04-01,100.0
1991-04-02,107.5
1991-04-03,114.0
1991-04-04,122.6
1991-04-05,122.3
1991-04-06,107.9
1991-04-07,74.4
1991-04-08,60.8
1991-04-09,54.6
1991-04-10,50.2
1991-04-11,43.5
1991-04-12,42.6
1991-04-13,48.0
1991-04-14,55.4
1991-04-15,57.4
1991-04-16,60.1
1991-04-17,71.6
1991-04-18,74.6
1991-04-19,75.6
1991-04-20,67.8
1991-04-21,61.6
1991-04-22,59.0
1991-04-23,55.5
1991-04-24,43.1
1991-04-25,38.4
1991-04-26,33.5
1991-04-27,30.8
1991-04-28,29.1
1991-04-29,27.3
1991-04-30,25.8
1991-05-01,23.1
1991-05-02,23.6
1991-05-03,25.4
1991-05-04,25.3
1991-05-05,23.8
1991-05-06,24.9
1991-05-07,24.9
1991-05-08,26.6
1991-05-09,24.3
1991-05-10,22.7
1991-05-11,20.2
1991-05-12,22.0
1991-05-13,21.8
1991-05-14,24.6
1991-05-15,22.4
1991-05-16,25.9
1991-05-17,25.8
1991-05-18,28.1
1991-05-19,29.4
1991-05-20,28.2
1991-05-21,23.9
1991-05-22,25.1
1991-05-23,23.3
1991-05-24,24.2
1991-05-25,23.7
1991-05-26,19.2
1991-05-27,17.9
1991-05-28,21.4
1991-05-29,23.1
1991-05-30,18.7
1991-05-31,17.9
1991-06-01,19.8
1991-06-02,29.3
1991-06-03,35.1
1991-06-04,33.7
1991-06-05,33.8
1991-06-06,36.0
1991-06-07,35.5
1991-06-08,33.7
1991-06-09,26.0
1991-06-10,19.8
1991-06-11,19.3
1991-06-12,18.4
1991-06-13,16.7
1991-06-14,18.5
1991-06-15,19.6
1991-06-16,21.8
1991-06-17,20.4
1991-06-18,17.3
1991-06-19,14.8
1991-06-20,20.8
1991-06-21,20.5
1991-06-22,19.7
1991-06-23,16.4
1991-06-24,19.6
1991-06-25,22.0
1991-06-26,20.8
1991-06-27,16.7
1991-06-28,16.9
1991-06-29,15.5
1991-06-30,13.3
1991-07-01,12.7
1991-07-02,12.8
1991-07-03,12.7
1991-07-04,11.2
1991-07-05,11.0
1991-07-06,13.2
1991-07-07,13.1
1991-07-08,10.3
1991-07-09,10.1
1991-07-10,12.0
1991-07-11,11.2
1991-07-12,12.1
1991-07-13,15.0
1991-07-14,16.6
1991-07-15,17.5
1991-07-16,18.7
1991-07-17,23.3
1991-07-18,25.3
1991-07-19,24.9
1991-07-20,27.6
1991-07-21,26.0
1991-07-22,26.5
1991-07-23,22.8
1991-07-24,21.1
1991-07-25,23.9
1991-07-26,20.7
1991-07-27,12.2
1991-07-28,20.4
1991-07-29,27.8
1991-07-30,29.5
1991-07-31,28.2
1991-08-01,31.2
1991-08-02,32.6
1991-08-03,38.6
1991-08-04,61.1
1991-08-05,70.5
1991-08-06,113.3
1991-08-07,149.4
1991-08-08,158.9
1991-08-09,170.7
1991-08-10,176.6
1991-08-11,167.4
1991-08-12,186.6
1991-08-13,171.2
1991-08-14,194.1
1991-08-15,212.4
1991-08-16,215.4
1991-08-17,215.5
1991-08-18,206.1
1991-08-19,179.1
1991-08-20,159.7
1991-08-21,105.5
1991-08-22,81.1
1991-08-23,79.0
1991-08-24,77.5
1991-08-25,76.1
1991-08-26,74.2
1991-08-27,75.6
1991-08-28,81.4
1991-08-29,82.1
1991-08-30,82.5
1991-08-31,86.2
1991-09-01,86.9
1991-09-02,87.2
1991-09-03,82.9
1991-09-04,76.1
1991-09-05,71.6
1991-09-06,62.3
1991-09-07,51.8
1991-09-08,50.7
1991-09-09,79.1
1991-09-10,155.8
1991-09-11,195.0
1991-09-12,210.2
1991-09-13,221.6
1991-09-14,233.9
1991-09-23,73.1
1991-09-24,69.7
1991-09-25,62.1
1991-09-26,60.3
1991-09-27,57.9
1991-09-28,52.0
1991-09-29,43.6
1991-09-30,35.6
1991-10-01,30.1
1991-10-02,28.3
1991-10-03,24.2
1991-10-04,25.9
1991-10-05,29.2
1991-10-06,36.0
1991-10-07,38.8
1991-10-08,41.8
1991-10-09,44.1
1991-10-10,49.4
1991-10-11,46.3
1991-10-12,48.7
1991-10-13,48.2
1991-10-14,64.0
1991-10-15,110.3
1991-10-16,125.4
1991-10-17,128.5
1991-10-18,134.1
1991-10-28,83.3
1991-10-29,84.7
1991-10-30,83.2
1991-10-31,84.7
1991-11-01,79.2
1991-11-02,68.3
1991-11-03,61.1
1991-11-04,58.2
1991-11-05,54.9
1991-11-06,55.5
1991-11-07,50.7
1991-11-08,48.0
1991-11-09,48.2
1991-11-10,51.1
1991-11-11,44.7
1991-11-12,39.6
1991-11-13,35.4
1991-11-14,36.9
1991-11-15,37.6
1991-11-16,40.1
1991-11-17,39.8
1991-11-18,47.6
1991-11-19,46.4
1991-11-20,44.4
1991-11-21,41.6
1991-11-22,40.7
1991-11-23,32.8
1991-11-24,30.6
1991-11-25,27.0
1991-11-26,34.3
1991-11-27,41.1
1991-11-28,45.5
1991-11-29,47.0
1991-11-30,51.5
1991-12-01,50.5
1991-12-02,50.6
1991-12-03,46.2
1991-12-04,43.1
1991-12-05,42.6
1991-12-06,43.3
1991-12-07,43.6
1991-12-08,47.6
1991-12-09,49.0
1991-12-10,54.8
1991-12-11,55.8
1991-12-12,55.0
1991-12-13,57.5
1991-12-14,60.9
1991-12-15,58.3
1991-12-16,54.3
1991-12-17,51.9
1991-12-18,60.1
1991-12-19,66.4
1991-12-20,64.6
1991-12-21,59.2
1991-12-22,60.5
1991-12-23,65.3
1991-12-24,67.4
1991-12-25,63.2
1991-12-26,63.8
1991-12-27,76.2
1991-12-28,89.5
1991-12-29,92.1
1991-12-30,94.2
1991-12-31,91.5
1992-01-01,89.2
1992-01-02,81.9
1992-01-03,66.7
1992-01-04,61.3
1992-01-05,73.9
1992-01-06,81.0
1992-01-07,85.3
1992-01-08,86.4
1992-01-09,91.4
1992-01-10,99.1
1992-01-11,91.0
1992-01-12,73.8
1992-01-13,62.9
1992-01-14,57.9
1992-01-15,56.2
1992-01-16,50.8
1992-01-17,42.7
1992-01-18,46.5
1992-01-19,45.4
1992-01-20,44.5
1992-01-21,43.3
1992-01-22,39.4
1992-01-23,40.1
1992-01-24,40.9
1992-01-25,33.8
1992-01-26,34.4
1992-01-27,35.0
1992-01-28,32.4
1992-01-29,39.2
1992-01-30,39.2
1992-01-31,36.6
1992-02-01,38.5
1992-02-02,41.2
1992-02-03,43.2
1992-02-11,35.9
1992-02-12,61.5
1992-02-13,70.9
1992-02-14,75.4
1992-02-15,79.6
1992-02-16,76.6
1992-02-17,74.9
1992-02-18,75.0
1992-02-19,48.8
1992-02-20,37.8
1992-02-21,44.2
1992-02-22,47.4
1992-02-23,49.1
1992-02-24,49.4
1992-02-25,51.1
1992-02-26,61.8
1992-02-27,50.7
1992-02-28,50.7
1992-02-29,36.3
1992-03-01,32.6
1992-03-02,29.0
1992-03-03,27.6
1992-03-04,14.2
1992-03-05,20.6
1992-03-06,11.1
1992-03-07,16.7
1992-03-08,17.6
1992-03-09,17.7
1992-03-10,15.9
1992-03-11,18.0
1992-03-12,18.0
1992-03-13,18.0
1992-03-14,18.7
1992-03-15,21.9
1992-03-16,23.8
1992-03-17,35.3
1992-03-18,35.8
1992-03-19,35.6
1992-03-20,33.7
1992-03-21,36.8
1992-03-22,41.2
1992-03-23,39.0
1992-03-24,31.8
1992-03-25,38.8
1992-03-26,62.4
1992-03-27,70.0
1992-03-28,64.2
1992-03-29,59.1
1992-03-30,68.7
1992-03-31,69.5
1992-04-08,36.3
1992-04-09,34.9
1992-04-10,33.4
1992-04-11,30.3
1992-04-12,17.4
1992-04-13,22.1
1992-04-14,20.9
1992-04-15,23.6
1992-04-16,22.0
1992-04-17,22.3
1992-04-18,23.6
1992-04-19,25.4
1992-04-20,25.8
1992-04-21,20.6
1992-04-22,19.4
1992-04-23,20.5
1992-04-24,21.5
1992-04-25,20.8
1992-04-26,21.2
1992-04-27,20.0
1992-04-28,19.7
1992-04-29,16.2
1992-04-30,17.3
1992-05-01,18.9
1992-05-02,16.5
1992-05-03,14.0
1992-05-04,13.9
1992-05-05,17.7
1992-05-06,19.0
1992-05-07,20.1
1992-05-08,18.9
1992-05-09,16.5
1992-05-10,13.1
1992-05-11,12.1
1992-05-12,24.5
1992-05-13,33.9
1992-05-14,32.8
1992-05-15,31.8
1992-05-16,38.0
1992-05-17,38.6
1992-05-18,39.2
1992-05-19,24.0
1992-05-20,18.1
1992-05-28,13.1
1992-05-29,13.1
1992-05-30,15.3
1992-05-31,15.5
1992-06-01,19.7
1992-06-02,24.7
1992-06-03,27.6
1992-06-04,25.3
1992-06-05,23.2
1992-06-06,21.6
1992-06-07,23.2
1992-06-08,17.4
1992-06-09,10.7
1992-06-10,12.7
1992-06-11,24.1
1992-06-12,24.8
1992-06-13,23.1
1992-06-14,27.3
1992-06-15,30.2
1992-06-16,30.3
1992-06-17,25.9
1992-06-18,20.3
1992-06-19,21.5
1992-06-20,19.8
1992-06-21,15.0
1992-06-22,16.8
1992-06-23,16.1
1992-06-24,13.9
1992-06-25,13.0
1992-06-26,14.6
1992-06-27,13.9
1992-06-28,10.8
1992-06-29,13.3
1992-06-30,17.5
1992-07-01,19.8
1992-07-02,24.8
1992-07-03,39.5
1992-07-04,46.2
1992-07-05,49.0
1992-07-06,46.9
1992-07-07,48.1
1992-07-15,18.4
1992-07-16,19.1
1992-07-17,24.9
1992-07-18,31.1
1992-07-19,35.0
1992-07-20,38.9
1992-07-21,41.4
1992-07-22,45.3
1992-07-23,53.2
1992-07-24,53.1
1992-07-25,50.8
1992-07-26,48.9
1992-07-27,66.5
1992-07-28,78.9
1992-07-29,79.7
1992-07-30,78.0
1992-07-31,78.1
1992-08-01,75.5
1992-08-02,77.2
1992-08-17,61.3
1992-08-18,57.3
1992-08-19,57.4
1992-08-20,55.1
1992-08-21,53.4
1992-08-22,53.3
1992-08-23,43.4
1992-08-24,41.1
1992-08-25,39.3
1992-08-26,29.2
1992-08-27,26.0
1992-08-28,22.4
1992-08-29,21.4
1992-08-30,20.3
1992-08-31,16.5
1992-09-01,16.3
1992-09-02,22.9
1992-09-03,24.5
1992-09-04,23.7
1992-09-05,21.3
1992-09-06,23.8
1992-09-07,25.2
1992-09-08,24.2
1992-09-09,23.0
1992-09-10,19.9
1992-09-11,21.3
1992-09-12,22.8
1992-09-13,23.0
1992-09-14,21.7
1992-09-15,22.6
1992-09-16,22.6
1992-09-17,22.9
1992-09-18,20.7
1992-09-19,20.1
1992-09-20,17.4
1992-09-21,17.3
1992-09-22,16.6
1992-09-23,19.3
1992-09-24,21.5
1992-09-25,21.8
1992-09-26,21.8
1992-09-27,24.5
1992-09-28,22.5
1992-09-29,20.8
1992-09-30,19.6
1992-10-01,20.5
1992-10-02,22.0
1992-10-03,23.4
1992-10-04,25.3
1992-10-05,26.0
1992-10-06,30.2
1992-10-07,33.3
1992-10-08,42.2
1992-10-09,54.8
1992-10-10,60.5
1992-10-11,62.4
1992-10-12,68.4
1992-10-13,68.8
1992-10-14,67.0
1992-10-15,64.7
1992-10-16,57.8
1992-10-17,102.1
1992-10-18,186.3
1992-10-19,214.2
1992-11-01,96.5
1992-11-02,97.2
1992-11-03,97.3
1992-11-04,93.4
1992-11-05,89.9
1992-11-06,91.1
1992-11-14,160.1
1992-11-15,157.6
1992-12-18,33.9
1992-12-19,30.8
1992-12-20,32.7
1992-12-28,76.4
1992-12-29,76.4
1992-12-30,69.9
1992-12-31,57.1
1993-01-01,53.7
1993-01-02,49.6
1993-01-03,41.9
1993-01-04,37.7
1993-01-05,37.4
1993-01-06,41.8
1993-01-07,41.4
1993-01-08,53.0
1993-01-09,55.4
1993-01-10,53.0
1993-01-11,60.6
1993-01-12,69.8
1993-01-13,72.2
1993-01-14,78.5
1993-01-15,78.0
1993-01-16,111.7
1993-01-17,123.2
1993-01-18,117.2
1993-01-19,115.6
1993-01-20,118.9
1993-01-21,115.8
1993-01-22,114.9
1993-01-23,93.1
1993-01-24,86.3
1993-01-25,87.3
1993-01-26,86.2
1993-01-27,79.5
1993-01-28,75.8
1993-01-29,67.4
1993-01-30,48.2
1993-01-31,42.5
1993-02-01,44.7
1993-02-02,55.8
1993-02-03,61.7
1993-02-04,66.5
1993-02-05,69.2
1993-02-06,71.2
1993-02-07,68.3
1993-02-08,66.6
1993-02-09,52.4
1993-02-10,45.3
1993-02-11,38.3
1993-02-12,34.1
1993-02-13,34.9
1993-02-14,36.3
1993-02-15,30.9
1993-02-16,26.6
1993-02-17,25.8
1993-02-18,27.4
1993-02-19,26.3
1993-02-20,25.8
1993-02-21,28.8
1993-02-22,30.9
1993-02-23,29.5
1993-02-24,26.4
1993-02-25,26.1
1993-02-26,25.9
1993-02-27,29.4
1993-02-28,39.9
1993-03-01,60.4
1993-03-02,67.1
1993-03-03,71.5
1993-03-04,72.5
1993-03-05,72.5
1993-03-06,69.1
1993-03-07,55.6
1993-03-08,34.9
1993-03-09,30.9
1993-03-10,35.1
1993-03-11,34.0
1993-03-12,35.8
1993-03-13,32.0
1993-03-14,32.8
1993-03-15,31.5
1993-03-16,28.6
1993-03-17,22.3
1993-03-18,20.8
1993-03-19,17.9
1993-03-20,15.5
1993-03-21,11.0
1993-03-22,7.3
1993-03-23,16.1
1993-03-24,15.5
1993-03-25,12.3
1993-03-26,9.9
1993-03-27,14.3
1993-03-28,30.2
1993-03-29,37.8
1993-03-30,29.8
1993-03-31,31.8
1993-04-01,35.2
1993-04-02,43.8
1993-04-03,45.4
1993-04-04,33.3
1993-04-05,42.9
1993-04-06,63.2
1993-04-07,72.4
1993-04-08,77.5
1993-04-09,75.8
1993-04-10,75.2
1993-04-11,76.6
1993-04-12,64.3
1993-04-13,44.6
1993-04-14,35.0
1993-04-15,33.4
1993-04-16,26.5
1993-04-17,27.9
1993-04-18,25.0
1993-04-19,24.7
1993-04-20,25.5
1993-04-21,24.6
1993-04-22,21.1
1993-04-23,22.3
1993-04-24,19.3
1993-04-25,18.2
1993-04-26,15.3
1993-04-27,14.6
1993-04-28,16.7
1993-04-29,15.8
1993-04-30,17.1
1993-05-01,18.4
1993-05-02,31.6
1993-05-03,37.3
1993-05-04,36.8
1993-05-05,35.1
1993-05-06,35.6
1993-05-07,35.4
1993-05-08,37.6
1993-05-09,51.8
1993-05-10,57.6
1993-05-11,63.9
1993-05-12,71.7
1993-05-13,99.4
1993-05-14,114.0
1993-05-15,123.6
1993-05-16,103.3
1993-05-17,98.6
1993-05-18,96.0
1993-05-19,91.5
1993-05-20,67.3
1993-05-21,57.0
1993-05-22,48.9
1993-05-23,50.9
1993-05-24,48.2
1993-05-25,47.5
1993-05-26,46.2
1993-05-27,46.7
1993-05-28,47.7
1993-05-29,68.1
1993-05-30,84.3
1993-05-31,91.0
1993-06-01,105.5
1993-06-02,126.8
1993-06-03,133.7
1993-06-04,136.7
1993-06-05,123.5
1993-06-06,111.8
1993-06-07,105.9
1993-06-08,98.1
1993-06-09,103.0
1993-06-10,158.9
1993-06-11,192.6
1993-06-12,202.6
1993-06-13,205.4
1993-06-14,210.7
1993-06-15,204.2
1993-06-16,179.2
1993-06-17,132.3
1993-06-18,108.8
1993-06-19,110.8
1993-06-20,107.6
1993-06-21,112.8
1993-06-22,120.2
1993-06-23,124.5
1993-06-24,113.7
1993-06-25,102.0
1993-06-26,84.1
1993-06-27,76.2
1993-06-28,65.8
1993-06-29,57.0
1993-06-30,50.6
1993-07-01,45.5
1993-07-02,48.0
1993-07-03,57.5
1993-07-04,59.7
1993-07-05,62.9
1993-07-06,65.7
1993-07-07,65.9
1993-07-08,65.6
1993-07-09,63.3
1993-07-10,53.4
1993-07-11,49.3
1993-07-12,48.8
1993-07-13,49.4
1993-07-14,50.0
1993-07-15,50.8
1993-07-16,50.0
1993-07-17,55.2
1993-07-18,62.7
1993-07-19,62.3
1993-07-20,63.4
1993-07-21,63.6
1993-07-22,61.5
1993-07-23,58.9
1993-07-24,66.4
1993-07-25,69.2
1993-07-26,69.1
1993-07-27,66.7
1993-07-28,67.9
1993-07-29,69.7
1993-07-30,69.6
1993-07-31,58.0
1993-08-01,49.4
1993-08-02,48.1
1993-08-03,40.3
1993-08-04,36.8
1993-08-05,37.6
1993-08-06,36.7
1993-08-07,31.1
1993-08-08,29.2
1993-08-09,28.6
1993-08-10,33.6
1993-08-11,35.4
1993-08-12,43.2
1993-08-13,47.9
1993-08-14,49.9
1993-08-15,48.9
1993-08-16,51.3
1993-08-17,54.2
1993-08-18,51.4
1993-08-19,39.2
1993-08-20,36.7
1993-08-21,38.3
1993-08-22,36.7
1993-08-23,30.3
1993-08-24,25.9
1993-08-25,30.8
1993-08-26,31.7
1993-08-27,29.3
1993-08-28,29.8
1993-08-29,31.5
1993-08-30,32.5
1993-08-31,38.1
1993-09-01,47.8
1993-09-02,53.4
1993-09-03,54.5
1993-09-04,55.4
1993-09-05,58.5
1993-09-06,59.5
1993-09-07,52.5
1993-09-08,43.4
1993-09-09,40.8
1993-09-10,39.6
1993-09-11,36.8
1993-09-12,35.8
1993-09-13,33.6
1993-09-14,26.3
1993-09-15,18.1
1993-09-16,15.9
1993-09-17,14.3
1993-09-18,12.7
1993-09-19,11.0
1993-09-20,12.8
1993-09-21,22.2
1993-09-22,27.5
1993-09-23,26.5
1993-09-24,27.3
1993-09-25,29.8
1993-09-26,29.1
1993-09-27,28.4
1993-09-28,31.5
1993-09-29,31.3
1993-09-30,30.1
1993-10-01,30.7
1993-10-02,62.0
1993-10-03,139.1
1993-10-04,170.2
1993-10-05,182.8
1993-10-06,192.2
1993-10-07,206.0
1993-10-08,229.6
1993-10-09,209.2
1993-10-10,144.6
1993-10-11,122.6
1993-10-12,108.8
1993-10-13,100.2
1993-10-14,93.2
1993-10-15,69.7
1993-10-16,59.1
1993-10-17,62.7
1993-10-18,70.4
1993-10-19,76.9
1993-10-20,84.1
1993-10-21,80.2
1993-10-22,80.0
1993-10-23,82.3
1993-10-24,70.3
1993-10-25,55.0
1993-10-26,49.9
1993-10-27,46.2
1993-10-28,54.3
1993-10-29,66.2
1993-10-30,67.8
1993-10-31,67.4
1993-11-01,70.0
1993-11-02,69.8
1993-11-03,67.5
1993-11-04,62.4
1993-11-05,55.9
1993-11-06,52.4
1993-11-07,48.7
1993-11-08,44.8
1993-11-09,43.8
1993-11-10,42.1
1993-11-11,41.1
1993-11-12,37.9
1993-11-13,38.4
1993-11-14,39.6
1993-11-15,37.3
1993-11-16,37.6
1993-11-17,36.6
1993-11-18,35.9
1993-11-19,38.2
1993-11-20,36.8
1993-11-21,35.0
1993-11-22,39.3
1993-11-23,38.6
1993-11-24,41.6
1993-11-25,43.8
1993-11-26,38.1
1993-11-27,42.8
1993-11-28,46.4
1993-11-29,46.4
1993-11-30,48.8
1993-12-01,53.2
1993-12-02,53.5
1993-12-03,56.4
1993-12-04,55.0
1993-12-05,53.8
1993-12-06,53.9
1993-12-07,52.0
1993-12-08,48.3
1993-12-09,47.2
1993-12-10,49.8
1993-12-11,46.5
1993-12-12,48.2
1993-12-13,50.1
1993-12-14,50.6
1993-12-15,54.1
1993-12-16,59.1
1993-12-17,59.6
1993-12-18,56.6
1993-12-19,62.8
1993-12-20,69.7
1993-12-21,79.0
1993-12-22,75.9
1993-12-23,71.9
1993-12-24,71.7
1993-12-25,77.2
1993-12-26,82.2
1993-12-27,88.5
1993-12-28,88.7
1993-12-29,94.7
1993-12-30,94.1
1993-12-31,95.4
1994-01-01,96.9
1994-01-02,100.6
1994-01-03,103.9
1994-01-04,101.3
1994-01-05,110.0
1994-01-06,242.2
1994-01-07,403.3
1994-01-08,435.1
1994-01-09,437.3
1994-01-20,222.8
1994-01-21,255.7
1994-01-22,276.1
1994-01-23,285.8
1994-01-24,296.1
1994-01-25,289.3
1994-01-26,221.2
1994-01-27,156.7
1994-01-28,115.4
1994-01-29,86.4
1994-01-30,75.5
1994-01-31,55.1
1994-02-01,51.8
1994-02-02,45.0
1994-02-03,42.6
1994-02-04,46.9
1994-02-05,48.1
1994-02-06,47.8
1994-02-07,57.8
1994-02-08,58.0
1994-02-09,60.9
1994-02-10,57.0
1994-02-11,54.2
1994-02-12,52.2
1994-02-13,52.1
1994-02-14,48.1
1994-02-15,43.8
1994-02-16,40.3
1994-02-17,40.8
1994-02-18,54.3
1994-02-19,57.2
1994-02-20,53.7
1994-02-21,50.5
1994-02-22,54.4
1994-02-23,52.6
1994-02-24,52.7
1994-02-25,38.4
1994-02-26,35.4
1994-02-27,36.4
1994-02-28,39.1
1994-03-01,38.2
1994-03-02,39.2
1994-03-03,44.9
1994-03-04,42.7
1994-03-05,41.7
1994-03-06,39.3
1994-03-07,38.4
1994-03-08,36.4
1994-03-09,34.2
1994-03-10,27.3
1994-03-11,30.0
1994-03-12,33.6
1994-03-13,47.9
1994-03-14,59.7
1994-03-15,60.0
1994-03-16,82.2
1994-03-17,103.7
1994-03-18,113.3
1994-03-19,112.7
1994-03-20,101.4
1994-03-21,88.4
1994-03-22,91.8
1994-03-23,70.0
1994-03-24,51.0
1994-03-25,39.1
1994-03-26,34.1
1994-03-27,32.2
1994-03-28,39.8
1994-03-29,38.6
1994-03-30,39.2
1994-03-31,38.0
1994-04-01,40.7
1994-04-02,40.6
1994-04-03,37.5
1994-04-04,29.6
1994-04-05,27.1
1994-04-06,25.9
1994-04-07,25.8
1994-04-08,24.6
1994-04-09,25.2
1994-04-10,29.1
1994-04-11,31.8
1994-04-12,24.8
1994-04-13,31.7
1994-04-14,36.8
1994-04-15,40.0
1994-04-16,48.2
1994-04-17,64.6
1994-04-18,77.8
1994-04-19,92.7
1994-04-20,86.9
1994-04-21,84.7
1994-04-22,79.2
1994-04-23,74.9
1994-04-24,55.1
1994-04-25,38.1
1994-04-26,24.1
1994-04-27,21.7
1994-04-28,18.4
1994-04-29,21.7
1994-04-30,22.5
1994-05-01,24.7
1994-05-02,29.9
1994-05-03,39.4
1994-05-04,42.5
1994-05-05,39.1
1994-05-06,36.5
1994-05-07,31.3
1994-05-08,30.1
1994-05-09,31.4
1994-05-10,28.7
1994-05-11,27.0
1994-05-12,31.0
1994-05-13,31.8
1994-05-14,27.7
1994-05-15,25.5
1994-05-16,30.2
1994-05-17,39.4
1994-05-18,46.4
1994-05-19,52.7
1994-05-20,70.1
1994-05-21,80.0
1994-05-22,78.7
1994-05-23,65.1
1994-05-24,61.9
1994-05-25,72.3
1994-05-26,81.9
1994-05-27,75.4
1994-05-28,75.3
1994-05-29,84.2
1994-05-30,93.1
1994-05-31,88.7
1994-06-01,75.8
1994-06-02,60.5
1994-06-13,45.9
1994-06-14,42.9
1994-06-15,36.9
1994-06-16,37.2
1994-06-17,34.5
1994-06-18,32.5
1994-06-19,32.4
1994-06-20,32.3
1994-06-21,26.9
1994-06-22,61.4
1994-06-23,82.4
1994-06-24,93.2
1994-06-25,98.4
1994-06-26,101.9
1994-06-27,105.1
1994-06-28,112.7
1994-06-29,80.6
1994-07-10,72.0
1994-07-11,58.0
1994-07-12,55.6
1994-07-13,55.5
1994-07-14,55.3
1994-07-15,46.7
1994-07-16,43.9
1994-07-17,46.3
1994-07-18,47.5
1994-07-19,52.4
1994-07-20,55.8
1994-07-21,51.1
1994-07-22,48.1
1994-07-23,44.4
1994-07-24,43.1
1994-07-25,46.8
1994-07-26,39.3
1994-07-27,31.8
1994-07-28,29.8
1994-07-29,29.3
1994-07-30,32.2
1994-07-31,37.2
1994-08-01,40.7
1994-08-02,46.2
1994-08-03,48.7
1994-08-04,49.1
1994-08-05,55.0
1994-08-06,57.3
1994-08-07,51.2
1994-08-08,44.3
1994-08-09,41.9
1994-08-10,43.5
1994-08-11,66.8
1994-08-12,84.0
1994-08-13,89.1
1994-08-14,93.8
1994-08-15,95.1
1994-08-16,95.8
1994-08-17,94.1
1994-08-18,76.7
1994-08-19,56.0
1994-08-20,47.6
1994-08-21,44.7
1994-08-22,45.6
1994-08-23,43.9
1994-08-24,45.1
1994-08-25,40.4
1994-08-26,43.9
1994-08-27,53.0
1994-08-28,53.4
1994-08-29,53.7
1994-08-30,51.8
1994-08-31,51.3
1994-09-01,50.8
1994-09-02,49.5
1994-09-03,40.4
1994-09-04,51.0
1994-09-05,57.8
1994-09-06,62.7
1994-09-07,62.4
1994-09-08,63.7
1994-09-09,62.4
1994-09-10,62.0
1994-09-11,48.0
1994-09-12,40.7
1994-09-13,30.2
1994-09-14,34.9
1994-09-15,39.4
1994-09-16,48.8
1994-09-17,67.2
1994-09-18,80.7
1994-09-19,90.8
1994-09-20,106.5
1994-09-21,104.0
1994-09-22,97.5
1994-09-23,89.2
1994-09-24,76.8
1994-09-25,65.1
1994-09-26,52.2
1994-09-27,46.5
1994-09-28,38.6
1994-09-29,40.2
1994-09-30,43.5
1994-10-01,39.0
1994-10-02,41.2
1994-10-03,42.3
1994-10-04,40.1
1994-10-05,49.0
1994-10-06,49.5
1994-10-07,44.3
1994-10-08,45.8
1994-10-09,46.4
1994-10-10,50.2
1994-10-11,48.5
1994-10-12,44.1
1994-10-13,42.7
1994-10-14,43.7
1994-10-15,40.5
1994-10-16,39.6
1994-10-17,38.3
1994-10-18,40.0
1994-10-19,38.4
1994-10-20,37.8
1994-10-21,36.4
1994-10-22,39.7
1994-10-23,38.9
1994-10-24,39.6
1994-10-25,46.9
1994-10-26,51.1
1994-10-27,63.7
1994-10-28,72.5
1994-10-29,75.8
1994-10-30,77.4
1994-10-31,79.1
1994-11-01,76.9
1994-11-02,82.6
1994-11-03,105.9
1994-11-04,208.1
1994-11-05,263.0
1994-11-06,296.5
1994-11-07,324.8
1994-11-08,341.2
1994-11-09,350.1
1994-11-10,338.4
1994-11-11,246.0
1994-11-12,202.7
1994-11-13,182.6
1994-11-14,164.2
1994-11-15,162.3
1994-11-16,153.7
1994-11-17,139.1
1994-11-18,143.5
1994-11-19,166.5
1994-11-27,127.5
1994-11-28,135.2
1994-11-29,139.9
1994-11-30,144.8
1994-12-01,146.9
1994-12-02,144.1
1994-12-03,136.1
1994-12-04,127.6
1994-12-05,127.5
1994-12-06,120.4
1994-12-07,118.7
1994-12-21,76.1
1994-12-22,65.0
1994-12-23,54.5
1994-12-24,48.0
1994-12-25,42.9
1994-12-26,46.6
1994-12-27,65.3
1994-12-28,74.1
1994-12-29,82.4
1994-12-30,87.8
1994-12-31,96.8
1995-01-01,98.9
1995-01-02,97.2
1995-01-03,80.1
1995-01-04,70.9
1995-01-05,79.9
1995-01-06,82.5
1995-01-07,79.3
1995-01-08,79.1
1995-01-09,77.9
1995-01-10,80.5
1995-01-11,84.5
1995-01-12,72.9
1995-01-13,72.1
1995-01-14,65.7
1995-01-15,68.8
1995-01-16,67.6
1995-01-17,68.9
1995-01-18,66.2
1995-01-19,74.8
1995-01-20,89.0
1995-01-21,96.5
1995-01-22,97.3
1995-01-23,94.7
1995-01-24,92.1
1995-01-25,88.7
1995-01-26,79.0
1995-01-27,62.0
1995-01-28,61.2
1995-01-29,61.3
1995-01-30,70.2
1995-01-31,66.6
1995-02-01,64.5
1995-02-02,63.5
1995-02-03,65.5
1995-02-04,69.7
1995-02-05,68.2
1995-02-06,62.9
1995-02-07,63.9
1995-02-08,63.3
1995-02-09,62.4
1995-02-10,60.1
1995-02-11,47.4
1995-02-12,40.0
1995-02-13,39.9
1995-02-14,42.3
1995-02-15,43.0
1995-02-16,39.9
1995-02-17,43.7
1995-02-18,50.1
1995-02-19,50.0
1995-02-20,47.9
1995-02-21,46.7
1995-02-22,46.8
1995-02-23,45.8
1995-02-24,37.8
1995-02-25,35.5
1995-02-26,34.5
1995-02-27,14.8
1995-02-28,10.5
1995-03-01,8.9
1995-03-02,8.4
1995-03-03,6.4
1995-03-04,-0.8
1995-03-05,-2.1
1995-03-06,15.5
1995-03-07,18.0
1995-03-08,25.8
1995-03-09,28.9
1995-03-10,30.2
1995-03-11,34.0
1995-03-12,40.1
1995-03-13,35.5
1995-03-14,35.7
1995-03-15,31.2
1995-03-16,55.3
1995-03-17,84.3
1995-03-18,114.5
1995-03-19,140.7
1995-03-20,168.6
1995-03-21,188.8
1995-03-22,223.6
1995-03-23,257.4
1995-03-24,248.4
1995-03-25,230.1
1995-03-26,208.0
1995-03-27,193.0
1995-03-28,177.7
1995-03-29,144.7
1995-03-30,90.6
1995-03-31,74.1
1995-04-01,63.2
1995-04-02,56.2
1995-04-03,50.7
1995-04-04,56.6
1995-04-05,75.4
1995-04-06,91.6
1995-04-07,114.6
1995-04-08,140.3
1995-04-09,154.9
1995-04-10,162.0
1995-04-11,156.0
1995-04-12,138.9
1995-04-13,121.9
1995-04-14,99.9
1995-04-15,75.6
1995-04-16,63.4
1995-04-17,68.6
1995-04-18,78.0
1995-04-19,76.8
1995-04-20,76.6
1995-04-28,56.0
1995-04-29,54.8
1995-04-30,52.8
1995-05-01,54.6
1995-05-02,51.8
1995-05-03,47.6
1995-05-04,44.7
1995-05-05,31.7
1995-05-06,26.6
1995-05-07,34.1
1995-05-08,33.1
1995-05-09,33.4
1995-05-10,32.9
1995-05-11,35.8
1995-05-12,40.3
1995-05-13,56.9
1995-05-14,58.3
1995-05-15,58.8
1995-05-16,63.6
1995-05-17,71.2
1995-05-18,66.0
1995-05-19,61.9
1995-05-20,48.8
1995-05-21,39.9
1995-05-22,36.2
1995-05-23,35.6
1995-05-24,32.4
1995-05-25,46.6
1995-05-26,54.0
1995-05-27,63.4
1995-05-28,66.8
1995-05-29,72.0
1995-05-30,76.4
1995-05-31,77.5
1995-06-01,65.3
1995-06-02,57.7
1995-06-03,47.9
1995-06-04,42.6
1995-06-05,37.8
1995-06-06,35.1
1995-06-07,36.6
1995-06-08,40.4
1995-06-09,42.1
1995-06-10,40.7
1995-06-11,39.5
1995-06-12,41.6
1995-06-13,37.6
1995-06-14,30.0
1995-06-15,24.4
1995-06-16,21.9
1995-06-17,21.6
1995-06-18,21.5
1995-06-19,15.6
1995-06-20,17.1
1995-06-21,18.4
1995-06-22,17.6
1995-06-23,19.5
1995-06-24,21.6
1995-06-25,22.0
1995-06-26,28.1
1995-06-27,29.1
1995-06-28,30.7
1995-06-29,29.4
1995-06-30,24.5
1995-07-01,23.1
1995-07-02,24.8
1995-07-03,25.6
1995-07-04,21.6
1995-07-05,19.1
1995-07-06,22.0
1995-07-07,23.2
1995-07-08,21.7
1995-07-09,21.1
1995-07-10,18.1
1995-07-11,27.0
1995-07-12,35.7
1995-07-13,39.4
1995-07-14,36.3
1995-07-15,29.1
1995-07-16,34.2
1995-07-17,35.5
1995-07-18,18.2
1995-07-19,12.0
1995-07-20,9.6
1995-07-21,13.9
1995-07-22,23.2
1995-07-23,17.5
1995-07-24,16.2
1995-07-25,21.5
1995-07-26,15.4
1995-07-27,13.0
1995-07-28,16.1
1995-07-29,19.1
1995-07-30,16.3
1995-07-31,12.7
1995-08-01,18.0
1995-08-02,24.0
1995-08-03,22.0
1995-08-04,17.3
1995-08-05,16.6
1995-08-06,18.0
1995-08-07,15.4
1995-08-08,10.2
1995-08-09,8.8
1995-08-10,13.5
1995-08-11,14.7
1995-08-12,14.9
1995-08-13,24.2
1995-08-14,35.5
1995-08-15,61.3
1995-08-16,76.8
1995-08-17,81.5
1995-08-18,87.2
1995-08-19,91.0
1995-08-20,90.9
1995-08-21,89.2
1995-08-22,74.2
1995-08-23,64.0
1995-08-24,60.9
1995-08-25,72.4
1995-08-26,85.7
1995-08-27,87.1
1995-08-28,94.1
1995-08-29,102.3
1995-08-30,132.4
1995-08-31,150.9
1995-09-01,148.9
1995-09-02,143.7
1995-09-03,169.7
1995-09-04,184.6
1995-09-05,189.3
1995-09-06,170.8
1995-09-07,156.8
1995-09-08,148.2
1995-09-09,139.0
1995-09-10,110.4
1995-09-11,98.8
1995-09-12,115.4
1995-09-13,134.1
1995-09-14,153.8
1995-09-15,163.0
1995-09-16,167.0
1995-09-17,172.0
1995-09-18,169.1
1995-09-19,160.6
1995-09-20,157.6
1995-09-21,146.7
1995-09-22,162.2
1995-09-23,171.1
1995-09-24,177.1
1995-09-25,219.0
1995-09-26,235.2
1995-09-27,228.3
1995-09-28,227.6
1995-09-29,213.4
1995-09-30,209.5
1995-10-01,204.7
1995-10-02,181.6
1995-10-03,169.2
1995-10-04,166.0
1995-10-05,162.7
1995-10-06,158.4
1995-10-07,157.3
1995-10-08,157.5
1995-10-09,140.7
1995-10-10,122.2
1995-10-11,114.2
1995-10-12,117.5
1995-10-13,114.2
1995-10-14,109.5
1995-10-15,108.4
1995-10-16,105.7
1995-10-17,112.6
1995-10-18,105.9
1995-10-19,103.3
1995-10-20,102.5
1995-10-21,98.0
1995-10-22,93.3
1995-10-23,89.0
1995-10-24,74.4
1995-10-25,72.5
1995-10-26,63.0
1995-10-27,62.9
1995-10-28,87.9
1995-10-29,98.1
1995-10-30,102.7
1995-10-31,105.5
1995-11-01,110.0
1995-11-02,106.3
1995-11-03,95.5
1995-11-04,69.8
1995-11-05,57.9
1995-11-06,59.3
1995-11-07,75.6
1995-11-08,89.9
1995-11-09,104.3
1995-11-10,115.4
1995-11-11,118.8
1995-11-12,120.0
1995-11-13,115.4
1995-11-14,95.6
1995-11-15,78.8
1995-11-16,74.5
1995-11-17,78.2
1995-11-18,82.3
1995-11-19,81.6
1995-11-20,82.3
1995-11-21,82.9
1995-11-22,76.0
1995-11-23,88.0
1995-11-24,95.4
1995-11-25,100.9
1995-11-26,109.9
1995-11-27,109.6
1995-11-28,116.0
1995-11-29,143.4
1995-11-30,147.6
1995-12-01,149.4
1995-12-02,155.6
1995-12-03,153.1
1995-12-04,159.5
1995-12-05,167.6
1995-12-06,156.8
1995-12-07,142.8
1995-12-08,131.1
1995-12-09,158.2
1995-12-10,309.8
1995-12-11,438.6
1995-12-12,467.5
1995-12-13,485.7
1995-12-14,502.8
1995-12-15,517.1
1995-12-16,484.4
1995-12-17,334.5
1995-12-18,205.8
1995-12-19,186.8
1995-12-20,187.2
1995-12-21,180.0
1995-12-22,172.0
1995-12-23,165.9
1995-12-24,164.1
1995-12-25,198.8
1995-12-26,238.7
1995-12-27,226.4
1995-12-28,219.0
1995-12-29,212.6
1995-12-30,217.5
1995-12-31,216.4
1996-01-01,174.5
1996-01-02,120.7
1996-01-03,108.5
1996-01-04,101.5
1996-01-05,101.7
1996-01-06,94.0
1996-01-07,86.7
1996-01-08,83.8
1996-01-09,77.0
1996-01-10,76.7
1996-01-11,77.6
1996-01-12,74.4
1996-01-13,77.3
1996-01-14,77.7
1996-01-15,75.5
1996-01-16,70.9
1996-01-17,59.4
1996-01-18,52.8
1996-01-19,49.8
1996-01-20,46.8
1996-01-21,45.2
1996-01-22,44.8
1996-01-23,44.1
1996-01-24,47.6
1996-01-25,47.4
1996-01-26,49.0
1996-01-27,43.3
1996-01-28,41.9
1996-01-29,41.8
1996-01-30,43.8
1996-01-31,50.2
1996-02-01,93.0
1996-02-02,100.2
1996-02-03,102.9
1996-02-04,108.6
1996-02-05,110.1
1996-02-06,100.9
1996-02-07,98.4
1996-02-08,65.1
1996-02-09,56.9
1996-02-10,65.1
1996-02-11,66.2
1996-02-12,67.7
1996-02-13,77.9
1996-02-14,78.4
1996-02-15,68.2
1996-02-16,66.7
1996-02-17,56.1
1996-02-18,51.2
1996-02-19,48.0
1996-02-20,38.1
1996-02-21,33.4
1996-02-22,32.6
1996-02-23,31.8
1996-02-24,40.2
1996-02-25,37.9
1996-02-26,30.5
1996-02-27,38.5
1996-02-28,62.9
1996-02-29,101.4
1996-03-01,105.0
1996-03-02,95.6
1996-03-03,116.3
1996-03-04,115.9
1996-03-05,112.6
1996-03-06,86.2
1996-03-07,46.1
1996-03-08,39.2
1996-03-09,36.7
1996-03-10,15.3
1996-03-11,25.0
1996-03-12,24.9
1996-03-13,29.0
1996-03-14,33.1
1996-03-15,45.0
1996-03-16,58.7
1996-03-17,71.9
1996-03-18,75.3
1996-03-19,78.4
1996-03-20,77.4
1996-03-21,77.4
1996-03-22,69.7
1996-03-23,59.2
1996-03-24,48.0
1996-03-25,35.9
1996-03-26,32.3
1996-03-27,28.8
1996-03-28,25.1
1996-03-29,23.4
1996-03-30,26.8
1996-03-31,36.4
1996-04-01,55.5
1996-04-02,61.6
1996-04-03,64.9
1996-04-04,69.4
1996-04-05,74.1
1996-04-06,81.3
1996-04-07,91.8
1996-04-08,88.4
1996-04-09,94.1
1996-04-10,101.3
1996-04-11,141.6
1996-04-12,191.6
1996-04-13,204.7
1996-04-14,195.0
1996-04-15,196.1
1996-04-16,194.9
1996-04-17,195.9
1996-04-18,164.8
1996-04-19,116.4
1996-04-20,94.5
1996-04-21,83.4
1996-04-22,67.6
1996-04-23,61.2
1996-04-24,54.3
1996-04-25,47.7
1996-04-26,67.8
1996-04-27,83.7
1996-04-28,93.9
1996-04-29,100.2
1996-04-30,89.9
1996-05-01,94.6
1996-05-02,97.0
1996-05-03,76.7
1996-05-04,62.4
1996-05-05,61.2
1996-05-06,65.8
1996-05-07,79.7
1996-05-08,78.0
1996-05-09,74.4
1996-05-10,80.7
1996-05-11,78.3
1996-05-12,77.1
1996-05-13,71.6
1996-05-14,69.9
1996-05-15,68.5
1996-05-16,59.3
1996-05-17,40.5
1996-05-18,38.4
1996-05-19,29.9
1996-05-20,32.4
1996-05-21,33.0
1996-05-22,33.0
1996-05-23,48.6
1996-05-24,60.7
1996-05-25,63.2
1996-05-26,59.3
1996-05-27,58.6
1996-05-28,60.7
1996-05-29,57.0
1996-05-30,49.7
1996-05-31,44.4
1996-06-01,39.5
1996-06-02,44.3
1996-06-03,45.1
1996-06-04,44.1
1996-06-05,47.6
1996-06-06,50.3
1996-06-07,54.3
1996-06-08,59.5
1996-06-09,61.9
1996-06-10,62.0
1996-06-11,53.2
1996-06-12,51.8
1996-06-13,46.6
1996-06-14,45.4
1996-06-15,47.3
1996-06-16,46.6
1996-06-17,42.4
1996-06-18,44.7
1996-06-19,40.2
1996-06-20,38.2
1996-06-21,34.2
1996-06-22,28.1
1996-06-23,25.3
1996-06-24,28.0
1996-06-25,28.5
1996-06-26,30.1
1996-06-27,28.9
1996-06-28,27.0
1996-06-29,25.8
1996-06-30,24.6
1996-07-01,20.1
1996-07-02,19.5
1996-07-03,18.8
1996-07-04,15.1
1996-07-05,12.2
1996-07-06,16.4
1996-07-07,19.1
1996-07-08,16.4
1996-07-09,15.0
1996-07-10,16.1
1996-07-11,19.1
1996-07-12,18.2
1996-07-13,15.6
1996-07-14,16.2
1996-07-15,21.2
1996-07-16,17.4
1996-07-17,9.1
1996-07-18,9.9
1996-07-19,26.4
1996-07-20,24.5
1996-07-21,19.6
1996-07-22,17.5
1996-07-23,18.3
1996-07-24,23.9
1996-07-25,24.0
1996-07-26,11.3
1996-07-27,9.1
1996-07-28,11.2
1996-07-29,11.1
1996-07-30,10.2
1996-07-31,7.4
1996-08-01,6.3
1996-08-02,10.8
1996-08-03,17.0
1996-08-04,17.3
1996-08-05,17.5
1996-08-06,21.5
1996-08-07,23.3
1996-08-08,25.7
1996-08-09,23.3
1996-08-10,18.6
1996-08-11,17.9
1996-08-12,16.5
1996-08-13,15.7
1996-08-14,11.7
1996-08-15,13.7
1996-08-16,15.8
1996-08-17,16.6
1996-08-18,19.4
1996-08-19,23.1
1996-08-20,22.8
1996-08-21,27.6
1996-08-22,23.4
1996-08-23,21.3
1996-08-24,23.1
1996-08-25,25.3
1996-08-26,22.9
1996-08-27,22.1
1996-08-28,18.9
1996-08-29,19.2
1996-08-30,20.5
1996-08-31,17.1
1996-09-01,15.8
1996-09-02,25.1
1996-09-03,33.4
1996-09-04,40.4
1996-09-05,48.0
1996-09-06,52.3
1996-09-07,60.9
1996-09-08,60.1
1996-09-09,52.3
1996-09-10,49.2
1996-09-11,53.6
1996-09-12,60.9
1996-09-13,62.6
1996-09-14,62.3
1996-09-15,67.7
1996-09-16,72.3
1996-09-17,76.9
1996-09-18,76.3
1996-09-19,66.8
1996-09-20,64.4
1996-09-21,61.6
1996-09-22,57.5
1996-09-23,57.1
1996-09-24,53.4
1996-09-25,59.5
1996-09-26,59.0
1996-09-27,61.9
1996-09-28,69.4
1996-09-29,109.6
1996-09-30,124.5
1996-10-01,131.5
1996-10-02,130.4
1996-10-03,138.1
1996-10-04,175.4
1996-10-05,220.8
1996-10-06,201.8
1996-10-07,195.6
1996-10-08,194.2
1996-10-09,195.0
1996-10-10,213.7
1996-10-11,187.2
1996-10-12,142.4
1996-10-13,128.6
1996-10-14,127.0
1996-10-15,123.1
1996-10-16,129.1
1996-10-17,138.4
1996-10-18,162.9
1996-10-19,189.8
1996-10-20,205.1
1996-10-21,209.8
1996-10-22,215.2
1996-10-23,205.1
1996-10-24,172.8
1996-10-25,145.8
1996-10-26,129.4
1996-10-27,115.6
1996-10-28,109.7
1996-10-29,104.7
1996-10-30,102.1
1996-10-31,100.8
1996-11-01,90.4
1996-11-02,74.1
1996-11-03,68.6
1996-11-04,62.1
1996-11-05,57.3
1996-11-06,54.7
1996-11-07,51.8
1996-11-08,51.3
1996-11-09,69.1
1996-11-10,73.4
1996-11-11,75.9
1996-11-12,77.1
1996-11-13,76.7
1996-11-14,82.0
1996-11-15,80.8
1996-11-16,78.1
1996-11-17,84.8
1996-11-18,85.7
1996-11-19,95.3
1996-11-20,102.6
1996-11-21,102.3
1996-11-22,94.8
1996-11-23,78.0
1996-11-24,69.4
1996-11-25,68.4
1996-11-26,63.0
1996-11-27,65.4
1996-11-28,63.6
1996-11-29,78.5
1996-11-30,77.6
1996-12-01,70.2
1996-12-02,66.0
1996-12-03,67.5
1996-12-04,47.1
1996-12-05,43.5
1996-12-06,34.8
1996-12-07,39.6
1996-12-08,46.1
1996-12-09,49.2
1996-12-10,39.1
1996-12-11,50.3
1996-12-12,51.1
1996-12-13,51.2
1996-12-14,52.1
1996-12-15,57.2
1996-12-16,61.2
1996-12-17,72.5
1996-12-18,87.2
1996-12-19,100.0
1996-12-20,106.6
1996-12-21,103.9
1996-12-22,102.0
1996-12-23,102.0
1996-12-24,99.9
1996-12-25,92.1
1996-12-26,84.7
1996-12-27,82.5
1996-12-28,81.9
1996-12-29,79.7
1996-12-30,76.4
1996-12-31,75.6
1997-01-01,66.5
1997-01-02,62.6
1997-01-03,56.5
1997-01-04,54.9
1997-01-05,49.3
1997-01-06,47.7
1997-01-07,45.5
1997-01-08,51.3
1997-01-09,55.2
1997-01-10,57.9
1997-01-11,58.5
1997-01-12,59.9
1997-01-13,60.6
1997-01-14,58.5
1997-01-15,51.8
1997-01-16,46.1
1997-01-17,52.7
1997-01-18,53.3
1997-01-19,45.8
1997-01-20,33.8
1997-01-21,26.5
1997-01-22,25.4
1997-01-23,22.0
1997-01-24,16.3
1997-01-25,18.9
1997-01-26,22.6
1997-01-27,30.1
1997-01-28,32.8
1997-01-29,33.4
1997-01-30,43.5
1997-01-31,34.8
1997-02-01,30.7
1997-02-02,32.2
1997-02-03,33.8
1997-02-04,30.2
1997-02-05,28.9
1997-02-06,19.0
1997-02-07,22.2
1997-02-08,33.3
1997-02-09,36.5
1997-02-10,37.2
1997-02-11,44.9
1997-02-12,49.0
1997-02-13,52.1
1997-02-14,51.5
1997-02-15,37.6
1997-02-16,33.2
1997-02-17,31.8
1997-02-18,34.1
1997-02-19,32.2
1997-02-20,27.6
1997-02-21,28.5
1997-02-22,29.6
1997-02-23,33.0
1997-02-24,52.1
1997-02-25,51.9
1997-02-26,53.8
1997-02-27,58.4
1997-02-28,54.4
1997-03-01,53.6
1997-03-02,53.4
1997-03-03,37.1
1997-03-04,34.8
1997-03-05,33.5
1997-03-06,34.1
1997-03-07,38.9
1997-03-08,36.1
1997-03-09,29.5
1997-03-10,27.4
1997-03-11,25.8
1997-03-12,24.0
1997-03-13,31.7
1997-03-14,33.1
1997-03-15,32.5
1997-03-16,36.8
1997-03-17,35.1
1997-03-18,32.5
1997-03-19,33.7
1997-03-20,23.6
1997-03-21,24.5
1997-03-22,27.2
1997-03-23,24.1
1997-03-24,22.1
1997-03-25,23.6
1997-03-26,24.3
1997-03-27,21.9
1997-03-28,18.1
1997-03-29,17.4
1997-03-30,18.0
1997-03-31,20.2
1997-04-01,23.0
1997-04-02,29.5
1997-04-03,47.0
1997-04-04,53.7
1997-04-05,95.5
1997-04-06,142.5
1997-04-07,153.4
1997-04-08,156.3
1997-04-09,153.7
1997-04-10,142.0
1997-04-11,138.6
1997-04-12,100.4
1997-04-13,53.5
1997-04-14,48.9
1997-04-15,48.6
1997-04-16,71.1
1997-04-17,77.7
1997-04-18,80.6
1997-04-19,82.0
1997-04-20,82.6
1997-04-21,79.4
1997-04-22,80.2
1997-04-23,62.7
1997-04-24,56.4
1997-04-25,55.8
1997-04-26,54.0
1997-04-27,56.2
1997-04-28,54.7
1997-04-29,51.8
1997-04-30,43.4
1997-05-01,40.2
1997-05-02,37.3
1997-05-03,39.2
1997-05-04,38.5
1997-05-05,43.9
1997-05-06,36.7
1997-05-07,32.1
1997-05-08,37.5
1997-05-09,30.3
1997-05-10,37.1
1997-05-11,36.4
1997-05-12,30.3
1997-05-13,25.8
1997-05-14,27.4
1997-05-15,22.8
1997-05-16,35.2
1997-05-17,30.7
1997-05-18,52.8
1997-05-19,62.2
1997-05-20,73.8
1997-05-21,70.8
1997-05-22,75.6
1997-05-23,74.4
1997-05-24,78.0
1997-05-25,54.0
1997-05-26,42.1
1997-05-27,44.1
1997-05-28,55.0
1997-05-29,45.6
1997-05-30,45.1
1997-05-31,47.0
1997-06-01,49.1
1997-06-02,48.8
1997-06-03,43.0
1997-06-04,38.5
1997-06-05,43.6
1997-06-06,36.9
1997-06-07,25.1
1997-06-08,28.6
1997-06-09,32.2
1997-06-10,32.4
1997-06-11,30.3
1997-06-12,32.5
1997-06-13,35.8
1997-06-14,36.3
1997-06-15,31.4
1997-06-16,32.9
1997-06-17,33.5
1997-06-18,31.6
1997-06-19,27.0
1997-06-20,27.6
1997-06-21,25.6
1997-06-22,22.9
1997-06-23,20.1
1997-06-24,22.4
1997-06-25,22.1
1997-06-26,18.9
1997-06-27,16.1
1997-06-28,13.1
1997-06-29,10.3
1997-06-30,7.8
1997-07-01,10.5
1997-07-02,13.5
1997-07-03,13.9
1997-07-04,11.8
1997-07-05,19.4
1997-07-06,23.8
1997-07-07,40.8
1997-07-08,45.3
1997-07-09,49.3
1997-07-10,52.4
1997-07-11,52.1
1997-07-12,53.3
1997-07-13,58.6
1997-07-14,37.3
1997-07-15,30.7
1997-07-16,27.7
1997-07-17,29.7
1997-07-18,28.9
1997-07-19,22.4
1997-07-20,20.9
1997-07-21,25.2
1997-07-22,13.8
1997-07-23,3.4
1997-07-24,0.5
1997-07-25,12.3
1997-07-26,8.8
1997-07-27,7.3
1997-07-28,11.3
1997-07-29,17.8
1997-07-30,26.5
1997-07-31,38.1
1997-08-01,34.3
1997-08-02,38.9
1997-08-03,29.4
1997-08-04,21.6
1997-08-05,26.6
1997-08-06,20.6
1997-08-07,28.0
1997-08-08,51.3
1997-08-09,64.2
1997-08-10,113.8
1997-08-11,150.2
1997-08-12,161.9
1997-08-13,175.6
1997-08-14,168.5
1997-08-15,159.5
1997-08-16,169.6
1997-08-17,137.8
1997-08-18,115.7
1997-08-19,108.7
1997-08-20,105.5
1997-08-21,98.0
1997-08-22,82.8
1997-08-23,68.3
1997-08-24,72.5
1997-08-25,71.4
1997-08-26,71.7
1997-08-27,70.1
1997-08-28,69.7
1997-08-29,69.0
1997-08-30,64.9
1997-08-31,53.5
1997-09-01,48.0
1997-09-02,41.6
1997-09-03,41.4
1997-09-04,39.6
1997-09-05,37.1
1997-09-06,35.3
1997-09-07,35.5
1997-09-08,35.7
1997-09-09,38.9
1997-09-10,39.2
1997-09-11,39.9
1997-09-12,39.7
1997-09-13,39.7
1997-09-14,37.1
1997-09-15,35.5
1997-09-16,32.6
1997-09-17,30.5
1997-09-18,30.3
1997-09-19,29.1
1997-09-20,27.3
1997-09-21,27.8
1997-09-22,27.5
1997-09-23,26.9
1997-09-24,26.4
1997-09-25,28.2
1997-09-26,34.3
1997-09-27,39.4
1997-09-28,42.1
1997-09-29,45.1
1997-09-30,51.0
1997-10-01,64.9
1997-10-02,69.7
1997-10-03,70.0
1997-10-04,70.0
1997-10-05,69.8
1997-10-06,67.3
1997-10-07,62.3
1997-10-08,52.6
1997-10-09,51.3
1997-10-10,73.1
1997-10-11,84.0
1997-10-12,90.3
1997-10-13,93.6
1997-10-14,98.3
1997-10-15,103.7
1997-10-16,101.9
1997-10-17,77.7
1997-10-18,67.3
1997-10-19,62.0
1997-10-20,60.4
1997-10-21,59.3
1997-10-22,50.7
1997-10-23,44.0
1997-10-24,43.3
1997-10-25,42.6
1997-10-26,43.3
1997-10-27,53.2
1997-10-28,60.7
1997-10-29,69.1
1997-10-30,86.2
1997-10-31,94.3
1997-11-01,99.2
1997-11-02,94.4
1997-11-03,85.1
1997-11-04,80.2
1997-11-05,78.6
1997-11-06,66.0
1997-11-07,57.8
1997-11-08,54.6
1997-11-09,61.4
1997-11-10,69.2
1997-11-11,69.5
1997-11-12,87.9
1997-11-13,111.8
1997-11-14,123.0
1997-11-15,131.4
1997-11-16,138.8
1997-11-17,144.1
1997-11-18,155.9
1997-11-19,142.3
1997-11-20,123.3
1997-11-21,119.8
1997-11-22,120.2
1997-11-23,119.8
1997-11-24,113.8
1997-11-25,108.9
1997-11-26,123.8
1997-11-27,128.9
1997-11-28,129.5
1997-11-29,123.0
1997-11-30,134.8
1997-12-01,142.6
1997-12-02,140.4
1997-12-03,118.7
1997-12-04,112.3
1997-12-05,105.9
1997-12-06,102.6
1997-12-07,82.6
1997-12-08,68.2
1997-12-09,64.5
1997-12-10,59.0
1997-12-11,59.5
1997-12-12,63.9
1997-12-13,82.3
1997-12-14,95.4
1997-12-15,105.1
1997-12-16,111.5
1997-12-17,119.6
1997-12-18,132.2
1997-12-19,138.0
1997-12-20,144.4
1997-12-21,153.3
1997-12-22,150.4
1997-12-23,144.9
1997-12-24,146.4
1997-12-25,135.1
1997-12-26,129.5
1997-12-27,108.3
1997-12-28,85.7
1997-12-29,79.4
1997-12-30,79.0
1997-12-31,77.0
1998-01-01,70.5
1998-01-02,65.7
1998-01-03,67.7
1998-01-04,68.8
1998-01-05,73.7
1998-01-06,59.0
1998-01-07,50.5
1998-01-08,50.3
1998-01-09,44.5
1998-01-10,35.1
1998-01-11,31.2
1998-01-12,24.4
1998-01-13,55.3
1998-01-14,67.4
1998-01-15,74.7
1998-01-16,77.8
1998-01-17,76.8
1998-01-18,76.6
1998-01-19,76.5
1998-01-20,59.0
1998-01-21,65.8
1998-01-22,66.9
1998-01-23,70.3
1998-01-24,73.1
1998-01-25,82.6
1998-01-26,98.7
1998-01-27,104.8
1998-01-28,98.9
1998-01-29,90.3
1998-01-30,90.7
1998-01-31,93.3
1998-02-01,86.1
1998-02-02,72.3
1998-02-03,63.8
1998-02-04,51.9
1998-02-05,54.0
1998-02-06,60.3
1998-02-07,66.3
1998-02-08,70.6
1998-02-09,70.5
1998-02-10,70.9
1998-02-11,90.3
1998-02-12,94.6
1998-02-13,84.0
1998-02-14,76.1
1998-02-15,103.3
1998-02-16,116.7
1998-02-17,118.6
1998-02-18,105.6
1998-02-19,104.0
1998-02-20,132.2
1998-02-21,153.3
1998-02-22,128.5
1998-02-23,117.2
1998-02-24,114.9
1998-02-25,114.8
1998-02-26,115.9
1998-02-27,87.0
1998-02-28,66.6
1998-03-01,59.2
1998-03-02,54.5
1998-03-03,67.2
1998-03-04,98.0
1998-03-05,131.3
1998-03-06,164.0
1998-03-07,181.7
1998-03-08,193.2
1998-03-09,201.5
1998-03-10,190.6
1998-03-11,161.8
1998-03-12,136.9
1998-03-13,116.3
1998-03-14,100.7
1998-03-15,84.3
1998-03-16,77.8
1998-03-17,77.2
1998-03-18,70.7
1998-03-19,65.4
1998-03-20,59.5
1998-03-21,60.6
1998-03-22,63.8
1998-03-23,61.9
1998-03-24,57.8
1998-03-25,59.5
1998-03-26,68.2
1998-03-27,86.0
1998-03-28,91.1
1998-03-29,100.8
1998-03-30,121.7
1998-03-31,134.3
1998-04-01,153.0
1998-04-02,147.7
1998-04-03,125.6
1998-04-04,117.4
1998-04-05,110.8
1998-04-06,95.5
1998-04-07,82.9
1998-04-08,59.7
1998-04-09,48.0
1998-04-10,47.1
1998-04-11,56.9
1998-04-12,67.1
1998-04-13,60.1
1998-04-14,59.1
1998-04-15,63.7
1998-04-16,65.2
1998-04-17,64.9
1998-04-18,53.0
1998-04-19,39.4
1998-04-20,46.3
1998-04-21,58.1
1998-04-22,57.4
1998-04-23,56.6
1998-04-24,58.3
1998-04-25,67.0
1998-04-26,71.7
1998-04-27,68.8
1998-04-28,59.7
1998-04-29,59.2
1998-04-30,60.0
1998-05-01,60.4
1998-05-02,50.7
1998-05-03,35.9
1998-05-04,34.8
1998-05-05,48.0
1998-05-06,51.7
1998-05-07,50.9
1998-05-08,50.0
1998-05-09,51.5
1998-05-10,58.6
1998-05-11,53.9
1998-05-12,39.0
1998-05-13,34.2
1998-05-14,28.5
1998-05-15,25.0
1998-05-16,23.0
1998-05-17,24.4
1998-05-18,23.8
1998-05-19,24.3
1998-05-20,29.1
1998-05-21,39.2
1998-05-22,42.1
1998-05-23,43.5
1998-05-24,41.7
1998-05-25,49.4
1998-05-26,46.4
1998-05-27,37.1
1998-05-28,31.4
1998-05-29,31.1
1998-05-30,33.8
1998-05-31,38.6
1998-06-01,38.8
1998-06-02,37.6
1998-06-03,37.3
1998-06-04,36.8
1998-06-05,36.7
1998-06-06,36.1
1998-06-07,35.4
1998-06-08,31.8
1998-06-09,34.0
1998-06-10,38.9
1998-06-11,41.4
1998-06-12,43.1
1998-06-13,39.0
1998-06-14,39.9
1998-06-15,44.1
1998-06-16,49.4
1998-06-17,48.2
1998-06-18,44.9
1998-06-19,39.8
1998-06-20,50.4
1998-06-21,59.1
1998-06-22,62.9
1998-06-23,85.9
1998-06-24,106.7
1998-06-25,119.0
1998-06-26,129.3
1998-06-27,126.0
1998-06-28,121.5
1998-06-29,130.3
1998-06-30,113.5
1998-07-01,89.6
1998-07-02,77.3
1998-07-03,77.4
1998-07-04,74.7
1998-07-05,77.2
1998-07-06,65.8
1998-07-07,55.7
1998-07-08,65.3
1998-07-09,72.0
1998-07-10,68.5
1998-07-11,69.7
1998-07-12,64.6
1998-07-13,59.1
1998-07-14,55.3
1998-07-15,44.7
1998-07-16,30.2
1998-07-17,33.6
1998-07-18,29.4
1998-07-19,45.5
1998-07-20,114.4
1998-07-21,142.3
1998-07-22,161.1
1998-07-23,180.0
1998-07-24,178.3
1998-07-25,183.0
1998-07-26,179.9
1998-07-27,134.3
1998-07-28,120.3
1998-07-29,116.9
1998-07-30,114.3
1998-07-31,112.9
1998-08-01,113.7
1998-08-02,100.4
1998-08-03,91.5
1998-08-04,97.0
1998-08-05,92.9
1998-08-06,92.2
1998-08-07,92.8
1998-08-08,92.3
1998-08-09,98.6
1998-08-10,87.1
1998-08-11,73.2
1998-08-12,66.7
1998-08-13,62.8
1998-08-14,57.3
1998-08-15,51.0
1998-08-16,42.7
1998-08-17,38.4
1998-08-18,34.8
1998-08-19,32.5
1998-08-20,31.5
1998-08-21,44.0
1998-08-22,46.5
1998-08-23,45.9
1998-08-24,49.4
1998-08-25,52.7
1998-08-26,54.2
1998-08-27,52.5
1998-08-28,38.6
1998-08-29,32.8
1998-08-30,35.3
1998-08-31,34.4
1998-09-01,40.5
1998-09-02,36.2
1998-09-03,35.5
1998-09-04,34.8
1998-09-05,39.0
1998-09-06,32.8
1998-09-07,29.5
1998-09-08,18.4
1998-09-09,19.9
1998-09-10,16.8
1998-09-11,22.6
1998-09-12,32.6
1998-09-13,54.0
1998-09-14,75.3
1998-09-15,86.5
1998-09-16,92.2
1998-09-17,98.7
1998-09-18,97.0
1998-09-19,89.0
1998-09-20,72.8
1998-09-21,55.3
1998-09-22,54.0
1998-09-23,59.7
1998-09-24,82.9
1998-09-25,105.5
1998-09-26,115.7
1998-09-27,121.7
1998-09-28,126.9
1998-09-29,130.0
1998-09-30,129.3
1998-10-01,108.7
1998-10-02,92.8
1998-10-03,89.3
1998-10-04,86.2
1998-10-05,120.8
1998-10-06,156.5
1998-10-07,174.6
1998-10-08,184.6
1998-10-09,186.5
1998-10-10,191.9
1998-10-11,197.4
1998-10-12,160.3
1998-10-13,124.0
1998-10-14,106.3
1998-10-15,95.9
1998-10-16,104.0
1998-10-17,110.9
1998-10-18,115.5
1998-10-19,120.2
1998-10-20,122.1
1998-10-21,122.1
1998-10-22,124.2
1998-10-23,117.6
1998-10-24,133.4
1998-10-25,150.0
1998-10-26,165.5
1998-10-27,173.7
1998-10-28,178.4
1998-10-29,182.1
1998-10-30,180.2
1998-10-31,147.7
1998-11-01,121.0
1998-11-02,102.1
1998-11-03,92.8
1998-11-04,83.6
1998-11-05,78.7
1998-11-06,75.3
1998-11-07,73.4
1998-11-08,69.2
1998-11-09,66.6
1998-11-10,54.7
1998-11-11,54.5
1998-11-12,51.4
1998-11-13,50.2
1998-11-14,50.3
1998-11-15,51.6
1998-11-16,47.7
1998-11-17,51.2
1998-11-18,49.7
1998-11-19,49.0
1998-11-20,46.8
1998-11-21,45.3
1998-11-22,41.9
1998-11-23,39.4
1998-11-24,40.4
1998-11-25,39.4
1998-11-26,42.2
1998-11-27,38.0
1998-11-28,36.1
1998-11-29,43.6
1998-11-30,49.6
1998-12-01,47.0
1998-12-02,48.0
1998-12-03,45.9
1998-12-04,52.3
1998-12-05,57.1
1998-12-06,57.2
1998-12-07,53.2
1998-12-08,51.7
1998-12-09,50.6
1998-12-10,54.9
1998-12-11,51.6
1998-12-12,52.9
1998-12-13,49.7
1998-12-14,50.9
1998-12-15,52.5
1998-12-16,59.4
1998-12-17,62.7
1998-12-18,66.0
1998-12-19,64.5
1998-12-20,62.3
1998-12-21,60.1
1998-12-22,59.3
1998-12-23,50.9
1998-12-24,42.7
1998-12-25,40.4
1998-12-26,42.8
1998-12-27,43.0
1998-12-28,46.2
1998-12-29,45.3
1998-12-30,44.4
1998-12-31,41.8
1999-01-01,38.8
1999-01-02,31.2
1999-01-03,31.9
1999-01-04,33.1
1999-01-05,32.3
1999-01-06,33.5
1999-01-07,34.1
1999-01-08,34.1
1999-01-09,38.5
1999-01-10,37.3
1999-01-11,34.6
1999-01-12,37.0
1999-01-13,41.7
1999-01-14,40.7
1999-01-15,42.7
1999-01-16,41.0
1999-01-17,40.7
1999-01-18,37.6
1999-01-19,36.8
1999-01-20,30.9
1999-01-21,31.2
1999-01-22,25.5
1999-01-23,22.9
1999-01-24,17.3
1999-01-25,20.1
1999-01-26,18.8
1999-01-27,12.6
1999-01-28,9.4
1999-01-29,19.0
1999-01-30,21.4
1999-01-31,23.4
1999-02-01,22.6
1999-02-02,20.7
1999-02-03,22.0
1999-02-04,26.7
1999-02-05,23.7
1999-02-06,13.1
1999-02-07,8.7
1999-02-08,7.1
1999-02-09,11.6
1999-02-10,18.3
1999-02-11,15.0
1999-02-12,9.2
1999-02-13,17.5
1999-02-14,25.7
1999-02-15,22.4
1999-02-16,20.0
1999-02-17,23.1
1999-02-18,26.9
1999-02-19,29.1
1999-02-20,26.3
1999-02-21,25.6
1999-02-22,26.8
1999-02-23,22.7
1999-02-24,27.8
1999-02-25,38.9
1999-02-26,36.9
1999-02-27,40.7
1999-02-28,34.6
1999-03-01,37.7
1999-03-02,40.9
1999-03-03,31.7
1999-03-04,24.6
1999-03-05,29.0
1999-03-06,60.9
1999-03-07,84.6
1999-03-08,91.0
1999-03-09,94.5
1999-03-10,95.9
1999-03-11,90.0
1999-03-12,91.2
1999-03-13,65.5
1999-03-14,45.2
1999-03-15,42.0
1999-03-16,36.1
1999-03-17,27.9
1999-03-18,25.1
1999-03-19,29.1
1999-03-20,22.9
1999-03-21,38.7
1999-03-22,43.0
1999-03-23,42.9
1999-03-24,48.5
1999-03-25,53.0
1999-03-26,57.5
1999-03-27,80.4
1999-03-28,79.6
1999-03-29,76.7
1999-03-30,84.5
1999-03-31,87.3
1999-04-01,87.5
1999-04-02,76.6
1999-04-03,55.1
1999-04-04,44.1
1999-04-05,47.8
1999-04-06,55.5
1999-04-07,54.8
1999-04-08,53.6
1999-04-09,57.7
1999-04-10,63.7
1999-04-11,59.0
1999-04-12,62.8
1999-04-13,71.5
1999-04-14,80.7
1999-04-15,85.5
1999-04-16,83.1
1999-04-17,87.5
1999-04-18,95.1
1999-04-19,108.3
1999-04-20,108.9
1999-04-21,113.9
1999-04-22,116.6
1999-04-23,119.6
1999-04-24,111.7
1999-04-25,109.9
1999-04-26,86.3
1999-04-27,65.5
1999-04-28,51.7
1999-04-29,44.2
1999-04-30,40.4
1999-05-01,40.8
1999-05-02,37.5
1999-05-03,38.6
1999-05-04,48.2
1999-05-05,47.8
1999-05-06,49.1
1999-05-07,44.5
1999-05-08,43.2
1999-05-09,45.0
1999-05-10,39.8
1999-05-11,40.9
1999-05-12,40.5
1999-05-13,60.5
1999-05-14,122.9
1999-05-15,131.6
1999-05-16,137.2
1999-05-17,144.8
1999-05-18,137.9
1999-05-19,140.1
1999-05-20,120.0
1999-05-21,67.8
1999-05-22,60.1
1999-05-23,55.9
1999-05-24,56.1
1999-05-25,57.5
1999-05-26,62.4
1999-05-27,60.0
1999-05-28,54.1
1999-05-29,61.7
1999-05-30,70.5
1999-05-31,70.3
1999-06-01,68.8
1999-06-02,64.3
1999-06-03,70.6
1999-06-04,73.4
1999-06-05,63.5
1999-06-06,55.2
1999-06-07,53.3
1999-06-08,53.3
1999-06-09,46.3
1999-06-10,41.9
1999-06-11,47.1
1999-06-12,53.4
1999-06-13,56.0
1999-06-14,54.2
1999-06-15,50.1
1999-06-16,51.7
1999-06-17,58.6
1999-06-18,52.2
1999-06-19,48.3
1999-06-20,44.0
1999-06-21,41.9
1999-06-22,38.0
1999-06-23,39.9
1999-06-24,36.4
1999-06-25,33.2
1999-06-26,26.3
1999-06-27,26.6
1999-06-28,30.9
1999-06-29,31.6
1999-06-30,52.9
1999-07-01,55.5
1999-07-02,61.4
1999-07-03,63.5
1999-07-04,62.8
1999-07-05,58.8
1999-07-06,65.8
1999-07-07,48.4
1999-07-08,51.6
1999-07-09,55.3
1999-07-10,60.2
1999-07-11,58.9
1999-07-12,62.7
1999-07-13,55.6
1999-07-14,46.8
1999-07-15,35.1
1999-07-16,38.0
1999-07-17,36.1
1999-07-18,34.5
1999-07-19,29.4
1999-07-20,30.9
1999-07-21,35.8
1999-07-22,37.5
1999-07-23,23.1
1999-07-24,22.4
1999-07-25,25.8
1999-07-26,24.5
1999-07-27,23.3
1999-07-28,25.4
1999-07-29,25.0
1999-07-30,24.6
1999-07-31,21.8
1999-08-01,22.4
1999-08-02,21.5
1999-08-03,16.8
1999-08-04,12.9
1999-08-05,11.5
1999-08-06,7.2
1999-08-07,7.9
1999-08-08,6.2
1999-08-09,9.3
1999-08-10,13.9
1999-08-11,12.7
1999-08-12,12.2
1999-08-13,20.0
1999-08-14,18.2
1999-08-15,14.3
1999-08-16,14.6
1999-08-17,25.6
1999-08-18,29.8
1999-08-19,33.6
1999-08-20,40.2
1999-08-21,45.1
1999-08-22,42.7
1999-08-23,39.0
1999-08-24,30.0
1999-08-25,27.4
1999-08-26,25.0
1999-08-27,17.7
1999-08-28,9.1
1999-08-29,14.9
1999-08-30,17.2
1999-08-31,17.9
1999-09-01,21.9
1999-09-02,21.9
1999-09-03,25.8
1999-09-04,68.0
1999-09-05,84.5
1999-09-06,94.5
1999-09-07,100.5
1999-09-08,100.7
1999-09-09,102.6
1999-09-10,100.8
1999-09-11,68.4
1999-09-12,54.0
1999-09-13,46.9
1999-09-14,44.2
1999-09-15,44.9
1999-09-16,47.7
1999-09-17,47.8
1999-09-18,46.9
1999-09-19,45.9
1999-09-20,46.0
1999-09-21,45.3
1999-09-22,43.7
1999-09-23,40.7
1999-09-24,37.3
1999-09-25,34.3
1999-09-26,34.5
1999-09-27,34.5
1999-09-28,31.1
1999-09-29,32.0
1999-09-30,31.3
1999-10-01,32.9
1999-10-02,33.6
1999-10-03,34.4
1999-10-04,34.5
1999-10-05,38.1
1999-10-06,37.3
1999-10-07,40.4
1999-10-08,40.0
1999-10-09,45.6
1999-10-10,48.9
1999-10-11,51.1
1999-10-12,50.2
1999-10-13,49.1
1999-10-14,46.0
1999-10-15,47.2
1999-10-16,42.5
1999-10-17,36.5
1999-10-18,49.9
1999-10-19,68.7
1999-10-20,86.4
1999-10-21,106.6
1999-10-22,114.4
1999-10-23,119.3
1999-10-24,131.5
1999-10-25,135.4
1999-10-26,129.2
1999-10-27,150.7
1999-10-28,155.6
1999-10-29,175.3
1999-10-30,241.1
1999-10-31,253.2
1999-11-01,244.3
1999-11-02,239.4
1999-11-03,214.6
1999-11-04,210.7
1999-11-05,196.8
1999-11-06,132.7
1999-11-07,126.0
1999-11-08,138.0
1999-11-09,147.0
1999-11-10,145.9
1999-11-11,135.9
1999-11-12,140.9
1999-11-13,205.7
1999-11-14,376.3
1999-11-15,463.7
1999-11-16,485.7
1999-11-17,499.0
1999-11-18,511.7
1999-11-19,511.1
1999-11-20,453.8
1999-11-21,273.1
1999-11-22,170.7
1999-11-23,145.0
1999-11-24,126.8
1999-11-25,111.2
1999-11-26,98.3
1999-11-27,87.6
1999-11-28,85.3
1999-11-29,82.4
1999-11-30,76.9
1999-12-01,75.0
1999-12-02,71.0
1999-12-03,66.5
1999-12-04,61.0
1999-12-05,60.6
1999-12-06,53.4
1999-12-07,53.2
1999-12-08,43.7
1999-12-09,42.6
1999-12-10,42.7
1999-12-11,42.7
1999-12-12,34.7
1999-12-13,37.0
1999-12-14,32.5
1999-12-15,39.3
1999-12-16,48.2
1999-12-17,40.2
1999-12-18,48.6
1999-12-19,47.8
1999-12-20,41.8
1999-12-21,33.3
1999-12-22,27.9
1999-12-23,15.7
1999-12-24,21.2
1999-12-25,14.5
1999-12-26,20.1
1999-12-27,24.9
1999-12-28,29.2
1999-12-29,30.9
1999-12-30,36.4
1999-12-31,47.2
2000-01-01,52.6
2000-01-02,55.9
2000-01-03,55.5
2000-01-04,54.2
2000-01-05,52.5
2000-01-06,47.7
2000-01-07,35.7
2000-01-08,28.8
2000-01-09,24.8
2000-01-10,25.7
2000-01-11,26.7
2000-01-12,28.0
2000-01-13,29.8
2000-01-14,30.3
2000-01-15,26.7
2000-01-16,26.4
2000-01-17,27.4
2000-01-18,26.9
2000-01-19,33.6
2000-01-20,39.2
2000-01-21,58.1
2000-01-22,89.4
2000-01-23,97.4
2000-01-24,101.3
2000-01-25,104.4
2000-01-26,100.0
2000-01-27,106.4
2000-01-28,100.6
2000-01-29,80.4
2000-01-30,73.9
2000-01-31,72.7
2000-02-01,75.9
2000-02-02,71.7
2000-02-03,63.0
2000-02-04,55.5
2000-02-05,45.8
2000-02-06,47.3
2000-02-07,43.1
2000-02-08,40.0
2000-02-09,40.0
2000-02-10,32.7
2000-02-11,26.8
2000-02-12,33.4
2000-02-13,37.3
2000-02-14,44.4
2000-02-15,44.3
2000-02-16,47.2
2000-02-17,51.6
2000-02-18,55.2
2000-02-19,44.8
2000-02-20,39.4
2000-02-21,36.4
2000-02-22,27.4
2000-02-23,24.7
2000-02-24,25.7
2000-02-25,17.4
2000-02-26,20.9
2000-02-27,18.6
2000-02-28,13.7
2000-02-29,18.5
2000-03-01,18.0
2000-03-02,12.0
2000-03-03,18.3
2000-03-04,15.9
2000-03-05,15.9
2000-03-06,14.3
2000-03-07,14.4
2000-03-08,17.6
2000-03-09,17.2
2000-03-10,13.9
2000-03-11,28.2
2000-03-12,30.5
2000-03-13,30.6
2000-03-14,32.3
2000-03-15,32.3
2000-03-16,34.2
2000-03-17,32.0
2000-03-18,28.5
2000-03-19,31.9
2000-03-20,34.4
2000-03-21,35.3
2000-03-22,33.6
2000-03-23,32.4
2000-03-24,33.5
2000-03-25,25.8
2000-03-26,22.8
2000-03-27,19.3
2000-03-28,16.6
2000-03-29,16.6
2000-03-30,15.9
2000-03-31,20.1
2000-04-01,28.1
2000-04-02,29.6
2000-04-03,33.9
2000-04-04,56.7
2000-04-05,66.8
2000-04-06,73.9
2000-04-07,75.9
2000-04-08,69.5
2000-04-09,69.5
2000-04-10,66.0
2000-04-11,43.9
2000-04-12,36.2
2000-04-13,29.4
2000-04-14,25.1
2000-04-15,25.8
2000-04-16,27.1
2000-04-17,31.3
2000-04-18,34.5
2000-04-19,33.3
2000-04-20,37.8
2000-04-21,42.4
2000-04-22,43.3
2000-04-23,38.6
2000-04-24,37.3
2000-04-25,34.0
2000-04-26,33.0
2000-04-27,31.5
2000-04-28,27.1
2000-04-29,29.2
2000-04-30,25.9
2000-05-01,25.1
2000-05-02,21.2
2000-05-03,23.3
2000-05-04,30.0
2000-05-05,52.8
2000-05-06,55.5
2000-05-07,59.6
2000-05-08,61.1
2000-05-09,67.6
2000-05-10,65.8
2000-05-11,54.7
2000-05-12,33.3
2000-05-13,30.1
2000-05-14,32.2
2000-05-15,31.8
2000-05-16,35.3
2000-05-17,40.1
2000-05-18,59.7
2000-05-19,71.5
2000-05-20,77.5
2000-05-21,81.2
2000-05-22,84.1
2000-05-23,83.2
2000-05-24,79.8
2000-05-25,62.7
2000-05-26,57.7
2000-05-27,83.7
2000-05-28,117.3
2000-05-29,169.2
2000-05-30,193.2
2000-05-31,204.6
2000-06-01,209.2
2000-06-02,209.5
2000-06-03,177.2
2000-06-04,137.6
2000-06-05,79.4
2000-06-06,52.7
2000-06-07,50.4
2000-06-08,61.3
2000-06-09,64.7
2000-06-10,70.5
2000-06-11,76.8
2000-06-12,80.7
2000-06-13,78.2
2000-06-14,69.8
2000-06-15,68.1
2000-06-16,68.6
2000-06-17,65.3
2000-06-18,72.5
2000-06-19,73.9
2000-06-20,79.9
2000-06-21,127.9
2000-06-22,224.2
2000-06-23,302.6
2000-06-24,328.2
2000-06-25,334.2
2000-06-26,349.1
2000-06-27,363.0
2000-06-28,327.8
2000-06-29,229.3
2000-06-30,145.5
2000-07-01,120.5
2000-07-02,105.1
2000-07-03,94.8
2000-07-04,79.2
2000-07-05,65.5
2000-07-06,59.7
2000-07-07,58.7
2000-07-08,55.3
2000-07-09,57.2
2000-07-10,58.2
2000-07-11,58.2
2000-07-12,58.0
2000-07-13,56.8
2000-07-14,51.7
2000-07-15,45.7
2000-07-16,37.5
2000-07-17,29.3
2000-07-18,31.8
2000-07-19,34.8
2000-07-20,35.0
2000-07-21,45.3
2000-07-22,52.8
2000-07-23,59.3
2000-07-24,110.3
2000-07-25,136.1
2000-07-26,148.1
2000-07-27,158.3
2000-07-28,154.4
2000-07-29,154.7
2000-07-30,155.7
2000-07-31,109.8
2000-08-01,82.9
2000-08-02,68.7
2000-08-03,54.4
2000-08-04,48.3
2000-08-05,47.3
2000-08-06,43.4
2000-08-07,39.1
2000-08-08,42.8
2000-08-09,45.8
2000-08-10,47.1
2000-08-11,50.0
2000-08-12,52.4
2000-08-13,52.5
2000-08-14,50.7
2000-08-15,42.8
2000-08-16,38.2
2000-08-17,42.8
2000-08-18,41.1
2000-08-19,34.7
2000-08-20,35.0
2000-08-21,39.1
2000-08-22,36.3
2000-08-23,36.8
2000-08-24,34.3
2000-08-25,33.7
2000-08-26,32.7
2000-08-27,32.6
2000-08-28,31.9
2000-08-29,33.5
2000-08-30,32.0
2000-08-31,31.1
2000-09-01,33.7
2000-09-02,34.2
2000-09-03,32.6
2000-09-04,40.4
2000-09-05,55.8
2000-09-06,78.1
2000-09-07,86.4
2000-09-08,90.8
2000-09-09,104.0
2000-09-10,109.8
2000-09-11,104.0
2000-09-12,94.0
2000-09-13,74.8
2000-09-14,68.8
2000-09-15,72.3
2000-09-16,74.5
2000-09-17,87.7
2000-09-18,101.7
2000-09-19,109.3
2000-09-20,118.6
2000-09-21,118.6
2000-09-22,113.5
2000-09-23,103.0
2000-09-24,87.5
2000-09-25,73.6
2000-09-26,68.4
2000-09-27,66.9
2000-09-28,79.9
2000-09-29,93.9
2000-09-30,106.9
2000-10-01,117.2
2000-10-02,131.5
2000-10-03,143.6
2000-10-04,157.5
2000-10-05,158.2
2000-10-06,161.2
2000-10-07,157.8
2000-10-08,150.6
2000-10-09,141.7
2000-10-10,130.4
2000-10-11,115.6
2000-10-12,104.8
2000-10-13,108.6
2000-10-14,110.6
2000-10-15,111.4
2000-10-16,109.8
2000-10-17,110.7
2000-10-18,110.3
2000-10-19,109.3
2000-10-20,90.0
2000-10-21,83.0
2000-10-22,82.2
2000-10-23,82.1
2000-10-24,84.7
2000-10-25,82.2
2000-10-26,82.6
2000-10-27,84.2
2000-10-28,86.3
2000-10-29,86.7
2000-10-30,84.4
2000-10-31,79.0
2000-11-01,77.1
2000-11-02,73.0
2000-11-03,70.0
2000-11-04,57.9
2000-11-05,53.3
2000-11-06,53.0
2000-11-07,50.0
2000-11-08,48.3
2000-11-09,45.6
2000-11-10,42.9
2000-11-11,48.9
2000-11-12,44.9
2000-11-13,41.1
2000-11-14,40.5
2000-11-15,35.2
2000-11-16,29.1
2000-11-17,28.3
2000-11-18,25.1
2000-11-19,24.5
2000-11-20,21.3
2000-11-21,23.4
2000-11-22,32.4
2000-11-23,45.3
2000-11-24,49.1
2000-11-25,47.9
2000-11-26,52.3
2000-11-27,58.7
2000-11-28,59.6
2000-11-29,70.9
2000-11-30,74.2
2000-12-01,80.3
2000-12-02,88.0
2000-12-03,93.7
2000-12-04,94.1
2000-12-05,90.2
2000-12-06,76.1
2000-12-07,67.0
2000-12-08,57.4
2000-12-09,52.6
2000-12-10,47.2
2000-12-11,53.3
2000-12-12,62.4
2000-12-13,67.6
2000-12-14,69.8
2000-12-15,72.0
2000-12-16,75.9
2000-12-17,78.8
2000-12-18,70.8
2000-12-19,59.9
2000-12-20,60.3
2000-12-21,61.4
2000-12-22,80.7
2000-12-23,98.0
2000-12-24,136.4
2000-12-25,204.1
2000-12-26,231.8
2000-12-27,251.6
2000-12-28,265.9
2000-12-29,254.6
2000-12-30,239.7
2000-12-31,205.9
2001-01-01,141.6
2001-01-02,120.1
2001-01-03,97.1
2001-01-04,85.0
2001-01-05,79.5
2001-01-06,74.4
2001-01-07,70.6
2001-01-08,71.1
2001-01-09,71.6
2001-01-10,66.1
2001-01-11,60.7
2001-01-12,59.1
2001-01-13,62.6
2001-01-14,68.5
2001-01-15,69.2
2001-01-16,65.3
2001-01-17,65.7
2001-01-18,69.1
2001-01-19,61.6
2001-01-20,62.7
2001-01-21,56.3
2001-01-22,50.2
2001-01-23,47.0
2001-01-24,36.0
2001-01-25,36.9
2001-01-26,36.6
2001-01-27,27.3
2001-01-28,25.8
2001-01-29,23.9
2001-01-30,20.8
2001-01-31,22.0
2001-02-01,20.3
2001-02-02,22.6
2001-02-03,22.6
2001-02-04,22.5
2001-02-05,23.1
2001-02-06,24.5
2001-02-07,41.1
2001-02-08,35.5
2001-02-09,33.1
2001-02-10,33.3
2001-02-11,29.4
2001-02-12,32.5
2001-02-13,48.2
2001-02-14,40.9
2001-02-15,43.1
2001-02-16,51.7
2001-02-17,56.5
2001-02-18,55.4
2001-02-19,50.2
2001-02-20,26.1
2001-02-21,33.3
2001-02-22,23.5
2001-02-23,15.9
2001-02-24,15.1
2001-02-25,13.4
2001-02-26,25.5
2001-02-27,30.9
2001-02-28,28.4
2001-03-01,40.2
2001-03-02,36.3
2001-03-03,36.2
2001-03-04,33.5
2001-03-05,29.3
2001-03-06,16.2
2001-03-07,10.0
2001-03-08,5.5
2001-03-09,8.5
2001-03-10,8.1
2001-03-11,13.6
2001-03-12,5.7
2001-03-13,22.0
2001-03-14,21.8
2001-03-15,21.3
2001-03-16,31.5
2001-03-17,29.7
2001-03-18,27.3
2001-03-19,27.4
2001-03-20,31.1
2001-03-21,23.2
2001-03-22,18.9
2001-03-23,22.3
2001-03-24,23.1
2001-03-25,37.2
2001-03-26,47.6
2001-03-27,47.4
2001-03-28,59.8
2001-03-29,67.5
2001-03-30,57.8
2001-03-31,60.6
2001-04-01,40.9
2001-04-02,31.1
2001-04-03,30.2
2001-04-04,22.8
2001-04-05,20.6
2001-04-06,19.4
2001-04-07,17.5
2001-04-08,28.2
2001-04-09,28.2
2001-04-10,22.2
2001-04-11,23.7
2001-04-12,25.2
2001-04-13,29.5
2001-04-14,22.5
2001-04-15,16.6
2001-04-16,14.1
2001-04-17,15.5
2001-04-18,18.2
2001-04-19,19.9
2001-04-20,12.7
2001-04-21,14.6
2001-04-22,11.3
2001-04-23,9.3
2001-04-24,10.2
2001-04-25,7.6
2001-04-26,3.8
2001-04-27,9.3
2001-04-28,10.3
2001-04-29,14.3
2001-04-30,14.9
2001-05-01,22.4
2001-05-02,27.7
2001-05-03,24.0
2001-05-04,14.8
2001-05-05,12.2
2001-05-06,11.2
2001-05-07,12.4
2001-05-08,9.1
2001-05-09,5.1
2001-05-10,16.6
2001-05-11,24.7
2001-05-12,27.3
2001-05-13,28.5
2001-05-14,32.0
2001-05-15,36.2
2001-05-16,46.0
2001-05-17,45.4
2001-05-18,43.0
2001-05-19,45.6
2001-05-20,47.3
2001-05-21,47.8
2001-05-22,43.5
2001-05-23,36.0
2001-05-24,28.1
2001-05-25,28.1
2001-05-26,25.3
2001-05-27,27.9
2001-05-28,27.8
2001-05-29,23.9
2001-05-30,19.8
2001-05-31,19.8
2001-06-01,18.7
2001-06-02,13.9
2001-06-03,13.2
2001-06-04,20.6
2001-06-05,22.9
2001-06-06,21.0
2001-06-07,32.8
2001-06-08,47.2
2001-06-09,54.7
2001-06-10,47.6
2001-06-11,44.4
2001-06-12,72.0
2001-06-13,101.8
2001-06-14,105.0
2001-06-15,100.5
2001-06-16,104.6
2001-06-17,113.9
2001-06-18,111.8
2001-06-19,89.6
2001-06-20,72.7
2001-06-21,64.9
2001-06-22,64.8
2001-06-23,66.2
2001-06-24,70.9
2001-06-25,83.5
2001-06-26,86.9
2001-06-27,82.7
2001-06-28,79.6
2001-06-29,83.1
2001-06-30,81.3
2001-07-01,75.4
2001-07-02,63.1
2001-07-03,53.4
2001-07-04,47.7
2001-07-05,47.5
2001-07-06,38.0
2001-07-07,30.1
2001-07-08,25.9
2001-07-09,25.5
2001-07-10,26.7
2001-07-11,25.7
2001-07-12,21.8
2001-07-13,21.9
2001-07-14,17.5
2001-07-15,15.0
2001-07-16,10.1
2001-07-17,9.1
2001-07-18,7.0
2001-07-19,10.0
2001-07-20,9.6
2001-07-21,14.9
2001-07-22,14.8
2001-07-23,14.7
2001-07-24,14.0
2001-07-25,15.1
2001-07-26,18.2
2001-07-27,25.9
2001-07-28,29.1
2001-07-29,33.9
2001-07-30,41.8
2001-07-31,48.6
2001-08-01,54.2
2001-08-02,51.0
2001-08-03,41.2
2001-08-04,43.9
2001-08-05,48.3
2001-08-06,46.5
2001-08-07,45.0
2001-08-08,46.0
2001-08-09,46.5
2001-08-10,48.5
2001-08-11,43.8
2001-08-12,39.1
2001-08-13,36.0
2001-08-14,32.6
2001-08-15,29.6
2001-08-16,28.0
2001-08-17,28.0
2001-08-18,29.4
2001-08-19,36.9
2001-08-20,41.5
2001-08-21,50.4
2001-08-22,48.7
2001-08-23,45.1
2001-08-24,43.7
2001-08-25,45.0
2001-08-26,37.8
2001-08-27,33.2
2001-08-28,24.7
2001-08-29,27.2
2001-08-30,30.1
2001-08-31,30.1
2001-09-01,27.6
2001-09-02,26.0
2001-09-03,25.1
2001-09-04,24.8
2001-09-05,25.5
2001-09-06,26.6
2001-09-07,24.2
2001-09-08,22.5
2001-09-09,22.5
2001-09-10,22.8
2001-09-11,23.4
2001-09-12,22.3
2001-09-13,25.0
2001-09-14,33.7
2001-09-15,40.5
2001-09-16,41.9
2001-09-17,42.6
2001-09-18,43.9
2001-09-19,48.3
2001-09-20,44.2
2001-09-21,38.3
2001-09-22,35.3
2001-09-23,35.1
2001-09-24,35.1
2001-09-25,37.4
2001-09-26,37.2
2001-09-27,40.0
2001-09-28,42.8
2001-09-29,46.5
2001-09-30,48.8
2001-10-01,52.9
2001-10-02,50.6
2001-10-03,58.7
2001-10-04,75.5
2001-10-05,77.6
2001-10-06,74.4
2001-10-07,73.7
2001-10-08,69.9
2001-10-09,70.3
2001-10-10,60.5
2001-10-11,43.0
2001-10-12,39.1
2001-10-13,41.0
2001-10-14,43.8
2001-10-15,48.4
2001-10-16,48.6
2001-10-17,51.7
2001-10-18,58.6
2001-10-19,62.1
2001-10-20,60.3
2001-10-21,56.8
2001-10-22,55.2
2001-10-23,53.4
2001-10-24,48.6
2001-10-25,39.8
2001-10-26,37.5
2001-10-27,40.4
2001-10-28,41.4
2001-10-29,40.5
2001-10-30,45.7
2001-10-31,49.0
2001-11-01,50.0
2001-11-02,50.3
2001-11-03,45.9
2001-11-04,45.3
2001-11-05,44.1
2001-11-06,39.3
2001-11-07,39.5
2001-11-08,44.0
2001-11-09,41.9
2001-11-10,44.7
2001-11-11,50.3
2001-11-12,52.4
2001-11-13,57.4
2001-11-14,52.3
2001-11-15,52.8
2001-11-16,69.8
2001-11-17,104.5
2001-11-18,110.4
2001-11-19,113.0
2001-11-20,112.6
2001-11-21,117.8
2001-11-22,116.9
2001-11-23,104.2
2001-11-24,68.0
2001-11-25,64.1
2001-11-26,72.1
2001-11-27,75.9
2001-11-28,88.4
2001-11-29,111.9
2001-11-30,132.0
2001-12-01,147.1
2001-12-02,169.9
2001-12-03,228.8
2001-12-04,275.1
2001-12-05,283.1
2001-12-06,271.6
2001-12-07,263.5
2001-12-08,263.5
2001-12-09,268.8
2001-12-10,215.5
2001-12-11,177.8
2001-12-12,166.8
2001-12-13,161.0
2001-12-14,150.1
2001-12-15,140.3
2001-12-16,110.7
2001-12-17,94.8
2001-12-18,80.4
2001-12-19,71.3
2001-12-20,63.9
2001-12-21,60.5
2001-12-22,58.1
2001-12-23,55.3
2001-12-24,60.0
2001-12-25,62.3
2001-12-26,61.9
2001-12-27,62.9
2001-12-28,65.2
2001-12-29,65.2
2001-12-30,93.7
2001-12-31,124.4
2002-01-01,198.0
2002-01-02,214.5
2002-01-03,224.0
2002-01-04,230.5
2002-01-05,232.1
2002-01-06,207.4
2002-01-07,178.1
2002-01-08,106.7
2002-01-09,90.1
2002-01-10,82.2
2002-01-11,77.4
2002-01-12,76.9
2002-01-13,75.3
2002-01-14,77.1
2002-01-15,71.4
2002-01-16,63.0
2002-01-17,57.3
2002-01-18,56.7
2002-01-19,55.1
2002-01-20,57.1
2002-01-21,51.0
2002-01-22,37.1
2002-01-23,34.5
2002-01-24,35.1
2002-01-25,27.8
2002-01-26,23.7
2002-01-27,14.6
2002-01-28,10.0
2002-01-29,19.7
2002-01-30,27.6
2002-01-31,26.8
2002-02-01,25.6
2002-02-02,21.2
2002-02-03,23.1
2002-02-04,19.7
2002-02-05,21.1
2002-02-06,20.2
2002-02-07,19.3
2002-02-08,25.2
2002-02-09,23.9
2002-02-10,20.7
2002-02-11,22.9
2002-02-12,23.4
2002-02-13,22.1
2002-02-14,22.4
2002-02-15,19.4
2002-02-16,20.7
2002-02-17,18.7
2002-02-18,18.2
2002-02-19,20.2
2002-02-20,23.2
2002-02-21,21.7
2002-02-22,18.0
2002-02-23,18.5
2002-02-24,22.8
2002-02-25,21.8
2002-02-26,22.5
2002-02-27,24.7
2002-02-28,34.8
2002-03-01,39.0
2002-03-02,37.8
2002-03-03,36.9
2002-03-04,38.1
2002-03-05,32.2
2002-03-06,23.4
2002-03-07,15.4
2002-03-08,13.9
2002-03-09,19.3
2002-03-10,17.9
2002-03-11,14.2
2002-03-12,20.4
2002-03-13,23.8
2002-03-14,25.7
2002-03-15,25.0
2002-03-16,32.3
2002-03-17,30.6
2002-03-18,35.7
2002-03-19,44.8
2002-03-20,48.1
2002-03-21,45.8
2002-03-22,48.2
2002-03-23,40.0
2002-03-24,45.1
2002-03-25,45.8
2002-03-26,33.5
2002-03-27,36.5
2002-03-28,38.8
2002-03-29,35.3
2002-03-30,32.5
2002-03-31,35.6
2002-04-01,34.3
2002-04-02,33.6
2002-04-03,43.6
2002-04-04,45.8
2002-04-05,49.0
2002-04-06,54.5
2002-04-07,54.3
2002-04-08,55.9
2002-04-09,52.1
2002-04-10,29.2
2002-04-11,25.2
2002-04-12,25.1
2002-04-13,18.2
2002-04-14,5.5
2002-04-15,4.0
2002-04-16,3.7
2002-04-17,12.2
2002-04-18,8.4
2002-04-19,3.1
2002-04-20,8.3
2002-04-21,15.9
2002-04-22,24.5
2002-04-23,24.2
2002-04-24,20.7
2002-04-25,27.3
2002-04-26,36.1
2002-04-27,39.7
2002-04-28,46.0
2002-04-29,32.1
2002-04-30,31.5
2002-05-01,32.7
2002-05-02,29.9
2002-05-03,36.9
2002-05-04,27.7
2002-05-05,17.9
2002-05-06,20.4
2002-05-07,26.1
2002-05-08,28.6
2002-05-09,27.9
2002-05-10,14.7
2002-05-11,22.8
2002-05-12,26.0
2002-05-13,22.7
2002-05-14,19.6
2002-05-15,15.8
2002-05-16,17.9
2002-05-17,19.5
2002-05-18,13.3
2002-05-19,18.6
2002-05-20,28.0
2002-05-21,35.2
2002-05-22,34.8
2002-05-23,32.4
2002-05-24,36.0
2002-05-25,43.9
2002-05-26,39.1
2002-05-27,34.2
2002-05-28,30.6
2002-05-29,24.6
2002-05-30,21.7
2002-05-31,16.4
2002-06-01,9.4
2002-06-02,7.5
2002-06-03,4.0
2002-06-04,3.8
2002-06-05,11.0
2002-06-06,20.1
2002-06-07,26.9
2002-06-08,30.9
2002-06-09,47.6
2002-06-10,75.0
2002-06-11,89.9
2002-06-12,118.6
2002-06-13,128.4
2002-06-14,134.0
2002-06-15,140.8
2002-06-16,132.1
2002-06-17,111.4
2002-06-18,98.1
2002-06-19,76.2
2002-06-20,66.3
2002-06-21,57.2
2002-06-22,51.8
2002-06-23,51.9
2002-06-24,69.5
2002-06-25,89.2
2002-06-26,104.0
2002-06-27,103.8
2002-06-28,105.5
2002-06-29,105.0
2002-06-30,102.5
2002-07-01,86.6
2002-07-02,70.1
2002-07-03,51.1
2002-07-04,43.9
2002-07-05,45.4
2002-07-06,45.5
2002-07-07,40.6
2002-07-08,36.7
2002-07-09,32.7
2002-07-10,30.4
2002-07-11,32.7
2002-07-12,32.0
2002-07-13,31.4
2002-07-14,27.3
2002-07-15,24.2
2002-07-16,23.8
2002-07-17,31.2
2002-07-18,28.9
2002-07-19,31.8
2002-07-20,36.5
2002-07-21,44.6
2002-07-22,45.5
2002-07-23,44.6
2002-07-24,40.5
2002-07-25,44.8
2002-07-26,36.5
2002-07-27,24.6
2002-07-28,24.2
2002-07-29,27.4
2002-07-30,25.8
2002-07-31,21.6
2002-08-01,26.6
2002-08-02,32.9
2002-08-03,36.3
2002-08-04,34.2
2002-08-05,34.3
2002-08-06,26.0
2002-08-07,26.2
2002-08-08,31.1
2002-08-09,29.6
2002-08-10,43.9
2002-08-11,112.2
2002-08-12,142.9
2002-08-13,166.4
2002-08-14,179.0
2002-08-15,175.0
2002-08-16,176.6
2002-08-17,166.7
2002-08-18,101.4
2002-08-19,71.1
2002-08-20,60.8
2002-08-21,53.6
2002-08-22,56.7
2002-08-23,56.0
2002-08-24,54.8
2002-08-25,54.6
2002-08-26,55.1
2002-08-27,57.4
2002-08-28,55.1
2002-08-29,44.1
2002-08-30,38.8
2002-08-31,33.0
2002-09-01,33.9
2002-09-02,35.1
2002-09-03,34.1
2002-09-04,35.9
2002-09-05,40.5
2002-09-06,50.9
2002-09-07,71.5
2002-09-08,81.6
2002-09-09,83.9
2002-09-10,86.4
2002-09-11,93.3
2002-09-12,91.1
2002-09-13,81.7
2002-09-14,69.7
2002-09-15,79.1
2002-09-16,173.0
2002-09-17,253.6
2002-09-18,280.1
2002-09-19,301.0
2002-09-20,317.8
2002-09-21,329.2
2002-09-22,315.3
2002-09-23,227.6
2002-09-24,150.2
2002-09-25,126.8
2002-09-26,114.7
2002-09-27,110.6
2002-09-28,105.0
2002-09-29,106.3
2002-09-30,101.3
2002-10-01,100.1
2002-10-02,91.7
2002-10-03,85.0
2002-10-04,77.6
2002-10-05,71.3
2002-10-06,64.9
2002-10-07,60.4
2002-10-08,55.4
2002-10-09,54.7
2002-10-10,51.7
2002-10-11,48.9
2002-10-12,46.5
2002-10-13,45.1
2002-10-14,46.3
2002-10-15,51.6
2002-10-16,55.8
2002-10-17,58.7
2002-10-18,65.4
2002-10-19,67.8
2002-10-20,68.0
2002-10-21,64.7
2002-10-22,62.3
2002-10-23,70.3
2002-10-24,73.4
2002-10-25,67.5
2002-10-26,67.0
2002-10-27,80.5
2002-10-28,75.3
2002-10-29,72.8
2002-10-30,58.7
2002-10-31,54.5
2002-11-01,56.4
2002-11-02,54.6
2002-11-03,45.0
2002-11-04,52.7
2002-11-05,56.5
2002-11-06,64.7
2002-11-07,81.4
2002-11-08,84.6
2002-11-09,87.8
2002-11-10,85.8
2002-11-11,90.0
2002-11-12,87.2
2002-11-13,81.3
2002-11-14,63.7
2002-11-15,58.1
2002-11-16,55.4
2002-11-17,57.5
2002-11-18,51.9
2002-11-19,50.2
2002-11-20,53.2
2002-11-21,56.2
2002-11-22,60.3
2002-11-23,66.5
2002-11-24,64.4
2002-11-25,72.8
2002-11-26,82.8
2002-11-27,88.6
2002-11-28,93.3
2002-11-29,97.1
2002-11-30,97.6
2002-12-01,110.0
2002-12-02,113.6
2002-12-03,111.8
2002-12-04,111.8
2002-12-05,104.0
2002-12-06,98.9
2002-12-07,102.7
2002-12-08,103.0
2002-12-09,103.7
2002-12-10,131.5
2002-12-11,148.3
2002-12-12,158.6
2002-12-13,158.7
2002-12-14,151.5
2002-12-15,144.9
2002-12-16,136.9
2002-12-17,105.2
2002-12-18,81.5
2002-12-19,76.4
2002-12-20,83.4
2002-12-21,97.9
2002-12-22,94.0
2002-12-23,101.4
2002-12-24,100.9
2002-12-25,96.1
2002-12-26,94.2
2002-12-27,86.5
2002-12-28,69.3
2002-12-29,64.9
2002-12-30,55.1
2002-12-31,53.4
2003-01-01,56.6
2003-01-02,57.8
2003-01-03,56.7
2003-01-04,55.0
2003-01-05,59.5
2003-01-06,60.6
2003-01-07,61.7
2003-01-08,65.1
2003-01-09,64.4
2003-01-10,72.3
2003-01-11,80.7
2003-01-12,81.0
2003-01-13,80.7
2003-01-14,82.0
2003-01-15,79.8
2003-01-16,80.2
2003-01-17,71.2
2003-01-18,60.6
2003-01-19,54.1
2003-01-20,56.1
2003-01-21,53.8
2003-01-22,47.4
2003-01-23,42.0
2003-01-24,45.2
2003-01-25,54.3
2003-01-26,53.1
2003-01-27,46.1
2003-01-28,41.1
2003-01-29,40.3
2003-01-30,43.9
2003-01-31,39.1
2003-02-01,29.4
2003-02-02,31.7
2003-02-03,37.3
2003-02-04,32.0
2003-02-05,35.5
2003-02-06,31.9
2003-02-07,30.7
2003-02-08,36.9
2003-02-09,37.7
2003-02-10,33.6
2003-02-11,38.9
2003-02-12,43.5
2003-02-13,44.6
2003-02-14,47.5
2003-02-15,61.8
2003-02-16,81.0
2003-02-17,88.0
2003-02-18,88.5
2003-02-19,86.4
2003-02-20,88.5
2003-02-21,87.1
2003-02-22,71.2
2003-02-23,51.0
2003-02-24,44.0
2003-02-25,45.0
2003-02-26,42.7
2003-02-27,43.0
2003-02-28,56.4
2003-03-01,61.8
2003-03-02,61.7
2003-03-03,63.9
2003-03-04,64.2
2003-03-05,64.3
2003-03-06,61.6
2003-03-07,48.3
2003-03-08,40.3
2003-03-09,40.6
2003-03-10,43.7
2003-03-11,50.7
2003-03-12,36.4
2003-03-13,32.4
2003-03-14,30.8
2003-03-15,28.6
2003-03-16,26.6
2003-03-17,21.0
2003-03-18,15.0
2003-03-19,27.3
2003-03-20,23.7
2003-03-21,18.8
2003-03-22,17.7
2003-03-23,17.8
2003-03-24,18.0
2003-03-25,11.6
2003-03-26,3.6
2003-03-27,7.4
2003-03-28,11.0
2003-03-29,12.6
2003-03-30,13.3
2003-03-31,13.6
2003-04-01,11.3
2003-04-02,19.8
2003-04-03,22.4
2003-04-04,24.1
2003-04-05,25.8
2003-04-06,27.5
2003-04-07,22.7
2003-04-08,39.1
2003-04-09,35.8
2003-04-10,24.0
2003-04-11,21.4
2003-04-12,28.2
2003-04-13,17.4
2003-04-14,7.3
2003-04-15,-4.7
2003-04-16,-3.3
2003-04-17,5.5
2003-04-18,5.2
2003-04-19,-4.5
2003-04-20,2.3
2003-04-21,8.9
2003-04-22,5.3
2003-04-23,4.6
2003-04-24,5.3
2003-04-25,5.0
2003-04-26,3.6
2003-04-27,3.4
2003-04-28,8.4
2003-04-29,26.4
2003-04-30,33.1
2003-05-01,37.8
2003-05-02,41.6
2003-05-03,42.2
2003-05-04,45.2
2003-05-05,46.2
2003-05-06,30.3
2003-05-07,34.4
2003-05-08,41.1
2003-05-09,41.5
2003-05-10,47.0
2003-05-11,46.5
2003-05-12,51.5
2003-05-13,54.9
2003-05-14,43.8
2003-05-15,30.3
2003-05-16,28.9
2003-05-17,29.7
2003-05-18,66.3
2003-05-19,73.2
2003-05-20,81.0
2003-05-21,86.9
2003-05-22,95.8
2003-05-23,99.3
2003-05-24,98.1
2003-05-25,59.8
2003-05-26,49.2
2003-05-27,38.8
2003-05-28,33.2
2003-05-29,29.1
2003-05-30,21.9
2003-05-31,29.5
2003-06-01,37.6
2003-06-02,35.9
2003-06-03,32.9
2003-06-04,40.1
2003-06-05,45.3
2003-06-06,68.2
2003-06-07,72.8
2003-06-08,69.8
2003-06-09,73.5
2003-06-10,78.3
2003-06-11,75.4
2003-06-12,79.0
2003-06-13,72.8
2003-06-14,65.1
2003-06-15,65.9
2003-06-16,71.6
2003-06-17,71.2
2003-06-18,70.2
2003-06-19,61.8
2003-06-20,53.8
2003-06-21,64.2
2003-06-22,66.5
2003-06-23,64.2
2003-06-24,68.8
2003-06-25,69.7
2003-06-26,79.8
2003-06-27,105.7
2003-06-28,118.2
2003-06-29,128.8
2003-06-30,132.0
2003-07-01,134.9
2003-07-02,140.9
2003-07-03,134.1
2003-07-04,107.4
2003-07-05,81.8
2003-07-06,66.0
2003-07-07,56.7
2003-07-08,54.3
2003-07-09,50.7
2003-07-10,47.0
2003-07-11,41.0
2003-07-12,40.3
2003-07-13,44.9
2003-07-14,49.0
2003-07-15,52.8
2003-07-16,57.7
2003-07-17,62.3
2003-07-18,63.2
2003-07-19,59.4
2003-07-20,55.8
2003-07-21,54.4
2003-07-22,44.2
2003-07-23,34.0
2003-07-24,30.6
2003-07-25,34.4
2003-07-26,33.4
2003-07-27,28.7
2003-07-28,28.2
2003-07-29,32.1
2003-07-30,31.3
2003-07-31,26.9
2003-08-01,25.8
2003-08-02,28.2
2003-08-03,26.1
2003-08-04,18.3
2003-08-05,13.4
2003-08-06,12.6
2003-08-07,14.2
2003-08-08,10.7
2003-08-09,8.6
2003-08-10,12.2
2003-08-11,17.1
2003-08-12,22.0
2003-08-13,26.0
2003-08-14,26.3
2003-08-15,26.6
2003-08-16,26.8
2003-08-17,23.3
2003-08-18,22.8
2003-08-19,18.8
2003-08-20,16.9
2003-08-21,16.9
2003-08-22,17.4
2003-08-23,19.2
2003-08-24,28.8
2003-08-25,34.9
2003-08-26,39.6
2003-08-27,44.3
2003-08-28,46.8
2003-08-29,49.3
2003-08-30,48.0
2003-08-31,42.5
2003-09-01,39.9
2003-09-02,39.3
2003-09-03,37.0
2003-09-04,36.1
2003-09-05,34.9
2003-09-06,35.5
2003-09-07,35.3
2003-09-08,33.4
2003-09-09,31.6
2003-09-10,33.4
2003-09-11,33.9
2003-09-12,34.3
2003-09-13,35.4
2003-09-14,44.7
2003-09-15,55.5
2003-09-16,62.9
2003-09-17,66.1
2003-09-18,76.1
2003-09-19,84.0
2003-09-20,88.3
2003-09-21,82.5
2003-09-22,88.2
2003-09-23,103.9
2003-09-24,119.4
2003-09-25,120.0
2003-09-26,122.4
2003-09-27,124.3
2003-09-28,125.5
2003-09-29,115.9
2003-09-30,99.0
2003-10-01,87.2
2003-10-02,78.0
2003-10-03,71.2
2003-10-04,68.5
2003-10-05,65.3
2003-10-06,62.6
2003-10-07,71.8
2003-10-08,68.8
2003-10-09,70.2
2003-10-10,68.3
2003-10-11,68.1
2003-10-12,70.0
2003-10-13,71.0
2003-10-14,60.5
2003-10-15,59.9
2003-10-16,61.4
2003-10-17,66.2
2003-10-18,71.5
2003-10-19,75.2
2003-10-20,80.3
2003-10-21,88.1
2003-10-22,90.2
2003-10-23,91.6
2003-10-24,88.0
2003-10-25,82.0
2003-10-26,79.5
2003-10-27,75.7
2003-10-28,72.0
2003-10-29,68.8
2003-10-30,71.2
2003-10-31,79.1
2003-11-01,80.1
2003-11-02,79.2
2003-11-03,77.6
2003-11-04,90.7
2003-11-05,102.2
2003-11-06,101.8
2003-11-07,100.5
2003-11-08,103.1
2003-11-09,105.7
2003-11-10,108.6
2003-11-11,94.9
2003-11-12,82.2
2003-11-13,79.9
2003-11-14,85.6
2003-11-15,88.2
2003-11-16,87.5
2003-11-17,84.6
2003-11-18,86.5
2003-11-19,104.0
2003-11-20,111.8
2003-11-21,99.0
2003-11-22,95.4
2003-11-23,94.8
2003-11-24,93.2
2003-11-25,89.4
2003-11-26,72.1
2003-11-27,60.6
2003-11-28,62.8
2003-11-29,61.4
2003-11-30,60.3
2003-12-01,64.1
2003-12-02,62.3
2003-12-03,87.2
2003-12-04,105.5
2003-12-05,107.7
2003-12-06,107.0
2003-12-07,108.7
2003-12-08,108.1
2003-12-09,109.8
2003-12-10,85.7
2003-12-11,87.0
2003-12-12,94.4
2003-12-13,91.4
2003-12-14,89.6
2003-12-15,86.9
2003-12-16,85.8
2003-12-17,87.6
2003-12-18,73.0
2003-12-19,58.6
2003-12-20,64.1
2003-12-21,66.3
2003-12-22,66.6
2003-12-23,68.5
2003-12-24,66.2
2003-12-25,59.3
2003-12-26,61.2
2003-12-27,58.4
2003-12-28,57.5
2003-12-29,57.5
2003-12-30,51.8
2003-12-31,49.2
2004-01-01,50.4
2004-01-02,55.4
2004-01-03,51.9
2004-01-04,45.9
2004-01-05,43.8
2004-01-06,98.3
2004-01-07,142.0
2004-01-08,149.4
2004-01-09,147.7
2004-01-10,150.3
2004-01-11,159.2
2004-01-12,163.4
2004-01-13,110.3
2004-01-14,67.4
2004-01-15,70.7
2004-01-16,77.5
2004-01-17,78.0
2004-01-18,74.7
2004-01-19,72.6
2004-01-20,74.6
2004-01-21,70.5
2004-01-22,58.6
2004-01-23,68.7
2004-01-24,106.6
2004-01-25,114.0
2004-01-26,118.7
2004-01-27,123.5
2004-01-28,136.2
2004-01-29,148.7
2004-01-30,147.9
2004-01-31,118.3
2004-02-01,118.9
2004-02-02,115.5
2004-02-03,115.5
2004-02-04,108.1
2004-02-05,95.5
2004-02-06,80.5
2004-02-07,85.9
2004-02-08,84.2
2004-02-09,79.3
2004-02-10,72.4
2004-02-11,70.6
2004-02-12,72.5
2004-02-13,69.6
2004-02-14,62.4
2004-02-15,57.9
2004-02-16,59.3
2004-02-17,64.1
2004-02-18,75.5
2004-02-19,88.6
2004-02-20,91.3
2004-02-21,93.0
2004-02-22,92.9
2004-02-23,93.5
2004-02-24,93.8
2004-02-25,89.0
2004-02-26,97.0
2004-02-27,108.8
2004-02-28,122.2
2004-02-29,130.2
2004-03-01,137.2
2004-03-02,133.4
2004-03-03,122.5
2004-03-04,97.2
2004-03-05,83.7
2004-03-06,65.3
2004-03-07,72.7
2004-03-08,108.7
2004-03-09,105.5
2004-03-10,115.4
2004-03-11,117.9
2004-03-12,110.4
2004-03-13,111.4
2004-03-14,96.2
2004-03-15,56.0
2004-03-16,59.2
2004-03-17,52.9
2004-03-18,55.6
2004-03-19,66.4
2004-03-20,62.6
2004-03-21,55.2
2004-03-22,53.8
2004-03-23,61.3
2004-03-24,66.7
2004-03-25,67.4
2004-03-26,53.7
2004-03-27,48.3
2004-03-28,51.8
2004-03-29,52.5
2004-03-30,44.2
2004-03-31,43.1
2004-04-01,36.4
2004-04-02,53.9
2004-04-03,56.9
2004-04-04,54.7
2004-04-05,44.9
2004-04-06,39.9
2004-04-07,36.1
2004-04-08,35.1
2004-04-09,18.8
2004-04-10,18.1
2004-04-11,8.2
2004-04-12,14.9
2004-04-13,12.2
2004-04-14,10.2
2004-04-15,11.6
2004-04-16,14.8
2004-04-17,13.6
2004-04-18,24.7
2004-04-19,20.2
2004-04-20,21.1
2004-04-21,23.0
2004-04-22,27.6
2004-04-23,25.9
2004-04-24,25.7
2004-04-25,17.6
2004-04-26,21.8
2004-04-27,28.8
2004-04-28,18.7
2004-04-29,15.6
2004-04-30,35.5
2004-05-01,48.2
2004-05-02,87.8
2004-05-03,120.2
2004-05-04,130.7
2004-05-05,146.6
2004-05-06,151.4
2004-05-07,137.7
2004-05-08,130.9
2004-05-09,113.8
2004-05-10,92.9
2004-05-11,87.4
2004-05-12,87.7
2004-05-13,89.8
2004-05-14,87.4
2004-05-15,80.8
2004-05-16,69.5
2004-05-17,60.4
2004-05-18,62.7
2004-05-19,60.8
2004-05-20,57.0
2004-05-21,54.1
2004-05-22,60.5
2004-05-23,58.7
2004-05-24,53.6
2004-05-25,41.9
2004-05-26,46.8
2004-05-27,52.8
2004-05-28,53.4
2004-05-29,51.6
2004-05-30,52.3
2004-05-31,60.6
2004-06-01,66.8
2004-06-02,65.1
2004-06-03,56.8
2004-06-04,60.8
2004-06-05,61.1
2004-06-06,61.3
2004-06-07,57.8
2004-06-08,51.5
2004-06-09,40.9
2004-06-10,42.4
2004-06-11,44.3
2004-06-12,38.8
2004-06-13,47.7
2004-06-14,53.9
2004-06-15,62.8
2004-06-16,69.8
2004-06-17,78.9
2004-06-18,97.0
2004-06-19,110.3
2004-06-20,104.2
2004-06-21,101.6
2004-06-22,96.4
2004-06-23,102.1
2004-06-24,116.5
2004-06-25,125.5
2004-06-26,128.5
2004-06-27,130.2
2004-06-28,131.0
2004-06-29,133.3
2004-06-30,126.8
2004-07-01,105.4
2004-07-02,77.9
2004-07-03,67.3
2004-07-04,62.5
2004-07-05,57.2
2004-07-06,53.8
2004-07-07,49.9
2004-07-08,49.2
2004-07-09,49.5
2004-07-10,49.0
2004-07-11,44.4
2004-07-12,44.7
2004-07-13,42.7
2004-07-14,40.7
2004-07-15,34.0
2004-07-16,29.9
2004-07-17,30.0
2004-07-18,33.9
2004-07-19,30.1
2004-07-20,32.4
2004-07-21,36.8
2004-07-22,42.4
2004-07-23,40.1
2004-07-24,39.0
2004-07-25,39.1
2004-07-26,42.5
2004-07-27,36.6
2004-07-28,31.7
2004-07-29,30.5
2004-07-30,32.3
2004-07-31,27.6
2004-08-01,25.4
2004-08-02,25.9
2004-08-03,28.6
2004-08-04,26.1
2004-08-05,25.3
2004-08-06,32.0
2004-08-07,34.4
2004-08-08,35.8
2004-08-09,41.9
2004-08-10,54.9
2004-08-11,79.2
2004-08-12,103.1
2004-08-13,115.6
2004-08-14,121.7
2004-08-15,122.1
2004-08-16,119.3
2004-08-17,112.2
2004-08-18,93.1
2004-08-19,73.3
2004-08-20,60.9
2004-08-21,59.5
2004-08-22,57.0
2004-08-23,51.3
2004-08-24,49.5
2004-08-25,49.7
2004-08-26,44.8
2004-08-27,40.4
2004-08-28,39.0
2004-08-29,44.4
2004-08-30,49.3
2004-08-31,51.7
2004-09-01,54.3
2004-09-02,56.8
2004-09-03,59.8
2004-09-04,61.2
2004-09-05,57.6
2004-09-06,52.6
2004-09-07,47.5
2004-09-08,43.4
2004-09-09,46.9
2004-09-10,50.6
2004-09-11,54.3
2004-09-12,57.6
2004-09-13,59.6
2004-09-14,63.1
2004-09-15,68.1
2004-09-16,63.9
2004-09-17,59.4
2004-09-18,54.8
2004-09-19,52.3
2004-09-20,52.7
2004-09-21,54.7
2004-09-22,54.0
2004-09-23,59.4
2004-09-24,59.3
2004-09-25,60.5
2004-09-26,63.4
2004-09-27,65.6
2004-09-28,54.3
2004-09-29,44.6
2004-09-30,40.1
2004-10-01,39.9
2004-10-02,42.0
2004-10-03,44.4
2004-10-04,44.6
2004-10-05,47.4
2004-10-06,57.7
2004-10-07,57.3
2004-10-08,60.5
2004-10-09,52.8
2004-10-10,49.2
2004-10-11,54.6
2004-10-12,65.2
2004-10-13,66.1
2004-10-14,70.5
2004-10-15,65.5
2004-10-16,70.5
2004-10-17,67.8
2004-10-18,59.3
2004-10-19,53.0
2004-10-20,49.5
2004-10-21,46.8
2004-10-22,50.6
2004-10-23,52.4
2004-10-24,56.2
2004-10-25,60.1
2004-10-26,65.4
2004-10-27,71.0
2004-10-28,74.5
2004-10-29,72.0
2004-10-30,70.9
2004-10-31,76.3
2004-11-01,71.6
2004-11-02,74.1
2004-11-03,75.1
2004-11-04,80.8
2004-11-05,86.6
2004-11-06,93.3
2004-11-07,88.8
2004-11-08,99.3
2004-11-09,99.6
2004-11-10,96.4
2004-11-11,95.1
2004-11-12,106.6
2004-11-13,117.1
2004-11-14,118.3
2004-11-15,109.2
2004-11-16,105.5
2004-11-17,117.8
2004-11-18,141.2
2004-11-19,135.2
2004-11-20,119.3
2004-11-21,118.5
2004-11-22,123.2
2004-11-23,119.3
2004-11-24,106.2
2004-11-25,76.3
2004-11-26,64.5
2004-11-27,61.3
2004-11-28,54.5
2004-11-29,52.7
2004-11-30,55.5
2004-12-01,51.3
2004-12-02,51.2
2004-12-03,52.6
2004-12-04,55.2
2004-12-05,59.1
2004-12-06,54.5
2004-12-07,51.3
2004-12-08,51.3
2004-12-09,50.0
2004-12-10,47.2
2004-12-11,40.9
2004-12-12,36.7
2004-12-13,38.1
2004-12-14,41.6
2004-12-15,41.6
2004-12-16,39.3
2004-12-17,37.0
2004-12-18,40.3
2004-12-19,41.4
2004-12-20,41.3
2004-12-21,37.1
2004-12-22,36.2
2004-12-23,41.3
2004-12-24,39.2
2004-12-25,37.9
2004-12-26,56.8
2004-12-27,119.7
2004-12-28,163.3
2004-12-29,184.0
2004-12-30,192.1
2004-12-31,205.4
2005-01-01,215.3
2005-01-02,204.2
2005-01-03,146.6
2005-01-04,111.2
2005-01-05,97.1
2005-01-06,92.0
2005-01-07,88.3
2005-01-08,85.3
2005-01-09,82.0
2005-01-10,83.5
2005-01-11,76.2
2005-01-12,76.0
2005-01-13,71.8
2005-01-14,80.3
2005-01-15,91.1
2005-01-16,88.1
2005-01-17,87.7
2005-01-18,86.1
2005-01-19,81.6
2005-01-20,82.9
2005-01-21,70.8
2005-01-22,55.5
2005-01-23,56.3
2005-01-24,51.6
2005-01-25,53.5
2005-01-26,54.2
2005-01-27,51.9
2005-01-28,50.2
2005-01-29,48.6
2005-01-30,46.7
2005-01-31,46.6
2005-02-01,48.4
2005-02-02,48.6
2005-02-03,47.0
2005-02-04,53.7
2005-02-05,58.4
2005-02-06,64.2
2005-02-07,66.2
2005-02-08,49.2
2005-02-09,50.4
2005-02-10,55.1
2005-02-11,46.7
2005-02-12,46.7
2005-02-13,41.2
2005-02-14,37.5
2005-02-15,53.3
2005-02-16,50.9
2005-02-17,43.2
2005-02-18,44.1
2005-02-19,36.9
2005-02-20,30.9
2005-02-21,32.0
2005-02-22,28.9
2005-02-23,25.1
2005-02-24,29.4
2005-02-25,26.4
2005-02-26,26.0
2005-02-27,35.3
2005-02-28,26.7
2005-03-01,22.1
2005-03-02,24.7
2005-03-03,37.6
2005-03-04,59.6
2005-03-05,71.7
2005-03-06,79.1
2005-03-07,99.6
2005-03-08,122.2
2005-03-09,126.6
2005-03-10,114.9
2005-03-11,98.2
2005-03-12,89.4
2005-03-13,77.9
2005-03-14,64.3
2005-03-15,48.0
2005-03-16,43.5
2005-03-17,40.1
2005-03-18,36.7
2005-03-19,35.1
2005-03-20,33.2
2005-03-21,31.6
2005-03-22,31.6
2005-03-23,41.4
2005-03-24,47.1
2005-03-25,49.8
2005-03-26,48.1
2005-03-27,48.8
2005-03-28,50.1
2005-03-29,49.5
2005-03-30,39.3
2005-03-31,29.7
2005-04-01,30.9
2005-04-02,32.5
2005-04-03,32.8
2005-04-04,31.6
2005-04-05,27.3
2005-04-06,27.6
2005-04-07,30.4
2005-04-08,25.3
2005-04-09,24.8
2005-04-10,20.2
2005-04-11,22.3
2005-04-12,22.8
2005-04-13,22.0
2005-04-14,19.3
2005-04-15,17.8
2005-04-16,17.5
2005-04-17,21.1
2005-04-18,13.9
2005-04-19,15.3
2005-04-20,14.2
2005-04-21,13.4
2005-04-22,19.7
2005-04-23,28.5
2005-04-24,29.0
2005-04-25,30.5
2005-04-26,25.1
2005-04-27,26.7
2005-04-28,30.1
2005-04-29,33.8
2005-04-30,39.9
2005-05-01,42.5
2005-05-02,45.6
2005-05-03,48.5
2005-05-04,43.2
2005-05-05,47.1
2005-05-06,43.7
2005-05-07,28.6
2005-05-08,25.4
2005-05-09,34.1
2005-05-10,39.4
2005-05-11,44.9
2005-05-12,42.1
2005-05-13,38.3
2005-05-14,44.9
2005-05-15,44.3
2005-05-16,38.6
2005-05-17,28.4
2005-05-18,24.7
2005-05-19,26.6
2005-05-20,32.9
2005-05-21,26.8
2005-05-22,24.7
2005-05-23,19.2
2005-05-24,28.3
2005-05-25,33.9
2005-05-26,34.5
2005-05-27,26.7
2005-05-28,37.9
2005-05-29,38.6
2005-05-30,37.6
2005-05-31,36.6
2005-06-01,34.5
2005-06-02,20.7
2005-06-03,20.3
2005-06-04,20.6
2005-06-05,22.4
2005-06-06,24.3
2005-06-07,18.8
2005-06-08,19.6
2005-06-09,28.4
2005-06-10,30.9
2005-06-11,18.1
2005-06-12,19.6
2005-06-13,24.0
2005-06-14,22.6
2005-06-15,17.2
2005-06-16,27.3
2005-06-17,31.4
2005-06-18,41.8
2005-06-19,47.7
2005-06-20,50.6
2005-06-21,51.2
2005-06-22,53.4
2005-06-23,52.5
2005-06-24,47.2
2005-06-25,36.4
2005-06-26,24.9
2005-06-27,20.7
2005-06-28,28.8
2005-06-29,28.6
2005-06-30,21.2
2005-07-01,28.9
2005-07-02,37.9
2005-07-03,41.6
2005-07-04,40.1
2005-07-05,44.4
2005-07-06,42.2
2005-07-07,41.0
2005-07-08,41.3
2005-07-09,35.1
2005-07-10,32.4
2005-07-11,31.5
2005-07-12,25.2
2005-07-13,26.7
2005-07-14,31.2
2005-07-15,23.4
2005-07-16,21.7
2005-07-17,24.3
2005-07-18,21.9
2005-07-19,17.6
2005-07-20,17.7
2005-07-21,14.8
2005-07-22,12.7
2005-07-23,12.1
2005-07-24,14.7
2005-07-25,25.1
2005-07-26,31.7
2005-07-27,35.6
2005-07-28,35.3
2005-07-29,37.7
2005-07-30,40.8
2005-07-31,37.4
2005-08-01,30.2
2005-08-02,28.2
2005-08-03,25.5
2005-08-04,24.0
2005-08-05,22.2
2005-08-06,19.4
2005-08-07,21.0
2005-08-08,19.8
2005-08-09,31.1
2005-08-10,45.7
2005-08-11,53.3
2005-08-12,57.3
2005-08-13,61.5
2005-08-14,73.7
2005-08-15,85.0
2005-08-16,81.4
2005-08-17,71.2
2005-08-18,67.2
2005-08-19,67.4
2005-08-20,70.3
2005-08-21,70.1
2005-08-22,69.2
2005-08-23,66.5
2005-08-24,65.1
2005-08-25,65.6
2005-08-26,64.2
2005-08-27,59.0
2005-08-28,47.7
2005-08-29,42.5
2005-08-30,43.2
2005-08-31,52.1
2005-09-01,58.7
2005-09-02,90.9
2005-09-03,140.2
2005-09-04,181.6
2005-09-05,196.4
2005-09-06,207.3
2005-09-07,207.6
2005-09-08,205.0
2005-09-09,176.3
2005-09-10,131.7
2005-09-11,94.0
2005-09-12,80.5
2005-09-13,68.8
2005-09-14,60.8
2005-09-15,54.8
2005-09-16,50.9
2005-09-17,48.2
2005-09-18,47.9
2005-09-19,43.8
2005-09-20,37.6
2005-09-21,34.6
2005-09-22,35.5
2005-09-23,35.3
2005-09-24,34.1
2005-09-25,31.6
2005-09-26,33.9
2005-09-27,39.0
2005-09-28,51.3
2005-09-29,57.1
2005-09-30,60.8
2005-10-01,66.0
2005-10-02,73.0
2005-10-03,76.3
2005-10-04,78.2
2005-10-05,73.5
2005-10-06,78.2
2005-10-07,66.2
2005-10-08,55.7
2005-10-09,48.7
2005-10-10,43.3
2005-10-11,40.0
2005-10-12,35.1
2005-10-13,22.3
2005-10-14,29.4
2005-10-15,32.9
2005-10-16,32.7
2005-10-17,32.0
2005-10-18,29.7
2005-10-19,28.3
2005-10-20,29.4
2005-10-21,29.9
2005-10-22,31.3
2005-10-23,30.9
2005-10-24,33.0
2005-10-25,34.1
2005-10-26,41.6
2005-10-27,51.9
2005-10-28,58.8
2005-10-29,57.0
2005-10-30,58.9
2005-10-31,62.0
2005-11-01,59.9
2005-11-02,58.7
2005-11-03,48.4
2005-11-04,45.0
2005-11-05,50.2
2005-11-06,48.8
2005-11-07,47.0
2005-11-08,50.3
2005-11-09,44.7
2005-11-10,49.9
2005-11-11,50.1
2005-11-12,49.0
2005-11-13,50.6
2005-11-14,47.2
2005-11-15,46.5
2005-11-16,47.0
2005-11-17,43.8
2005-11-18,47.5
2005-11-19,52.5
2005-11-20,51.8
2005-11-21,52.8
2005-11-22,52.6
2005-11-23,52.6
2005-11-24,50.4
2005-11-25,42.2
2005-11-26,34.0
2005-11-27,31.4
2005-11-28,32.0
2005-11-29,33.4
2005-11-30,34.6
2005-12-01,36.4
2005-12-02,36.9
2005-12-03,37.8
2005-12-04,41.1
2005-12-05,43.2
2005-12-06,44.2
2005-12-07,44.0
2005-12-08,44.0
2005-12-09,44.5
2005-12-10,44.5
2005-12-11,42.4
2005-12-12,42.0
2005-12-13,43.0
2005-12-14,39.7
2005-12-15,39.5
2005-12-16,41.2
2005-12-17,48.0
2005-12-18,61.3
2005-12-19,61.4
2005-12-20,61.2
2005-12-21,63.8
2005-12-22,65.9
2005-12-23,64.6
2005-12-24,54.2
2005-12-25,40.5
2005-12-26,39.3
2005-12-27,37.7
2005-12-28,34.8
2005-12-29,29.6
2005-12-30,42.9
2005-12-31,54.8
2006-01-01,62.1
2006-01-02,66.9
2006-01-03,65.7
2006-01-04,70.3
2006-01-05,73.4
2006-01-06,57.7
2006-01-07,49.9
2006-01-08,49.0
2006-01-09,66.5
2006-01-10,86.0
2006-01-11,89.9
2006-01-12,92.8
2006-01-13,96.9
2006-01-14,97.4
2006-01-15,90.6
2006-01-16,71.6
2006-01-17,52.8
2006-01-18,48.7
2006-01-19,44.7
2006-01-20,39.7
2006-01-21,37.6
2006-01-22,35.2
2006-01-23,30.6
2006-01-24,29.2
2006-01-25,24.9
2006-01-26,24.7
2006-01-27,28.5
2006-01-28,29.3
2006-01-29,25.4
2006-01-30,24.5
2006-01-31,22.1
2006-02-01,22.9
2006-02-02,18.1
2006-02-03,15.9
2006-02-04,15.5
2006-02-05,16.9
2006-02-06,18.2
2006-02-07,20.0
2006-02-08,20.7
2006-02-09,25.9
2006-02-10,25.1
2006-02-11,23.4
2006-02-12,27.2
2006-02-13,24.8
2006-02-14,23.9
2006-02-15,21.8
2006-02-16,19.6
2006-02-17,20.8
2006-02-18,20.9
2006-02-19,23.3
2006-02-20,19.9
2006-02-21,21.6
2006-02-22,23.0
2006-02-23,25.7
2006-02-24,16.8
2006-02-25,17.1
2006-02-26,19.7
2006-02-27,24.1
2006-02-28,21.2
2006-03-01,17.5
2006-03-02,13.7
2006-03-03,22.8
2006-03-04,25.5
2006-03-05,30.7
2006-03-06,25.0
2006-03-07,30.2
2006-03-08,38.8
2006-03-09,36.2
2006-03-10,41.7
2006-03-11,44.8
2006-03-12,35.6
2006-03-13,36.4
2006-03-14,28.3
2006-03-15,21.0
2006-03-16,23.9
2006-03-17,27.0
2006-03-18,25.9
2006-03-19,29.6
2006-03-20,37.2
2006-03-21,27.9
2006-03-22,26.4
2006-03-23,28.6
2006-03-24,32.3
2006-03-25,15.8
2006-03-26,7.7
2006-03-27,3.7
2006-03-28,16.6
2006-03-29,15.7
2006-03-30,16.3
2006-03-31,3.4
2006-04-01,26.5
2006-04-02,38.1
2006-04-03,39.3
2006-04-04,42.1
2006-04-05,50.1
2006-04-06,56.8
2006-04-07,60.6
2006-04-08,52.8
2006-04-09,45.9
2006-04-10,48.3
2006-04-11,47.8
2006-04-12,42.2
2006-04-13,33.4
2006-04-14,36.1
2006-04-15,38.1
2006-04-16,37.5
2006-04-17,35.0
2006-04-18,33.8
2006-04-19,41.3
2006-04-20,61.0
2006-04-21,69.5
2006-04-22,71.8
2006-04-23,84.3
2006-04-24,95.5
2006-04-25,103.1
2006-04-26,102.1
2006-04-27,86.4
2006-04-28,75.4
2006-04-29,70.6
2006-04-30,59.3
2006-05-01,48.3
2006-05-02,42.0
2006-05-03,37.2
2006-05-04,34.6
2006-05-05,30.8
2006-05-06,28.1
2006-05-07,27.2
2006-05-08,28.5
2006-05-09,30.5
2006-05-10,31.9
2006-05-11,33.8
2006-05-12,37.0
2006-05-13,37.2
2006-05-14,37.1
2006-05-15,37.1
2006-05-16,40.1
2006-05-17,34.1
2006-05-18,31.3
2006-05-19,31.8
2006-05-20,36.5
2006-05-21,40.8
2006-05-22,38.5
2006-05-23,44.0
2006-05-24,79.8
2006-05-25,96.4
2006-05-26,100.1
2006-05-27,100.1
2006-05-28,97.7
2006-05-29,101.1
2006-05-30,92.2
2006-05-31,61.8
2006-06-01,48.8
2006-06-02,44.4
2006-06-03,44.9
2006-06-04,43.2
2006-06-05,40.5
2006-06-06,39.1
2006-06-07,37.8
2006-06-08,35.2
2006-06-09,55.2
2006-06-10,62.1
2006-06-11,69.9
2006-06-12,74.8
2006-06-13,74.5
2006-06-14,80.1
2006-06-15,85.3
2006-06-16,73.9
2006-06-17,67.8
2006-06-18,55.1
2006-06-19,51.1
2006-06-20,53.0
2006-06-21,47.8
2006-06-22,41.0
2006-06-23,33.4
2006-06-24,31.7
2006-06-25,33.9
2006-06-26,32.3
2006-06-27,33.5
2006-06-28,27.8
2006-06-29,36.4
2006-06-30,30.5
2006-07-01,29.1
2006-07-02,34.1
2006-07-03,34.2
2006-07-04,25.8
2006-07-05,25.2
2006-07-06,23.7
2006-07-07,29.0
2006-07-08,20.5
2006-07-09,21.7
2006-07-10,30.3
2006-07-11,39.4
2006-07-12,45.9
2006-07-13,40.2
2006-07-14,39.9
2006-07-15,45.9
2006-07-16,46.8
2006-07-17,43.0
2006-07-18,35.6
2006-07-19,29.4
2006-07-20,32.8
2006-07-21,32.4
2006-07-22,26.8
2006-07-23,18.9
2006-07-24,16.3
2006-07-25,14.4
2006-07-26,14.1
2006-07-27,16.0
2006-07-28,23.0
2006-07-29,32.5
2006-07-30,35.1
2006-07-31,34.8
2006-08-01,36.0
2006-08-02,38.0
2006-08-03,34.3
2006-08-04,32.2
2006-08-05,33.6
2006-08-06,33.7
2006-08-07,30.2
2006-08-08,33.9
2006-08-09,30.6
2006-08-10,28.7
2006-08-11,20.2
2006-08-12,13.2
2006-08-13,13.1
2006-08-14,13.9
2006-08-15,10.9
2006-08-16,23.8
2006-08-17,31.3
2006-08-18,35.7
2006-08-19,41.9
2006-08-20,45.8
2006-08-21,48.4
2006-08-22,45.9
2006-08-23,37.3
2006-08-24,31.0
2006-08-25,32.2
2006-08-26,23.6
2006-08-27,17.0
2006-08-28,16.3
2006-08-29,22.4
2006-08-30,30.9
2006-08-31,42.1
2006-09-01,41.7
2006-09-02,56.6
2006-09-03,72.8
2006-09-04,78.5
2006-09-05,81.0
2006-09-06,78.3
2006-09-07,69.3
2006-09-08,66.4
2006-09-09,56.3
2006-09-10,44.1
2006-09-11,40.4
2006-09-12,39.3
2006-09-13,38.4
2006-09-14,37.6
2006-09-15,36.9
2006-09-16,37.8
2006-09-17,39.9
2006-09-18,47.6
2006-09-19,56.1
2006-09-20,59.5
2006-09-21,73.9
2006-09-22,94.2
2006-09-23,116.7
2006-09-24,128.0
2006-09-25,128.3
2006-09-26,125.4
2006-09-27,125.1
2006-09-28,116.5
2006-09-29,109.1
2006-09-30,92.7
2006-10-01,82.9
2006-10-02,77.0
2006-10-03,75.0
2006-10-04,77.4
2006-10-05,75.2
2006-10-06,74.1
2006-10-07,75.8
2006-10-08,79.1
2006-10-09,79.4
2006-10-10,79.4
2006-10-11,79.7
2006-10-12,110.1
2006-10-13,118.4
2006-10-14,121.2
2006-10-15,124.4
2006-10-16,129.1
2006-10-17,132.0
2006-10-18,130.4
2006-10-19,99.9
2006-10-20,82.9
2006-10-21,74.1
2006-10-22,68.8
2006-10-23,63.5
2006-10-24,62.4
2006-10-25,60.0
2006-10-26,67.4
2006-10-27,81.7
2006-10-28,86.5
2006-10-29,85.3
2006-10-30,86.6
2006-10-31,86.0
2006-11-01,84.9
2006-11-02,76.2
2006-11-03,62.8
2006-11-04,63.1
2006-11-05,64.6
2006-11-06,64.4
2006-11-07,62.5
2006-11-08,64.4
2006-11-09,67.3
2006-11-10,66.4
2006-11-11,92.4
2006-11-12,121.2
2006-11-13,127.6
2006-11-14,136.9
2006-11-15,176.6
2006-11-16,196.4
2006-11-17,208.0
2006-11-18,187.4
2006-11-19,164.3
2006-11-20,164.2
2006-11-21,164.6
2006-11-22,136.1
2006-11-23,116.2
2006-11-24,105.6
2006-11-25,99.0
2006-11-26,99.9
2006-11-27,168.9
2006-11-28,186.9
2006-11-29,188.4
2006-11-30,199.4
2006-12-01,203.4
2006-12-02,204.7
2006-12-03,202.2
2006-12-04,134.1
2006-12-05,106.5
2006-12-06,94.5
2006-12-07,82.2
2006-12-08,80.5
2006-12-09,81.0
2006-12-10,75.4
2006-12-11,69.4
2006-12-12,71.2
2006-12-13,70.8
2006-12-14,71.8
2006-12-15,71.1
2006-12-16,69.2
2006-12-17,66.1
2006-12-18,64.1
2006-12-19,59.8
2006-12-20,59.3
2006-12-21,56.6
2006-12-22,51.8
2006-12-23,53.5
2006-12-24,75.9
2006-12-25,87.9
2006-12-26,94.6
2006-12-27,99.5
2006-12-28,100.8
2006-12-29,104.7
2006-12-30,99.6
2006-12-31,79.7
2007-01-01,67.5
2007-01-02,65.8
2007-01-03,61.5
2007-01-04,57.6
2007-01-05,58.1
2007-01-06,57.1
2007-01-07,53.6
2007-01-08,54.1
2007-01-09,49.7
2007-01-10,48.5
2007-01-11,61.2
2007-01-12,66.3
2007-01-13,64.3
2007-01-14,66.2
2007-01-15,66.0
2007-01-16,66.0
2007-01-17,67.2
2007-01-18,57.1
2007-01-19,50.7
2007-01-20,53.3
2007-01-21,56.4
2007-01-22,53.2
2007-01-23,47.8
2007-01-24,44.6
2007-01-25,41.9
2007-01-26,40.6
2007-01-27,37.4
2007-01-28,34.5
2007-01-29,53.8
2007-01-30,56.9
2007-01-31,55.7
2007-02-01,54.3
2007-02-02,51.6
2007-02-03,52.7
2007-02-04,52.2
2007-02-05,32.6
2007-02-06,34.5
2007-02-07,37.2
2007-02-08,38.8
2007-02-09,38.7
2007-02-10,36.8
2007-02-11,31.5
2007-02-12,28.8
2007-02-13,24.7
2007-02-14,21.7
2007-02-15,20.5
2007-02-16,19.3
2007-02-17,19.7
2007-02-18,22.4
2007-02-19,25.8
2007-02-20,21.7
2007-02-21,23.7
2007-02-22,24.2
2007-02-23,24.2
2007-02-24,18.1
2007-02-25,19.4
2007-02-26,20.0
2007-02-27,19.7
2007-02-28,16.5
2007-03-01,16.0
2007-03-02,19.1
2007-03-03,23.0
2007-03-04,26.9
2007-03-05,28.9
2007-03-06,44.1
2007-03-07,39.9
2007-03-08,37.7
2007-03-09,35.7
2007-03-10,50.1
2007-03-11,57.9
2007-03-12,53.3
2007-03-13,41.9
2007-03-14,49.2
2007-03-15,53.2
2007-03-16,55.9
2007-03-17,42.3
2007-03-18,35.1
2007-03-19,32.8
2007-03-20,33.8
2007-03-21,32.8
2007-03-22,30.0
2007-03-23,22.8
2007-03-24,20.9
2007-03-25,15.4
2007-03-26,13.6
2007-03-27,20.3
2007-03-28,21.7
2007-03-29,21.2
2007-03-30,26.2
2007-03-31,30.6
2007-04-01,28.2
2007-04-02,32.7
2007-04-03,18.1
2007-04-04,13.3
2007-04-05,13.9
2007-04-06,11.0
2007-04-07,15.1
2007-04-08,18.5
2007-04-09,23.6
2007-04-10,21.6
2007-04-11,22.9
2007-04-12,22.9
2007-04-13,28.0
2007-04-14,18.3
2007-04-15,19.5
2007-04-16,16.2
2007-04-17,25.7
2007-04-18,23.9
2007-04-19,26.0
2007-04-20,23.5
2007-04-21,26.6
2007-04-22,22.6
2007-04-23,21.2
2007-04-24,23.0
2007-04-25,14.9
2007-04-26,11.1
2007-04-27,13.8
2007-04-28,17.2
2007-04-29,15.8
2007-04-30,17.9
2007-05-01,19.9
2007-05-02,21.1
2007-05-03,22.4
2007-05-04,26.2
2007-05-05,27.3
2007-05-06,32.5
2007-05-07,34.4
2007-05-08,35.7
2007-05-09,47.3
2007-05-10,49.3
2007-05-11,46.3
2007-05-12,46.0
2007-05-13,47.5
2007-05-14,35.9
2007-05-15,24.5
2007-05-16,22.2
2007-05-17,24.5
2007-05-18,37.1
2007-05-19,33.7
2007-05-20,31.8
2007-05-21,53.7
2007-05-22,69.1
2007-05-23,76.0
2007-05-24,73.3
2007-05-25,57.4
2007-05-26,62.9
2007-05-27,60.2
2007-05-28,47.1
2007-05-29,72.1
2007-05-30,101.7
2007-05-31,112.3
2007-06-01,116.6
2007-06-02,119.3
2007-06-03,122.1
2007-06-04,122.2
2007-06-05,89.0
2007-06-06,56.5
2007-06-07,47.2
2007-06-08,43.2
2007-06-09,35.4
2007-06-10,33.8
2007-06-11,30.8
2007-06-12,31.7
2007-06-13,27.1
2007-06-14,22.6
2007-06-15,23.8
2007-06-16,25.7
2007-06-17,25.4
2007-06-18,26.8
2007-06-19,30.1
2007-06-20,34.8
2007-06-21,37.0
2007-06-22,29.6
2007-06-23,29.8
2007-06-24,31.9
2007-06-25,28.4
2007-06-26,26.8
2007-06-27,52.3
2007-06-28,80.6
2007-06-29,114.1
2007-06-30,127.5
2007-07-01,128.3
2007-07-02,141.6
2007-07-03,145.8
2007-07-04,120.1
2007-07-05,92.9
2007-07-06,65.0
2007-07-07,51.9
2007-07-08,52.0
2007-07-09,47.1
2007-07-10,40.6
2007-07-11,35.4
2007-07-12,35.1
2007-07-13,39.1
2007-07-14,36.8
2007-07-15,31.7
2007-07-16,29.1
2007-07-17,27.3
2007-07-18,25.7
2007-07-19,25.5
2007-07-20,24.8
2007-07-21,26.6
2007-07-22,28.5
2007-07-23,24.3
2007-07-24,27.4
2007-07-25,30.4
2007-07-26,29.9
2007-07-27,28.3
2007-07-28,30.5
2007-07-29,30.4
2007-07-30,30.8
2007-07-31,28.2
2007-08-01,29.1
2007-08-02,29.0
2007-08-03,23.3
2007-08-04,19.2
2007-08-05,20.0
2007-08-06,17.2
2007-08-07,18.6
2007-08-08,33.4
2007-08-09,70.6
2007-08-10,87.0
2007-08-11,92.2
2007-08-12,94.9
2007-08-13,100.8
2007-08-14,102.3
2007-08-15,88.8
2007-08-16,52.9
2007-08-17,39.5
2007-08-18,32.9
2007-08-19,30.4
2007-08-20,28.8
2007-08-21,26.9
2007-08-22,27.1
2007-08-23,24.5
2007-08-24,22.6
2007-08-25,24.2
2007-08-26,24.3
2007-08-27,23.0
2007-08-28,27.1
2007-08-29,29.0
2007-08-30,36.5
2007-08-31,41.5
2007-09-01,46.4
2007-09-02,48.9
2007-09-03,50.9
2007-09-04,47.8
2007-09-05,44.6
2007-09-06,36.9
2007-09-07,33.3
2007-09-08,27.3
2007-09-09,24.4
2007-09-10,20.7
2007-09-11,25.3
2007-09-12,31.6
2007-09-13,35.5
2007-09-14,39.2
2007-09-15,43.2
2007-09-16,44.7
2007-09-17,49.5
2007-09-18,45.9
2007-09-19,44.7
2007-09-20,46.3
2007-09-21,45.6
2007-09-22,42.2
2007-09-23,40.8
2007-09-24,39.9
2007-09-25,40.8
2007-09-26,38.0
2007-09-27,50.9
2007-09-28,69.3
2007-09-29,86.6
2007-09-30,97.9
2007-10-01,106.4
2007-10-02,114.9
2007-10-03,128.6
2007-10-04,132.2
2007-10-05,128.1
2007-10-06,121.2
2007-10-07,117.6
2007-10-08,115.4
2007-10-09,110.7
2007-10-10,102.1
2007-10-11,93.1
2007-10-12,84.9
2007-10-13,83.1
2007-10-14,96.4
2007-10-15,103.4
2007-10-16,107.8
2007-10-17,110.0
2007-10-18,106.0
2007-10-19,101.5
2007-10-20,103.5
2007-10-21,87.4
2007-10-22,83.2
2007-10-23,76.5
2007-10-24,69.6
2007-10-25,67.8
2007-10-26,68.3
2007-10-27,64.8
2007-10-28,69.7
2007-10-29,70.3
2007-10-30,73.2
2007-11-01,80.2
2007-11-02,78.2
2007-11-03,75.0
2007-11-04,68.6
2007-11-05,60.6
2007-11-06,55.9
2007-11-08,47.8
2007-11-09,50.2
2007-11-10,48.6
2007-11-11,48.9
2007-11-12,49.4
2007-11-13,48.5
2007-11-14,47.6
2007-11-15,46.3
2007-11-16,44.0
2007-11-17,46.8
2007-11-18,50.3
2007-11-19,55.2
2007-11-20,59.0
2007-11-21,59.4
2007-11-22,63.9
2007-11-23,63.9
2007-11-24,59.5
2007-11-25,52.3
2007-11-26,48.6
2007-11-27,41.4
2007-11-28,42.2
2007-11-29,34.8
2007-11-30,32.7
2007-12-01,36.0
2007-12-02,39.9
2007-12-03,33.1
2007-12-04,37.9
2007-12-05,37.0
2007-12-06,39.8
2007-12-07,42.2
2007-12-08,57.7
2007-12-09,71.8
2007-12-10,84.5
2007-12-11,90.0
2007-12-12,94.7
2007-12-13,99.5
2007-12-14,116.9
2007-12-15,120.4
2007-12-16,113.7
2007-12-17,107.9
2007-12-18,105.1
2007-12-19,102.3
2007-12-20,101.0
2007-12-21,83.9
2007-12-22,69.6
2007-12-23,60.2
2007-12-24,62.9
2007-12-25,65.5
2007-12-26,68.1
2007-12-27,65.6
2007-12-28,61.1
2007-12-29,57.1
2007-12-30,59.1
2007-12-31,52.7
2008-01-01,40.9
2008-01-02,37.7
2008-01-03,35.0
2008-01-04,39.2
2008-01-05,36.3
2008-01-06,35.3
2008-01-07,33.8
2008-01-08,40.4
2008-01-09,40.0
2008-01-10,37.2
2008-01-11,36.2
2008-01-12,40.0
2008-01-13,37.9
2008-01-14,43.6
2008-01-15,43.0
2008-01-16,41.6
2008-01-17,44.0
2008-01-18,43.3
2008-01-19,67.1
2008-01-20,100.0
2008-01-21,98.7
2008-01-22,98.5
2008-01-23,98.8
2008-01-24,99.7
2008-01-25,101.9
2008-01-26,71.5
2008-01-27,37.2
2008-01-28,36.6
2008-01-29,37.8
2008-01-30,34.6
2008-01-31,36.3
2008-02-01,34.8
2008-02-02,36.3
2008-02-03,32.9
2008-02-04,29.1
2008-02-05,25.5
2008-02-06,22.0
2008-02-07,18.3
2008-02-08,19.9
2008-02-09,19.5
2008-02-10,21.9
2008-02-11,20.2
2008-02-12,24.3
2008-02-13,30.1
2008-02-14,33.2
2008-02-15,29.8
2008-02-16,29.9
2008-02-17,32.1
2008-02-18,31.7
2008-02-19,23.6
2008-02-20,21.7
2008-02-21,32.3
2008-02-22,43.7
2008-02-23,49.9
2008-02-24,49.4
2008-02-25,48.8
2008-02-26,52.2
2008-02-27,65.5
2008-02-28,79.6
2008-02-29,77.3
2008-03-01,76.9
2008-03-02,77.8
2008-03-03,83.6
2008-03-04,88.6
2008-03-05,76.3
2008-03-06,47.3
2008-03-07,38.3
2008-03-08,36.5
2008-03-09,32.4
2008-03-10,29.3
2008-03-11,25.2
2008-03-12,26.9
2008-03-13,25.8
2008-03-14,27.0
2008-03-15,22.1
2008-03-16,25.5
2008-03-17,22.6
2008-03-18,23.6
2008-03-19,19.1
2008-03-20,25.1
2008-03-21,22.2
2008-03-22,29.3
2008-03-23,32.6
2008-03-24,36.7
2008-03-25,32.3
2008-03-26,32.3
2008-03-27,25.2
2008-03-28,30.7
2008-03-29,27.1
2008-03-30,22.5
2008-03-31,23.5
2008-04-01,26.2
2008-04-02,23.1
2008-04-03,23.3
2008-04-04,22.9
2008-04-05,24.8
2008-04-06,16.4
2008-04-07,10.2
2008-04-08,7.7
2008-04-09,15.7
2008-04-10,16.6
2008-04-11,8.5
2008-04-12,4.9
2008-04-13,11.4
2008-04-14,14.3
2008-04-15,24.6
2008-04-16,13.9
2008-04-17,13.4
2008-04-18,19.5
2008-04-19,14.9
2008-04-20,11.1
2008-04-21,8.1
2008-04-22,-2.7
2008-04-23,2.0
2008-04-24,4.9
2008-04-25,4.6
2008-04-26,23.7
2008-04-27,63.7
2008-04-28,74.9
2008-04-29,73.2
2008-04-30,80.7
2008-05-01,83.1
2008-05-02,83.6
2008-05-03,69.6
2008-05-04,32.8
2008-05-05,26.7
2008-05-06,30.9
2008-05-07,30.5
2008-05-08,29.3
2008-05-09,31.5
2008-05-10,31.8
2008-05-11,35.0
2008-05-12,34.5
2008-05-13,31.2
2008-05-14,22.1
2008-05-15,24.0
2008-05-16,17.8
2008-05-17,13.4
2008-05-18,12.8
2008-05-19,10.6
2008-05-20,13.6
2008-05-21,16.2
2008-05-22,12.3
2008-05-23,15.1
2008-05-24,16.3
2008-05-25,12.8
2008-05-26,14.0
2008-05-27,20.1
2008-05-28,23.5
2008-05-29,22.1
2008-05-30,19.9
2008-05-31,19.7
2008-06-01,23.4
2008-06-02,28.3
2008-06-03,28.5
2008-06-04,26.2
2008-06-05,27.9
2008-06-06,29.2
2008-06-07,33.0
2008-06-08,30.1
2008-06-09,27.8
2008-06-10,28.2
2008-06-11,52.6
2008-06-12,64.9
2008-06-13,80.1
2008-06-14,88.0
2008-06-15,94.8
2008-06-16,93.5
2008-06-17,92.5
2008-06-18,72.8
2008-06-19,59.6
2008-06-20,47.0
2008-06-21,40.5
2008-06-22,41.6
2008-06-23,41.8
2008-06-24,31.8
2008-06-25,16.8
2008-06-26,17.8
2008-06-27,17.7
2008-06-28,16.3
2008-06-29,13.5
2008-06-30,16.8
2008-07-01,29.6
2008-07-02,44.8
2008-07-03,47.0
2008-07-04,46.3
2008-07-05,42.7
2008-07-06,40.1
2008-07-07,44.9
2008-07-08,28.5
2008-07-09,43.1
2008-07-10,51.5
2008-07-11,54.7
2008-07-12,58.6
2008-07-13,63.0
2008-07-14,56.0
2008-07-15,66.0
2008-07-16,50.4
2008-07-17,44.3
2008-07-18,42.3
2008-07-19,41.9
2008-07-20,53.2
2008-07-21,53.4
2008-07-22,51.3
2008-07-23,44.3
2008-07-24,43.1
2008-07-25,41.2
2008-07-26,38.2
2008-07-27,17.2
2008-07-28,15.2
2008-07-29,17.9
2008-07-30,23.7
2008-07-31,22.0
2008-08-01,20.3
2008-08-02,22.1
2008-08-03,30.0
2008-08-04,29.6
2008-08-05,24.0
2008-08-06,21.0
2008-08-07,19.7
2008-08-08,18.7
2008-08-09,16.9
2008-08-10,15.9
2008-08-11,17.3
2008-08-12,20.9
2008-08-13,21.6
2008-08-14,20.1
2008-08-15,19.7
2008-08-16,23.8
2008-08-17,18.4
2008-08-18,14.2
2008-08-19,16.9
2008-08-20,19.1
2008-08-21,21.0
2008-08-22,21.9
2008-08-23,19.2
2008-08-24,24.4
2008-08-25,28.5
2008-08-26,26.3
2008-08-27,25.4
2008-08-28,25.6
2008-08-29,29.1
2008-08-30,46.8
2008-08-31,91.4
2008-09-01,137.2
2008-09-02,157.3
2008-09-03,167.0
2008-09-04,173.0
2008-09-05,175.1
2008-09-06,164.5
2008-09-07,126.0
2008-09-08,83.7
2008-09-09,68.0
2008-09-10,62.6
2008-09-11,60.4
2008-09-12,59.3
2008-09-13,58.2
2008-09-14,57.8
2008-09-15,62.6
2008-09-16,63.5
2008-09-17,64.0
2008-09-18,68.1
2008-09-19,72.0
2008-09-20,72.3
2008-09-21,126.4
2008-09-22,139.1
2008-09-23,144.7
2008-09-24,152.4
2008-09-25,157.8
2008-09-26,156.5
2008-09-27,159.9
2008-09-28,109.2
2008-09-29,95.8
2008-09-30,92.4
2008-10-01,96.0
2008-10-02,112.0
2008-10-03,117.6
2008-10-04,115.8
2008-10-05,119.0
2008-10-06,119.5
2008-10-07,118.9
2008-10-08,106.8
2008-10-09,83.6
2008-10-10,78.6
2008-10-11,77.5
2008-10-12,66.4
2008-10-13,69.7
2008-10-14,73.7
2008-10-15,73.8
2008-10-16,73.8
2008-10-17,73.2
2008-10-18,66.9
2008-10-19,67.0
2008-10-20,58.0
2008-10-21,49.9
2008-10-22,47.1
2008-10-23,43.9
2008-10-24,41.9
2008-10-25,46.1
2008-10-26,52.2
2008-10-27,52.7
2008-10-28,53.7
2008-10-29,56.1
2008-10-30,57.5
2008-10-31,57.4
2008-11-01,54.7
2008-11-02,50.6
2008-11-03,50.7
2008-11-04,48.0
2008-11-05,45.9
2008-11-06,44.7
2008-11-07,57.4
2008-11-08,67.7
2008-11-09,70.3
2008-11-10,70.8
2008-11-11,74.8
2008-11-12,80.5
2008-11-13,85.5
2008-11-14,93.1
2008-11-15,91.3
2008-11-16,93.3
2008-11-17,91.0
2008-11-18,89.1
2008-11-19,90.6
2008-11-20,94.5
2008-11-21,89.0
2008-11-22,144.2
2008-11-23,172.3
2008-11-24,186.9
2008-11-25,193.1
2008-11-26,193.5
2008-11-27,186.6
2008-11-28,176.1
2008-11-29,116.3
2008-11-30,86.2
2008-12-01,96.4
2008-12-02,126.2
2008-12-03,124.7
2008-12-04,129.0
2008-12-05,130.5
2008-12-06,140.4
2008-12-07,144.9
2008-12-08,128.6
2008-12-09,96.7
2008-12-10,96.0
2008-12-11,91.2
2008-12-12,90.0
2008-12-13,91.3
2008-12-14,101.1
2008-12-15,107.4
2008-12-16,106.5
2008-12-17,121.1
2008-12-18,146.2
2008-12-19,155.8
2008-12-20,151.5
2008-12-21,138.1
2008-12-22,128.5
2008-12-23,132.6
2008-12-24,118.6
2008-12-25,95.9
2008-12-26,79.6
2008-12-27,70.7
2008-12-28,69.8
2008-12-29,81.1
2008-12-30,81.9
2008-12-31,95.8
2009-01-01,96.3
2009-01-02,97.2
2009-01-03,99.5
2009-01-04,105.3
2009-01-05,100.1
2009-01-06,95.8
2009-01-07,86.0
2009-01-08,85.9
2009-01-09,88.1
2009-01-10,84.0
2009-01-11,75.7
2009-01-12,66.9
2009-01-13,65.3
2009-01-14,74.0
2009-01-15,83.5
2009-01-16,86.6
2009-01-17,86.0
2009-01-18,86.9
2009-01-19,85.7
2009-01-20,82.3
2009-01-21,59.7
2009-01-22,45.7
2009-01-23,35.6
2009-01-24,31.2
2009-01-25,29.1
2009-01-26,27.6
2009-01-27,26.7
2009-01-28,27.4
2009-01-29,27.9
2009-01-30,29.7
2009-01-31,33.6
2009-02-01,29.3
2009-02-02,28.2
2009-02-03,29.8
2009-02-04,31.1
2009-02-05,30.3
2009-02-06,28.8
2009-02-07,20.9
2009-02-08,24.6
2009-02-09,23.2
2009-02-10,20.0
2009-02-11,18.8
2009-02-12,18.8
2009-02-13,16.1
2009-02-14,21.0
2009-02-15,18.1
2009-02-16,18.9
2009-02-17,17.9
2009-02-18,22.9
2009-02-19,41.9
2009-02-20,60.6
2009-02-21,71.5
2009-02-22,77.4
2009-02-23,80.1
2009-02-24,82.9
2009-02-25,80.0
2009-02-26,64.5
2009-02-27,54.8
2009-02-28,44.5
2009-03-01,42.0
2009-03-02,38.8
2009-03-03,44.9
2009-03-04,56.6
2009-03-05,52.8
2009-03-06,49.2
2009-03-07,51.9
2009-03-08,47.2
2009-03-09,49.5
2009-03-10,39.2
2009-03-11,26.8
2009-03-12,25.3
2009-03-13,24.2
2009-03-14,22.0
2009-03-15,27.8
2009-03-16,31.1
2009-03-17,29.9
2009-03-18,27.5
2009-03-19,23.9
2009-03-20,24.4
2009-03-21,20.4
2009-03-22,14.0
2009-03-23,8.5
2009-03-24,12.6
2009-03-25,19.9
2009-03-26,23.6
2009-03-27,20.5
2009-03-28,19.8
2009-03-29,26.0
2009-03-30,22.7
2009-03-31,17.5
2009-04-01,20.2
2009-04-02,18.9
2009-04-03,18.4
2009-04-04,46.9
2009-04-05,57.2
2009-04-06,66.5
2009-04-07,73.9
2009-04-08,69.3
2009-04-09,70.6
2009-04-10,78.4
2009-04-11,54.4
2009-04-12,44.6
2009-04-13,49.2
2009-04-14,54.3
2009-04-15,54.2
2009-04-16,55.9
2009-04-17,47.0
2009-04-18,52.8
2009-04-19,55.6
2009-04-20,45.5
2009-04-21,32.0
2009-04-22,25.0
2009-04-23,34.7
2009-04-24,72.9
2009-04-25,143.8
2009-04-26,161.3
2009-04-27,174.7
2009-04-28,193.6
2009-04-29,204.0
2009-04-30,195.4
2009-05-01,164.6
2009-05-02,92.1
2009-05-03,69.7
2009-05-04,57.1
2009-05-05,45.0
2009-05-06,41.0
2009-05-07,36.9
2009-05-08,38.8
2009-05-09,38.0
2009-05-10,35.5
2009-05-11,37.2
2009-05-12,54.1
2009-05-13,102.4
2009-05-14,234.4
2009-05-15,278.6
2009-05-16,304.4
2009-05-17,321.0
2009-05-18,330.9
2009-05-19,320.6
2009-05-20,279.5
2009-05-21,158.0
2009-05-22,117.1
2009-05-23,97.9
2009-05-24,87.3
2009-05-25,75.6
2009-05-26,66.1
2009-05-27,59.7
2009-05-28,52.1
2009-05-29,45.3
2009-05-30,30.7
2009-05-31,24.9
2009-06-01,26.3
2009-06-02,30.0
2009-06-03,27.7
2009-06-04,28.0
2009-06-05,31.5
2009-06-06,40.3
2009-06-07,53.4
2009-06-08,69.0
2009-06-09,77.8
2009-06-10,80.8
2009-06-11,85.4
2009-06-12,86.0
2009-06-13,85.9
2009-06-14,76.5
2009-06-15,60.6
2009-06-16,56.0
2009-06-17,53.6
2009-06-18,46.2
2009-06-19,43.5
2009-06-20,42.7
2009-06-21,37.8
2009-06-22,36.0
2009-06-23,33.7
2009-06-24,35.1
2009-06-25,33.4
2009-06-26,27.4
2009-06-27,27.8
2009-06-28,33.2
2009-06-29,31.2
2009-06-30,27.7
2009-07-01,27.8
2009-07-02,31.7
2009-07-03,35.2
2009-07-04,30.1
2009-07-05,28.5
2009-07-06,33.4
2009-07-07,30.9
2009-07-08,27.4
2009-07-09,27.3
2009-07-10,25.9
2009-07-11,22.5
2009-07-12,16.2
2009-07-13,13.9
2009-07-14,10.5
2009-07-15,5.0
2009-07-16,7.2
2009-07-17,12.0
2009-07-18,19.8
2009-07-19,24.1
2009-07-20,28.0
2009-07-21,39.8
2009-07-22,46.7
2009-07-23,42.6
2009-07-24,43.4
2009-07-25,43.3
2009-07-26,41.2
2009-07-27,37.1
2009-07-28,27.6
2009-07-29,29.2
2009-07-30,36.2
2009-07-31,37.6
2009-08-01,39.5
2009-08-02,49.7
2009-08-03,52.4
2009-08-04,57.9
2009-08-05,58.5
2009-08-06,53.6
2009-08-07,48.7
2009-08-08,48.8
2009-08-09,54.1
2009-08-10,71.7
2009-08-11,79.9
2009-08-12,83.8
2009-08-13,89.4
2009-08-14,96.0
2009-08-15,98.0
2009-08-16,88.6
2009-08-17,72.7
2009-08-18,65.6
2009-08-19,67.3
2009-08-20,73.7
2009-08-21,74.9
2009-08-22,75.4
2009-08-23,125.7
2009-08-24,149.4
2009-08-25,166.9
2009-08-26,184.7
2009-08-27,189.8
2009-08-28,204.8
2009-08-29,216.9
2009-08-30,177.1
2009-08-31,156.3
2009-09-01,142.0
2009-09-02,122.1
2009-09-03,109.5
2009-09-04,89.5
2009-09-05,74.4
2009-09-06,62.4
2009-09-07,59.6
2009-09-08,56.8
2009-09-09,57.0
2009-09-10,60.1
2009-09-11,65.4
2009-09-12,64.2
2009-09-13,68.3
2009-09-14,67.6
2009-09-15,68.8
2009-09-16,67.1
2009-09-17,61.3
2009-09-18,55.5
2009-09-19,54.8
2009-09-20,49.7
2009-09-21,45.1
2009-09-22,40.5
2009-09-23,36.8
2009-09-24,33.0
2009-09-25,30.8
2009-09-26,29.9
2009-09-27,29.0
2009-09-28,31.5
2009-09-29,33.8
2009-09-30,39.4
2009-10-01,40.8
2009-10-02,42.3
2009-10-03,40.4
2009-10-04,40.0
2009-10-05,38.8
2009-10-06,36.8
2009-10-07,30.8
2009-10-08,27.2
2009-10-09,22.8
2009-10-10,24.6
2009-10-11,25.0
2009-10-12,29.5
2009-10-13,32.5
2009-10-14,34.6
2009-10-15,38.8
2009-10-16,42.5
2009-10-17,42.1
2009-10-18,44.5
2009-10-19,37.8
2009-10-20,34.0
2009-10-21,32.1
2009-10-22,31.6
2009-10-23,27.1
2009-10-24,28.5
2009-10-25,25.5
2009-10-26,27.3
2009-10-27,27.1
2009-10-28,25.9
2009-10-29,26.6
2009-10-30,30.5
2009-10-31,31.6
2009-11-01,39.7
2009-11-02,40.3
2009-11-03,42.6
2009-11-04,45.5
2009-11-05,43.0
2009-11-06,43.5
2009-11-07,47.6
2009-11-08,43.3
2009-11-09,47.5
2009-11-10,49.1
2009-11-11,49.8
2009-11-12,55.9
2009-11-13,55.1
2009-11-14,38.7
2009-11-15,33.8
2009-11-16,30.8
2009-11-17,33.1
2009-11-18,34.3
2009-11-19,37.9
2009-11-20,47.7
2009-11-21,63.1
2009-11-22,73.9
2009-11-23,75.5
2009-11-24,79.5
2009-11-25,75.8
2009-11-26,73.5
2009-11-27,64.5
2009-11-28,63.3
2009-11-29,55.6
2009-11-30,59.6
2009-12-01,54.7
2009-12-02,60.1
2009-12-03,58.2
2009-12-04,60.8
2009-12-05,61.6
2009-12-06,82.7
2009-12-07,133.0
2009-12-08,149.7
2009-12-09,170.8
2009-12-10,182.9
2009-12-11,186.9
2009-12-12,188.1
2009-12-13,170.7
2009-12-14,118.2
2009-12-15,104.7
2009-12-16,89.0
2009-12-17,84.1
2009-12-18,78.1
2009-12-19,77.7
2009-12-20,78.4
2009-12-21,76.8
2009-12-22,73.2
2009-12-23,65.8
2009-12-24,70.0
2009-12-25,78.0
2009-12-26,77.5
2009-12-27,73.5
2009-12-28,73.3
2009-12-29,75.0
2009-12-30,82.5
2009-12-31,87.2
2010-01-01,104.4
2010-01-02,105.6
2010-01-03,113.8
2010-01-04,139.0
2010-01-05,144.4
2010-01-06,142.3
2010-01-07,138.3
2010-01-08,133.9
2010-01-09,134.9
2010-01-10,131.1
2010-01-11,108.7
2010-01-12,104.8
2010-01-13,99.3
2010-01-14,87.2
2010-01-15,67.8
2010-01-16,66.1
2010-01-17,65.5
2010-01-18,66.0
2010-01-19,58.9
2010-01-20,58.7
2010-01-21,57.6
2010-01-22,54.3
2010-01-23,50.4
2010-01-24,46.7
2010-01-25,39.5
2010-01-26,36.8
2010-01-27,33.3
2010-01-28,27.1
2010-01-29,26.2
2010-01-30,30.4
2010-01-31,28.9
2010-02-01,29.4
2010-02-02,34.9
2010-02-03,32.2
2010-02-04,33.0
2010-02-05,30.5
2010-02-06,24.6
2010-02-07,23.6
2010-02-08,24.7
2010-02-09,21.6
2010-02-10,22.6
2010-02-11,24.5
2010-02-12,21.9
2010-02-13,20.6
2010-02-14,23.8
2010-02-15,15.3
2010-02-16,13.7
2010-02-17,15.1
2010-02-18,13.5
2010-02-19,17.3
2010-02-20,14.5
2010-02-21,10.1
2010-02-22,18.5
2010-02-23,16.6
2010-02-24,16.9
2010-02-25,18.4
2010-02-26,19.3
2010-02-27,24.6
2010-02-28,26.2
2010-03-01,21.1
2010-03-02,16.6
2010-03-04,13.5
2010-03-05,11.6
2010-03-06,9.2
2010-03-07,8.8
2010-03-08,10.4
2010-03-09,17.4
2010-03-11,12.0
2010-03-12,11.6
2010-03-13,13.0
2010-03-14,10.3
2010-03-15,13.0
2010-03-16,5.5
2010-03-17,7.7
2010-03-18,11.5
2010-03-19,33.6
2010-03-20,48.0
2010-03-21,76.2
2010-03-22,86.0
2010-03-23,97.9
2010-03-24,97.2
2010-03-25,100.7
2010-03-26,85.5
2010-03-27,70.2
2010-03-28,45.2
2010-03-29,35.1
2010-03-30,32.0
2010-03-31,32.5
2010-04-01,34.3
2010-04-02,34.7
2010-04-04,34.1
2010-04-05,37.2
2010-04-06,38.1
2010-04-07,38.0
2010-04-08,29.2
2010-04-09,24.7
2010-04-11,38.7
2010-04-12,40.3
2010-04-13,38.9
2010-04-14,39.6
2010-04-15,45.9
2010-04-16,47.7
2010-04-17,40.8
2010-04-18,29.5
2010-04-19,25.0
2010-04-20,22.8
2010-04-21,16.8
2010-04-22,23.7
2010-04-23,48.6
2010-04-24,93.0
2010-04-25,139.6
2010-04-26,173.8
2010-04-27,216.1
2010-04-28,245.4
2010-04-29,252.0
2010-04-30,236.4
2010-05-01,199.6
2010-05-02,158.4
2010-05-03,131.5
2010-05-04,100.0
2010-05-05,91.5
2010-05-06,85.8
2010-05-07,77.1
2010-05-08,74.8
2010-05-09,72.0
2010-05-10,75.2
2010-05-11,77.3
2010-05-12,68.2
2010-05-13,61.0
2010-05-14,60.4
2010-05-15,62.6
2010-05-16,62.6
2010-05-17,54.2
2010-05-18,45.5
2010-05-19,41.4
2010-05-20,40.5
2010-05-21,39.1
2010-05-22,38.7
2010-05-23,40.7
2010-05-24,40.9
2010-05-25,39.6
2010-05-26,41.1
2010-05-28,48.9
2010-05-29,46.3
2010-05-30,41.3
2010-05-31,39.5
2010-06-01,40.3
2010-06-02,36.0
2010-06-04,31.1
2010-06-05,34.1
2010-06-06,41.8
2010-06-07,44.3
2010-06-08,48.2
2010-06-09,49.7
2010-06-10,45.3
2010-06-11,45.7
2010-06-12,46.9
2010-06-13,42.7
2010-06-14,38.2
2010-06-15,32.0
2010-06-16,34.6
2010-06-17,59.9
2010-06-18,61.8
2010-06-19,62.9
2010-06-20,68.9
2010-06-21,73.7
2010-06-22,75.2
2010-06-23,76.4
2010-06-24,60.1
2010-06-25,51.9
2010-06-26,45.6
2010-06-27,39.9
2010-06-28,39.7
2010-06-29,36.6
2010-06-30,31.4
2010-07-01,29.4
2010-07-02,32.2
2010-07-03,30.6
2010-07-04,25.8
2010-07-05,24.8
2010-07-06,28.7
2010-07-07,25.8
2010-07-08,22.0
2010-07-09,23.4
2010-07-10,24.3
2010-07-11,23.4
2010-07-12,21.4
2010-07-13,21.8
2010-07-14,24.6
2010-07-15,19.2
2010-07-16,17.7
2010-07-17,21.7
2010-07-18,23.0
2010-07-19,21.4
2010-07-20,21.0
2010-07-21,21.2
2010-07-22,29.7
2010-07-23,28.3
2010-07-24,23.4
2010-07-25,24.4
2010-07-26,23.6
2010-07-27,20.5
2010-07-28,23.9
2010-07-29,47.2
2010-07-30,96.3
2010-07-31,117.3
2010-08-01,133.9
2010-08-02,143.3
2010-08-03,144.2
2010-08-04,136.0
2010-08-05,113.9
2010-08-06,67.9
2010-08-07,58.7
2010-08-08,46.2
2010-08-09,42.8
2010-08-10,57.2
2010-08-11,90.7
2010-08-12,100.7
2010-08-13,104.1
2010-08-14,100.8
2010-08-15,102.5
2010-08-16,108.7
2010-08-17,100.9
2010-08-18,71.6
2010-08-19,58.6
2010-08-21,48.2
2010-08-22,43.3
2010-08-23,39.8
2010-08-24,38.0
2010-08-25,43.7
2010-08-26,42.1
2010-08-28,45.1
2010-08-29,46.3
2010-08-30,43.8
2010-08-31,41.5
2010-09-01,37.9
2010-09-02,42.4
2010-09-03,60.9
2010-09-04,80.1
2010-09-05,87.7
2010-09-06,92.0
2010-09-07,96.6
2010-09-08,100.5
2010-09-09,102.5
2010-09-10,87.1
2010-09-11,72.9
2010-09-12,68.8
2010-09-13,66.5
2010-09-14,67.2
2010-09-15,67.3
2010-09-16,64.7
2010-09-17,61.5
2010-09-18,55.7
2010-09-19,54.8
2010-09-20,49.6
2010-09-21,49.0
2010-09-22,52.7
2010-09-23,59.3
2010-09-24,64.0
2010-09-25,68.7
2010-09-26,88.2
2010-09-27,115.0
2010-09-28,128.7
2010-09-29,132.3
2010-09-30,132.1
2010-10-01,130.5
2010-10-02,129.9
2010-10-03,113.8
2010-10-04,90.5
2010-10-05,74.8
2010-10-06,68.5
2010-10-07,67.6
2010-10-08,67.0
2010-10-09,63.7
2010-10-10,58.8
2010-10-11,58.5
2010-10-12,57.4
2010-10-13,57.2
2010-10-14,62.0
2010-10-15,70.8
2010-10-16,74.4
2010-10-17,78.4
2010-10-18,76.3
2010-10-19,77.3
2010-10-20,76.8
2010-10-21,69.9
2010-10-22,58.7
2010-10-23,59.4
2010-10-24,60.9
2010-10-25,64.9
2010-10-26,65.6
2010-10-27,67.3
2010-10-28,67.8
2010-10-29,69.6
2010-10-30,71.1
2010-10-31,70.4
2010-11-01,69.1
2010-11-02,67.7
2010-11-03,65.4
2010-11-04,63.1
2010-11-05,62.3
2010-11-06,57.5
2010-11-07,52.3
2010-11-08,52.5
2010-11-09,54.2
2010-11-10,55.2
2010-11-11,56.6
2010-11-12,57.6
2010-11-13,61.5
2010-11-14,64.2
2010-11-15,68.6
2010-11-16,67.7
2010-11-17,70.9
2010-11-18,72.0
2010-11-19,71.7
2010-11-20,67.1
2010-11-21,63.7
2010-11-22,56.6
2010-11-23,53.8
2010-11-24,48.0
2010-11-25,47.4
2010-11-26,46.9
2010-11-27,44.3
2010-11-28,50.8
2010-11-29,42.5
2010-11-30,43.9
2010-12-01,42.7
2010-12-02,41.2
2010-12-03,34.6
2010-12-04,30.9
2010-12-05,22.9
2010-12-06,30.8
2010-12-07,30.5
2010-12-08,31.5
2010-12-09,31.1
2010-12-10,34.4
2010-12-11,41.3
2010-12-12,43.6
2010-12-13,45.5
2010-12-14,43.4
2010-12-15,47.4
2010-12-16,50.3
2010-12-17,64.7
2010-12-18,84.3
2010-12-19,139.5
2010-12-20,176.2
2010-12-21,198.6
2010-12-22,205.7
2010-12-23,207.6
2010-12-24,217.9
2010-12-25,303.9
2010-12-26,298.5
2010-12-27,286.0
2010-12-28,273.2
2010-12-29,269.4
2010-12-30,278.0
2010-12-31,305.8
2011-01-01,230.8
2011-01-02,193.0
2011-01-03,191.1
2011-01-04,216.9
2011-01-05,217.8
2011-01-06,210.8
2011-01-07,164.9
2011-01-08,139.3
2011-01-09,129.5
2011-01-10,109.3
2011-01-11,77.9
2011-01-12,75.1
2011-01-13,67.8
2011-01-14,62.7
2011-01-15,56.6
2011-01-16,60.9
2011-01-17,52.9
2011-01-18,48.8
2011-01-19,41.5
2011-01-20,39.7
2011-01-21,39.6
2011-01-22,40.4
2011-01-23,34.0
2011-01-24,47.2
2011-01-25,50.4
2011-01-26,48.6
2011-01-27,53.2
2011-01-28,63.1
2011-01-29,79.8
2011-01-30,84.6
2011-01-31,80.0
2011-02-01,88.9
2011-02-02,85.0
2011-02-03,91.1
2011-02-04,167.5
2011-02-05,189.4
2011-02-06,193.6
2011-02-07,195.5
2011-02-08,186.6
2011-02-09,202.0
2011-02-10,194.2
2011-02-11,120.5
2011-02-12,80.0
2011-02-13,67.4
2011-02-14,62.3
2011-02-15,62.8
2011-02-16,53.3
2011-02-17,53.2
2011-02-18,41.8
2011-02-19,50.0
2011-02-20,61.1
2011-02-21,64.8
2011-02-22,60.3
2011-02-23,62.1
2011-02-24,62.0
2011-02-25,59.9
2011-02-26,51.7
2011-02-27,62.4
2011-02-28,57.8
2011-03-01,60.2
2011-03-02,63.3
2011-03-03,70.3
2011-03-04,71.7
2011-03-05,72.9
2011-03-06,55.6
2011-03-07,56.8
2011-03-08,56.2
2011-03-09,52.0
2011-03-10,43.6
2011-03-11,45.1
2011-03-12,45.5
2011-03-13,48.8
2011-03-14,72.9
2011-03-15,94.7
2011-03-16,98.1
2011-03-17,96.2
2011-03-18,87.4
2011-03-19,87.1
2011-03-20,83.0
2011-03-21,57.1
2011-03-22,32.7
2011-03-23,35.5
2011-03-24,41.5
2011-03-25,53.4
2011-03-26,50.7
2011-03-27,50.3
2011-03-28,49.1
2011-03-29,52.8
2011-03-30,46.7
2011-03-31,41.2
2011-04-01,30.1
2011-04-02,32.9
2011-04-03,32.9
2011-04-04,30.3
2011-04-05,28.7
2011-04-06,25.1
2011-04-07,25.1
2011-04-08,28.4
2011-04-09,18.4
2011-04-10,18.6
2011-04-11,25.0
2011-04-12,22.6
2011-04-13,25.9
2011-04-14,25.2
2011-04-15,27.2
2011-04-16,39.4
2011-04-17,31.6
2011-04-18,24.9
2011-04-19,30.4
2011-04-20,39.9
2011-04-21,48.6
2011-04-22,49.7
2011-04-23,48.5
2011-04-24,46.9
2011-04-25,55.5
2011-04-26,56.1
2011-04-27,48.3
2011-04-28,39.4
2011-04-29,34.6
2011-04-30,34.3
2011-05-01,47.0
2011-05-02,43.3
2011-05-03,35.4
2011-05-04,33.8
2011-05-05,47.2
2011-05-06,63.2
2011-05-07,71.6
2011-05-08,67.7
2011-05-09,80.3
2011-05-10,86.3
2011-05-11,90.5
2011-05-12,90.6
2011-05-13,85.7
2011-05-14,82.4
2011-05-15,84.1
2011-05-16,71.1
2011-05-17,71.6
2011-05-18,61.8
2011-05-19,51.2
2011-05-20,47.8
2011-05-21,38.9
2011-05-22,45.1
2011-05-23,52.7
2011-05-24,54.0
2011-05-25,58.6
2011-05-26,56.3
2011-05-27,49.5
2011-05-28,49.7
2011-05-29,42.2
2011-05-30,35.3
2011-05-31,30.5
2011-06-01,28.1
2011-06-02,42.1
2011-06-03,56.6
2011-06-04,62.3
2011-06-05,62.7
2011-06-06,64.4
2011-06-07,67.0
2011-06-08,69.3
2011-06-09,61.5
2011-06-10,52.4
2011-06-11,48.7
2011-06-12,45.9
2011-06-13,42.3
2011-06-14,39.0
2011-06-15,37.6
2011-06-16,35.1
2011-06-17,32.7
2011-06-18,33.4
2011-06-19,34.6
2011-06-20,36.7
2011-06-21,40.9
2011-06-22,41.3
2011-06-23,37.6
2011-06-24,35.1
2011-06-25,35.1
2011-06-26,32.5
2011-06-27,33.6
2011-06-28,32.1
2011-06-29,25.3
2011-06-30,21.1
2011-07-01,20.5
2011-07-02,16.2
2011-07-03,14.3
2011-07-04,10.9
2011-07-05,13.6
2011-07-06,22.8
2011-07-07,30.0
2011-07-08,35.1
2011-07-09,42.7
2011-07-10,48.2
2011-07-11,49.9
2011-07-12,46.2
2011-07-13,46.9
2011-07-14,42.9
2011-07-15,37.0
2011-07-16,28.9
2011-07-17,27.7
2011-07-18,24.6
2011-07-19,22.8
2011-07-20,21.7
2011-07-21,24.8
2011-07-22,30.0
2011-07-23,32.9
2011-07-24,32.5
2011-07-25,30.7
2011-07-26,28.8
2011-07-27,29.6
2011-07-28,29.9
2011-07-29,26.9
2011-07-30,21.7
2011-07-31,18.7
2011-08-01,21.1
2011-08-02,27.9
2011-08-03,27.5
2011-08-04,25.0
2011-08-05,24.9
2011-08-06,27.5
2011-08-07,28.5
2011-08-08,29.4
2011-08-09,26.4
2011-08-10,29.1
2011-08-11,26.9
2011-08-12,31.6
2011-08-13,37.1
2011-08-14,37.3
2011-08-15,32.5
2011-08-16,24.9
2011-08-17,16.7
2011-08-18,17.5
2011-08-19,12.2
2011-08-20,17.2
2011-08-21,18.4
2011-08-22,16.3
2011-08-23,17.5
2011-08-24,18.6
2011-08-25,21.8
2011-08-26,21.6
2011-08-27,14.3
2011-08-28,17.9
2011-08-29,26.0
2011-08-30,33.1
2011-08-31,35.2
2011-09-01,30.5
2011-09-02,28.3
2011-09-03,26.5
2011-09-04,23.6
2011-09-05,23.3
2011-09-06,24.8
2011-09-07,30.2
2011-09-08,43.3
2011-09-09,53.8
2011-09-10,60.0
2011-09-11,63.4
2011-09-12,64.3
2011-09-13,63.9
2011-09-14,60.7
2011-09-15,51.7
2011-09-16,42.2
2011-09-17,37.1
2011-09-18,33.2
2011-09-19,30.9
2011-09-20,29.3
2011-09-21,29.8
2011-09-22,28.6
2011-09-23,34.0
2011-09-24,33.8
2011-09-25,30.2
2011-09-26,29.1
2011-09-27,27.9
2011-09-28,27.5
2011-09-29,35.3
2011-09-30,37.1
2011-10-01,40.0
2011-10-02,46.2
2011-10-03,50.2
2011-10-04,51.6
2011-10-05,49.3
2011-10-14,59.2
2011-10-15,63.3
2011-10-16,63.6
2011-10-17,58.3
2011-10-18,66.0
2011-10-19,73.9
2011-10-20,75.4
2011-10-21,81.6
2011-10-22,86.9
2011-10-23,141.7
2011-10-24,161.0
2011-10-25,165.7
2011-10-26,168.5
2011-10-27,174.2
2011-10-28,178.1
2011-10-29,178.0
2011-10-30,131.2
2011-10-31,126.7
2011-11-01,122.1
2011-11-02,116.1
2011-11-03,109.9
2011-11-04,102.9
2011-11-05,95.6
2011-11-06,84.3
2011-11-07,70.8
2011-11-08,69.6
2011-11-09,64.1
2011-11-10,64.9
2011-11-11,67.5
2011-11-12,69.5
2011-11-13,67.3
2011-11-14,63.1
2011-11-15,56.8
2011-11-16,57.0
2011-11-17,57.0
2011-11-18,68.4
2011-11-19,88.6
2011-11-20,91.3
2011-11-21,94.6
2011-11-22,104.2
2011-11-23,103.5
2011-11-24,103.1
2011-11-25,93.4
2011-11-26,77.3
2011-11-27,79.5
2011-11-28,80.3
2011-11-29,71.8
2011-11-30,76.2
2011-12-01,76.3
2011-12-02,70.9
2011-12-03,62.3
2011-12-04,58.5
2011-12-05,53.8
2011-12-06,55.0
2011-12-07,54.7
2011-12-08,53.4
2011-12-09,54.4
2011-12-10,53.0
2011-12-11,56.6
2011-12-12,69.3
2011-12-13,78.3
2011-12-14,79.6
2011-12-15,78.9
2011-12-16,77.1
2011-12-17,78.8
2011-12-18,71.4
2011-12-19,57.4
2011-12-20,47.8
2011-12-21,42.8
2011-12-22,40.4
2011-12-23,39.2
2011-12-24,38.3
2011-12-25,37.1
2011-12-26,37.5
2011-12-27,29.6
2011-12-28,30.5
2011-12-29,27.9
2011-12-30,22.2
2011-12-31,18.2
2012-01-01,20.1
2012-01-02,21.2
2012-01-03,20.0
2012-01-04,20.0
2012-01-05,22.4
2012-01-06,28.6
2012-01-07,30.4
2012-01-08,25.5
2012-01-09,22.1
2012-01-10,34.4
2012-01-11,43.1
2012-01-12,44.4
2012-01-13,41.0
2012-01-14,41.2
2012-01-15,43.7
2012-01-16,51.6
2012-01-17,42.7
2012-01-18,29.6
2012-01-19,20.2
2012-01-20,19.4
2012-01-21,16.0
2012-01-22,14.3
2012-01-23,11.6
2012-01-24,18.8
2012-01-25,29.4
2012-01-26,30.4
2012-01-27,32.8
2012-01-28,37.4
2012-01-29,32.6
2012-01-30,31.2
2012-01-31,28.1
2012-02-01,20.8
2012-02-02,26.3
2012-02-03,25.2
2012-02-04,23.6
2012-02-05,31.8
2012-02-06,28.5
2012-02-07,22.4
2012-02-08,20.2
2012-02-09,19.3
2012-02-10,15.9
2012-02-11,12.4
2012-02-12,7.2
2012-02-13,5.6
2012-02-14,10.7
2012-02-15,11.2
2012-02-16,6.0
2012-02-17,9.7
2012-02-18,10.7
2012-02-19,11.8
2012-02-20,24.9
2012-02-21,42.4
2012-02-22,45.1
2012-02-23,52.1
2012-02-24,52.4
2012-02-25,54.8
2012-02-26,56.4
2012-02-27,49.2
2012-02-28,33.6
2012-02-29,32.4
2012-03-01,34.1
2012-03-02,34.8
2012-03-03,35.4
2012-03-04,33.3
2012-03-05,31.5
2012-03-06,30.3
2012-03-07,29.0
2012-03-08,30.7
2012-03-09,41.2
2012-03-10,40.9
2012-03-11,47.9
2012-03-12,42.4
2012-03-13,41.0
2012-03-14,44.6
2012-03-15,37.4
2012-03-16,24.2
2012-03-17,25.7
2012-03-18,21.8
2012-03-19,24.8
2012-03-20,26.1
2012-03-21,26.8
2012-03-22,43.0
2012-03-23,49.9
2012-03-24,51.2
2012-03-25,47.9
2012-03-26,48.9
2012-03-27,47.8
2012-03-28,44.7
2012-03-29,30.4
2012-03-30,24.7
2012-03-31,20.8
2012-04-01,23.6
2012-04-02,16.7
2012-04-03,14.6
2012-04-04,13.6
2012-04-05,15.0
2012-04-06,14.0
2012-04-07,20.9
2012-04-08,23.5
2012-04-09,29.0
2012-04-10,29.1
2012-04-11,27.9
2012-04-12,27.0
2012-04-13,25.6
2012-04-14,15.4
2012-04-15,11.8
2012-04-16,9.6
2012-04-17,9.1
2012-04-18,15.2
2012-04-19,17.7
2012-04-20,15.8
2012-04-21,12.4
2012-04-22,11.9
2012-04-23,10.7
2012-04-24,10.6
2012-04-25,6.1
2012-04-26,10.3
2012-04-27,19.3
2012-04-28,23.8
2012-04-29,25.8
2012-04-30,34.0
2012-05-01,40.6
2012-05-02,35.6
2012-05-03,24.0
2012-05-04,19.0
2012-05-05,17.4
2012-05-06,11.8
2012-05-07,9.5
2012-05-08,7.3
2012-05-09,15.6
2012-05-10,21.6
2012-05-11,22.3
2012-05-12,29.6
2012-05-13,35.5
2012-05-14,34.1
2012-05-15,32.0
2012-05-16,27.3
2012-05-17,23.8
2012-05-18,21.5
2012-05-19,17.5
2012-05-20,16.6
2012-05-21,17.3
2012-05-22,16.4
2012-05-23,20.6
2012-05-24,37.7
2012-05-25,68.8
2012-05-26,74.7
2012-05-27,80.1
2012-05-28,80.8
2012-05-29,83.1
2012-05-30,81.3
2012-05-31,69.0
2012-06-01,41.5
2012-06-02,41.1
2012-06-03,34.9
2012-06-04,33.6
2012-06-05,35.5
2012-06-06,31.3
2012-06-07,29.5
2012-06-08,24.8
2012-06-09,19.4
2012-06-10,22.3
2012-06-11,20.6
2012-06-12,15.2
2012-06-13,20.2
2012-06-14,22.0
2012-06-15,24.6
2012-06-16,21.5
2012-06-17,21.1
2012-06-18,24.1
2012-06-19,23.7
2012-06-20,35.2
2012-06-21,64.6
2012-06-22,82.1
2012-06-23,96.4
2012-06-24,98.7
2012-06-25,100.5
2012-06-26,108.8
2012-06-27,91.3
2012-06-28,58.0
2012-06-29,42.4
2012-06-30,30.0
2012-07-01,24.0
2012-07-02,19.8
2012-07-03,12.5
2012-07-04,13.3
2012-07-05,12.8
2012-07-06,12.1
2012-07-07,15.5
2012-07-08,14.7
2012-07-09,20.6
2012-07-10,27.0
2012-07-11,58.0
2012-07-12,88.4
2012-07-13,111.6
2012-07-14,120.3
2012-07-15,131.0
2012-07-16,132.2
2012-07-17,132.6
2012-07-18,109.3
2012-07-19,83.8
2012-07-20,61.6
2012-07-21,54.3
2012-07-22,47.1
2012-07-23,39.4
2012-07-24,33.6
2012-07-25,30.2
2012-07-26,28.9
2012-07-27,29.6
2012-07-28,31.7
2012-07-29,37.7
2012-07-30,42.8
2012-07-31,41.0
2012-08-01,38.8
2012-08-02,39.4
2012-08-03,43.5
2012-08-04,37.4
2012-08-05,32.3
2012-08-06,29.0
2012-08-07,25.2
2012-08-08,22.6
2012-08-09,21.2
2012-08-10,20.6
2012-08-11,20.6
2012-08-12,18.6
2012-08-13,17.6
2012-08-14,19.2
2012-08-15,19.7
2012-08-16,19.6
2012-08-17,18.3
2012-08-18,16.1
2012-08-19,13.4
2012-08-20,12.7
2012-08-21,16.5
2012-08-22,19.1
2012-08-23,24.9
2012-08-24,25.8
2012-08-25,30.4
2012-08-26,33.0
2012-08-27,34.4
2012-08-28,34.2
2012-08-29,34.4
2012-08-30,51.0
2012-08-31,81.0
2012-09-01,97.0
2012-09-02,111.8
2012-09-03,120.5
2012-09-04,151.8
2012-09-05,187.7
2012-09-06,206.0
2012-09-07,189.3
2012-09-08,181.2
2012-09-09,176.1
2012-09-10,176.7
2012-09-11,152.9
2012-09-12,126.7
2012-09-13,102.2
2012-09-14,93.6
2012-09-15,91.6
2012-09-16,87.6
2012-09-17,82.3
2012-09-18,81.7
2012-09-19,76.2
2012-09-20,62.8
2012-09-21,56.4
2012-09-22,54.8
2012-09-23,66.3
2012-09-24,79.7
2012-09-25,84.0
2012-09-26,87.0
2012-09-27,90.1
2012-09-28,96.6
2012-09-29,101.5
2012-09-30,92.0
2012-10-01,77.7
2012-10-02,79.1
2012-10-03,83.3
2012-10-04,84.5
2012-10-05,77.7
2012-10-06,72.9
2012-10-07,72.7
2012-10-08,73.1
2012-10-09,68.8
2012-10-10,86.2
2012-10-11,102.2
2012-10-12,109.2
2012-10-13,114.4
2012-10-14,117.2
2012-10-15,127.5
2012-10-16,130.1
2012-10-17,114.7
2012-10-18,104.3
2012-10-19,101.6
2012-10-20,99.8
2012-10-21,100.1
2012-10-22,93.8
2012-10-23,91.7
2012-10-24,88.0
2012-10-25,91.7
2012-10-26,92.6
2012-10-27,91.7
2012-10-28,92.8
2012-10-29,95.4
2012-10-30,104.0
2012-10-31,110.0
2012-11-01,111.4
2012-11-02,109.4
2012-11-03,105.6
2012-11-04,100.2
2012-11-05,95.7
2012-11-06,85.1
2012-11-07,75.1
2012-11-08,65.8
2012-11-09,66.5
2012-11-10,69.6
2012-11-11,67.0
2012-11-12,63.5
2012-11-13,65.1
2012-11-14,65.9
2012-11-15,67.6
2012-11-16,66.2
2012-11-17,62.7
2012-11-18,62.3
2012-11-19,65.6
2012-11-20,65.4
2012-11-21,61.5
2012-11-22,58.5
2012-11-23,56.6
2012-11-24,57.6
2012-11-25,59.5
2012-11-26,54.5
2012-11-27,49.4
2012-11-28,54.3
2012-11-29,52.4
2012-11-30,52.9
2012-12-01,53.0
2012-12-02,62.4
2012-12-03,82.3
2012-12-04,94.3
2012-12-05,101.0
2012-12-06,101.4
2012-12-07,107.2
2012-12-08,103.3
2012-12-09,92.4
2012-12-10,76.1
2012-12-11,71.8
2012-12-12,60.8
2012-12-13,60.1
2012-12-14,54.9
2012-12-15,60.5
2012-12-16,66.8
2012-12-17,66.6
2012-12-18,62.5
2012-12-19,63.7
2012-12-20,61.8
2012-12-21,59.7
2012-12-22,57.8
2012-12-23,52.0
2012-12-24,51.1
2012-12-25,50.6
2012-12-26,52.3
2012-12-27,68.9
2012-12-28,88.2
2012-12-29,109.4
2012-12-30,186.0
2012-12-31,260.1
2013-01-01,279.6
2013-01-02,290.5
2013-01-03,283.8
2013-01-04,274.4
2013-01-05,255.3
2013-01-06,195.4
2013-01-07,207.1
2013-01-08,231.8
2013-01-09,240.8
2013-01-10,247.0
2013-01-11,255.6
2013-01-12,259.4
2013-01-13,250.3
2013-01-14,169.3
2013-01-15,130.0
2013-01-16,115.0
2013-01-17,101.3
2013-01-18,80.6
2013-01-19,74.8
2013-01-20,69.6
2013-01-21,58.4
2013-01-22,53.3
2013-01-23,46.1
2013-01-24,44.2
2013-01-25,46.1
2013-01-26,44.1
2013-01-27,41.1
2013-01-28,45.8
2013-01-29,42.6
2013-01-30,41.4
2013-01-31,39.9
2013-02-01,49.3
2013-02-02,71.4
2013-02-03,74.9
2013-02-04,77.2
2013-02-05,79.0
2013-02-06,77.8
2013-02-07,78.3
2013-02-08,69.5
2013-02-09,46.2
2013-02-10,38.9
2013-02-11,36.3
2013-02-12,29.7
2013-02-13,28.4
2013-02-14,27.9
2013-02-15,27.6
2013-02-16,23.7
2013-02-17,28.7
2013-02-18,32.0
2013-02-19,33.7
2013-02-20,35.6
2013-02-21,35.9
2013-02-22,31.8
2013-02-23,32.1
2013-02-24,29.7
2013-02-25,26.1
2013-02-26,23.1
2013-02-27,19.7
2013-02-28,16.6
2013-03-01,22.3
2013-03-02,24.6
2013-03-03,20.1
2013-03-04,18.5
2013-03-05,16.8
2013-03-06,14.4
2013-03-07,15.3
2013-03-08,15.9
2013-03-09,17.1
2013-03-10,16.8
2013-03-11,15.9
2013-03-12,14.0
2013-03-13,24.8
2013-03-14,27.0
2013-03-15,30.3
2013-03-16,32.9
2013-03-17,35.2
2013-03-18,33.7
2013-03-19,44.8
2013-03-20,40.0
2013-03-21,34.1
2013-03-22,20.7
2013-03-23,20.9
2013-03-24,20.4
2013-03-25,20.5
2013-03-26,20.5
2013-03-27,16.0
2013-03-28,19.4
2013-03-29,28.1
2013-03-30,25.0
2013-03-31,26.3
2013-04-01,30.4
2013-04-02,29.5
2013-04-03,29.0
2013-04-04,28.3
2013-04-05,23.6
2013-04-06,17.1
2013-04-07,16.9
2013-04-08,17.8
2013-04-09,13.2
2013-04-10,15.7
2013-04-11,18.8
2013-04-12,20.9
2013-04-13,23.7
2013-04-14,21.0
2013-04-15,18.7
2013-04-16,18.2
2013-04-17,12.2
2013-04-18,11.8
2013-04-19,11.8
2013-04-20,12.1
2013-04-21,18.6
2013-04-22,16.8
2013-04-23,18.4
2013-04-24,32.1
2013-04-25,34.8
2013-04-26,44.0
2013-04-27,57.1
2013-04-28,54.3
2013-04-29,54.7
2013-04-30,63.0
2013-05-01,59.8
2013-05-02,75.0
2013-05-03,85.4
2013-05-04,85.3
2013-05-05,90.0
2013-05-06,94.8
2013-05-07,91.2
2013-05-08,88.4
2013-05-09,73.2
2013-05-10,59.8
2013-05-11,52.2
2013-05-12,47.9
2013-05-13,47.2
2013-05-14,41.8
2013-05-15,40.8
2013-05-16,39.5
2013-05-17,37.3
2013-05-18,33.8
2013-05-19,32.0
2013-05-20,30.5
2013-05-21,32.7
2013-05-22,33.5
2013-05-23,35.3
2013-05-24,37.8
2013-05-25,40.5
2013-05-26,41.4
2013-05-27,42.1
2013-05-28,46.7
2013-05-29,41.4
2013-05-30,63.1
2013-05-31,130.5
2013-06-01,164.2
2013-06-02,180.5
2013-06-03,188.3
2013-06-04,190.0
2013-06-05,200.3
2013-06-06,177.4
2013-06-07,108.4
2013-06-08,79.8
2013-06-09,70.0
2013-06-10,62.8
2013-06-11,58.2
2013-06-12,55.9
2013-06-13,52.7
2013-06-14,47.1
2013-06-15,45.2
2013-06-16,41.3
2013-06-17,49.7
2013-06-18,53.9
2013-06-19,57.1
2013-06-20,62.3
2013-06-21,66.0
2013-06-22,61.3
2013-06-23,61.7
2013-06-24,54.0
2013-06-25,47.8
2013-06-26,40.0
2013-06-27,38.6
2013-06-28,36.8
2013-06-29,37.7
2013-06-30,82.1
2013-07-01,109.7
2013-07-02,127.6
2013-07-03,190.3
2013-07-04,232.2
2013-07-05,248.1
2013-07-06,258.5
2013-07-07,221.0
2013-07-08,198.1
2013-07-09,186.4
2013-07-10,130.0
2013-07-11,87.8
2013-07-12,73.8
2013-07-13,64.6
2013-07-14,59.2
2013-07-15,57.6
2013-07-16,60.6
2013-07-17,61.9
2013-07-18,62.6
2013-07-19,63.1
2013-07-20,68.2
2013-07-21,74.2
2013-07-22,73.1
2013-07-23,66.8
2013-07-24,62.4
2013-07-25,59.3
2013-07-26,59.2
2013-07-27,56.1
2013-07-28,46.4
2013-07-29,36.4
2013-07-30,37.3
2013-07-31,35.8
2013-08-01,43.0
2013-08-02,44.0
2013-08-03,39.8
2013-08-04,39.1
2013-08-05,50.9
2013-08-06,50.5
2013-08-07,52.2
2013-08-08,47.6
2013-08-09,48.6
2013-08-10,49.1
2013-08-11,50.6
2013-08-12,47.6
2013-08-13,49.4
2013-08-14,49.1
2013-08-15,47.4
2013-08-16,45.5
2013-08-17,50.7
2013-08-18,49.5
2013-08-19,47.4
2013-08-20,50.0
2013-08-21,53.1
2013-08-22,50.9
2013-08-23,47.2
2013-08-24,45.0
2013-08-25,47.7
2013-08-26,48.4
2013-08-27,41.7
2013-08-28,34.2
2013-08-29,32.1
2013-08-30,32.3
2013-08-31,29.3
2013-09-01,25.7
2013-09-02,28.0
2013-09-03,31.6
2013-09-04,34.8
2013-09-05,36.1
2013-09-06,35.9
2013-09-07,42.8
2013-09-08,90.4
2013-09-09,115.0
2013-09-10,127.2
2013-09-11,133.9
2013-09-12,138.9
2013-09-13,142.3
2013-09-14,138.1
2013-09-15,94.3
2013-09-16,67.0
2013-09-17,54.1
2013-09-18,57.6
2013-09-19,62.4
2013-09-20,62.9
2013-09-21,63.5
2013-09-22,63.6
2013-09-23,65.9
2013-09-24,67.1
2013-09-25,63.8
2013-09-26,62.4
2013-09-27,62.2
2013-09-28,63.5
2013-09-29,64.4
2013-09-30,70.4
2013-10-01,79.2
2013-10-02,81.7
2013-10-03,92.0
2013-10-04,100.2
2013-10-05,101.2
2013-10-06,101.2
2013-10-07,98.7
2013-10-08,90.1
2013-10-09,82.4
2013-10-10,68.4
2013-10-11,85.0
2013-10-12,125.0
2013-10-13,131.8
2013-10-14,133.9
2013-10-15,160.4
2013-10-16,193.4
2013-10-17,200.3
2013-10-18,185.6
2013-10-19,179.5
2013-10-20,191.8
2013-10-21,214.1
2013-10-22,236.9
2013-10-23,232.5
2013-10-24,250.9
2013-10-25,249.6
2013-10-26,223.5
2013-10-27,212.9
2013-10-28,191.0
2013-10-29,144.0
2013-10-30,123.2
2013-10-31,99.9
2013-11-01,91.0
2013-11-02,80.5
2013-11-03,72.4
2013-11-04,69.2
2013-11-05,67.1
2013-11-06,62.4
2013-11-07,66.1
2013-11-08,65.7
2013-11-09,66.4
2013-11-10,68.0
2013-11-11,66.4
2013-11-12,68.7
2013-11-13,69.0
2013-11-14,62.2
2013-11-15,62.9
2013-11-16,62.2
2013-11-17,60.3
2013-11-18,59.4
2013-11-19,57.0
2013-11-20,55.1
2013-11-21,58.3
2013-11-22,56.2
2013-11-23,58.0
2013-11-24,56.5
2013-11-25,54.3
2013-11-26,58.8
2013-11-27,78.6
2013-11-28,78.8
2013-11-29,79.4
2013-11-30,78.6
2013-12-01,78.5
2013-12-02,83.0
2013-12-03,76.9
2013-12-04,60.8
2013-12-05,62.1
2013-12-06,66.9
2013-12-07,69.1
2013-12-08,71.2
2013-12-09,65.1
2013-12-10,66.7
2013-12-11,64.4
2013-12-12,60.7
2013-12-13,65.4
2013-12-14,62.3
2013-12-15,64.4
2013-12-16,64.6
2013-12-17,63.8
2013-12-18,65.2
2013-12-19,62.2
2013-12-20,51.4
2013-12-21,51.9
2013-12-22,57.6
2013-12-23,61.7
2013-12-24,66.1
2013-12-25,62.7
2013-12-26,65.4
2013-12-27,72.2
2013-12-28,76.5
2013-12-29,63.5
2013-12-30,67.6
2013-12-31,125.6
2014-01-01,156.9
2014-01-02,169.3
2014-01-03,172.5
2014-01-04,171.6
2014-01-05,183.2
2014-01-06,183.2
2014-01-07,125.3
2014-01-08,98.5
2014-01-09,94.3
2014-01-10,95.8
2014-01-11,92.9
2014-01-12,87.3
2014-01-13,84.9
2014-01-14,74.4
2014-01-15,75.2
2014-01-16,68.8
2014-01-17,56.1
2014-01-18,54.1
2014-01-19,53.4
2014-01-20,53.0
2014-01-21,56.6
2014-01-22,51.2
2014-01-23,52.6
2014-01-24,63.7
2014-01-25,67.7
2014-01-26,67.2
2014-01-27,63.2
2014-01-28,64.1
2014-01-29,62.0
2014-01-30,57.0
2014-01-31,56.9
2014-02-01,56.6
2014-02-02,51.4
2014-02-03,49.1
2014-02-04,49.2
2014-02-05,49.4
2014-02-06,48.3
2014-02-07,42.1
2014-02-08,35.5
2014-02-09,36.5
2014-02-10,39.1
2014-02-11,35.2
2014-02-12,34.3
2014-02-13,33.3
2014-02-14,33.6
2014-02-15,32.2
2014-02-16,32.3
2014-02-17,33.3
2014-02-18,36.0
2014-02-19,38.2
2014-02-20,38.1
2014-02-21,40.1
2014-02-22,25.1
2014-02-23,29.1
2014-02-24,33.3
2014-02-25,32.9
2014-02-26,25.9
2014-02-27,25.5
2014-02-28,16.0
2014-03-01,32.0
2014-03-02,29.2
2014-03-03,18.1
2014-03-04,14.6
2014-03-05,13.5
2014-03-06,15.7
2014-03-07,16.3
2014-03-08,14.4
2014-03-09,14.0
2014-03-10,17.1
2014-03-11,17.6
2014-03-12,25.8
2014-03-13,28.8
2014-03-14,34.9
2014-03-15,42.3
2014-03-16,41.3
2014-03-17,36.2
2014-03-18,36.7
2014-03-19,35.0
2014-03-20,30.3
2014-03-21,26.5
2014-03-22,17.7
2014-03-23,21.5
2014-03-24,24.6
2014-03-25,25.4
2014-03-26,23.1
2014-03-27,27.2
2014-03-28,30.7
2014-03-29,20.0
2014-03-30,15.1
2014-03-31,16.6
2014-04-01,13.3
2014-04-02,13.9
2014-04-03,10.4
2014-04-04,5.6
2014-04-05,19.9
2014-04-06,24.9
2014-04-07,18.3
2014-04-08,32.5
2014-04-09,31.8
2014-04-10,28.5
2014-04-11,30.0
2014-04-12,26.3
2014-04-13,27.6
2014-04-14,32.2
2014-04-15,24.5
2014-04-16,30.4
2014-04-17,39.6
2014-04-18,40.2
2014-04-19,43.3
2014-04-20,45.9
2014-04-21,47.9
2014-04-22,45.9
2014-04-23,48.7
2014-04-24,45.2
2014-04-25,49.5
2014-04-26,61.2
2014-04-27,59.3
2014-04-28,61.8
2014-04-29,59.6
2014-04-30,46.1
2014-05-01,43.2
2014-05-02,47.4
2014-05-03,69.1
2014-05-04,88.7
2014-05-05,100.2
2014-05-06,111.1
2014-05-07,123.6
2014-05-08,127.1
2014-05-09,121.2
2014-05-10,101.7
2014-05-11,82.8
2014-05-12,74.3
2014-05-13,70.0
2014-05-14,66.4
2014-05-15,65.0
2014-05-16,67.4
2014-05-17,60.2
2014-05-18,73.1
2014-05-19,91.7
2014-05-20,107.0
2014-05-21,138.3
2014-05-22,158.1
2014-05-23,163.7
2014-05-24,166.9
2014-05-25,156.9
2014-05-26,151.7
2014-05-27,151.8
2014-05-28,126.9
2014-05-29,113.0
2014-05-30,106.2
2014-05-31,100.3
2014-06-01,93.5
2014-06-02,80.7
2014-06-03,73.9
2014-06-04,77.5
2014-06-05,76.1
2014-06-06,80.2
2014-06-07,83.9
2014-06-08,86.2
2014-06-09,85.1
2014-06-10,84.9
2014-06-11,78.0
2014-06-12,76.3
2014-06-13,70.0
2014-06-14,66.8
2014-06-15,75.0
2014-06-16,79.4
2014-06-17,71.5
2014-06-18,74.5
2014-06-19,74.9
2014-06-20,78.4
2014-06-21,77.6
2014-06-22,88.8
2014-06-23,109.5
2014-06-24,120.0
2014-06-25,130.9
2014-06-26,136.3
2014-06-27,138.9
2014-06-28,153.7
2014-06-29,142.0
2014-06-30,121.0
2014-07-01,118.5
2014-07-02,104.7
2014-07-03,97.9
2014-07-04,91.4
2014-07-05,81.5
2014-07-06,74.6
2014-07-07,67.1
2014-07-08,65.1
2014-07-09,77.1
2014-07-10,86.8
2014-07-11,91.6
2014-07-12,93.2
2014-07-13,97.9
2014-07-14,102.3
2014-07-15,91.1
2014-07-16,81.1
2014-07-17,73.3
2014-07-18,65.9
2014-07-19,56.1
2014-07-20,48.8
2014-07-21,47.0
2014-07-22,46.8
2014-07-23,38.1
2014-07-24,35.8
2014-07-25,39.1
2014-07-26,40.1
2014-07-27,41.3
2014-07-28,45.0
2014-07-29,62.5
2014-07-30,110.1
2014-07-31,156.7
2014-08-01,169.7
2014-08-02,180.6
2014-08-03,188.8
2014-08-04,191.8
2014-08-05,180.0
2014-08-06,140.0
2014-08-07,97.4
2014-08-08,93.0
2014-08-09,92.8
2014-08-10,87.8
2014-08-11,83.6
2014-08-12,85.6
2014-08-13,91.4
2014-08-14,86.8
2014-08-15,79.4
2014-08-16,73.4
2014-08-17,70.5
2014-08-18,63.8
2014-08-19,56.7
2014-08-20,48.1
2014-08-21,49.0
2014-08-22,43.2
2014-08-23,36.2
2014-08-24,34.4
2014-08-25,37.8
2014-08-26,36.3
2014-08-27,32.9
2014-08-28,27.2
2014-08-29,23.0
2014-08-30,24.1
2014-08-31,20.7
2014-09-01,18.4
2014-09-02,19.7
2014-09-03,18.8
2014-09-04,21.7
2014-09-05,31.3
2014-09-06,30.3
2014-09-07,30.7
2014-09-08,30.3
2014-09-09,28.4
2014-09-10,41.7
2014-09-11,47.7
2014-09-12,47.2
2014-09-13,53.2
2014-09-14,56.1
2014-09-15,57.8
2014-09-16,64.7
2014-09-17,54.9
2014-09-18,51.2
2014-09-19,47.5
2014-09-20,45.3
2014-09-21,43.4
2014-09-22,43.6
2014-09-23,39.2
2014-09-24,37.8
2014-09-25,36.2
2014-09-26,38.3
2014-09-27,36.4
2014-09-28,36.8
2014-09-29,35.7
2014-09-30,36.1
2014-10-01,35.6
2014-10-02,37.0
2014-10-03,44.8
2014-10-04,54.1
2014-10-05,60.4
2014-10-06,68.2
2014-10-07,72.2
2014-10-08,75.1
2014-10-09,76.4
2014-10-10,70.9
2014-10-11,65.1
2014-10-12,60.8
2014-10-13,57.0
2014-10-14,70.3
2014-10-15,89.2
2014-10-16,95.1
2014-10-17,96.4
2014-10-18,94.5
2014-10-19,93.8
2014-10-20,96.0
2014-10-21,75.4
2014-10-22,55.1
2014-10-23,47.7
2014-10-24,40.1
2014-10-25,40.6
2014-10-26,46.0
2014-10-27,41.5
2014-10-28,49.8
2014-10-29,55.3
2014-10-30,62.5
2014-10-31,95.6
2014-11-01,102.3
2014-11-02,100.1
2014-11-03,103.8
2014-11-04,103.6
2014-11-05,99.7
2014-11-06,95.3
2014-11-07,67.9
2014-11-08,67.9
2014-11-09,65.4
2014-11-10,64.9
2014-11-11,68.1
2014-11-12,72.6
2014-11-13,68.5
2014-11-14,69.6
2014-11-15,65.8
2014-11-16,67.2
2014-11-17,66.7
2014-11-18,65.1
2014-11-19,86.9
2014-11-20,114.5
2014-11-21,118.2
2014-11-22,122.5
2014-11-23,143.8
2014-11-24,153.6
2014-11-25,155.7
2014-11-26,136.1
2014-11-27,111.5
2014-11-28,104.6
2014-11-29,101.3
2014-11-30,82.1
2014-12-01,70.6
2014-12-02,62.7
2014-12-03,56.9
2014-12-04,63.3
2014-12-05,68.6
2014-12-06,71.1
2014-12-07,67.6
2014-12-08,70.0
2014-12-09,69.5
2014-12-10,67.6
2014-12-11,58.8
2014-12-12,55.8
2014-12-13,52.6
2014-12-14,52.5
2014-12-15,48.9
2014-12-16,50.7
2014-12-17,62.6
2014-12-18,83.6
2014-12-19,91.1
2014-12-20,88.4
2014-12-21,89.5
2014-12-22,88.6
2014-12-23,92.7
2014-12-24,81.1
2014-12-25,58.1
2014-12-26,52.0
2014-12-27,54.4
2014-12-28,58.2
2014-12-29,72.7
2014-12-30,74.0
2014-12-31,71.9
2015-01-01,79.8
2015-01-02,73.2
2015-01-03,66.7
2015-01-04,59.6
2015-01-05,46.3
2015-01-06,40.8
2015-01-07,39.5
2015-01-08,33.3
2015-01-09,31.2
2015-01-10,36.1
2015-01-11,35.2
2015-01-12,35.6
2015-01-13,38.1
2015-01-14,36.8
2015-01-15,42.2
2015-01-16,51.4
2015-01-17,56.9
2015-01-18,59.8
2015-01-19,60.0
2015-01-20,56.7
2015-01-21,60.4
2015-01-22,53.4
2015-01-23,50.3
2015-01-24,38.2
2015-01-25,35.8
2015-01-26,34.2
2015-01-27,34.9
2015-01-28,36.4
2015-01-29,43.7
2015-01-30,44.6
2015-01-31,60.3
2015-02-01,70.5
2015-02-02,72.5
2015-02-03,68.2
2015-02-04,65.5
2015-02-05,65.3
2015-02-06,62.9
2015-02-07,52.3
2015-02-08,46.6
2015-02-09,46.1
2015-02-10,48.4
2015-02-11,45.8
2015-02-12,41.5
2015-02-13,45.4
2015-02-14,42.3
2015-02-15,35.3
2015-02-16,34.4
2015-02-17,34.6
2015-02-18,32.1
2015-02-19,28.1
2015-02-20,30.8
2015-02-21,34.7
2015-02-22,30.7
2015-02-23,27.6
2015-02-24,28.1
2015-02-25,30.9
2015-02-26,25.2
2015-02-27,18.6
2015-02-28,20.9
2015-03-01,31.4
2015-03-02,31.5
2015-03-03,35.8
2015-03-04,45.4
2015-03-05,60.2
2015-03-06,59.3
2015-03-07,53.9
2015-03-08,48.8
2015-03-09,54.6
2015-03-10,50.1
2015-03-11,39.4
2015-03-12,34.0
2015-03-13,25.6
2015-03-14,23.9
2015-03-15,22.4
2015-03-16,14.5
2015-03-17,21.0
2015-03-18,17.3
2015-03-19,12.9
2015-03-20,28.0
2015-03-21,25.1
2015-03-22,24.7
2015-03-23,19.1
2015-03-24,14.2
2015-03-25,14.9
2015-03-26,19.8
2015-03-27,16.1
2015-03-28,21.0
2015-03-29,13.2
2015-03-30,21.6
2015-03-31,17.1
2015-04-01,20.0
2015-04-02,16.6
2015-04-03,15.6
2015-04-04,22.2
2015-04-05,32.2
2015-04-06,31.8
2015-04-07,32.7
2015-04-08,35.9
2015-04-09,39.1
2015-04-10,39.3
2015-04-11,39.0
2015-04-12,41.2
2015-04-13,37.5
2015-04-14,31.0
2015-04-15,27.4
2015-04-16,26.9
2015-04-17,20.5
2015-04-18,12.8
2015-04-19,10.0
2015-04-20,14.7
2015-04-21,22.4
2015-04-22,26.8
2015-04-23,38.5
2015-04-24,81.3
2015-04-25,110.0
2015-04-26,122.9
2015-04-27,124.6
2015-04-28,128.1
2015-04-29,128.8
2015-04-30,117.1
2015-05-01,79.6
2015-05-02,57.9
2015-05-03,61.7
2015-05-04,96.5
2015-05-05,107.7
2015-05-06,121.7
2015-05-07,138.8
2015-05-08,152.7
2015-05-09,186.4
2015-05-10,203.7
2015-05-11,191.5
2015-05-12,189.4
2015-05-13,183.5
2015-05-14,174.2
2015-05-15,168.0
2015-05-16,129.4
2015-05-17,100.2
2015-05-18,83.0
2015-05-19,74.6
2015-05-20,67.6
2015-05-21,58.4
2015-05-22,52.4
2015-05-23,52.6
2015-05-24,51.2
2015-05-25,49.4
2015-05-26,47.5
2015-05-27,45.8
2015-05-28,52.5
2015-05-29,47.9
2015-05-30,42.0
2015-05-31,46.0
2015-06-01,43.8
2015-06-02,43.6
2015-06-03,48.8
2015-06-04,45.1
2015-06-05,49.4
2015-06-06,57.5
2015-06-07,89.3
2015-06-08,99.0
2015-06-09,105.5
2015-06-10,105.4
2015-06-11,105.4
2015-06-12,103.4
2015-06-13,102.9
2015-06-14,76.0
2015-06-15,73.2
2015-06-16,81.5
2015-06-17,91.0
2015-06-18,98.6
2015-06-19,104.3
2015-06-20,113.8
2015-06-21,109.3
2015-06-22,100.2
2015-06-23,85.5
2015-06-24,75.0
2015-06-25,66.2
2015-06-26,59.8
2015-06-27,49.0
2015-06-28,45.1
2015-06-29,48.0
2015-06-30,49.8
2015-07-01,50.5
2015-07-02,55.0
2015-07-03,63.7
2015-07-04,65.9
2015-07-05,68.1
2015-07-06,68.1
2015-07-07,64.2
2015-07-08,58.0
2015-07-09,55.5
2015-07-10,47.3
2015-07-11,43.2
2015-07-12,44.5
2015-07-13,53.7
2015-07-14,56.8
2015-07-15,54.9
2015-07-16,58.0
2015-07-17,61.2
2015-07-18,60.7
2015-07-19,52.6
2015-07-20,45.5
2015-07-21,42.0
2015-07-22,41.9
2015-07-23,39.2
2015-07-24,42.5
2015-07-25,48.6
2015-07-26,52.8
2015-07-27,47.3
2015-07-28,44.5
2015-07-29,41.8
2015-07-30,45.1
2015-07-31,49.0
2015-08-01,58.3
2015-08-02,68.8
2015-08-03,73.7
2015-08-04,78.1
2015-08-05,85.1
2015-08-06,85.5
2015-08-07,77.5
2015-08-08,63.9
2015-08-09,54.1
2015-08-10,49.0
2015-08-11,47.6
2015-08-12,51.5
2015-08-13,49.2
2015-08-14,54.9
2015-08-15,60.9
2015-08-16,67.2
2015-08-17,74.0
2015-08-18,80.8
2015-08-19,74.4
2015-08-20,72.4
2015-08-21,66.7
2015-08-22,61.6
2015-08-23,53.5
2015-08-24,50.1
2015-08-25,45.1
2015-08-26,43.5
2015-08-27,48.3
2015-08-28,52.2
2015-08-29,49.3
2015-08-30,52.3
2015-08-31,53.3
2015-09-01,53.1
2015-09-02,59.0
2015-09-03,51.9
2015-09-04,46.2
2015-09-05,49.4
2015-09-06,46.1
2015-09-07,41.9
2015-09-08,42.2
2015-09-09,38.9
2015-09-10,38.6
2015-09-11,38.6
2015-09-12,38.4
2015-09-13,38.9
2015-09-14,41.8
2015-09-15,49.1
2015-09-16,51.8
2015-09-17,53.6
2015-09-18,55.9
2015-09-19,58.3
2015-09-20,58.3
2015-09-21,56.3
2015-09-22,47.3
2015-09-23,43.6
2015-09-24,43.1
2015-09-25,40.3
2015-09-26,36.8
2015-09-27,35.9
2015-09-28,36.8
2015-09-29,38.9
2015-09-30,41.1
2015-10-01,44.3
2015-10-02,52.2
2015-10-03,60.3
2015-10-04,59.4
2015-10-05,58.6
2015-10-06,59.3
2015-10-07,60.4
2015-10-08,59.8
2015-10-09,53.8
2015-10-10,58.3
2015-10-11,71.5
2015-10-12,77.2
2015-10-13,81.3
2015-10-14,86.1
2015-10-15,107.4
2015-10-16,113.6
2015-10-17,104.3
2015-10-18,98.0
2015-10-19,109.8
2015-10-20,113.7
2015-10-21,110.4
2015-10-22,88.8
2015-10-23,84.3
2015-10-24,81.1
2015-10-25,80.2
2015-10-26,66.1
2015-10-27,57.9
2015-10-28,55.4
2015-10-29,52.9
2015-10-30,54.5
2015-10-31,53.4
2015-11-01,50.1
2015-11-02,49.9
2015-11-03,49.3
2015-11-04,52.1
2015-11-05,55.2
2015-11-06,50.6
2015-11-07,58.4
2015-11-08,56.1
2015-11-09,53.9
2015-11-10,52.5
2015-11-11,51.4
2015-11-12,45.8
2015-11-13,48.0
2015-11-14,39.1
2015-11-15,34.2
2015-11-16,34.6
2015-11-17,37.3
2015-11-18,37.4
2015-11-19,41.7
2015-11-20,39.7
2015-11-21,49.5
2015-11-22,69.6
2015-11-23,80.7
2015-11-24,106.9
2015-11-25,144.0
2015-11-26,154.5
2015-11-27,162.9
2015-11-28,159.8
2015-11-29,150.9
2015-11-30,167.8
2015-12-01,167.0
2015-12-02,138.3
2015-12-03,129.6
2015-12-04,126.0
2015-12-05,122.3
2015-12-06,118.1
2015-12-07,95.8
2015-12-08,65.5
2015-12-09,55.5
2015-12-10,59.2
2015-12-11,58.2
2015-12-12,57.8
2015-12-13,54.0
2015-12-14,47.2
2015-12-15,49.7
2015-12-16,47.9
2015-12-17,43.2
2015-12-18,43.0
2015-12-19,45.2
2015-12-20,51.7
2015-12-21,49.8
2015-12-22,48.8
2015-12-23,51.0
2015-12-24,47.7
2015-12-25,44.9
2015-12-26,40.2
2015-12-27,36.4
2015-12-28,37.6
2015-12-29,37.7
2015-12-30,35.3
2015-12-31,34.4
2016-01-01,30.3
2016-01-02,33.9
2016-01-03,31.5
2016-01-04,33.2
2016-01-05,30.5
2016-01-06,29.4
2016-01-07,25.3
2016-01-08,24.6
2016-01-09,27.6
2016-01-10,19.9
2016-01-11,21.4
2016-01-12,22.4
2016-01-13,28.5
2016-01-14,31.8
2016-01-15,38.1
2016-01-16,35.7
2016-01-17,48.6
2016-01-18,44.7
2016-01-19,44.4
2016-01-20,35.7
2016-01-21,37.8
2016-01-22,52.7
2016-01-23,68.2
2016-01-24,69.9
2016-01-25,74.4
2016-01-26,79.2
2016-01-27,84.5
2016-01-28,81.4
2016-01-29,63.5
2016-01-30,46.0
2016-01-31,38.8
2016-02-01,36.6
2016-02-02,32.1
2016-02-03,27.8
2016-02-04,30.6
2016-02-05,28.1
2016-02-06,25.9
2016-02-07,26.1
2016-02-08,24.2
2016-02-09,22.7
2016-02-10,26.9
2016-02-11,27.9
2016-02-12,30.9
2016-02-13,23.5
2016-02-14,29.4
2016-02-15,47.0
2016-02-16,86.3
2016-02-17,98.8
2016-02-18,99.6
2016-02-19,102.9
2016-02-20,113.9
2016-02-21,111.8
2016-02-22,95.2
2016-02-23,60.7
2016-02-24,49.8
2016-02-25,48.5
2016-02-26,37.7
2016-02-27,36.4
2016-02-28,32.1
2016-02-29,33.7
2016-03-01,30.3
2016-03-02,27.3
2016-03-03,24.4
2016-03-04,29.5
2016-03-05,32.0
2016-03-06,33.2
2016-03-07,34.4
2016-03-08,30.5
2016-03-09,31.4
2016-03-10,31.4
2016-03-11,33.1
2016-03-12,30.4
2016-03-13,37.9
2016-03-14,36.9
2016-03-15,41.8
2016-03-16,45.8
2016-03-17,67.5
2016-03-18,77.3
2016-03-19,82.9
2016-03-20,76.9
2016-03-21,78.7
2016-03-22,79.3
2016-03-23,75.6
2016-03-24,57.2
2016-03-25,45.0
2016-03-26,38.7
2016-03-27,36.9
2016-03-28,29.0
2016-03-29,26.4
2016-03-30,26.5
2016-03-31,31.2
2016-04-01,36.2
2016-04-02,36.6
2016-04-03,37.1
2016-04-04,43.3
2016-04-05,47.3
2016-04-06,44.1
2016-04-07,33.1
2016-04-08,31.6
2016-04-09,36.9
2016-04-10,45.6
2016-04-11,45.9
2016-04-12,45.4
2016-04-13,46.3
2016-04-14,46.7
2016-04-15,48.2
2016-04-16,37.7
2016-04-17,28.3
2016-04-18,29.3
2016-04-19,30.1
2016-04-20,28.9
2016-04-21,35.7
2016-04-22,33.0
2016-04-23,39.3
2016-04-24,35.6
2016-04-25,28.1
2016-04-26,20.1
2016-04-27,22.8
2016-04-28,20.1
2016-04-29,18.9
2016-04-30,23.1
2016-05-01,29.3
2016-05-02,45.2
2016-05-03,49.0
2016-05-04,47.2
2016-05-05,52.6
2016-05-06,56.4
2016-05-07,56.5
2016-05-08,59.4
2016-05-09,70.4
2016-05-10,122.4
2016-05-11,142.8
2016-05-12,156.2
2016-05-13,187.3
2016-05-14,217.8
2016-05-15,229.1
2016-05-16,215.6
2016-05-17,173.6
2016-05-18,161.4
2016-05-19,147.4
2016-05-20,117.5
2016-05-21,85.2
2016-05-22,71.6
2016-05-23,69.1
2016-05-24,64.2
2016-05-25,55.4
2016-05-26,54.8
2016-05-27,51.9
2016-05-28,49.4
2016-05-29,50.9
2016-05-30,45.7
2016-05-31,43.9
2016-06-01,43.0
2016-06-02,38.5
2016-06-03,41.2
2016-06-04,40.0
2016-06-05,33.5
2016-06-06,35.4
2016-06-07,60.6
2016-06-08,95.6
2016-06-09,110.5
2016-06-10,115.6
2016-06-11,123.4
2016-06-12,133.6
2016-06-13,136.0
2016-06-14,112.4
2016-06-15,85.3
2016-06-16,74.9
2016-06-17,71.4
2016-06-18,68.0
2016-06-19,64.7
2016-06-20,76.8
2016-06-21,81.3
2016-06-22,80.6
2016-06-23,89.3
2016-06-24,88.8
2016-06-25,89.8
2016-06-26,89.6
2016-06-27,70.5
2016-06-28,63.4
2016-06-29,61.6
2016-06-30,50.0
2016-07-01,45.5
2016-07-02,39.1
2016-07-03,38.9
2016-07-04,38.9
2016-07-05,36.2
2016-07-06,35.4
2016-07-07,32.0
2016-07-08,23.3
2016-07-09,26.2
2016-07-10,34.7
2016-07-11,84.7
2016-07-12,110.2
2016-07-13,115.7
2016-07-14,126.3
2016-07-15,140.1
2016-07-16,145.0
2016-07-17,140.8
2016-07-18,92.9
2016-07-19,73.7
2016-07-20,69.3
2016-07-21,82.0
2016-07-22,86.0
2016-07-23,89.0
2016-07-24,85.2
2016-07-25,91.1
2016-07-26,93.8
2016-07-27,97.5
2016-07-28,82.4
2016-07-29,77.9
2016-07-30,71.7
2016-07-31,66.3
2016-08-01,56.4
2016-08-02,47.4
2016-08-03,39.1
2016-08-04,35.1
2016-08-05,35.7
2016-08-06,35.9
2016-08-07,33.8
2016-08-08,35.5
2016-08-09,39.3
2016-08-10,44.1
2016-08-11,40.0
2016-08-12,35.2
2016-08-13,32.4
2016-08-14,33.2
2016-08-15,33.3
2016-08-16,27.5
2016-08-17,23.1
2016-08-18,26.3
2016-08-19,26.0
2016-08-20,25.7
2016-08-21,31.0
2016-08-22,25.3
2016-08-23,31.9
2016-08-24,42.8
2016-08-25,41.5
2016-08-26,40.4
2016-08-27,41.8
2016-08-28,35.2
2016-08-29,38.0
2016-08-30,35.1
2016-08-31,25.7
2016-09-01,28.7
2016-09-02,43.5
2016-09-03,50.1
2016-09-04,58.3
2016-09-05,63.2
2016-09-06,68.4
2016-09-07,68.5
2016-09-08,66.8
2016-09-09,53.0
2016-09-10,41.8
2016-09-11,38.6
2016-09-12,36.5
2016-09-13,35.6
2016-09-14,46.5
2016-09-15,50.4
2016-09-16,53.2
2016-09-17,57.7
2016-09-18,57.6
2016-09-19,61.0
2016-09-20,60.1
2016-09-21,47.6
2016-09-22,42.6
2016-09-23,40.8
2016-09-24,38.9
2016-09-25,37.9
2016-09-26,35.9
2016-09-27,34.6
2016-09-28,35.8
2016-09-29,37.0
2016-09-30,38.6
2016-10-01,40.3
2016-10-02,42.8
2016-10-03,45.6
2016-10-04,46.2
2016-10-05,48.4
2016-10-06,45.3
2016-10-07,44.1
2016-10-08,41.3
2016-10-09,59.8
2016-10-10,69.0
2016-10-11,75.4
2016-10-12,78.8
2016-10-13,90.8
2016-10-14,98.2
2016-10-15,110.1
2016-10-16,99.9
2016-10-17,104.3
2016-10-18,110.9
2016-10-19,111.7
2016-10-20,108.8
2016-10-21,106.4
2016-10-22,103.7
2016-10-23,95.2
2016-10-24,81.9
2016-10-25,73.4
2016-10-26,74.8
2016-10-27,71.2
2016-10-28,71.2
2016-10-29,66.4
2016-10-30,66.7
2016-10-31,63.0
2016-11-01,58.4
2016-11-02,53.5
2016-11-03,57.5
2016-11-04,61.0
2016-11-05,63.8
2016-11-06,75.3
2016-11-07,89.3
2016-11-08,96.3
2016-11-09,97.3
2016-11-10,95.8
2016-11-11,89.5
2016-11-12,104.8
2016-11-13,113.5
2016-11-14,107.6
2016-11-15,108.3
2016-11-16,114.1
2016-11-17,111.2
2016-11-18,113.3
2016-11-19,95.1
2016-11-20,76.0
2016-11-21,71.9
2016-11-22,74.1
2016-11-23,80.6
2016-11-24,92.5
2016-11-25,92.1
2016-11-26,96.8
2016-11-27,98.5
2016-11-28,100.1
2016-11-29,92.5
2016-11-30,83.2
2016-12-01,67.7
2016-12-02,66.3
2016-12-03,62.4
2016-12-04,62.4
2016-12-05,71.9
2016-12-06,77.1
2016-12-07,79.1
2016-12-08,84.8
2016-12-09,84.8
2016-12-10,86.0
2016-12-11,83.1
2016-12-12,85.1
2016-12-13,88.0
2016-12-14,80.0
2016-12-15,82.6
2016-12-16,88.3
2016-12-17,82.7
2016-12-18,84.1
2016-12-19,89.4
2016-12-20,90.4
2016-12-21,94.2
2016-12-22,89.3
2016-12-23,85.4
2016-12-24,93.9
2016-12-25,89.7
2016-12-26,67.1
2016-12-27,56.7
2016-12-28,58.4
2016-12-29,61.6
2016-12-30,55.7
2016-12-31,53.9
2017-01-01,54.5
2017-01-02,57.8
2017-01-03,58.0
2017-01-04,48.3
2017-01-05,45.7
2017-01-06,41.3
2017-01-07,35.4
2017-01-08,38.1
2017-01-09,43.1
2017-01-10,43.5
2017-01-11,47.4
2017-01-12,48.2
2017-01-13,52.4
2017-01-14,55.7
2017-01-15,65.3
2017-01-16,91.2
2017-01-17,98.7
2017-01-18,101.5
2017-01-19,107.8
2017-01-20,116.8
2017-01-21,118.6
2017-01-22,116.8
2017-01-23,91.5
2017-01-24,92.1
2017-01-25,93.1
2017-01-26,90.4
2017-01-27,83.4
2017-01-28,86.0
2017-01-29,98.7
2017-01-30,107.3
2017-01-31,105.9
2017-02-01,106.0
2017-02-02,98.5
2017-02-03,101.1
2017-02-04,97.6
2017-02-05,75.1
2017-02-06,59.8
2017-02-07,54.8
2017-02-08,49.2
2017-02-09,50.8
2017-02-10,51.3
2017-02-11,63.4
2017-02-12,65.8
2017-02-13,62.3
2017-02-14,59.9
2017-02-15,62.1
2017-02-16,60.9
2017-02-17,60.2
2017-02-18,50.0
2017-02-19,51.5
2017-02-20,53.1
2017-02-21,49.1
2017-02-22,49.5
2017-02-23,47.5
2017-02-24,45.0
2017-02-25,42.4
2017-02-26,35.8
2017-02-27,33.0
2017-02-28,41.1
2017-03-01,25.0
2017-03-02,26.1
2017-03-03,19.8
2017-03-04,13.0
2017-03-05,15.9
2017-03-06,14.8
2017-03-07,7.2
2017-03-08,18.9
2017-03-09,16.3
2017-03-10,21.9
2017-03-11,29.8
2017-03-12,30.3
2017-03-13,30.6
2017-03-14,23.1
2017-03-15,11.4
2017-03-16,13.4
2017-03-17,14.9
2017-03-18,3.1
2017-03-19,2.4
2017-03-20,8.9
2017-03-21,19.7
2017-03-22,20.9
2017-03-23,25.5
2017-03-24,28.3
2017-03-25,34.2
2017-03-26,29.2
2017-03-27,15.1
2017-03-28,15.3
2017-03-29,24.3
2017-03-30,16.9
2017-03-31,9.9
2017-04-01,11.4
2017-04-02,13.0
2017-04-03,21.7
2017-04-04,20.0
2017-04-05,11.9
2017-04-06,11.7
2017-04-07,20.1
2017-04-08,16.6
2017-04-09,27.0
2017-04-10,31.3
2017-04-11,32.7
2017-04-12,48.1
2017-04-13,51.2
2017-04-14,48.0
2017-04-15,53.2
2017-04-16,46.6
2017-04-17,39.7
2017-04-18,31.9
2017-04-19,25.3
2017-04-20,24.4
2017-04-21,23.1
2017-04-22,16.8
2017-04-23,15.6
2017-04-24,19.3
2017-04-25,20.1
2017-04-26,17.9
2017-04-27,20.0
2017-04-28,21.4
2017-04-29,23.7
2017-04-30,24.4
2017-05-01,37.6
2017-05-02,45.3
2017-05-03,54.3
2017-05-04,57.0
2017-05-05,56.1
2017-05-06,51.0
2017-05-07,48.8
2017-05-08,37.9
2017-05-09,36.0
2017-05-10,32.0
2017-05-11,25.6
2017-05-12,27.1
2017-05-13,33.2
2017-05-14,30.1
2017-05-15,26.6
2017-05-16,23.9
2017-05-17,21.1
2017-05-18,24.4
2017-05-19,21.4
2017-05-20,20.7
2017-05-21,23.9
2017-05-22,25.0
2017-05-23,23.9
2017-05-24,24.7
2017-05-25,23.7
2017-05-26,23.5
2017-05-27,23.9
2017-05-28,23.6
2017-05-29,22.1
2017-05-30,22.5
2017-05-31,23.1
2017-06-01,21.3
2017-06-02,21.6
2017-06-03,21.1
2017-06-04,22.3
2017-06-05,21.2
2017-06-06,18.6
2017-06-07,13.5
2017-06-08,19.1
2017-06-09,21.3
2017-06-10,27.1
2017-06-11,24.4
2017-06-12,27.3
2017-06-13,29.7
2017-06-14,29.5
2017-06-15,23.7
2017-06-16,18.0
2017-06-17,11.5
2017-06-18,13.3
2017-06-19,12.4
2017-06-20,18.2
2017-06-21,25.3
2017-06-22,28.9
2017-06-23,34.1
2017-06-24,36.0
2017-06-25,33.9
2017-06-26,33.0
2017-06-27,26.0
2017-06-28,28.3
2017-06-29,37.3
2017-06-30,38.6
2017-07-01,40.1
2017-07-02,42.8
2017-07-03,44.8
2017-07-04,45.8
2017-07-05,40.2
2017-07-06,30.0
2017-07-07,28.8
2017-07-08,25.5
2017-07-09,26.8
2017-07-10,27.3
2017-07-11,24.1
2017-07-12,21.2
2017-07-13,19.1
2017-07-14,18.5
2017-07-15,23.1
2017-07-16,21.7
2017-07-17,21.4
2017-07-18,24.2
2017-07-19,34.5
2017-07-20,38.5
2017-07-21,39.8
2017-07-22,38.8
2017-07-23,40.0
2017-07-24,44.8
2017-07-25,50.2
2017-07-26,43.4
2017-07-27,42.7
2017-07-28,42.6
2017-07-29,43.3
2017-07-30,44.0
2017-07-31,40.8
2017-08-01,38.1
2017-08-02,38.3
2017-08-03,42.8
2017-08-04,48.0
2017-08-05,49.1
2017-08-06,54.2
2017-08-07,60.9
2017-08-08,64.7
2017-08-09,74.7
2017-08-10,76.6
2017-08-11,77.3
2017-08-12,78.7
2017-08-13,76.4
2017-08-14,89.9
2017-08-15,115.4
2017-08-16,117.9
2017-08-17,116.6
2017-08-18,117.3
2017-08-19,116.7
2017-08-20,116.4
2017-08-21,98.6
2017-08-22,71.8
2017-08-23,61.5
2017-08-24,59.8
2017-08-25,54.0
2017-08-26,54.8
2017-08-27,52.6
2017-08-28,50.1
2017-08-29,49.9
2017-08-30,52.0
2017-08-31,48.3
2017-09-01,45.9
2017-09-02,41.7
2017-09-03,44.0
2017-09-04,49.4
2017-09-05,51.4
2017-09-06,55.3
2017-09-07,56.2
2017-09-08,56.8
2017-09-09,56.6
2017-09-10,52.6
2017-09-11,50.8
2017-09-12,70.3
2017-09-13,104.5
2017-09-14,120.0
2017-09-15,130.0
2017-09-16,138.6
2017-09-17,144.0
2017-09-18,145.9
2017-09-19,128.4
2017-09-20,93.7
2017-09-21,81.9
2017-09-22,103.8
2017-09-23,126.1
2017-09-24,128.9
2017-09-25,131.8
2017-09-26,136.0
2017-09-27,133.4
2017-09-28,131.6
2017-09-29,103.8
2017-09-30,75.3
2017-10-01,70.2
2017-10-02,59.1
2017-10-03,52.4
2017-10-04,51.9
2017-10-05,49.1
2017-10-06,44.0
2017-10-07,44.9
2017-10-08,44.3
2017-10-09,50.2
2017-10-10,49.2
2017-10-11,48.3
2017-10-12,50.1
2017-10-13,47.3
2017-10-14,44.0
2017-10-15,40.7
2017-10-16,37.1
2017-10-17,37.7
2017-10-18,40.2
2017-10-19,42.1
2017-10-20,44.4
2017-10-21,44.4
2017-10-22,47.0
2017-10-23,49.0
2017-10-24,47.9
2017-10-25,45.5
2017-10-26,41.9
2017-10-27,44.2
2017-10-28,45.8
2017-10-29,46.4
2017-10-30,46.6
2017-10-31,51.9
2017-11-01,64.8
2017-11-02,79.0
2017-11-03,79.4
2017-11-04,82.7
2017-11-05,97.0
2017-11-06,108.8
2017-11-07,104.4
2017-11-08,93.9
2017-11-09,82.1
2017-11-10,83.1
2017-11-11,81.6
2017-11-12,67.6
2017-11-13,60.3
2017-11-14,57.0
2017-11-15,54.8
2017-11-16,57.1
2017-11-17,54.3
2017-11-18,53.3
2017-11-19,52.9
2017-11-20,49.6
2017-11-21,54.7
2017-11-22,56.5
2017-11-23,55.1
2017-11-24,57.4
2017-11-25,57.6
2017-11-26,56.4
2017-11-27,56.3
2017-11-28,55.3
2017-11-29,56.6
2017-11-30,55.9
2017-12-01,54.9
2017-12-02,59.1
2017-12-03,57.6
2017-12-04,55.5
2017-12-05,56.5
2017-12-06,51.0
2017-12-07,57.9
2017-12-08,58.7
2017-12-09,49.5
2017-12-10,51.6
2017-12-11,52.5
2017-12-12,51.5
2017-12-13,47.6
2017-12-14,39.9
2017-12-15,36.3
2017-12-16,42.4
2017-12-17,37.5
2017-12-18,36.8
2017-12-19,31.2
2017-12-20,32.5
2017-12-21,30.8
2017-12-22,30.7
2017-12-23,23.2
2017-12-24,22.5
2017-12-25,22.3
2017-12-26,21.9
2017-12-27,25.7
2017-12-28,23.8
2017-12-29,20.0
2017-12-30,25.8
2017-12-31,25.5
2018-01-01,20.9
2018-01-02,22.0
2018-01-03,20.0
2018-01-04,22.7
2018-01-05,23.1
2018-01-06,18.4
2018-01-07,22.3
2018-01-08,24.6
2018-01-09,27.5
2018-01-10,29.1
2018-01-11,27.9
2018-01-12,29.9
2018-01-13,29.8
2018-01-14,32.5
2018-01-15,36.5
2018-01-16,37.0
2018-01-17,39.7
2018-01-18,35.0
2018-01-19,32.8
2018-01-20,39.0
2018-01-21,37.5
2018-01-22,31.1
2018-01-23,26.3
2018-01-24,20.9
2018-01-25,23.5
2018-01-26,27.1
2018-01-27,21.9
2018-01-28,24.0
2018-01-29,39.6
2018-01-30,111.0
2018-01-31,127.1
2018-02-01,136.2
2018-02-02,139.1
2018-02-03,139.5
2018-02-04,133.9
2018-02-05,122.0
2018-02-06,54.9
2018-02-07,41.8
2018-02-08,35.0
2018-02-09,38.9
2018-02-10,38.3
2018-02-11,36.4
2018-02-12,37.1
2018-02-13,33.6
2018-02-14,29.4
2018-02-15,31.9
2018-02-16,21.6
2018-02-17,21.2
2018-02-18,37.6
2018-02-19,44.6
2018-02-20,50.6
2018-02-21,58.1
2018-02-22,62.7
2018-02-23,81.0
2018-02-24,88.3
2018-02-25,79.0
2018-02-26,74.1
2018-02-27,74.4
2018-02-28,76.8
2018-03-01,73.3
2018-03-02,63.1
2018-03-03,58.2
2018-03-04,57.3
2018-03-05,55.3
2018-03-06,50.1
2018-03-07,46.3
2018-03-08,44.1
2018-03-09,37.8
2018-03-10,37.4
2018-03-11,36.2
2018-03-12,31.5
2018-03-13,31.5
2018-03-14,32.5
2018-03-15,33.0
2018-03-16,39.2
2018-03-17,44.1
2018-03-18,40.5
2018-03-19,46.0
2018-03-20,51.3
2018-03-21,49.7
2018-03-22,49.2
2018-03-23,46.7
2018-03-24,45.9
2018-03-25,63.8
2018-03-26,60.7
2018-03-27,58.0
2018-03-28,60.5
2018-03-29,58.3
2018-03-30,59.3
2018-03-31,57.2
2018-04-01,47.8
2018-04-02,54.3
2018-04-03,52.5
2018-04-04,46.4
2018-04-05,52.2
2018-04-06,52.4
2018-04-07,56.0
2018-04-08,54.5
2018-04-09,50.8
2018-04-10,48.0
2018-04-11,49.6
2018-04-12,45.5
2018-04-13,52.4
2018-04-14,60.5
2018-04-15,67.1
2018-04-16,71.6
2018-04-17,81.0
2018-04-18,89.0
2018-04-19,90.3
2018-04-20,85.9
2018-04-21,76.7
2018-04-22,66.1
2018-04-23,62.4
2018-04-24,53.6
2018-04-25,48.7
2018-04-26,57.0
2018-04-27,56.6
2018-04-28,58.1
2018-04-29,62.3
2018-04-30,65.9
2018-05-01,70.6
2018-05-02,71.5
2018-05-03,68.1
2018-05-04,72.6
2018-05-05,69.9
2018-05-06,71.6
2018-05-07,65.9
2018-05-08,65.4
2018-05-09,72.0
2018-05-10,73.5
2018-05-11,71.3
2018-05-12,75.1
2018-05-13,69.8
2018-05-14,70.2
2018-05-15,70.9
2018-05-16,62.0
2018-05-17,51.9
2018-05-18,52.5
2018-05-19,58.7
2018-05-20,72.8
2018-05-21,83.1
2018-05-22,87.4
2018-05-23,88.4
2018-05-24,90.7
2018-05-25,89.7
2018-05-26,81.1
2018-05-27,68.4
2018-05-28,61.1
2018-05-29,52.2
2018-05-30,44.4
2018-05-31,45.3
2018-06-01,41.4
2018-06-02,37.9
2018-06-03,33.8
2018-06-04,31.9
2018-06-05,36.8
2018-06-06,38.7
2018-06-07,40.0
2018-06-08,43.1
2018-06-09,48.5
2018-06-10,49.9
2018-06-11,45.1
2018-06-12,39.5
2018-06-13,45.8
2018-06-14,43.6
2018-06-15,38.2
2018-06-16,36.0
2018-06-17,38.2
2018-06-18,38.8
2018-06-19,40.8
2018-06-20,37.8
2018-06-21,38.0
2018-06-22,40.9
2018-06-23,37.5
2018-06-24,37.9
2018-06-25,36.3
2018-06-26,31.1
2018-06-27,29.0
2018-06-28,28.3
2018-06-29,28.9
2018-06-30,23.3
2018-07-01,22.7
2018-07-02,28.6
2018-07-03,27.3
2018-07-04,51.9
2018-07-05,70.1
2018-07-06,82.9
2018-07-07,102.1
2018-07-08,107.4
2018-07-09,107.4
2018-07-10,118.7
2018-07-11,97.6
2018-07-12,80.7
2018-07-13,64.1
2018-07-14,51.8
2018-07-15,45.0
2018-07-16,42.7
2018-07-17,40.0
2018-07-18,42.9
2018-07-19,57.6
2018-07-20,59.4
2018-07-21,59.0
2018-07-22,61.7
2018-07-23,64.7
2018-07-24,67.4
2018-07-25,66.1
2018-07-26,51.2
2018-07-27,51.7
2018-07-28,53.5
2018-07-29,54.9
2018-07-30,57.5
2018-07-31,57.9
2018-08-01,58.0
2018-08-02,57.6
2018-08-03,57.0
2018-08-04,58.0
2018-08-05,58.6
2018-08-06,61.6
2018-08-07,61.2
2018-08-08,61.7
2018-08-09,61.7
2018-08-10,51.2
2018-08-11,48.9
2018-08-12,47.0
2018-08-13,38.5
2018-08-14,34.9
2018-08-15,32.7
2018-08-16,32.8
2018-08-17,43.9
2018-08-18,43.6
2018-08-19,40.2
2018-08-20,40.0
2018-08-21,38.1
2018-08-22,27.9
2018-08-23,27.5
2018-08-24,34.0
2018-08-25,30.3
2018-08-26,28.3
2018-08-27,27.1
2018-08-28,28.0
2018-08-29,28.5
2018-08-30,25.5
2018-08-31,15.8
2018-09-01,17.9
2018-09-02,20.5
2018-09-03,19.3
2018-09-04,19.2
2018-09-05,26.3
2018-09-06,25.0
2018-09-07,21.4
2018-09-08,18.1
2018-09-09,17.4
2018-09-10,21.6
2018-09-11,27.3
2018-09-12,29.4
2018-09-13,36.3
2018-09-14,57.3
2018-09-15,74.2
2018-09-16,80.0
2018-09-17,81.8
2018-09-18,79.2
2018-09-19,82.1
2018-09-20,80.5
2018-09-21,63.3
2018-09-22,53.3
2018-09-23,51.2
2018-09-24,49.2
2018-09-25,46.1
2018-09-26,41.5
2018-09-27,43.6
2018-09-28,53.7
2018-09-29,56.5
2018-09-30,57.2
2018-10-01,58.6
2018-10-02,58.4
2018-10-03,62.2
2018-10-04,59.7
2018-10-05,51.6
2018-10-06,45.7
2018-10-07,44.6
2018-10-08,51.9
2018-10-09,59.3
2018-10-10,61.8
2018-10-11,64.8
2018-10-12,67.3
2018-10-13,71.8
2018-10-14,71.5
2018-10-15,60.7
2018-10-16,56.9
2018-10-17,54.4
2018-10-18,51.4
2018-10-19,52.8
2018-10-20,53.3
2018-10-21,58.3
2018-10-22,72.1
2018-10-23,87.8
2018-10-24,90.4
2018-10-25,90.2
2018-10-26,87.3
2018-10-27,85.7
2018-10-28,83.3
2018-10-29,71.7
2018-10-30,57.4
2018-10-31,59.9
2018-11-01,77.1
2018-11-02,80.3
2018-11-03,80.1
2018-11-04,81.5
2018-11-05,104.5
2018-11-06,166.5
2018-11-07,193.5
2018-11-08,190.9
2018-11-09,192.6
2018-11-10,195.9
2018-11-11,197.4
2018-11-12,179.9
2018-11-13,118.5
2018-11-14,89.0
2018-11-15,80.5
2018-11-16,76.4
2018-11-17,77.6
2018-11-18,81.4
2018-11-19,83.3
2018-11-20,88.0
2018-11-21,89.7
2018-11-22,91.4
2018-11-23,97.5
2018-11-24,97.1
2018-11-25,91.3
2018-11-26,90.5
2018-11-27,88.0
2018-11-28,87.8
2018-11-29,82.3
2018-11-30,79.7
2018-12-01,81.6
2018-12-02,86.1
2018-12-03,82.4
2018-12-04,80.8
2018-12-05,77.7
2018-12-06,77.2
2018-12-07,70.0
2018-12-08,63.0
2018-12-09,56.2
2018-12-10,55.1
2018-12-11,53.5
2018-12-12,53.9
2018-12-13,52.9
2018-12-14,58.1
2018-12-15,63.6
2018-12-16,70.7
2018-12-17,76.1
2018-12-18,76.6
2018-12-19,76.5
2018-12-20,76.3
2018-12-21,73.7
2018-12-22,65.4
2018-12-23,54.6
2018-12-24,47.5
2018-12-25,44.9
2018-12-26,43.5
2018-12-27,43.3
2018-12-28,47.8
2018-12-29,46.9
2018-12-30,56.0
2018-12-31,64.8
2019-01-01,58.5
2019-01-02,61.7
2019-01-03,64.1
2019-01-04,78.5
2019-01-05,81.1
2019-01-06,77.5
2019-01-07,75.9
2019-01-08,81.1
2019-01-09,75.0
2019-01-10,73.6
2019-01-11,50.3
2019-01-12,47.9
2019-01-13,42.2
2019-01-14,34.6
2019-01-15,33.0
2019-01-16,41.3
2019-01-17,49.2
2019-01-18,52.1
2019-01-19,53.8
2019-01-20,56.9
2019-01-21,63.9
2019-01-22,68.2
2019-01-23,65.6
2019-01-24,53.3
2019-01-25,60.5
2019-01-26,63.1
2019-01-27,65.9
2019-01-28,56.1
2019-01-29,58.2
2019-01-30,53.0
2019-01-31,61.4
2019-02-01,56.3
2019-02-02,50.9
2019-02-03,37.6
2019-02-04,38.6
2019-02-05,34.8
2019-02-06,34.4
2019-02-07,27.0
2019-02-08,23.0
2019-02-09,31.0
2019-02-10,39.8
2019-02-11,40.6
2019-02-12,40.5
2019-02-13,39.1
2019-02-14,40.0
2019-02-15,41.1
2019-02-16,28.2
2019-02-17,26.8
2019-02-18,34.1
2019-02-19,41.1
2019-02-20,42.0
2019-02-21,39.7
2019-02-22,36.9
2019-02-23,43.3
2019-02-24,46.6
2019-02-25,32.5
2019-02-26,23.8
2019-02-27,19.7
2019-02-28,18.2
2019-03-01,33.3
2019-03-02,29.9
2019-03-03,22.2
2019-03-04,28.5
2019-03-05,31.6
2019-03-06,37.3
2019-03-07,43.9
2019-03-08,38.3
2019-03-09,42.5
2019-03-10,45.3
2019-03-11,44.4
2019-03-12,43.5
2019-03-13,51.1
2019-03-14,60.5
2019-03-15,59.3
2019-03-16,60.7
2019-03-17,62.5
2019-03-18,62.6
2019-03-19,61.7
2019-03-20,52.0
2019-03-21,41.1
2019-03-22,31.4
2019-03-23,67.2
2019-03-24,147.2
2019-03-25,171.0
2019-03-26,179.5
2019-03-27,186.0
2019-03-28,188.9
2019-03-29,207.8
2019-03-30,177.1
2019-03-31,100.0
2019-04-01,79.1
2019-04-02,70.4
2019-04-03,66.7
2019-04-04,65.7
2019-04-05,53.8
2019-04-06,44.0
2019-04-07,41.2
2019-04-08,77.2
2019-04-09,92.6
2019-04-10,97.3
2019-04-11,96.3
2019-04-12,94.8
2019-04-13,98.3
2019-04-14,99.9
2019-04-15,62.6
2019-04-16,47.0
2019-04-17,44.4
2019-04-18,47.3
2019-04-19,59.5
2019-04-20,58.6
2019-04-21,59.6
2019-04-22,61.6
2019-04-23,59.8
2019-04-24,68.3
2019-04-25,85.9
2019-04-26,96.7
2019-04-27,111.3
2019-04-28,117.0
2019-04-29,122.8
2019-04-30,127.3
2019-05-01,118.9
2019-05-02,100.6
2019-05-03,83.5
2019-05-04,72.9
2019-05-05,69.1
2019-05-06,64.1
2019-05-07,67.3
2019-05-08,65.4
2019-05-09,62.4
2019-05-10,74.3
2019-05-11,83.8
2019-05-12,94.2
2019-05-13,102.2
2019-05-14,104.4
2019-05-15,107.6
2019-05-16,101.7
2019-05-17,89.8
2019-05-18,78.2
2019-05-19,64.9
2019-05-20,56.8
2019-05-21,51.4
2019-05-22,46.9
2019-05-23,50.7
2019-05-24,57.1
2019-05-25,88.2
2019-05-26,112.2
2019-05-27,156.5
2019-05-28,199.9
2019-05-29,222.0
2019-05-30,238.3
2019-05-31,232.8
2019-06-01,205.1
2019-06-02,184.6
2019-06-03,144.1
2019-06-04,102.0
2019-06-05,81.5
2019-06-06,70.7
2019-06-07,65.0
2019-06-08,63.1
2019-06-09,60.4
2019-06-10,56.8
2019-06-11,54.0
2019-06-12,54.2
2019-06-13,51.2
2019-06-14,54.6
2019-06-15,53.6
2019-06-16,55.2
2019-06-17,51.1
2019-06-18,51.5
2019-06-19,51.9
2019-06-20,52.7
2019-06-21,45.1
2019-06-22,40.1
2019-06-23,38.5
2019-06-24,41.1
2019-06-25,36.6
2019-06-26,32.5
2019-06-27,30.4
2019-06-28,34.1
2019-06-29,32.7
2019-06-30,39.0
2019-07-01,45.4
2019-07-02,51.7
2019-07-03,52.6
2019-07-04,53.0
2019-07-05,51.9
2019-07-06,57.4
2019-07-07,46.5
2019-07-08,39.2
2019-07-09,40.5
2019-07-10,46.5
2019-07-11,69.5
2019-07-12,84.1
2019-07-13,93.9
2019-07-14,100.9
2019-07-15,103.2
2019-07-16,100.8
2019-07-17,97.6
2019-07-18,75.5
2019-07-19,62.7
2019-07-20,55.7
2019-07-21,57.2
2019-07-22,53.6
2019-07-23,48.9
2019-07-24,48.4
2019-07-25,50.4
2019-07-26,45.4
2019-07-27,40.2
2019-07-28,40.0
2019-07-29,42.9
2019-07-30,42.1
2019-07-31,38.6
2019-08-01,35.9
2019-08-02,39.8
2019-08-03,37.8
2019-08-04,32.7
2019-08-05,28.3
2019-08-06,26.0
2019-08-07,24.5
2019-08-08,25.1
2019-08-09,25.8
2019-08-10,25.7
2019-08-11,21.1
2019-08-12,22.9
2019-08-13,32.8
2019-08-14,27.5
2019-08-15,28.7
2019-08-16,31.5
2019-08-17,37.6
2019-08-18,38.4
2019-08-19,31.0
2019-08-20,27.5
2019-08-21,36.8
2019-08-22,34.0
2019-08-23,28.8
2019-08-24,26.6
2019-08-25,30.7
2019-08-26,32.5
2019-08-27,29.2
2019-08-28,27.0
2019-08-29,27.1
2019-08-30,25.1
2019-08-31,22.4
2019-09-01,20.1
2019-09-02,24.8
2019-09-03,25.8
2019-09-04,25.5
2019-09-05,25.9
2019-09-06,28.1
2019-09-07,27.3
2019-09-08,26.6
2019-09-09,28.8
2019-09-10,25.8
2019-09-11,28.4
2019-09-12,28.6
2019-09-13,29.1
2019-09-14,29.9
2019-09-15,31.3
2019-09-16,28.2
2019-09-17,30.6
2019-09-18,27.8
2019-09-19,28.0
2019-09-20,27.3
2019-09-21,25.9
2019-09-22,26.3
2019-09-23,28.4
2019-09-24,28.3
2019-09-25,30.2
2019-09-26,29.6
2019-09-27,37.4
2019-09-28,48.7
2019-09-29,49.3
2019-09-30,48.4
2019-10-01,49.3
2019-10-02,44.8
2019-10-03,44.7
2019-10-04,35.8
2019-10-05,26.1
2019-10-06,36.4
2019-10-07,89.7
2019-10-08,110.1
2019-10-09,122.7
2019-10-10,128.8
2019-10-11,136.0
2019-10-12,141.5
2019-10-13,133.4
2019-10-14,83.7
2019-10-15,67.8
2019-10-16,66.3
2019-10-17,64.5
2019-10-18,64.1
2019-10-19,63.0
2019-10-20,65.0
2019-10-21,65.0
2019-10-22,62.5
2019-10-23,57.2
2019-10-24,54.4
2019-10-25,60.0
2019-10-26,64.6
2019-10-27,68.3
2019-10-28,67.2
2019-10-29,66.8
2019-10-30,68.3
2019-10-31,71.7
2019-11-01,64.9
2019-11-02,63.0
2019-11-03,63.3
2019-11-04,70.3
2019-11-05,89.0
2019-11-06,115.9
2019-11-07,154.2
2019-11-08,177.6
2019-11-09,186.0
2019-11-10,192.8
2019-11-11,223.4
2019-11-12,222.3
2019-11-13,212.1
2019-11-14,208.0
2019-11-15,209.1
2019-11-16,212.3
2019-11-17,211.9
2019-11-18,189.6
2019-11-19,185.6
2019-11-20,171.2
2019-11-21,148.7
2019-11-22,135.2
2019-11-23,130.2
2019-11-24,124.0
2019-11-25,129.5
2019-11-26,133.8
2019-11-27,141.8
2019-11-28,139.3
2019-11-29,145.6
2019-11-30,214.8
2019-12-01,298.7
2019-12-02,345.0
2019-12-03,388.0
2019-12-04,454.1
2019-12-05,490.6
2019-12-06,512.4
2019-12-07,460.5
2019-12-08,389.7
2019-12-09,335.0
2019-12-10,290.5
2019-12-11,227.3
2019-12-12,189.1
2019-12-13,157.3
2019-12-14,138.3
2019-12-15,136.5
2019-12-16,139.8
2019-12-17,144.9
2019-12-18,143.6
2019-12-19,146.7
2019-12-20,137.1
2019-12-21,131.8
2019-12-22,118.0
2019-12-23,111.1
2019-12-24,95.7
2019-12-25,83.9
2019-12-26,73.1
2019-12-27,69.6
2019-12-28,66.5
2019-12-29,63.5
2019-12-30,69.8
2019-12-31,72.2
2020-01-01,73.0
2020-01-02,80.0
2020-01-03,77.2
2020-01-04,72.4
2020-01-05,69.2
2020-01-06,60.0
2020-01-07,46.5
2020-01-08,48.8
2020-01-09,44.4
2020-01-10,48.6
2020-01-11,50.6
2020-01-12,51.6
2020-01-13,45.2
2020-01-14,51.2
2020-01-15,45.4
2020-01-16,38.7
2020-01-17,41.1
2020-01-18,44.6
2020-01-19,45.9
2020-01-20,44.4
2020-01-21,44.0
2020-01-22,45.0
2020-01-23,44.4
2020-01-24,44.0
2020-01-25,41.9
2020-01-26,42.3
2020-01-27,47.0
2020-01-28,44.3
2020-01-29,42.0
2020-01-30,47.6
2020-01-31,57.3
2020-02-01,81.2
2020-02-02,140.8
2020-02-03,157.0
2020-02-04,165.3
2020-02-05,165.7
2020-02-06,155.7
2020-02-07,144.2
2020-02-08,119.9
2020-02-09,59.0
2020-02-10,36.9
2020-02-11,30.1
2020-02-12,31.3
2020-02-13,42.7
2020-02-14,43.5
2020-02-15,40.5
2020-02-16,40.1
2020-02-17,38.7
2020-02-18,53.6
2020-02-19,57.6
2020-02-20,46.6
2020-02-21,45.4
2020-02-22,45.9
2020-02-23,43.2
2020-02-24,49.6
2020-02-25,59.9
2020-02-26,89.6
2020-02-27,100.7
2020-02-28,100.0
2020-02-29,108.7
2020-03-01,116.7
2020-03-02,116.9
2020-03-03,94.8
2020-03-04,63.5
2020-03-05,53.9
2020-03-06,64.0
2020-03-07,53.8
2020-03-08,45.7
2020-03-09,43.2
2020-03-10,40.1
2020-03-11,37.2
2020-03-12,39.9
2020-03-13,29.5
2020-03-14,34.5
2020-03-15,37.7
2020-03-16,39.4
2020-03-17,31.0
2020-03-18,28.8
2020-03-19,34.3
2020-03-20,37.3
2020-03-21,34.8
2020-03-22,24.2
2020-03-23,15.1
2020-03-24,22.7
2020-03-25,25.8
2020-03-26,23.5
2020-03-27,21.1
2020-03-28,20.7
2020-03-29,27.1
2020-03-30,29.9
2020-03-31,29.7
2020-04-01,29.4
2020-04-02,29.5
2020-04-03,26.7
2020-04-04,31.6
2020-04-05,36.8
2020-04-06,33.7
2020-04-07,34.4
2020-04-08,36.0
2020-04-09,29.9
2020-04-10,40.5
2020-04-11,47.2
2020-04-12,48.9
2020-04-13,50.0
2020-04-14,45.6
2020-04-15,43.2
2020-04-16,52.1
2020-04-17,47.6
2020-04-18,35.3
2020-04-19,30.5
2020-04-20,40.8
2020-04-21,46.7
2020-04-22,45.6
2020-04-23,38.9
2020-04-24,40.0
2020-04-25,49.1
2020-04-26,48.9
2020-04-27,48.8
2020-04-28,46.8
2020-04-29,53.4
2020-04-30,82.2
2020-05-01,98.2
2020-05-02,102.9
2020-05-03,111.8
2020-05-04,113.9
2020-05-05,114.6
2020-05-06,111.6
2020-05-07,87.6
2020-05-08,72.8
2020-05-09,66.0
2020-05-10,62.0
2020-05-11,60.5
2020-05-12,69.6
2020-05-13,70.4
2020-05-14,66.5
2020-05-15,64.1
2020-05-16,62.4
2020-05-17,55.9
2020-05-18,51.5
2020-05-19,40.4
2020-05-20,38.0
2020-05-21,41.5
2020-05-22,39.7
2020-05-23,38.1
2020-05-24,37.7
2020-05-25,35.7
2020-05-26,39.7
2020-05-27,40.1
2020-05-28,33.1
2020-05-29,28.5
2020-05-30,28.1
2020-05-31,30.8
2020-06-01,25.9
2020-06-02,27.5
2020-06-03,26.8
2020-06-04,28.7
2020-06-05,27.1
2020-06-06,23.1
2020-06-07,25.3
2020-06-08,29.7
2020-06-09,20.7
2020-06-10,22.6
2020-06-11,24.0
2020-06-12,26.8
2020-06-13,27.1
2020-06-14,20.8
2020-06-15,22.7
2020-06-16,28.2
2020-06-17,23.1
2020-06-18,26.3
2020-06-19,28.5
2020-06-20,27.2
2020-06-21,30.1
2020-06-22,29.1
2020-06-23,31.3
2020-06-24,31.7
2020-06-25,30.5
2020-06-26,35.9
2020-06-27,36.9
2020-06-28,36.7
2020-06-29,39.2
2020-06-30,35.1
2020-07-01,32.1
2020-07-02,43.1
2020-07-03,54.9
2020-07-04,75.1
2020-07-05,81.2
2020-07-06,82.7
2020-07-07,82.2
2020-07-08,83.8
2020-07-09,74.1
2020-07-10,62.0
2020-07-11,51.9
2020-07-12,49.9
2020-07-13,47.4
2020-07-14,48.6
2020-07-15,48.0
2020-07-16,43.1
2020-07-17,35.8
2020-07-18,54.9
2020-07-19,72.2
2020-07-20,80.1
2020-07-21,85.1
2020-07-22,89.0
2020-07-23,95.4
2020-07-24,104.3
2020-07-25,79.1
2020-07-26,61.3
2020-07-27,50.9
2020-07-28,40.8
2020-07-29,43.4
2020-07-30,47.3
2020-07-31,46.9
2020-08-01,53.0
2020-08-02,53.0
2020-08-03,57.1
2020-08-04,70.5
2020-08-05,76.4
2020-08-06,67.9
2020-08-07,67.9
2020-08-08,62.8
2020-08-09,63.3
2020-08-10,62.8
2020-08-11,49.0
2020-08-12,45.0
2020-08-13,46.3
2020-08-14,37.6
2020-08-15,32.3
2020-08-16,31.9
2020-08-17,37.1
2020-08-18,44.4
2020-08-19,34.5
2020-08-20,34.1
2020-08-21,38.1
2020-08-22,38.2
2020-08-23,33.4
2020-08-24,25.6
2020-08-25,23.8
2020-08-26,27.4
2020-08-27,25.9
2020-08-28,23.0
2020-08-29,27.2
2020-08-30,37.3
2020-08-31,39.3
2020-09-01,42.9
2020-09-02,48.9
2020-09-03,49.6
2020-09-04,52.7
2020-09-05,52.0
2020-09-06,45.3
2020-09-07,43.3
2020-09-08,41.5
2020-09-09,38.1
2020-09-10,37.8
2020-09-11,44.7
2020-09-12,74.4
2020-09-13,88.0
2020-09-14,108.9
2020-09-15,137.0
2020-09-16,145.4
2020-09-17,154.1
2020-09-18,153.5
2020-09-19,127.4
2020-09-20,128.5
2020-09-21,127.2
2020-09-22,116.4
2020-09-23,118.2
2020-09-24,136.2
2020-09-25,155.5
2020-09-26,160.2
2020-09-27,152.0
2020-09-28,140.3
2020-09-29,130.1
2020-09-30,129.8
2020-10-01,113.2
2020-10-02,97.0
2020-10-03,98.2
2020-10-04,101.8
2020-10-05,99.0
2020-10-06,97.9
2020-10-07,90.9
2020-10-08,103.2
2020-10-09,148.9
2020-10-10,163.4
2020-10-11,160.1
2020-10-12,162.7
2020-10-13,166.6
2020-10-14,166.4
2020-10-15,147.7
2020-10-16,94.2
2020-10-17,80.0
2020-10-18,77.5
2020-10-19,72.1
2020-10-20,64.5
2020-10-21,65.4
2020-10-22,66.8
2020-10-23,91.9
2020-10-24,116.1
2020-10-25,124.9
2020-10-26,130.1
2020-10-27,136.3
2020-10-28,162.7
2020-10-29,186.6
2020-10-30,163.7
2020-10-31,135.0
2020-11-01,129.7
2020-11-02,135.9
2020-11-03,138.1
2020-11-04,118.8
2020-11-05,92.8
2020-11-06,91.5
2020-11-07,87.6
2020-11-08,82.5
2020-11-09,72.9
2020-11-10,65.9
2020-11-11,58.8
2020-11-12,55.4
2020-11-13,53.7
2020-11-14,60.4
2020-11-15,59.7
2020-11-16,59.1
2020-11-17,59.8
2020-11-18,62.1
2020-11-19,57.1
2020-11-20,55.5
2020-11-21,46.2
2020-11-22,42.8
2020-11-23,41.7
2020-11-24,35.5
2020-11-25,29.4
2020-11-26,35.0
2020-11-27,32.5
2020-11-28,36.1
2020-11-29,41.7
2020-11-30,40.1
2020-12-01,42.8
2020-12-02,46.1
2020-12-03,54.5
2020-12-04,57.3
2020-12-05,56.9
2020-12-06,53.2
2020-12-07,51.9
2020-12-08,55.1
2020-12-09,53.9
2020-12-10,43.6
2020-12-11,42.3
2020-12-12,40.8
2020-12-13,38.7
2020-12-14,36.7
2020-12-15,34.8
2020-12-16,33.6
2020-12-17,32.2
2020-12-18,36.4
2020-12-19,39.8
2020-12-20,44.4
2020-12-21,53.9
2020-12-22,54.2
2020-12-23,52.1
2020-12-24,58.5
2020-12-25,51.1
2020-12-26,45.8
2020-12-27,43.0
2020-12-28,34.5
2020-12-29,31.4
2020-12-30,39.0
2020-12-31,41.6
2021-01-01,46.8
2021-01-02,46.3
2021-01-03,53.0
2021-01-04,59.6
2021-01-05,63.1
2021-01-06,58.7
2021-01-07,61.1
2021-01-08,53.0
2021-01-09,53.7
2021-01-10,50.8
2021-01-11,43.2
2021-01-12,40.4
2021-01-13,37.7
2021-01-14,35.4
2021-01-15,44.4
2021-01-16,55.9
2021-01-17,74.4
2021-01-18,78.9
2021-01-19,84.8
2021-01-20,92.7
2021-01-21,89.9
2021-01-22,86.5
2021-01-23,77.1
2021-01-24,56.2
2021-01-25,56.4
2021-01-26,51.4
2021-01-27,46.6
2021-01-28,50.2
2021-01-29,45.8
2021-01-30,43.5
2021-01-31,38.7
2021-02-01,35.0
2021-02-02,33.5
2021-02-03,30.6
2021-02-04,25.7
2021-02-05,29.0
2021-02-06,27.9
2021-02-07,34.9
2021-02-08,43.1
2021-02-09,39.5
2021-02-10,41.9
2021-02-11,38.5
2021-02-12,38.6
2021-02-13,38.4
2021-02-14,28.9
2021-02-15,19.1
2021-02-16,23.4
2021-02-17,26.3
2021-02-18,24.9
2021-02-19,22.9
2021-02-20,27.0
2021-02-21,26.4
2021-02-22,26.5
2021-02-23,22.5
2021-02-24,16.0
2021-02-25,17.6
2021-02-26,21.2
2021-02-27,13.6
2021-02-28,20.4
2021-03-01,25.2
2021-03-02,31.1
2021-03-03,52.4
2021-03-04,58.8
2021-03-05,59.5
2021-03-06,67.7
2021-03-07,66.5
2021-03-08,63.3
2021-03-09,61.6
2021-03-10,41.0
2021-03-11,37.7
2021-03-12,35.1
2021-03-13,36.2
2021-03-14,35.6
2021-03-15,37.4
2021-03-16,35.1
2021-03-17,37.8
2021-03-18,35.5
2021-03-19,37.6
2021-03-20,34.3
2021-03-21,32.4
2021-03-22,28.9
2021-03-23,25.9
2021-03-24,17.0
2021-03-25,16.8
2021-03-26,18.9
2021-03-27,17.8
2021-03-28,17.8
2021-03-29,17.6
2021-03-30,19.5
2021-03-31,25.3
2021-04-01,27.8
2021-04-02,21.7
2021-04-03,17.9
2021-04-04,18.0
2021-04-05,21.3
2021-04-06,23.5
2021-04-07,25.3
2021-04-08,34.3
2021-04-09,40.0
2021-04-10,72.3
2021-04-11,90.3
2021-04-12,95.7
2021-04-13,100.2
2021-04-14,105.7
2021-04-15,100.6
2021-04-16,96.6
2021-04-17,65.0
2021-04-18,48.7
2021-04-19,45.0
2021-04-20,43.2
2021-04-21,41.0
2021-04-22,39.5
2021-04-23,43.0
2021-04-24,45.4
2021-04-25,52.9
2021-04-26,52.0
2021-04-27,51.5
2021-04-28,44.1
2021-04-29,39.2
2021-04-30,38.1
2021-05-01,41.0
2021-05-02,39.6
2021-05-03,41.0
2021-05-04,39.7
2021-05-05,40.1
2021-05-06,54.7
2021-05-07,73.0
2021-05-08,78.5
2021-05-09,93.5
2021-05-10,101.8
2021-05-11,106.3
2021-05-12,117.3
2021-05-13,109.2
2021-05-14,94.3
2021-05-15,93.6
2021-05-16,77.1
2021-05-17,71.6
2021-05-18,69.8
2021-05-19,64.5
2021-05-20,60.3
2021-05-21,57.3
2021-05-22,53.8
2021-05-23,51.5
2021-05-24,48.7
2021-05-25,45.0
2021-05-26,40.0
2021-05-27,41.4
2021-05-28,52.2
2021-05-29,55.3
2021-05-30,56.4
2021-05-31,57.8
2021-06-01,61.0
2021-06-02,65.4
2021-06-03,73.4
2021-06-04,69.1
2021-06-05,66.8
2021-06-06,65.7
2021-06-07,63.2
2021-06-08,62.2
2021-06-09,59.5
2021-06-10,52.8
2021-06-11,66.0
2021-06-12,74.8
2021-06-13,84.8
2021-06-14,91.7
2021-06-15,94.6
2021-06-16,97.0
2021-06-17,94.8
2021-06-18,76.8
2021-06-19,67.0
2021-06-20,56.2
2021-06-21,52.0
2021-06-22,51.4
2021-06-23,67.5
2021-06-24,75.0
2021-06-25,82.0
2021-06-26,85.2
2021-06-27,89.5
2021-06-28,92.9
2021-06-29,92.2
2021-06-30,74.8
2021-07-01,66.1
2021-07-02,59.2
2021-07-03,59.6
2021-07-04,100.1
2021-07-05,104.2
2021-07-06,106.5
2021-07-07,112.4
2021-07-08,117.0
2021-07-09,120.4
2021-07-10,120.9
2021-07-11,78.4
2021-07-12,74.1
2021-07-13,82.9
2021-07-14,115.8
2021-07-15,138.9
2021-07-16,143.6
2021-07-17,146.3
2021-07-18,151.5
2021-07-19,156.2
2021-07-20,147.0
2021-07-21,112.8
2021-07-22,89.1
2021-07-23,85.6
2021-07-24,92.1
2021-07-25,92.8
2021-07-26,87.3
2021-07-27,83.6
2021-07-28,83.8
2021-07-29,84.9
2021-07-30,75.6
2021-07-31,62.3
2021-08-01,58.4
2021-08-02,63.6
2021-08-03,67.0
2021-08-04,62.8
2021-08-05,58.8
2021-08-06,61.4
2021-08-07,57.3
2021-08-08,53.9
2021-08-09,48.5
2021-08-10,61.9
2021-08-11,66.5
2021-08-12,69.4
2021-08-13,72.3
2021-08-14,90.1
2021-08-15,95.6
2021-08-16,96.8
2021-08-17,78.8
2021-08-18,77.2
2021-08-19,76.7
2021-08-20,79.1
2021-08-21,72.7
2021-08-22,85.6
2021-08-23,91.5
2021-08-24,96.9
2021-08-25,99.0
2021-08-26,99.8
2021-08-27,98.0
2021-08-28,91.2
2021-08-29,75.5
2021-08-30,65.5
2021-08-31,61.2
2021-09-01,59.3
2021-09-02,52.7
2021-09-03,48.9
2021-09-04,52.6
2021-09-05,56.6
2021-09-06,60.5
2021-09-07,74.5
2021-09-08,85.4
2021-09-09,95.6
2021-09-10,137.6
2021-09-11,155.3
2021-09-12,156.5
2021-09-13,156.3
2021-09-14,146.1
2021-09-15,136.5
2021-09-16,131.3
2021-09-17,91.3
2021-09-18,80.3
2021-09-19,88.1
2021-09-20,88.0
2021-09-21,90.5
2021-09-22,102.7
2021-09-23,121.5
2021-09-24,127.1
2021-09-25,121.5
2021-09-26,111.9
2021-09-27,108.4
2021-09-28,105.0
2021-09-29,90.1
2021-09-30,69.7
2021-10-01,64.6
2021-10-02,61.9
2021-10-03,58.4
2021-10-04,62.1
2021-10-05,70.4
2021-10-06,74.3
2021-10-07,77.6
2021-10-08,77.5
2021-10-09,82.6
2021-10-10,81.7
2021-10-11,79.4
2021-10-12,69.4
2021-10-13,62.9
2021-10-14,63.8
2021-10-15,82.7
2021-10-16,91.1
2021-10-17,95.7
2021-10-18,98.4
2021-10-19,101.1
2021-10-20,105.2
2021-10-21,103.7
2021-10-22,88.1
2021-10-23,79.0
2021-10-24,76.8
2021-10-25,77.3
2021-10-26,75.7
2021-10-27,78.0
2021-10-28,80.7
2021-10-29,77.3
2021-10-30,70.3
2021-10-31,61.8
2021-11-01,60.7
2021-11-02,59.3
2021-11-03,49.4
2021-11-04,49.7
2021-11-05,51.1
2021-11-06,53.6
2021-11-07,57.2
2021-11-08,53.8
2021-11-09,62.6
2021-11-10,72.6
2021-11-11,75.3
2021-11-12,80.1
2021-11-13,88.1
2021-11-14,93.4
2021-11-15,91.2
2021-11-16,85.6
2021-11-17,81.7
2021-11-18,76.4
2021-11-19,76.1
2021-11-20,69.2
2021-11-21,67.7
2021-11-22,74.7
2021-11-23,72.2
2021-11-24,72.1
2021-11-25,83.3
2021-11-26,80.9
2021-11-27,79.6
2021-11-28,79.7
2021-11-29,77.3
2021-11-30,81.5
2021-12-01,92.6
2021-12-02,102.1
2021-12-03,113.1
2021-12-04,122.7
2021-12-05,126.6
2021-12-06,125.7
2021-12-07,122.5
2021-12-08,116.8
2021-12-09,99.2
2021-12-10,86.9
2021-12-11,76.6
2021-12-12,69.4
2021-12-13,74.0
2021-12-14,76.3
2021-12-15,68.6
2021-12-16,64.5
2021-12-17,61.2
2021-12-18,69.5
2021-12-19,83.6
2021-12-20,80.5
2021-12-21,74.7
2021-12-22,77.0
2021-12-23,80.5
2021-12-24,84.6
2021-12-25,82.0
2021-12-26,72.3
2021-12-27,74.0
2021-12-28,70.8
2021-12-29,68.0
2021-12-30,64.4
2021-12-31,60.0
2022-01-01,51.8
2022-01-02,48.0
2022-01-03,38.8
2022-01-04,37.7
2022-01-05,42.3
2022-01-06,43.3
2022-01-07,34.8
2022-01-08,32.6
2022-01-09,31.2
2022-01-10,31.1
2022-01-11,33.1
2022-01-12,27.1
2022-01-13,23.1
2022-01-14,29.6
2022-01-15,28.3
2022-01-16,28.8
2022-01-17,32.4
2022-01-18,34.9
2022-01-19,33.9
2022-01-20,29.5
2022-01-21,27.7
2022-01-22,27.4
2022-01-23,22.5
2022-01-24,16.7
2022-01-25,16.9
2022-01-26,20.5
2022-01-27,18.1
2022-01-28,19.0
2022-01-29,19.6
2022-01-30,35.7
2022-01-31,95.5
2022-02-01,125.1
2022-02-02,179.1
2022-02-03,203.4
2022-02-04,213.9
2022-02-05,219.6
2022-02-06,212.2
2022-02-07,166.4
2022-02-08,138.7
2022-02-09,84.1
2022-02-10,65.1
2022-02-11,57.3
2022-02-12,55.3
2022-02-13,50.4
2022-02-14,39.7
2022-02-15,38.3
2022-02-16,36.6
2022-02-17,41.4
2022-02-18,40.8
2022-02-19,40.2
2022-02-20,36.4
2022-02-21,44.4
2022-02-22,49.2
2022-02-23,42.4
2022-02-24,41.0
2022-02-25,44.0
2022-02-26,37.6
2022-02-27,26.5
2022-02-28,16.8
2022-03-01,9.0
2022-03-02,15.6
2022-03-03,14.9
2022-03-04,6.2
2022-03-05,15.6
2022-03-06,33.2
2022-03-07,32.7
2022-03-08,38.6
2022-03-09,30.4
2022-03-10,20.0
2022-03-11,20.7
2022-03-12,13.4
2022-03-13,9.3
2022-03-14,10.7
2022-03-15,4.3
2022-03-16,12.6
2022-03-17,17.1
2022-03-18,18.1
2022-03-19,19.6
2022-03-20,24.2
2022-03-21,23.7
2022-03-22,23.5
2022-03-23,23.9
2022-03-24,27.4
2022-03-25,27.3
2022-03-26,25.1
2022-03-27,22.6
2022-03-28,24.3
2022-03-29,20.1
2022-03-30,13.0
2022-03-31,12.6
2022-04-01,9.8
2022-04-02,15.9
2022-04-03,18.6
2022-04-04,23.7
2022-04-05,23.4
2022-04-06,26.4
2022-04-07,25.0
2022-04-08,32.6
2022-04-09,30.6
2022-04-10,29.9
2022-04-11,19.5
2022-04-12,23.5
2022-04-13,28.5
2022-04-14,26.4
2022-04-15,29.1
2022-04-16,23.9
2022-04-17,18.4
2022-04-18,41.1
2022-04-19,60.3
2022-04-20,66.0
2022-04-21,70.8
2022-04-22,67.6
2022-04-23,78.3
2022-04-24,75.9
2022-04-25,53.8
2022-04-26,30.9
2022-04-27,23.8
2022-04-28,23.8
2022-04-29,23.4
2022-04-30,17.9
2022-05-01,24.3
2022-05-02,27.8
2022-05-03,29.4
2022-05-04,29.8
2022-05-05,30.4
2022-05-06,42.5
2022-05-07,45.6
2022-05-08,46.4
2022-05-09,50.6
2022-05-10,55.6
2022-05-11,53.8
2022-05-12,51.9
2022-05-13,44.2
2022-05-14,40.2
2022-05-15,32.4
2022-05-16,33.9
2022-05-17,46.1
2022-05-18,56.2
2022-05-19,58.0
2022-05-20,51.5
2022-05-21,52.5
2022-05-22,59.1
2022-05-23,56.2
2022-05-24,46.4
2022-05-25,39.9
2022-05-26,27.6
2022-05-27,33.9
2022-05-28,40.6
2022-05-29,45.3
2022-05-30,66.5
2022-05-31,77.1
2022-06-01,80.8
2022-06-02,94.8
2022-06-03,92.0
2022-06-04,90.4
2022-06-05,87.8
2022-06-06,78.6
2022-06-07,81.6
2022-06-08,86.5
2022-06-09,92.4
2022-06-10,107.3
2022-06-11,111.3
2022-06-12,109.4
2022-06-13,100.5
2022-06-14,85.3
2022-06-15,77.6
2022-06-16,71.6
2022-06-17,64.3
2022-06-18,58.2
2022-06-19,60.4
2022-06-20,57.8
2022-06-21,55.3
2022-06-22,53.6
2022-06-23,58.0
2022-06-24,51.9
2022-06-25,56.1
2022-06-26,59.0
2022-06-27,63.0
2022-06-28,66.8
2022-06-29,63.7
2022-06-30,53.0
2022-07-01,50.2
2022-07-02,45.4
2022-07-03,37.2
2022-07-04,30.6
2022-07-05,33.4
2022-07-06,44.1
2022-07-07,57.5
2022-07-08,62.6
2022-07-09,61.0
2022-07-10,64.2
2022-07-11,65.8
2022-07-12,66.8
2022-07-13,66.2
2022-07-14,56.5
2022-07-15,65.3
2022-07-16,172.2
2022-07-17,218.7
2022-07-18,240.6
2022-07-19,249.0
2022-07-20,249.5
2022-07-21,255.3
2022-07-22,246.1
2022-07-23,144.7
2022-07-24,102.2
2022-07-25,82.4
2022-07-26,71.7
2022-07-27,65.9
2022-07-28,62.1
2022-07-29,57.4
2022-07-30,63.6
2022-07-31,84.7
2022-08-01,91.9
2022-08-02,97.4
2022-08-03,150.5
2022-08-04,184.5
2022-08-05,200.3
2022-08-06,200.8
2022-08-07,185.3
2022-08-08,181.1
2022-08-09,176.0
2022-08-10,126.3
2022-08-11,94.4
2022-08-12,79.6
2022-08-13,69.3
2022-08-14,74.8
2022-08-15,111.9
2022-08-16,158.4
2022-08-17,183.9
2022-08-18,203.9
2022-08-19,217.3
2022-08-20,224.9
2022-08-21,221.1
2022-08-22,190.3
2022-08-23,148.2
2022-08-24,127.0
2022-08-25,107.4
2022-08-26,94.9
2022-08-27,90.1
2022-08-28,82.3
2022-08-29,86.2
2022-08-30,119.0
2022-08-31,146.6
2022-09-01,160.7
2022-09-02,164.0
2022-09-03,168.3
2022-09-04,171.8
2022-09-05,162.8
2022-09-06,125.6
2022-09-07,90.5
2022-09-08,70.7
2022-09-09,66.4
2022-09-10,57.6
2022-09-11,54.4
2022-09-12,52.2
2022-09-13,49.2
2022-09-14,47.7
2022-09-15,49.1
2022-09-16,49.8
2022-09-17,52.9
2022-09-18,52.2
2022-09-19,48.4
2022-09-20,46.3
2022-09-21,44.8
2022-09-22,46.2
2022-09-23,44.6
2022-09-24,45.5
2022-09-25,46.2
2022-09-26,50.8
2022-09-27,57.7
2022-09-28,63.2
2022-09-29,65.5
2022-09-30,68.8
2022-10-01,67.2
2022-10-02,62.6
2022-10-03,59.9
2022-10-04,54.4
2022-10-05,48.9
2022-10-06,45.0
2022-10-07,38.6
2022-10-08,48.1
2022-10-09,51.4
2022-10-10,49.2
2022-10-11,50.2
2022-10-12,51.4
2022-10-13,53.2
2022-10-14,57.9
2022-10-15,46.4
2022-10-16,42.3
2022-10-17,43.1
2022-10-18,36.5
2022-10-19,35.8
2022-10-20,35.4
2022-10-21,29.0
2022-10-22,33.0
2022-10-23,37.2
2022-10-24,33.7
2022-10-25,41.6
2022-10-26,62.7
2022-10-27,90.7
2022-10-28,111.2
2022-10-29,115.4
2022-10-30,142.4
2022-10-31,225.3
2022-11-01,261.0
2022-11-02,252.6
2022-11-03,241.9
2022-11-04,233.5
2022-11-05,230.3
2022-11-06,208.5
2022-11-07,135.7
2022-11-08,102.8
2022-11-09,99.4
2022-11-10,87.8
2022-11-11,83.4
2022-11-12,84.5
2022-11-13,79.2
2022-11-14,72.2
2022-11-15,66.4
2022-11-16,57.8
2022-11-17,56.9
2022-11-18,61.3
2022-11-19,68.0
2022-11-20,76.1
2022-11-21,88.3
2022-11-22,94.0
2022-11-23,99.0
2022-11-24,95.9
2022-11-25,92.5
2022-11-26,80.2
2022-11-27,73.8
2022-11-28,67.9
2022-11-29,64.4
2022-11-30,60.7
2022-12-01,66.6
2022-12-02,59.4
2022-12-03,55.5
2022-12-04,50.5
2022-12-05,46.3
2022-12-06,45.8
2022-12-07,59.8
2022-12-08,58.6
2022-12-09,66.3
2022-12-10,70.8
2022-12-11,74.7
2022-12-12,72.1
2022-12-13,75.3
2022-12-14,63.9
2022-12-15,56.7
2022-12-16,54.5
2022-12-17,59.2
2022-12-18,60.6
2022-12-19,62.7
2022-12-20,62.8
2022-12-21,59.6
2022-12-22,64.6
2022-12-23,57.0
2022-12-24,49.7
2022-12-25,47.5
2022-12-26,51.9
2022-12-27,38.9
2022-12-28,39.8
2022-12-29,36.3
2022-12-30,38.8
2022-12-31,39.6
2023-01-01,35.7
2023-01-02,33.5
2023-01-03,42.0
2023-01-04,38.5
2023-01-05,44.8
2023-01-06,41.2
2023-01-07,38.5
2023-01-08,37.0
2023-01-09,36.3
2023-01-10,31.7
2023-01-11,32.2
2023-01-12,26.4
2023-01-13,27.6
2023-01-14,24.1
2023-01-15,29.0
2023-01-16,25.6
2023-01-17,25.0
2023-01-18,22.4
2023-01-19,20.8
2023-01-20,19.9
2023-01-21,26.7
2023-01-22,25.7
2023-01-23,19.1
2023-01-24,16.6
2023-01-25,17.4
2023-01-26,19.1
2023-01-27,20.1
2023-01-28,19.9
2023-01-29,26.4
2023-01-30,34.7
2023-01-31,52.6
2023-02-01,49.7
2023-02-02,62.0
2023-02-03,86.3
2023-02-04,93.5
2023-02-05,85.2
2023-02-06,77.0
2023-02-07,63.4
2023-02-08,68.5
2023-02-09,52.2
2023-02-10,31.0
2023-02-11,20.6
2023-02-12,23.8
2023-02-13,36.9
2023-02-14,39.5
2023-02-15,39.1
2023-02-16,37.8
2023-02-17,36.8
2023-02-18,27.5
2023-02-19,29.6
2023-02-20,33.4
2023-02-21,28.6
2023-02-22,25.3
2023-02-23,27.1
2023-02-24,32.3
2023-02-25,43.1
2023-02-26,46.6
2023-02-27,24.6
2023-02-28,33.4
2023-03-01,38.2
2023-03-02,38.1
2023-03-03,34.6
2023-03-04,29.7
2023-03-05,21.9
2023-03-06,56.7
2023-03-07,63.5
2023-03-08,68.3
2023-03-09,68.4
2023-03-10,67.4
2023-03-11,82.7
2023-03-12,85.5
2023-03-13,54.6
2023-03-14,61.8
2023-03-15,83.9
2023-03-16,90.5
2023-03-17,92.6
2023-03-18,119.4
2023-03-19,129.0
2023-03-20,140.1
2023-03-21,128.1
2023-03-22,104.6
2023-03-23,98.6
2023-03-24,101.0
2023-03-25,59.3
2023-03-26,48.3
2023-03-27,43.7
2023-03-28,40.4
2023-03-29,36.8
2023-03-30,40.8
2023-03-31,45.1
2023-04-01,53.9
2023-04-02,53.2
2023-04-03,56.3
2023-04-04,54.6
2023-04-05,59.7
2023-04-06,57.5
2023-04-07,53.8
2023-04-08,49.4
2023-04-09,49.4
2023-04-10,48.5
2023-04-11,51.5
2023-04-12,59.5
2023-04-13,55.9
2023-04-14,42.5
2023-04-15,49.6
2023-04-16,52.3
2023-04-17,49.4
2023-04-18,44.1
2023-04-19,32.1
2023-04-20,37.7
2023-04-21,41.2
2023-04-22,37.6
2023-04-23,32.2
2023-04-24,35.6
2023-04-25,35.3
2023-04-26,31.9
2023-04-27,28.7
2023-04-28,35.1
2023-04-29,32.3
2023-04-30,51.0
2023-05-01,70.0
2023-05-02,74.1
2023-05-03,91.3
2023-05-04,93.0
2023-05-05,98.4
2023-05-06,138.6
2023-05-07,154.6
2023-05-08,142.4
2023-05-09,146.7
2023-05-10,137.2
2023-05-11,140.2
2023-05-12,135.4
2023-05-13,97.1
2023-05-14,66.1
2023-05-15,64.9
2023-05-16,62.3
2023-05-17,59.6
2023-05-18,61.3
2023-05-19,62.5
2023-05-20,63.4
2023-05-21,62.7
2023-05-22,57.9
2023-05-23,61.0
2023-05-24,85.7
2023-05-25,91.0
2023-05-26,103.5
2023-05-27,131.6
2023-05-28,151.6
2023-05-29,171.1
2023-05-30,213.6
2023-05-31,201.4
2023-06-01,202.3
2023-06-02,202.3
2023-06-03,180.1
2023-06-04,163.9
2023-06-05,144.9
2023-06-06,99.9
2023-06-07,87.4
2023-06-08,77.5
2023-06-09,64.4
2023-06-10,56.7
2023-06-11,55.0
2023-06-12,56.6
2023-06-13,53.4
2023-06-14,49.4
2023-06-15,46.9
2023-06-16,49.4
2023-06-17,51.1
2023-06-18,48.0
2023-06-19,44.6
2023-06-20,46.2
2023-06-21,45.3
2023-06-22,40.6
2023-06-23,44.9
2023-06-24,48.1
2023-06-25,49.7
2023-06-26,47.5
2023-06-27,47.5
2023-06-28,52.5
2023-06-29,54.5
2023-06-30,41.8
2023-07-01,29.6
2023-07-02,27.7
2023-07-03,31.4
2023-07-04,26.1
2023-07-05,24.4
2023-07-06,27.9
2023-07-07,29.0
2023-07-08,31.6
2023-07-09,34.1
2023-07-10,28.7
2023-07-11,26.7
2023-07-12,23.1
2023-07-13,22.5
2023-07-14,27.0
2023-07-15,28.8
2023-07-16,23.8
2023-07-17,23.7
2023-07-18,28.1
2023-07-19,25.9
2023-07-20,25.6
2023-07-21,25.2
2023-07-22,24.2
2023-07-23,25.1
2023-07-24,26.4
2023-07-25,26.8
2023-07-26,24.7
2023-07-27,21.5
2023-07-28,19.5
2023-07-29,29.4
2023-07-30,28.4
2023-07-31,28.2
2023-08-01,29.1
2023-08-02,33.8
2023-08-03,32.2
2023-08-04,37.9
2023-08-05,31.5
2023-08-06,30.9
2023-08-07,30.4
2023-08-08,27.6
2023-08-09,28.4
2023-08-10,31.2
2023-08-11,26.3
2023-08-12,24.0
2023-08-13,28.4
2023-08-14,28.0
2023-08-15,26.1
2023-08-16,23.7
2023-08-17,28.9
2023-08-18,30.2
2023-08-19,29.8
2023-08-20,28.2
2023-08-21,29.3
2023-08-22,30.6
2023-08-23,31.2
2023-08-24,26.6
2023-08-25,26.9
2023-08-26,25.3
2023-08-27,19.3
2023-08-28,1.8
2023-08-29,15.2
2023-08-30,12.2
2023-08-31,12.8
2023-09-01,9.0
2023-09-02,10.3
2023-09-03,18.7
2023-09-04,42.2
2023-09-05,32.0
2023-09-06,37.9
2023-09-07,40.8
2023-09-08,53.4
2023-09-09,61.3
2023-09-10,60.2
2023-09-11,57.3
2023-09-12,57.4
2023-09-13,60.6
2023-09-14,79.0
2023-09-15,103.7
2023-09-16,105.4
2023-09-17,115.0
2023-09-18,136.9
2023-09-19,231.3
2023-09-20,268.8
2023-09-21,266.7
2023-09-22,247.6
2023-09-23,251.0
2023-09-24,246.9
2023-09-25,229.2
2023-09-26,143.0
2023-09-27,106.2
2023-09-28,92.9
2023-09-29,87.9
2023-09-30,93.5
2023-10-01,95.4
2023-10-02,91.5
2023-10-03,90.6
2023-10-04,94.5
2023-10-05,94.5
2023-10-06,87.8
2023-10-07,72.3
2023-10-08,68.8
2023-10-09,65.2
2023-10-10,59.9
2023-10-11,57.0
2023-10-12,70.1
2023-10-13,77.0
2023-10-14,92.5
2023-10-15,99.3
2023-10-16,108.9
2023-10-17,113.6
2023-10-18,116.9
2023-10-19,105.8
2023-10-20,103.4
2023-10-21,89.6
2023-10-22,83.6
2023-10-23,93.8
2023-10-24,112.4
2023-10-25,112.2
2023-10-26,111.6
2023-10-27,105.9
2023-10-28,108.8
2023-10-29,113.2
2023-10-30,99.7
2023-10-31,76.1
2023-11-01,63.9
2023-11-02,61.8
2023-11-03,56.6
2023-11-04,61.6
2023-11-05,48.0
2023-11-06,40.7
2023-11-07,40.2
2023-11-08,47.1
2023-11-09,46.5
2023-11-10,50.2
2023-11-11,52.8
2023-11-12,63.9
2023-11-13,68.0
2023-11-14,67.3
2023-11-15,68.9
2023-11-16,66.1
2023-11-17,66.9
2023-11-18,55.2
2023-11-19,50.6
2023-11-20,54.1
2023-11-21,51.5
2023-11-22,46.8
2023-11-23,46.4
2023-11-24,45.6
2023-11-25,45.9
2023-11-26,44.1
2023-11-27,40.8
2023-11-28,45.6
2023-11-29,46.5
2023-11-30,60.8
2023-12-01,63.1
2023-12-02,65.4
2023-12-03,67.6
2023-12-04,65.8
2023-12-05,64.4
2023-12-06,69.5
2023-12-07,55.2
2023-12-08,57.2
2023-12-09,48.9
2023-12-10,46.9
2023-12-11,46.0
2023-12-12,47.1
2023-12-13,39.5
2023-12-14,42.8
2023-12-15,36.5
2023-12-16,41.7
2023-12-17,39.2
2023-12-18,36.4
2023-12-19,33.0
2023-12-20,34.8
2023-12-21,34.4
2023-12-22,40.5
2023-12-23,39.4
2023-12-24,41.8
2023-12-25,45.9
2023-12-26,45.7
2023-12-27,51.8
2023-12-28,57.0
2023-12-29,48.0
2023-12-30,48.2
2023-12-31,45.3
2024-01-01,46.8
2024-01-02,41.6
2024-01-03,37.1
2024-01-04,27.2
2024-01-05,29.6
2024-01-06,26.6
2024-01-07,28.4
2024-01-08,24.9
2024-01-09,25.8
2024-01-10,23.4
2024-01-11,28.6
2024-01-12,27.9
2024-01-13,32.5
2024-01-14,31.6
2024-01-15,28.0
2024-01-16,44.8
2024-01-17,104.0
2024-01-18,121.4
2024-01-19,130.4
2024-01-20,141.2
2024-01-21,156.6
2024-01-22,166.7
2024-01-23,160.4
2024-01-24,129.0
2024-01-25,117.3
2024-01-26,119.5
2024-01-27,111.0
2024-01-28,99.9
2024-01-29,98.0
2024-01-30,97.2
2024-01-31,71.5
2024-02-01,67.5
2024-02-02,56.5
2024-02-03,52.9
2024-02-04,45.2
2024-02-05,37.6
2024-02-06,33.1
2024-02-07,32.5
2024-02-08,23.6
2024-02-09,23.2
2024-02-10,21.5
2024-02-11,26.6
2024-02-12,29.4
2024-02-13,33.3
2024-02-14,33.6
2024-02-15,40.2
2024-02-16,42.6
2024-02-17,36.1
2024-02-18,33.8
2024-02-19,33.5
2024-02-20,26.9
2024-02-21,28.1
2024-02-22,27.2
2024-02-23,24.8
2024-02-24,30.6
2024-02-25,30.8
2024-02-26,31.0
2024-02-27,31.5
2024-02-28,29.8
2024-02-29,24.1
2024-03-01,25.6
2024-03-02,23.4
2024-03-03,23.6
2024-03-04,26.1
2024-03-05,23.5
2024-03-06,20.6
2024-03-07,26.0
2024-03-08,19.2
2024-03-09,20.7
2024-03-10,17.9
2024-03-11,16.8
2024-03-12,17.7
2024-03-13,16.8
2024-03-14,13.2
2024-03-15,16.5
2024-03-16,18.2
2024-03-17,19.8
2024-03-18,17.6
2024-03-19,17.3
2024-03-20,16.6
2024-03-21,19.7
2024-03-22,21.0
2024-03-23,28.5
2024-03-24,33.4
2024-03-25,38.9
2024-03-26,46.0
2024-03-27,52.3
2024-03-28,48.9
2024-03-29,45.4
2024-03-30,37.7
2024-03-31,36.2
2024-04-01,28.6
2024-04-02,28.3
2024-04-03,25.5
2024-04-04,22.7
2024-04-05,33.0
2024-04-06,30.9
2024-04-07,59.3
2024-04-08,107.5
2024-04-09,169.6
2024-04-10,200.9
2024-04-11,221.6
2024-04-12,225.0
2024-04-13,237.2
2024-04-14,211.5
2024-04-15,171.8
2024-04-16,106.1
2024-04-17,74.1
2024-04-18,60.8
2024-04-19,56.2
2024-04-20,55.6
2024-04-21,47.8
2024-04-22,41.0
2024-04-23,46.4
2024-04-24,54.7
2024-04-25,49.2
2024-04-26,45.3
2024-04-27,38.3
2024-04-28,42.0
2024-04-29,51.5
2024-04-30,55.6
2024-05-01,50.1
2024-05-02,51.1
2024-05-03,48.9
2024-05-04,51.4
2024-05-05,51.1
2024-05-06,40.3
2024-05-07,33.3
2024-05-08,32.9
2024-05-09,30.2
2024-05-10,17.8
2024-05-11,12.5
2024-05-12,15.2
2024-05-13,17.2
2024-05-14,15.1
2024-05-15,10.9
2024-05-16,21.6
2024-05-17,36.7
2024-05-18,38.0
2024-05-19,28.3
2024-05-20,38.5
2024-05-21,35.7
2024-05-22,35.0
2024-05-23,22.4
2024-05-24,22.4
2024-05-25,21.7
2024-05-26,29.3
2024-05-27,20.8
2024-05-28,16.4
2024-05-29,29.8
2024-05-30,40.9
2024-05-31,38.8
2024-06-01,40.6
2024-06-02,32.3
2024-06-03,34.3
2024-06-04,43.5
2024-06-05,33.9
2024-06-06,27.5
2024-06-07,31.7
2024-06-08,34.2
2024-06-09,39.2
2024-06-10,37.9
2024-06-11,38.4
2024-06-12,38.5
2024-06-13,39.2
2024-06-14,28.6
2024-06-15,33.7
2024-06-16,36.6
2024-06-17,37.1
2024-06-18,36.4
2024-06-19,33.6
2024-06-20,31.0
2024-06-21,41.7
2024-06-22,35.6
2024-06-23,32.2
2024-06-24,27.9
2024-06-25,27.7
2024-06-26,30.3
2024-06-27,23.8
2024-06-28,35.9
2024-06-29,53.5
2024-06-30,64.2
2024-07-01,70.3
2024-07-02,69.9
2024-07-03,70.5
2024-07-04,77.5
2024-07-05,62.7
2024-07-06,43.3
2024-07-07,36.2
2024-07-08,33.0
2024-07-09,31.5
2024-07-10,31.2
2024-07-11,33.3
2024-07-12,30.5
2024-07-13,27.1
2024-07-14,26.4
2024-07-15,25.7
2024-07-16,25.0
2024-07-17,26.2
2024-07-18,27.0
2024-07-19,28.2
2024-07-20,25.9
2024-07-21,25.6
2024-07-22,24.9
2024-07-23,25.2
2024-07-24,22.8
2024-07-25,21.7
2024-07-26,27.7
2024-07-27,37.1
2024-07-28,38.7
2024-07-29,41.2
2024-07-30,40.2
2024-07-31,37.9
2024-08-01,37.5
2024-08-02,32.6
2024-08-03,26.6
2024-08-04,22.8
2024-08-05,19.0
2024-08-06,18.8
2024-08-07,19.6
2024-08-08,20.8
2024-08-09,23.4
2024-08-10,28.0
2024-08-11,27.6
2024-08-12,31.2
2024-08-13,30.2
2024-08-14,32.2
2024-08-15,28.1
2024-08-16,32.5
2024-08-17,30.3
2024-08-18,26.2
2024-08-19,22.4
2024-08-20,27.9
2024-08-21,39.6
2024-08-22,53.1
2024-08-23,62.7
2024-08-24,69.5
2024-08-25,86.9
2024-08-26,106.2
2024-08-27,119.0
2024-08-28,121.3
2024-08-29,138.4
2024-08-30,158.8
2024-08-31,189.8
2024-09-01,205.8
2024-09-02,205.8
2024-09-03,202.1
2024-09-04,204.4
2024-09-05,204.1
2024-09-06,183.5
2024-09-07,165.0
2024-09-08,149.7
2024-09-09,144.8
2024-09-10,158.2
2024-09-11,159.5
2024-09-12,143.6
2024-09-13,139.1
2024-09-14,131.1
2024-09-15,126.6
2024-09-16,121.8
2024-09-17,105.5
2024-09-18,96.2
2024-09-19,94.4
2024-09-20,94.0
2024-09-21,96.0
2024-09-22,100.5
2024-09-23,104.7
2024-09-24,125.9
2024-09-25,130.2
2024-09-26,128.9
2024-09-27,125.0
2024-09-28,118.0
2024-09-29,121.2
2024-09-30,138.3
2024-10-01,127.9
2024-10-02,138.8
2024-10-03,148.9
2024-10-04,151.9
2024-10-05,159.8
2024-10-06,166.3
2024-10-07,147.0
2024-10-08,137.7
2024-10-09,121.9
2024-10-10,110.3
2024-10-11,104.2
2024-10-12,91.6
2024-10-13,76.2
2024-10-14,71.7
2024-10-15,63.9
2024-10-16,58.9
2024-10-17,59.6
2024-10-18,58.9
2024-10-19,60.6
2024-10-20,67.5
2024-10-21,102.4
2024-10-22,165.5
2024-10-23,188.1
2024-10-24,212.8
2024-10-25,229.1
2024-10-26,235.9
2024-10-27,234.2
2024-10-28,209.1
2024-10-29,157.7
2024-10-30,145.9
2024-10-31,121.8
2024-11-01,111.5
2024-11-02,111.0
2024-11-03,114.6
2024-11-04,114.9
2024-11-05,127.8
2024-11-06,219.4
2024-11-07,265.7
2024-11-08,282.8
2024-11-09,288.5
2024-11-10,286.2
2024-11-11,281.8
2024-11-12,276.0
2024-11-13,190.6
2024-11-14,148.1
2024-11-15,132.6
2024-11-16,125.9
2024-11-17,123.3
2024-11-18,118.7
2024-11-19,101.4
2024-11-20,86.2
2024-11-21,81.6
2024-11-22,76.6
2024-11-23,68.5
2024-11-24,68.9
2024-11-25,74.5
2024-11-26,74.6
2024-11-27,77.6
2024-11-28,76.5
2024-11-29,71.7
2024-11-30,79.8
2024-12-01,85.9
2024-12-02,96.1
2024-12-03,100.6
2024-12-04,93.1
2024-12-05,103.6
2024-12-06,112.6
2024-12-07,114.4
2024-12-08,102.0
2024-12-09,85.8
2024-12-10,86.8
2024-12-11,101.4
2024-12-12,112.0
2024-12-13,102.2
2024-12-14,94.7
2024-12-15,97.2
2024-12-16,97.2
2024-12-17,90.3
2024-12-18,84.0
2024-12-19,64.6
2024-12-20,63.2
2024-12-21,63.0
2024-12-22,60.1
2024-12-23,65.8
2024-12-24,69.1
2024-12-25,64.2
2024-12-26,61.0
2024-12-27,64.3
2024-12-28,62.7
2024-12-29,61.9
2024-12-30,52.7
2024-12-31,42.9
2025-01-01,40.0
2025-01-02,34.7
2025-01-03,32.2
2025-01-04,30.7
2025-01-05,25.4
2025-01-06,26.9
2025-01-07,27.9
2025-01-08,24.6
2025-01-09,27.0
2025-01-10,28.7
2025-01-11,27.7
2025-01-12,28.8
2025-01-13,26.5
2025-01-14,27.9
2025-01-15,26.5
2025-01-16,28.2
2025-01-17,27.7
2025-01-18,27.9
2025-01-19,28.8
2025-01-20,26.8
2025-01-21,25.0
2025-01-22,31.5
2025-01-23,30.4
2025-01-24,30.6
2025-01-25,35.5
2025-01-26,34.3
2025-01-27,34.7
2025-01-28,34.6
2025-01-29,30.8
2025-01-30,31.5
2025-01-31,26.0
2025-02-01,19.6
2025-02-02,20.7
2025-02-03,19.2
2025-02-04,18.4
2025-02-05,22.6
2025-02-06,20.2
2025-02-07,22.0
2025-02-08,19.9
2025-02-09,22.6
2025-02-10,24.6
2025-02-11,26.7
2025-02-12,17.5
2025-02-13,17.4
2025-02-14,15.5
2025-02-15,17.3
2025-02-16,16.0
2025-02-17,20.2
2025-02-18,15.9
2025-02-19,20.2
2025-02-20,16.4
2025-02-21,20.2
2025-02-22,24.7
2025-02-23,27.0
2025-02-24,19.3
2025-02-25,27.2
2025-02-26,29.1
2025-02-27,31.6
2025-02-28,25.5
2025-03-01,25.2
2025-03-02,23.5
2025-03-03,21.6
2025-03-04,18.1
2025-03-05,11.3
2025-03-06,9.5
2025-03-07,18.1
2025-03-08,16.6
2025-03-09,5.8
2025-03-10,9.4
2025-03-11,10.8
2025-03-12,16.7
2025-03-13,17.0
2025-03-14,10.9
2025-03-15,20.7
2025-03-16,35.8
2025-03-17,35.9
2025-03-18,35.2
2025-03-19,34.6
2025-03-20,37.6
2025-03-21,38.5
2025-03-22,24.7
2025-03-23,17.9
2025-03-24,20.1
2025-03-25,19.5
2025-03-26,18.4
2025-03-27,16.0
2025-03-28,21.1
2025-03-29,26.3
2025-03-30,25.1
2025-03-31,23.3
2025-04-01,31.7
2025-04-02,38.1
2025-04-03,39.5
2025-04-04,37.9
2025-04-05,47.6
2025-04-06,58.3
2025-04-07,61.1
2025-04-08,53.3
2025-04-09,46.4
2025-04-10,47.4
2025-04-11,42.9
2025-04-12,35.7
2025-04-13,30.1
2025-04-14,28.0
2025-04-15,30.5
2025-04-16,40.0
2025-04-17,45.7
2025-04-18,51.9
2025-04-19,46.9
2025-04-20,42.1
2025-04-21,43.2
2025-04-22,46.4
2025-04-23,42.0
2025-04-24,33.3
2025-04-25,25.9
2025-04-26,30.2
2025-04-27,29.1
2025-04-28,34.6
2025-04-29,23.2
2025-04-30,13.4
2025-05-01,15.0
2025-05-02,17.5
2025-05-03,14.6
2025-05-04,16.2
2025-05-05,15.5
2025-05-06,50.1
2025-05-07,74.7
2025-05-08,78.6
2025-05-09,82.2
2025-05-10,84.8
2025-05-11,85.2
2025-05-12,82.3
2025-05-13,54.2
2025-05-14,38.9
2025-05-15,54.7
2025-05-16,61.6
2025-05-17,60.6
2025-05-18,63.5
2025-05-19,62.5
2025-05-20,65.3
2025-05-21,62.3
2025-05-22,47.0
2025-05-23,44.8
2025-05-24,48.0
2025-05-25,45.3
2025-05-26,47.2
2025-05-27,42.4
2025-05-28,44.7
2025-05-29,44.8
2025-05-30,44.9
2025-05-31,41.3
2025-06-01,43.3
2025-06-02,42.6
2025-06-03,39.9
2025-06-04,39.2
2025-06-05,39.5
2025-06-06,29.2
2025-06-07,24.9
2025-06-08,23.2
2025-06-09,25.2
2025-06-10,20.2
2025-06-11,20.1
2025-06-12,15.5
2025-06-13,27.8
2025-06-14,28.1
2025-06-15,27.9
2025-06-16,22.4
2025-06-17,30.5
2025-06-18,34.7
2025-06-19,38.7
2025-06-20,26.5
2025-06-21,41.1
2025-06-22,41.4
2025-06-23,67.1
2025-06-24,89.5
2025-06-25,100.8
2025-06-26,105.0
2025-06-27,112.7
2025-06-28,109.2
2025-06-29,111.1
2025-06-30,81.6
2025-07-01,61.2
2025-07-02,46.0
2025-07-03,39.8
2025-07-04,44.7
2025-07-05,35.3
2025-07-06,34.4
2025-07-07,47.0
2025-07-08,49.0
2025-07-09,56.9
2025-07-10,73.8
2025-07-11,87.3
2025-07-12,94.6
2025-07-13,99.8
2025-07-14,100.7
2025-07-15,100.2
2025-07-16,94.5
2025-07-17,81.7
2025-07-18,60.0
2025-07-19,51.5
2025-07-20,51.0
2025-07-21,44.0
2025-07-22,42.7
2025-07-23,41.2
2025-07-24,38.5
2025-07-25,40.6
2025-07-26,47.4
2025-07-27,54.1
2025-07-28,59.0
2025-07-29,64.4
2025-07-30,63.2
2025-07-31,61.2
2025-08-01,61.1
2025-08-02,58.7
2025-08-03,46.6
2025-08-04,41.3
2025-08-05,42.5
2025-08-06,45.4
2025-08-07,44.8
2025-08-08,44.8
2025-08-09,40.6
2025-08-10,40.9
2025-08-11,37.6
2025-08-12,32.1
2025-08-13,31.6
2025-08-14,29.4
2025-08-15,24.1
2025-08-16,28.5
2025-08-17,29.5
2025-08-18,29.3
2025-08-19,25.5
2025-08-20,23.9
2025-08-21,27.3
2025-08-22,26.8
2025-08-23,21.6
2025-08-24,11.4
2025-08-25,21.6
2025-08-26,30.3
2025-08-27,29.6
2025-08-28,28.5
2025-08-29,34.2
2025-08-30,36.7
2025-08-31,48.4
2025-09-01,43.8
2025-09-02,47.3
2025-09-03,65.8
2025-09-04,71.7
2025-09-05,74.1
2025-09-06,75.2
2025-09-07,77.0
2025-09-08,77.4
2025-09-09,69.0
2025-09-10,53.1
2025-09-11,48.2
2025-09-12,47.0
2025-09-13,46.7
2025-09-14,64.7
2025-09-15,114.4
2025-09-16,128.2
2025-09-17,133.9
2025-09-18,158.0
2025-09-19,181.5
2025-09-20,199.0
2025-09-21,193.4
2025-09-22,154.3
2025-09-23,155.2
2025-09-24,155.5
2025-09-25,142.3
2025-09-26,136.0
2025-09-27,131.5
2025-09-28,120.5
2025-09-29,116.0
2025-09-30,108.5
2025-10-01,108.9
2025-10-02,107.9
2025-10-03,98.3
2025-10-04,99.6
2025-10-05,104.6
2025-10-06,102.0
2025-10-07,117.7
2025-10-08,137.3
2025-10-09,145.8
2025-10-10,164.7
2025-10-11,173.8
2025-10-12,180.2
2025-10-13,180.2
2025-10-14,165.1
2025-10-15,150.4
2025-10-16,145.6
2025-10-17,127.4
2025-10-18,157.3
2025-10-19,169.1
2025-10-20,208.7
2025-10-21,267.7
2025-10-22,287.1
2025-10-23,294.6
2025-10-24,302.3
2025-10-25,279.3
2025-10-26,271.2
2025-10-27,242.5
2025-10-28,185.0
2025-10-29,165.4
2025-10-30,155.0
2025-10-31,149.1
2025-11-01,127.3
2025-11-02,116.2
2025-11-03,111.6
2025-11-04,117.5
2025-11-05,112.8
2025-11-06,107.8
2025-11-07,107.2
2025-11-08,121.1
2025-11-09,123.4
2025-11-10,116.3
2025-11-11,112.0
2025-11-12,112.6
2025-11-13,111.7
2025-11-14,106.7
2025-11-15,98.3
2025-11-16,110.1
2025-11-17,117.5
2025-11-18,121.1
2025-11-19,122.4
2025-11-20,128.0
2025-11-21,125.2
2025-11-22,118.8
2025-11-23,105.5
2025-11-24,114.8
2025-11-25,135.3
2025-11-26,146.7
2025-11-27,148.5
2025-11-28,161.2
2025-11-29,157.8
2025-11-30,157.9
2025-12-01,143.4
2025-12-02,119.7
2025-12-03,93.7
2025-12-04,100.1
2025-12-05,90.8
2025-12-06,104.1
2025-12-07,106.0
2025-12-08,103.2
2025-12-09,93.1
2025-12-10,98.6
2025-12-11,83.9
2025-12-12,82.1
2025-12-13,90.4
2025-12-14,90.0
2025-12-15,94.4
2025-12-16,102.7
2025-12-17,116.7
2025-12-18,120.6
2025-12-19,116.3
2025-12-20,99.5
2025-12-21,100.4
2025-12-22,99.9
2025-12-23,118.6
2025-12-24,119.6
2025-12-25,118.6
2025-12-26,124.4
2025-12-27,118.8
2025-12-28,114.2
2025-12-29,111.5
2025-12-30,90.4
2025-12-31,81.3
2026-01-01,83.8
2026-01-02,80.6
2026-01-03,80.9
2026-01-04,76.9
2026-01-05,72.5
2026-01-06,71.0
2026-01-07,75.0
2026-01-08,108.8
2026-01-09,152.3
2026-01-10,162.6
2026-01-11,164.9
2026-01-12,158.4
2026-01-13,157.5
2026-01-14,152.7
2026-01-15,113.6
2026-01-16,70.3
2026-01-17,58.9
2026-01-18,56.3
2026-01-19,64.4
2026-01-20,61.9
2026-01-21,60.8
2026-01-22,56.4
2026-01-23,47.8
2026-01-24,43.9
2026-01-25,44.4
2026-01-26,47.0
2026-01-27,39.7
2026-01-28,34.9
2026-01-29,34.7
2026-01-30,38.9
2026-01-31,33.7
2026-02-01,33.4
2026-02-02,29.4
2026-02-03,36.5
2026-02-04,33.6
2026-02-05,35.6
2026-02-06,31.0
2026-02-07,41.3
2026-02-08,38.6
2026-02-09,33.9
2026-02-10,40.2
2026-02-11,38.7
2026-02-12,35.9
2026-02-13,38.7
2026-02-14,33.2
2026-02-15,33.3
2026-02-16,35.7
2026-02-17,24.7
2026-02-18,28.3
2026-02-19,27.2
2026-02-20,27.3
2026-02-21,25.1
2026-02-22,24.8
2026-02-23,23.3
2026-02-24,30.7
2026-02-25,31.8
2026-02-26,31.5
2026-02-27,30.9
2026-02-28,32.7
2026-03-01,31.7
2026-03-02,31.7
2026-03-03,28.8
2026-03-04,23.8
2026-03-05,24.6
2026-03-06,25.2
2026-03-07,25.8
2026-03-08,26.1
2026-03-09,28.9
2026-03-10,23.0
2026-03-11,29.7
2026-03-12,31.1
2026-03-13,31.3
2026-03-14,26.7
2026-03-15,25.9
2026-03-16,24.7
2026-03-17,27.5
2026-03-18,21.9
2026-03-19,19.2
2026-03-20,20.3
2026-03-21,21.3
2026-03-22,22.4
2026-03-23,23.4
2026-03-24,19.7
2026-03-25,34.9
2026-03-26,46.4
2026-03-27,54.0
2026-03-28,58.8
2026-03-29,55.6
2026-03-30,48.3
2026-03-31,50.4
2026-04-01,42.6
2026-04-02,45.9
2026-04-03,39.6
2026-04-04,43.4
2026-04-05,46.2
2026-04-06,61.7
2026-04-07,64.6
2026-04-08,61.2
2026-04-09,50.0
2026-04-10,48.3
2026-04-11,48.8
2026-04-12,50.3
2026-04-13,43.9
2026-04-14,48.0
2026-04-15,67.5
2026-04-16,77.2
2026-04-17,82.4
2026-04-18,80.0
2026-04-19,81.3
2026-04-20,81.2
2026-04-21,75.4
2026-04-22,58.0
2026-04-23,52.1
2026-04-24,42.3
2026-04-25,45.4
2026-04-26,45.3
2026-04-27,41.7
2026-04-28,44.6
2026-04-29,38.2
2026-04-30,33.2
2026-05-01,37.3
2026-05-02,30.9
2026-05-03,26.4
2026-05-04,28.8
2026-05-05,57.5
2026-05-06,100.5
2026-05-07,119.0
2026-05-08,124.6
2026-05-09,132.5
2026-05-10,141.5
2026-05-11,141.0
2026-05-12,112.3
2026-05-13,74.8
2026-05-14,56.6
2026-05-15,56.1
2026-05-16,49.9
2026-05-17,45.2
2026-05-18,43.9
2026-05-19,45.9
2026-05-20,42.7
2026-05-21,44.4
2026-05-22,44.8
2026-05-23,41.9
2026-05-24,43.0
2026-05-25,42.5
2026-05-26,36.2
2026-05-27,38.8
2026-05-28,37.3
2026-05-29,67.9
2026-05-30,104.4
2026-05-31,113.5
2026-06-01,122.4
2026-06-02,146.9
2026-06-03,162.0
2026-06-04,170.1
2026-06-05,139.6
2026-06-06,109.3
2026-06-07,106.1
2026-06-08,100.3
2026-06-09,83.1
2026-06-10,65.5
2026-06-11,54.4
2026-06-12,69.2
2026-06-13,78.9
2026-06-14,76.3
2026-06-15,71.9
2026-06-16,70.9
2026-06-17,103.4
2026-06-18,167.3
2026-06-19,163.3
2026-06-20,158.4
2026-06-21,158.3
2026-06-22,165.3
2026-06-23,165.2
2026-06-24,139.3
2026-06-25,81.9
2026-06-26,71.6
2026-06-27,65.7
2026-06-28,62.3
2026-06-29,56.6
2026-06-30,52.3
2026-07-01,56.8
2026-07-02,87.8
2026-07-03,97.2
2026-07-04,98.4
2026-07-05,101.7
2026-07-06,107.7
2026-07-07,109.1
2026-07-08,100.1
2026-07-09,68.9
2026-07-10,56.9
2026-07-11,64.0
2026-07-12,81.4
2026-07-13,86.3
2026-07-14,92.8
2026-07-15,99.2
2026-07-16,99.0
2026-07-17,105.5
2026-07-18,95.9
2026-07-19,72.2
2026-07-20,65.0
2026-07-21,71.4
2026-07-22,72.6
2026-07-23,72.1
2026-07-24,67.7
2026-07-25,69.0
2026-07-26,69.9
2026-07-27,69.9
2026-07-28,65.8
2026-07-29,61.5
2026-07-30,61.1
2026-07-31,56.5
2026-08-01,54.1
2026-08-02,55.9
2026-08-03,50.6
2026-08-04,40.2
2026-08-05,39.4
2026-08-06,38.6
2026-08-07,37.9
2026-08-08,38.8
2026-08-09,37.3
2026-08-10,48.6
2026-08-11,55.5
2026-08-12,56.3
2026-08-13,58.4
2026-08-14,58.1
2026-08-15,54.3
2026-08-16,55.1
2026-08-17,47.3
2026-08-18,39.9
2026-08-19,34.6
2026-08-20,37.5
2026-08-21,40.7
2026-08-22,46.0
2026-08-23,58.7
2026-08-24,93.9
2026-08-25,185.3
2026-08-26,240.3
2026-08-27,257.9
2026-08-28,268.4
2026-08-29,278.6
2026-08-30,273.7
2026-08-31,252.2
2026-09-01,201.1
2026-09-02,181.5
2026-09-03,179.7
2026-09-04,183.6
2026-09-05,184.9
2026-09-06,187.3
2026-09-07,179.5
2026-09-08,147.3
2026-09-09,120.1
2026-09-10,101.5
2026-09-11,88.2
2026-09-12,80.2
2026-09-13,71.2
2026-09-14,74.2
2026-09-15,72.8
2026-09-16,72.9
2026-09-17,75.6
2026-09-18,70.5
2026-09-19,69.2
2026-09-20,72.1
2026-09-21,65.6
2026-09-22,65.4
2026-09-23,68.5
2026-09-24,66.5
2026-09-25,76.9
2026-09-26,72.8
2026-09-27,70.3
2026-09-28,70.7
2026-09-29,67.9
2026-09-30,56.3
2026-10-01,56.5
2026-10-02,52.9
2026-10-03,54.7
2026-10-04,50.6
2026-10-05,48.4
2026-10-06,46.9
2026-10-07,47.9
