date,level_m
1930-07-08,325.496
1930-07-09,325.496
1930-07-10,325.490
1930-07-13,325.462
1930-07-14,325.462
1930-07-17,325.435
1930-07-18,325.435
1930-07-19,325.444
1930-07-20,325.447
1930-07-23,325.447
1930-07-24,325.444
1930-07-28,325.444
1930-07-29,325.435
1930-08-01,325.435
1930-08-02,325.426
1930-08-11,325.426
1930-08-12,325.435
1930-08-19,325.435
1930-08-20,325.426
1930-08-21,325.426
1930-08-22,325.414
1930-08-23,325.414
1930-08-24,325.404
1930-08-25,325.401
1930-08-26,325.404
1930-08-27,325.414
1930-08-28,325.426
1930-08-29,325.471
1930-08-30,325.642
1930-08-31,325.804
1930-09-01,325.807
1930-09-02,325.807
1930-09-03,325.813
1930-09-04,325.886
1930-09-06,325.898
1930-09-07,325.901
1930-09-09,325.901
1930-09-10,325.892
1930-09-11,325.880
1930-09-12,325.865
1930-09-13,325.852
1930-09-14,325.859
1930-09-15,325.859
1930-09-16,325.865
1930-09-17,325.868
1930-09-19,325.916
1930-09-22,325.898
1930-09-25,325.916
1930-09-26,325.916
1930-09-28,325.929
1930-09-29,325.935
1930-09-30,325.935
1930-10-02,325.947
1930-10-03,325.947
1930-10-04,325.956
1930-10-06,325.968
1930-10-08,326.121
1930-10-09,326.194
1930-10-10,326.264
1930-10-11,326.343
1930-10-12,326.419
1930-10-13,326.514
1930-10-14,326.477
1930-10-15,326.496
1930-10-16,326.480
1930-10-17,326.468
1930-10-19,326.438
1930-10-21,326.407
1930-10-23,326.377
1930-10-25,326.346
1930-10-28,326.301
1930-10-29,326.276
1930-10-31,326.154
1930-11-01,326.154
1930-11-02,326.151
1930-11-03,326.151
1930-11-04,326.145
1930-11-06,326.145
1930-11-07,326.154
1930-11-08,326.154
1930-11-09,326.166
1930-11-10,326.176
1930-11-11,326.176
1930-11-12,326.209
1930-11-13,326.221
1930-11-14,326.264
1930-11-16,326.368
1930-11-17,326.419
1930-11-18,326.496
1930-11-19,326.477
1930-11-20,326.550
1930-11-21,326.569
1930-11-25,326.532
1930-11-27,326.514
1930-11-28,326.535
1930-11-29,326.517
1930-11-30,326.496
1930-12-01,326.477
1930-12-06,326.477
1930-12-07,326.468
1930-12-08,326.480
1930-12-09,326.496
1930-12-10,326.514
1930-12-13,326.514
1930-12-14,326.550
1930-12-15,326.535
1930-12-16,326.523
1930-12-17,326.560
1930-12-18,326.532
1930-12-20,326.514
1930-12-21,326.496
1930-12-22,326.480
1930-12-23,326.477
1930-12-24,326.471
1930-12-25,326.468
1930-12-26,326.477
1930-12-28,326.502
1930-12-29,326.505
1930-12-30,326.505
1930-12-31,326.508
1931-01-01,326.514
1931-01-02,326.514
1931-01-03,326.560
1931-01-04,327.066
1931-01-05,326.861
1931-01-06,326.861
1931-01-07,326.877
1931-01-11,326.925
1931-01-12,326.938
1931-01-13,326.938
1931-01-14,326.950
1931-01-15,326.977
1931-01-18,326.904
1931-01-20,326.861
1931-01-21,327.361
1931-01-22,327.389
1931-01-23,327.367
1931-01-24,327.386
1931-01-25,327.401
1931-01-26,327.422
1931-01-27,327.422
1931-01-28,327.440
1931-01-29,327.456
1931-01-30,327.474
1931-01-31,327.456
1931-02-01,327.456
1931-02-02,327.428
1931-02-03,327.562
1931-02-04,327.568
1931-02-05,328.010
1931-02-06,328.010
1931-02-07,327.956
1931-02-08,327.898
1931-02-09,327.870
1931-02-10,327.840
1931-02-11,327.751
1931-02-12,327.690
1931-02-13,327.532
1931-02-14,327.498
1931-02-15,327.480
1931-02-16,327.422
1931-02-17,327.376
1931-02-18,327.325
1931-02-19,327.270
1931-02-20,327.218
1931-02-21,327.160
1931-02-22,327.142
1931-02-23,327.163
1931-02-24,327.191
1931-02-25,327.191
1931-02-26,327.163
1931-02-27,327.157
1931-02-28,327.148
1931-03-01,327.142
1931-03-02,327.355
1931-03-03,327.245
1931-03-04,327.133
1931-03-05,327.096
1931-03-07,327.017
1931-03-08,326.974
1931-03-10,326.938
1931-03-11,326.889
1931-03-12,326.837
1931-03-13,326.791
1931-03-14,326.761
1931-03-15,326.736
1931-03-17,326.639
1931-03-18,326.624
1931-03-19,326.605
1931-03-21,326.587
1931-03-22,326.581
1931-03-23,326.560
1931-03-24,326.550
1931-03-25,326.453
1931-03-26,326.346
1931-03-27,326.227
1931-03-28,326.307
1931-03-30,326.459
1931-03-31,326.526
1931-04-01,326.526
1931-04-03,326.618
1931-04-04,326.657
1931-04-05,326.639
1931-04-07,326.596
1931-04-09,326.560
1931-04-10,326.544
1931-04-11,326.535
1931-04-12,326.523
1931-04-13,326.514
1931-04-14,326.499
1931-04-16,326.480
1931-04-17,326.468
1931-04-18,326.499
1931-04-19,326.490
1931-04-20,326.435
1931-04-22,326.392
1931-04-23,326.377
1931-04-24,326.358
1931-04-25,326.337
1931-04-26,326.322
1931-04-28,326.279
1931-04-29,326.264
1931-05-01,326.221
1931-05-02,326.203
1931-05-04,326.160
1931-05-05,326.145
1931-05-06,326.121
1931-05-07,326.099
1931-05-08,326.081
1931-05-10,326.032
1931-05-11,326.017
1931-05-12,325.993
1931-05-13,325.974
1931-05-14,325.947
1931-05-15,325.929
1931-05-16,325.904
1931-05-17,325.886
1931-05-18,325.865
1931-05-19,325.852
1931-05-21,325.840
1931-05-22,325.828
1931-05-25,325.828
1931-05-26,325.980
1931-05-27,326.026
1931-05-28,326.026
1931-05-29,326.032
1931-05-30,326.032
1931-05-31,326.038
1931-06-01,326.038
1931-06-02,326.081
1931-06-03,326.115
1931-06-04,326.154
1931-06-05,326.151
1931-06-06,326.145
1931-06-07,326.145
1931-06-09,326.133
1931-06-12,326.133
1931-06-13,326.139
1931-06-15,326.139
1931-06-17,326.151
1931-06-18,326.154
1931-06-19,326.145
1931-06-20,326.133
1931-06-22,326.121
1931-06-23,326.109
1931-06-24,326.093
1931-06-25,326.069
1931-06-26,326.051
1931-06-27,326.026
1931-06-28,326.075
1931-06-29,326.121
1931-06-30,326.093
1931-07-01,326.057
1931-07-02,326.026
1931-07-03,325.999
1931-07-04,325.962
1931-07-05,325.929
1931-07-06,326.154
1931-07-07,326.154
1931-07-08,326.151
1931-07-09,326.151
1931-07-10,326.145
1931-07-11,326.145
1931-07-12,326.139
1931-07-13,326.139
1931-07-14,326.133
1931-07-15,326.133
1931-07-16,326.109
1931-07-17,326.081
1931-07-20,326.063
1931-07-21,326.051
1931-07-22,326.044
1931-07-23,326.044
1931-07-24,326.038
1931-07-25,325.999
1931-07-26,325.999
1931-07-27,326.005
1931-07-28,326.005
1931-07-29,326.011
1931-07-30,326.011
1931-07-31,325.980
1931-08-01,325.980
1931-08-02,325.947
1931-08-04,325.935
1931-08-05,325.923
1931-08-07,325.910
1931-08-08,325.898
1931-08-10,325.886
1931-08-11,325.865
1931-08-12,325.852
1931-08-13,325.834
1931-08-14,325.819
1931-08-15,325.801
1931-08-16,325.819
1931-08-17,325.846
1931-08-18,325.865
1931-08-20,325.865
1931-08-21,325.840
1931-08-22,325.807
1931-08-23,325.828
1931-08-24,325.852
1931-08-25,325.871
1931-08-26,325.898
1931-08-27,325.916
1931-08-28,325.941
1931-08-29,325.947
1931-08-30,325.956
1931-08-31,325.956
1931-09-01,325.962
1931-09-02,325.929
1931-09-03,325.898
1931-09-05,325.886
1931-09-06,325.886
1931-09-07,325.880
1931-09-08,325.871
1931-09-09,325.871
1931-09-10,325.886
1931-09-11,325.904
1931-09-12,325.916
1931-09-13,325.898
1931-09-14,325.886
1931-09-15,325.865
1931-09-16,325.886
1931-09-17,325.904
1931-09-18,325.898
1931-09-19,325.886
1931-09-20,325.880
1931-09-21,325.871
1931-09-22,325.880
1931-09-23,325.886
1931-09-24,325.880
1931-09-25,325.871
1931-09-26,325.871
1931-09-27,325.865
1931-09-28,325.865
1931-09-30,325.852
1931-10-01,325.916
1931-10-02,326.026
1931-10-03,326.154
1931-10-04,326.176
1931-10-07,326.176
1931-10-09,326.200
1931-10-11,326.316
1931-10-12,326.468
1931-10-13,326.618
1931-10-14,326.657
1931-10-15,326.691
1931-10-16,326.706
1931-10-18,326.730
1931-10-19,326.739
1931-10-20,326.752
1931-10-21,326.767
1931-10-22,326.779
1931-10-23,326.767
1931-10-24,326.758
1931-10-25,326.730
1931-10-27,326.700
1931-10-28,326.675
1931-10-29,326.648
1931-10-30,326.685
1931-11-01,326.752
1931-11-02,326.758
1931-11-03,326.779
1931-11-06,326.715
1931-11-07,326.700
1931-11-08,326.688
1931-11-10,326.645
1931-11-11,326.624
1931-11-12,326.630
1931-11-15,326.657
1931-11-16,326.657
1931-11-18,326.675
1931-11-19,326.685
1931-11-20,326.691
1931-11-21,326.700
1931-11-22,326.697
1931-11-23,326.691
1931-11-25,326.685
1931-11-27,326.666
1931-11-28,326.660
1931-11-30,326.654
1931-12-01,326.648
1931-12-03,326.630
1931-12-05,326.624
1931-12-07,326.605
1931-12-08,326.590
1931-12-10,326.572
1931-12-11,326.560
1931-12-16,326.560
1931-12-17,326.590
1931-12-18,326.624
1931-12-19,326.648
1931-12-27,326.648
1931-12-28,326.645
1931-12-29,326.639
1931-12-30,326.639
1931-12-31,326.636
1932-01-01,326.630
1932-01-02,326.648
1932-01-05,326.648
1932-01-06,326.654
1932-01-11,326.654
1932-01-12,326.657
1932-01-15,326.657
1932-01-16,326.645
1932-01-17,326.627
1932-01-18,326.605
1932-01-19,326.605
1932-01-20,326.581
1932-01-21,326.563
1932-01-22,326.550
1932-01-23,326.544
1932-01-24,326.541
1932-01-25,326.541
1932-01-26,326.535
1932-01-27,326.532
1932-01-28,326.523
1932-01-29,326.517
1932-01-30,326.514
1932-01-31,326.508
1932-02-02,326.490
1932-02-04,326.471
1932-02-07,326.444
1932-02-08,326.438
1932-02-09,326.438
1932-02-10,326.435
1932-02-11,326.422
1932-02-13,326.404
1932-02-14,326.392
1932-02-16,326.374
1932-02-17,326.361
1932-02-19,326.343
1932-02-20,326.331
1932-02-21,326.322
1932-02-22,326.322
1932-02-23,326.316
1932-02-24,326.316
1932-02-26,326.297
1932-02-27,326.285
1932-02-28,326.276
1932-03-01,326.252
1932-03-02,326.243
1932-03-03,326.230
1932-03-04,326.227
1932-03-07,326.209
1932-03-08,326.200
1932-03-10,326.176
1932-03-12,326.157
1932-03-13,326.151
1932-03-16,326.115
1932-03-17,326.102
1932-03-18,326.099
1932-03-20,326.087
1932-03-22,326.063
1932-03-24,326.051
1932-03-26,326.038
1932-03-28,326.026
1932-03-29,326.017
1932-03-31,325.993
1932-04-01,325.980
1932-04-03,325.993
1932-04-08,326.023
1932-04-09,326.026
1932-04-12,326.044
1932-04-14,326.057
1932-04-21,326.099
1932-04-22,326.102
1932-04-23,326.109
1932-04-26,326.145
1932-04-27,326.154
1932-04-28,326.151
1932-05-05,326.109
1932-05-06,326.102
1932-05-07,326.099
1932-05-15,326.051
1932-05-17,326.038
1932-05-19,326.026
1932-05-20,326.017
1932-05-22,325.993
1932-05-23,325.984
1932-05-24,325.968
1932-05-25,325.956
1932-05-26,325.935
1932-05-28,325.898
1932-05-29,325.880
1932-05-30,325.859
1932-05-31,325.840
1932-06-01,325.819
1932-06-02,325.801
1932-06-04,325.758
1932-06-05,325.743
1932-06-06,325.731
1932-06-07,325.715
1932-06-08,325.697
1932-06-10,325.648
1932-06-11,325.627
1932-06-13,325.578
1932-06-14,325.569
1932-06-15,325.563
1932-06-16,325.560
1932-06-18,325.529
1932-06-19,325.511
1932-06-20,325.490
1932-06-23,325.490
1932-06-24,325.502
1932-06-29,325.502
1932-06-30,325.511
1932-07-05,325.511
1932-07-06,325.520
1932-07-11,325.520
1932-07-12,325.529
1932-07-21,325.529
1932-07-22,325.523
1932-07-27,325.508
1932-07-28,325.499
1932-07-29,325.493
1932-07-30,325.490
1932-07-31,325.478
1932-08-01,325.468
1932-08-02,325.462
1932-08-03,325.459
1932-08-04,325.450
1932-08-06,325.438
1932-08-07,325.420
1932-08-09,325.395
1932-08-11,325.377
1932-08-12,325.386
1932-08-13,325.383
1932-08-14,325.377
1932-08-15,325.377
1932-08-16,325.407
1932-08-17,325.420
1932-08-18,325.423
1932-08-19,325.423
1932-08-20,325.426
1932-08-21,325.423
1932-08-24,325.423
1932-08-25,325.420
1932-08-26,325.414
1932-08-27,325.401
1932-08-28,325.459
1932-08-29,325.462
1932-08-30,325.462
1932-08-31,325.465
1932-09-01,325.462
1932-09-02,325.444
1932-09-03,325.468
1932-09-04,325.514
1932-09-05,325.514
1932-09-06,325.499
1932-09-07,325.529
1932-09-08,325.545
1932-09-09,325.554
1932-09-10,325.581
1932-09-11,325.590
1932-09-12,325.596
1932-09-13,325.599
1932-09-14,325.593
1932-09-15,325.596
1932-09-16,325.596
1932-09-17,325.624
1932-09-20,325.642
1932-09-21,325.645
1932-09-23,325.633
1932-09-24,325.630
1932-09-26,325.636
1932-09-27,325.636
1932-09-29,325.624
1932-09-30,325.627
1932-10-02,325.621
1932-10-03,325.621
1932-10-04,325.636
1932-10-05,325.654
1932-10-06,325.663
1932-10-07,325.663
1932-10-08,325.691
1932-10-09,325.782
1932-10-10,325.840
1932-10-11,326.069
1932-10-12,326.069
1932-10-13,326.136
1932-10-15,326.160
1932-10-16,326.154
1932-10-17,326.145
1932-10-18,326.169
1932-10-19,326.224
1932-10-20,326.233
1932-10-21,326.233
1932-10-22,326.230
1932-10-23,326.230
1932-10-24,326.261
1932-10-25,326.270
1932-10-26,326.273
1932-10-27,326.273
1932-10-28,326.276
1932-10-29,326.261
1932-10-31,326.273
1932-11-01,326.267
1932-11-02,326.255
1932-11-03,326.230
1932-11-04,326.285
1932-11-05,326.285
1932-11-06,326.267
1932-11-07,326.316
1932-11-08,326.313
1932-11-09,326.307
1932-11-10,326.310
1932-11-11,326.291
1932-11-12,326.285
1932-11-13,326.267
1932-11-14,326.291
1932-11-15,326.288
1932-11-16,326.282
1932-11-17,326.279
1932-11-18,326.261
1932-11-19,326.255
1932-11-20,326.243
1932-11-21,326.261
1932-11-22,326.246
1932-11-23,326.237
1932-11-24,326.230
1932-11-25,326.349
1932-11-26,326.739
1932-11-27,326.773
1932-11-28,326.794
1932-11-29,326.785
1932-11-30,326.788
1932-12-01,326.773
1932-12-02,326.755
1932-12-03,326.749
1932-12-04,326.724
1932-12-05,326.712
1932-12-06,326.694
1932-12-07,326.678
1932-12-08,326.642
1932-12-09,326.614
1932-12-10,326.718
1932-12-11,326.752
1932-12-12,326.755
1932-12-13,326.749
1932-12-14,326.727
1932-12-15,326.703
1932-12-16,326.712
1932-12-17,326.694
1932-12-18,326.666
1932-12-19,326.657
1932-12-20,326.627
1932-12-21,326.621
1932-12-22,326.605
1932-12-23,326.593
1932-12-24,326.572
1932-12-25,326.557
1932-12-26,326.547
1932-12-27,326.535
1932-12-28,326.541
1932-12-29,326.535
1932-12-30,326.505
1932-12-31,326.486
1933-01-01,326.544
1933-01-02,326.520
1933-01-03,326.535
1933-01-04,326.535
1933-01-06,326.505
1933-01-07,326.474
1933-01-08,326.474
1933-01-09,326.459
1933-01-10,326.413
1933-01-11,326.383
1933-01-12,326.383
1933-01-13,326.352
1933-01-16,326.307
1933-01-17,326.276
1933-01-18,326.291
1933-01-20,326.261
1933-01-23,326.261
1933-01-24,326.230
1933-01-25,326.230
1933-01-27,326.200
1933-01-28,326.200
1933-01-29,326.169
1933-01-30,326.185
1933-01-31,326.261
1933-02-01,326.322
1933-02-02,326.535
1933-02-03,326.611
1933-02-04,326.611
1933-02-07,326.566
1933-02-08,326.550
1933-02-09,326.505
1933-02-10,326.490
1933-02-11,326.520
1933-02-12,326.505
1933-02-14,326.444
1933-02-15,326.490
1933-02-17,326.490
1933-02-19,326.520
1933-02-20,326.596
1933-02-21,326.642
1933-02-22,326.733
1933-02-23,326.779
1933-02-24,326.840
1933-02-25,326.947
1933-02-26,327.008
1933-02-27,327.023
1933-02-28,327.053
1933-03-02,326.992
1933-03-03,326.992
1933-03-04,326.977
1933-03-05,326.931
1933-03-06,326.916
1933-03-07,326.871
1933-03-20,326.474
1933-03-21,326.596
1933-03-22,326.657
1933-03-23,326.642
1933-03-24,326.703
1933-03-25,326.840
1933-03-26,326.916
1933-03-27,326.916
1933-03-30,326.871
1933-03-31,326.825
1933-04-01,326.794
1933-04-02,326.779
1933-04-03,326.947
1933-04-04,326.901
1933-04-06,326.871
1933-04-07,326.840
1933-04-08,326.825
1933-04-09,327.053
1933-04-10,327.084
1933-04-12,327.053
1933-04-13,326.992
1933-04-14,327.114
1933-04-17,327.023
1933-04-18,327.008
1933-04-19,327.206
1933-04-20,327.282
1933-04-21,327.373
1933-04-22,327.373
1933-04-23,327.389
1933-04-24,327.373
1933-04-25,327.328
1933-04-26,327.297
1933-04-27,327.236
1933-04-29,327.175
1933-04-30,327.130
1933-05-01,327.114
1933-05-02,327.084
1933-05-03,327.038
1933-05-05,327.008
1933-05-07,326.947
1933-05-08,326.901
1933-05-09,326.886
1933-05-10,326.840
1933-05-11,326.810
1933-05-12,326.764
1933-05-13,326.749
1933-05-15,326.688
1933-05-16,326.871
1933-05-17,326.962
1933-05-18,326.992
1933-05-20,326.962
1933-05-22,326.901
1933-05-23,326.886
1933-05-24,326.931
1933-05-25,326.947
1933-05-26,326.931
1933-05-28,326.871
1933-05-29,326.855
1933-05-30,326.810
1933-06-03,326.688
1933-06-04,326.688
1933-06-05,326.642
1933-06-09,326.520
1933-06-10,326.505
1933-06-14,326.383
1933-06-16,326.352
1933-06-19,326.261
1933-06-21,326.230
1933-06-22,326.200
1933-06-26,326.139
1933-06-28,326.109
1933-06-29,326.093
1933-06-30,326.093
1933-07-01,326.078
1933-07-02,326.078
1933-07-04,326.048
1933-07-05,326.048
1933-07-07,326.017
1933-07-08,325.987
1933-07-09,326.002
1933-07-10,326.002
1933-07-13,325.956
1933-07-14,325.956
1933-07-15,326.383
1933-07-19,326.322
1933-07-21,326.291
1933-07-22,326.291
1933-07-25,326.246
1933-07-26,326.535
1933-07-27,326.505
1933-07-28,326.505
1933-07-30,326.474
1933-07-31,326.444
1933-08-01,326.459
1933-08-03,326.520
1933-08-04,326.535
1933-08-06,326.505
1933-08-07,326.505
1933-08-09,326.444
1933-08-12,326.398
1933-08-13,326.368
1933-08-15,326.337
1933-08-17,326.307
1933-08-19,326.276
1933-08-20,326.246
1933-08-22,326.215
1933-08-24,326.185
1933-08-26,326.154
1933-08-27,326.139
1933-08-28,326.139
1933-08-29,326.109
1933-08-31,326.078
1933-09-01,326.078
1933-09-03,326.048
1933-09-04,326.078
1933-09-06,326.109
1933-09-07,326.109
1933-09-11,326.169
1933-09-13,326.200
1933-09-15,326.230
1933-09-17,326.261
1933-09-19,326.291
1933-09-21,326.322
1933-09-23,326.352
1933-09-24,326.383
1933-09-28,326.383
1933-09-29,326.505
1933-09-30,326.535
1933-10-01,326.596
1933-10-03,326.749
1933-10-04,326.764
1933-10-05,326.733
1933-10-08,326.688
1933-10-10,326.657
1933-10-11,326.657
1933-10-13,326.627
1933-10-14,326.627
1933-10-15,326.611
1933-10-16,326.611
1933-10-17,326.596
1933-10-18,326.596
1933-10-19,326.566
1933-10-21,326.566
1933-10-22,326.550
1933-10-23,326.550
1933-10-24,326.535
1933-10-26,326.535
1933-10-28,326.505
1933-10-30,326.505
1933-11-01,326.474
1933-11-03,326.474
1933-11-04,326.459
1933-11-05,326.459
1933-11-06,326.444
1933-11-07,326.444
1933-11-08,326.429
1933-11-11,326.429
1933-11-12,326.413
1933-11-14,326.413
1933-11-15,326.398
1933-11-16,326.398
1933-11-17,326.383
1933-11-20,326.383
1933-11-21,326.368
1933-11-23,326.368
1933-11-24,326.352
1933-11-26,326.352
1933-11-27,326.337
1933-11-28,326.337
1933-11-29,326.352
1933-12-04,326.352
1933-12-05,326.337
1933-12-07,326.337
1933-12-08,326.352
1933-12-09,326.352
1933-12-11,326.383
1933-12-13,326.383
1933-12-14,326.368
1933-12-15,326.368
1933-12-16,326.352
1933-12-17,326.429
1933-12-18,326.490
1933-12-20,326.459
1933-12-21,326.444
1933-12-23,326.505
1933-12-24,326.566
1933-12-25,326.581
1933-12-26,326.550
1933-12-27,326.627
1933-12-28,326.642
1933-12-29,326.611
1933-12-31,326.581
1934-01-01,326.550
1934-01-04,326.505
1934-01-06,326.444
1934-01-08,326.413
1934-01-10,326.352
1934-01-12,326.383
1934-01-14,326.383
1934-01-15,326.368
1934-01-16,326.322
1934-01-20,326.261
1934-01-21,326.337
1934-01-22,326.352
1934-01-23,326.322
1934-01-24,326.307
1934-01-25,326.383
1934-01-26,326.429
1934-01-27,326.429
1934-01-29,326.398
1934-01-31,326.368
1934-02-02,326.337
1934-02-04,326.307
1934-02-05,326.291
1934-02-06,326.352
1934-02-07,326.352
1934-02-10,326.307
1934-02-12,326.276
1934-02-14,326.246
1934-02-15,326.230
1934-02-16,326.230
1934-02-17,326.215
1934-02-18,326.230
1934-02-20,326.200
1934-02-21,326.169
1934-02-23,326.139
1934-02-24,326.109
1934-02-26,326.078
1934-02-27,326.078
1934-03-01,326.048
1934-03-03,326.048
1934-03-04,326.017
1934-03-05,326.002
1934-03-06,325.971
1934-03-07,326.032
1934-03-08,326.063
1934-03-09,326.017
1934-03-10,326.063
1934-03-11,326.032
1934-03-12,326.063
1934-03-13,326.048
1934-03-14,326.048
1934-03-16,326.017
1934-03-17,325.987
1934-03-18,325.987
1934-03-19,325.971
1934-03-20,325.971
1934-03-23,325.926
1934-03-25,325.895
1934-03-26,325.956
1934-03-27,326.002
1934-03-30,325.956
1934-03-31,325.956
1934-04-02,325.926
1934-04-03,325.910
1934-04-04,325.910
1934-04-07,325.865
1934-04-08,325.834
1934-04-09,325.926
1934-04-10,326.200
1934-04-11,326.261
1934-04-14,326.215
1934-04-16,326.215
1934-04-17,326.352
1934-04-18,326.444
1934-04-19,326.474
1934-04-20,326.490
1934-04-21,326.490
1934-04-22,326.535
1934-04-23,326.657
1934-04-24,326.810
1934-04-25,326.871
1934-04-27,326.871
1934-04-28,326.855
1934-04-29,326.825
1934-04-30,326.810
1934-05-02,326.749
1934-05-03,326.871
1934-05-04,327.023
1934-05-05,327.038
1934-05-06,327.038
1934-05-08,326.977
1934-05-09,326.931
1934-05-11,326.871
1934-05-12,326.825
1934-05-13,326.764
1934-05-14,326.840
1934-05-15,326.931
1934-05-16,326.992
1934-05-18,326.992
1934-05-20,326.962
1934-05-21,326.931
1934-05-23,326.901
1934-05-24,326.916
1934-05-25,326.916
1934-05-26,326.886
1934-05-27,326.871
1934-05-28,326.840
1934-05-30,326.810
1934-05-31,326.779
1934-06-01,326.840
1934-06-02,326.840
1934-06-04,326.810
1934-06-06,326.749
1934-06-07,326.733
1934-06-14,326.520
1934-06-15,326.490
1934-06-16,326.444
1934-06-20,326.383
1934-06-22,326.322
1934-06-24,326.291
1934-06-25,326.261
1934-06-26,326.246
1934-06-27,326.352
1934-06-28,326.398
1934-06-29,326.383
1934-06-30,326.352
1934-07-03,326.307
1934-07-04,326.291
1934-07-05,326.230
1934-07-06,326.200
1934-07-07,326.200
1934-07-08,326.185
1934-07-09,326.185
1934-07-10,326.169
1934-07-13,326.169
1934-07-14,326.139
1934-07-15,326.154
1934-07-17,326.154
1934-07-19,326.124
1934-07-20,326.124
1934-07-22,326.093
1934-07-23,326.093
1934-07-26,326.048
1934-07-27,326.063
1934-07-31,326.002
1934-08-01,325.987
1934-08-02,325.987
1934-08-03,325.971
1934-08-04,325.971
1934-08-05,326.063
1934-08-06,326.032
1934-08-07,326.032
1934-08-10,325.987
1934-08-11,325.987
1934-08-12,325.971
1934-08-13,326.078
1934-08-14,326.200
1934-08-15,326.383
1934-08-16,326.474
1934-08-17,326.505
1934-08-19,326.535
1934-08-20,326.505
1934-08-21,326.505
1934-08-22,326.490
1934-08-23,326.490
1934-08-24,326.352
1934-08-26,326.322
1934-08-29,326.230
1934-08-30,326.337
1934-08-31,326.322
1934-09-01,326.413
1934-09-03,326.413
1934-09-04,326.398
1934-09-05,326.352
1934-09-06,326.352
1934-09-08,326.322
1934-09-10,326.261
1934-09-11,326.246
1934-09-12,326.215
1934-09-13,326.200
1934-09-14,326.246
1934-09-15,326.261
1934-09-16,326.246
1934-09-17,326.215
1934-09-18,326.200
1934-09-19,326.169
1934-09-23,326.109
1934-09-24,326.276
1934-09-25,326.291
1934-09-26,326.352
1934-09-27,326.398
1934-09-28,326.413
1934-09-29,326.413
1934-09-30,326.398
1934-10-01,326.413
1934-10-03,326.474
1934-10-04,326.962
1934-10-05,327.023
1934-10-06,327.038
1934-10-07,327.069
1934-10-08,327.023
1934-10-09,327.053
1934-10-10,327.008
1934-10-11,327.023
1934-10-12,327.069
1934-10-13,327.099
1934-10-14,327.084
1934-10-15,327.053
1934-10-16,327.145
1934-10-17,327.267
1934-10-18,327.328
1934-10-19,327.312
1934-10-20,327.282
1934-10-22,327.343
1934-10-23,327.312
1934-10-24,327.267
1934-10-25,327.236
1934-10-26,327.191
1934-10-27,327.160
1934-10-28,327.114
1934-10-29,327.053
1934-10-30,327.023
1934-11-01,326.992
1934-11-02,326.962
1934-11-03,326.901
1934-11-04,326.886
1934-11-07,326.794
1934-11-08,326.749
1934-11-09,326.733
1934-11-13,326.611
1934-11-16,326.611
1934-11-18,326.550
1934-11-19,326.535
1934-11-20,326.535
1934-11-22,326.566
1934-11-23,326.657
1934-11-25,326.657
1934-11-27,326.627
1934-11-28,326.581
1934-12-01,326.535
1934-12-03,326.535
1934-12-04,326.520
1934-12-05,326.520
1934-12-06,326.505
1934-12-07,326.550
1934-12-08,326.535
1934-12-09,326.535
1934-12-12,326.490
1934-12-14,326.459
1934-12-16,326.429
1934-12-17,326.398
1934-12-19,326.368
1934-12-21,326.337
1934-12-22,326.307
1934-12-25,326.352
1934-12-28,326.307
1934-12-29,326.307
1934-12-30,326.322
1934-12-31,326.352
1935-01-01,326.352
1935-01-02,326.337
1935-01-05,326.383
1935-01-06,326.383
1935-01-08,326.352
1935-01-09,326.322
1935-01-11,326.627
1935-01-12,326.566
1935-01-14,326.535
1935-01-15,326.520
1935-01-16,326.490
1935-01-17,326.490
1935-01-18,326.474
1935-01-19,326.474
1935-01-20,326.505
1935-01-21,326.566
1935-01-22,326.535
1935-01-23,326.566
1935-01-24,326.581
1935-01-25,326.566
1935-01-26,326.535
1935-01-27,326.657
1935-01-28,326.688
1935-01-29,326.749
1935-01-30,326.779
1935-02-01,326.749
1935-02-03,326.718
1935-02-05,326.688
1935-02-07,326.627
1935-02-09,326.596
1935-02-10,326.581
1935-02-11,326.535
1935-02-13,326.535
1935-02-15,326.505
1935-02-17,326.444
1935-02-19,326.413
1935-02-20,326.383
1935-02-21,326.368
1935-02-22,326.490
1935-02-23,326.474
1935-02-24,326.535
1935-02-25,326.611
1935-02-26,326.611
1935-03-01,326.566
1935-03-02,326.535
1935-03-03,326.474
1935-03-04,326.444
1935-03-06,326.413
1935-03-08,326.352
1935-03-10,326.322
1935-03-12,326.261
1935-03-16,326.200
1935-03-17,326.169
1935-03-18,326.169
1935-03-20,326.291
1935-03-21,326.307
1935-03-22,326.307
1935-03-23,326.261
1935-03-24,326.230
1935-03-25,326.291
1935-03-26,326.383
1935-03-27,326.413
1935-03-28,326.855
1935-03-29,326.825
1935-03-30,326.825
1935-03-31,326.810
1935-04-01,326.810
1935-04-03,326.749
1935-04-04,326.733
1935-04-05,326.749
1935-04-06,326.749
1935-04-08,326.688
1935-04-09,326.688
1935-04-11,326.627
1935-04-12,326.718
1935-04-14,326.688
1935-04-15,326.688
1935-04-19,326.566
1935-04-20,326.550
1935-04-22,326.490
1935-04-23,326.474
1935-04-25,326.413
1935-04-26,326.429
1935-04-27,326.398
1935-04-28,326.398
1935-04-30,326.368
1935-05-01,326.337
1935-05-02,326.322
1935-05-03,326.352
1935-05-04,326.352
1935-05-06,326.322
1935-05-07,326.291
1935-05-10,326.246
1935-05-11,326.215
1935-05-13,326.185
1935-05-15,326.154
1935-05-16,326.200
1935-05-17,326.230
1935-05-18,326.230
1935-05-19,326.261
1935-05-21,326.383
1935-05-24,326.383
1935-05-28,326.322
1935-05-29,326.322
1935-05-31,326.291
1935-06-01,326.474
1935-06-02,326.520
1935-06-03,326.535
1935-06-04,326.520
1935-06-07,326.520
1935-06-08,326.505
1935-06-09,326.505
1935-06-11,326.474
1935-06-12,326.474
1935-06-14,326.444
1935-06-15,326.413
1935-06-18,326.368
1935-06-20,326.337
1935-06-21,326.322
1935-06-22,326.322
1935-06-24,326.291
1935-06-25,326.291
1935-06-26,326.261
1935-06-28,326.261
1935-07-02,326.200
1935-07-03,326.185
1935-07-04,326.185
1935-07-06,326.154
1935-07-08,326.124
1935-07-10,326.063
1935-07-11,326.048
1935-07-12,326.048
1935-07-14,326.017
1935-07-16,325.987
1935-07-17,325.971
1935-07-18,325.971
1935-07-21,325.926
1935-07-23,325.895
1935-07-24,325.895
1935-07-26,325.865
1935-07-28,325.865
1935-07-30,325.834
1935-08-01,325.834
1935-08-02,325.819
1935-08-03,325.819
1935-08-04,325.804
1935-08-06,325.804
1935-08-07,325.788
1935-08-09,325.788
1935-08-10,325.773
1935-08-12,325.773
1935-08-14,325.804
1935-08-15,325.910
1935-08-16,325.956
1935-08-17,325.956
1935-08-19,325.926
1935-08-21,325.926
1935-08-23,325.895
1935-08-24,325.895
1935-08-25,325.880
1935-08-26,325.880
1935-08-27,325.865
1935-08-28,325.865
1935-08-29,325.849
1935-08-31,325.849
1935-09-01,325.834
1935-09-04,325.834
1935-09-06,325.804
1935-09-08,325.804
1935-09-10,325.773
1935-09-12,325.773
1935-09-14,325.743
1935-09-15,325.743
1935-09-16,325.728
1935-09-17,325.728
1935-09-18,325.712
1935-09-19,325.712
1935-09-21,325.682
1935-09-23,325.682
1935-09-24,325.667
1935-09-26,325.667
1935-09-27,325.651
1935-09-29,325.651
1935-09-30,325.682
1935-10-01,325.651
1935-10-02,325.712
1935-10-04,325.773
1935-10-05,325.834
1935-10-06,325.910
1935-10-08,325.941
1935-10-09,325.956
1935-10-11,326.048
1935-10-12,326.078
1935-10-14,326.109
1935-10-16,326.109
1935-10-17,326.093
1935-10-18,326.109
1935-10-19,326.109
1935-10-20,326.078
1935-10-23,326.078
1935-10-24,326.093
1935-10-26,326.093
1935-10-27,326.109
1935-10-28,326.109
1935-10-29,326.124
1935-10-30,326.124
1935-10-31,326.109
1935-11-01,326.109
1935-11-03,326.139
1935-11-05,326.139
1935-11-07,326.109
1935-11-09,326.109
1935-11-10,326.124
1935-11-11,326.124
1935-11-12,326.109
1935-11-15,326.109
1935-11-16,326.139
1935-11-17,326.230
1935-11-18,326.276
1935-11-19,326.291
1935-11-21,326.291
1935-11-22,326.307
1935-11-23,326.337
1935-11-25,326.337
1935-11-27,326.307
1935-11-29,326.307
1935-11-30,326.322
1935-12-01,326.322
1935-12-03,326.352
1935-12-04,326.352
1935-12-06,326.383
1935-12-12,326.383
1935-12-13,326.413
1935-12-14,326.398
1935-12-16,326.398
1935-12-17,326.383
1935-12-18,326.398
1935-12-19,326.383
1935-12-20,326.383
1935-12-22,326.352
1935-12-24,326.413
1935-12-25,326.413
1935-12-27,326.383
1935-12-28,326.490
1935-12-29,326.474
1935-12-30,326.474
1935-12-31,326.444
1936-01-01,326.428
1936-01-02,326.413
1936-01-03,326.383
1936-01-07,326.322
1936-01-08,326.291
1936-01-10,326.261
1936-01-11,326.230
1936-01-12,326.230
1936-01-14,326.169
1936-01-16,326.230
1936-01-17,326.230
1936-01-19,326.200
1936-01-20,326.200
1936-01-24,326.139
1936-01-25,326.109
1936-01-26,326.093
1936-01-27,326.048
1936-01-28,326.124
1936-01-29,326.139
1936-01-30,326.139
1936-02-01,326.109
1936-02-02,326.109
1936-02-04,326.078
1936-02-05,326.063
1936-02-06,326.063
1936-02-10,326.002
1936-02-11,325.987
1936-02-13,325.987
1936-02-15,325.956
1936-02-16,325.956
1936-02-17,325.926
1936-02-18,325.987
1936-02-19,325.956
1936-02-20,326.322
1936-02-21,326.322
1936-02-22,326.337
1936-02-23,326.337
1936-02-24,326.352
1936-02-26,326.352
1936-02-29,326.307
1936-03-01,326.291
1936-03-02,326.261
1936-03-03,326.322
1936-03-04,326.429
1936-03-05,326.413
1936-03-06,326.383
1936-03-08,326.352
1936-03-10,326.352
1936-03-11,326.337
1936-03-12,326.307
1936-03-14,326.276
1936-03-15,326.246
1936-03-16,326.261
1936-03-20,326.200
1936-03-21,326.169
1936-03-22,326.200
1936-03-23,326.200
1936-03-27,326.139
1936-03-29,326.109
1936-03-30,326.109
1936-03-31,326.139
1936-04-02,326.109
1936-04-03,326.093
1936-04-04,326.185
1936-04-05,326.230
1936-04-07,326.230
1936-04-09,326.261
1936-04-10,326.230
1936-04-11,326.322
1936-04-12,326.368
1936-04-14,326.398
1936-04-15,326.398
1936-04-16,326.383
1936-04-17,326.352
1936-04-18,326.352
1936-04-21,326.307
1936-04-22,326.291
1936-04-23,326.337
1936-04-24,326.444
1936-04-25,326.505
1936-04-26,326.535
1936-04-27,326.535
1936-04-28,326.550
1936-04-29,326.550
1936-04-30,326.535
1936-05-01,326.505
1936-05-03,326.474
1936-05-04,326.444
1936-05-05,326.429
1936-05-06,326.474
1936-05-07,326.535
1936-05-08,326.566
1936-05-10,326.535
1936-05-11,326.535
1936-05-14,326.490
1936-05-16,326.429
1936-05-18,326.398
1936-05-20,326.368
1936-05-21,326.337
1936-05-23,326.307
1936-05-25,326.276
1936-05-26,326.261
1936-05-27,326.230
1936-05-30,326.185
1936-05-31,326.169
1936-06-01,326.139
1936-06-03,326.109
1936-06-05,326.078
1936-06-07,326.048
1936-06-09,326.017
1936-06-12,326.017
1936-06-14,325.956
1936-06-15,325.971
1936-06-16,325.956
1936-06-17,325.956
1936-06-19,325.926
1936-06-21,325.895
1936-06-22,325.895
1936-06-24,325.865
1936-06-26,325.834
1936-06-27,325.834
1936-06-28,325.819
1936-06-29,325.849
1936-06-30,325.865
1936-07-02,325.865
1936-07-03,325.849
1936-07-04,325.865
1936-07-05,325.834
1936-07-06,325.956
1936-07-08,325.926
1936-07-10,325.895
1936-07-11,325.895
1936-07-12,325.880
1936-07-13,325.880
1936-07-14,325.865
1936-07-15,325.865
1936-07-16,325.849
1936-07-17,325.849
1936-07-18,325.834
1936-07-19,325.926
1936-07-20,325.987
1936-07-24,325.987
1936-07-25,325.971
1936-07-27,325.971
1936-07-28,325.956
1936-07-29,325.956
1936-07-31,325.926
1936-08-01,325.926
1936-08-03,325.895
1936-08-05,325.865
1936-08-06,325.926
1936-08-07,326.017
1936-08-08,326.063
1936-08-09,326.032
1936-08-10,326.032
1936-08-11,326.017
1936-08-12,326.078
1936-08-13,326.154
1936-08-14,326.261
1936-08-16,326.322
1936-08-17,326.337
1936-08-18,326.337
1936-08-19,326.322
1936-08-22,326.322
1936-08-23,326.444
1936-08-24,326.490
1936-08-25,326.505
1936-08-26,326.505
1936-08-27,326.596
1936-08-28,326.703
1936-08-30,326.733
1936-08-31,326.733
1936-09-02,326.703
1936-09-03,326.672
1936-09-04,326.627
1936-09-06,326.596
1936-09-07,326.581
1936-09-08,326.535
1936-09-09,326.505
1936-09-10,326.535
1936-09-12,326.505
1936-09-13,326.627
1936-09-14,326.611
1936-09-15,326.611
1936-09-16,326.749
1936-09-17,326.749
1936-09-18,326.764
1936-09-19,326.749
1936-09-20,326.749
1936-09-22,326.718
1936-09-24,326.718
1936-09-25,326.749
1936-09-26,326.749
1936-09-27,326.794
1936-09-28,326.779
1936-09-29,326.779
1936-09-30,326.749
1936-10-02,326.718
1936-10-03,326.810
1936-10-04,326.840
1936-10-06,326.840
1936-10-07,326.810
1936-10-08,326.871
1936-10-09,327.145
1936-10-10,327.358
1936-10-11,327.465
1936-10-12,327.480
1936-10-14,327.450
1936-10-17,327.358
1936-10-18,327.297
1936-10-19,327.282
1936-10-20,327.328
1936-10-21,327.358
1936-10-22,327.343
1936-10-23,327.312
1936-10-24,327.297
1936-10-25,327.297
1936-10-26,327.312
1936-10-27,327.297
1936-10-28,327.297
1936-10-29,327.328
1936-10-30,327.450
1936-11-01,327.572
1936-11-02,327.556
1936-11-03,327.572
1936-11-04,327.572
1936-11-05,327.556
1936-11-06,327.511
1936-11-08,327.480
1936-11-12,327.358
1936-11-13,327.312
1936-11-14,327.282
1936-11-15,327.236
1936-11-16,327.206
1936-11-17,327.236
1936-11-18,327.282
1936-11-19,327.297
1936-11-21,327.267
1936-11-22,327.434
1936-11-23,327.480
1936-11-24,327.541
1936-11-25,327.587
1936-11-26,327.639
1936-11-27,327.636
1936-11-28,327.626
1936-11-29,327.614
1936-11-30,327.620
1936-12-01,327.602
1936-12-02,327.556
1936-12-04,327.495
1936-12-05,327.486
1936-12-07,327.444
1936-12-08,327.404
1936-12-09,327.358
1936-12-10,327.322
1936-12-11,327.297
1936-12-12,327.261
1936-12-13,327.252
1936-12-14,327.181
1936-12-16,327.145
1936-12-17,327.084
1936-12-18,327.053
1936-12-20,326.980
1936-12-21,326.980
1936-12-22,327.029
1936-12-23,327.026
1936-12-24,327.017
1936-12-25,327.002
1936-12-27,326.977
1936-12-28,326.959
1936-12-29,326.962
1936-12-30,326.947
1936-12-31,326.916
1937-01-01,326.901
1937-01-02,326.871
1937-01-03,326.864
1937-01-04,326.840
1937-01-05,326.819
1937-01-06,326.871
1937-01-07,326.931
1937-01-08,326.938
1937-01-09,326.931
1937-01-10,326.931
1937-01-14,326.871
1937-01-15,326.843
1937-01-16,326.828
1937-01-17,326.810
1937-01-18,326.803
1937-01-19,326.779
1937-01-20,326.749
1937-01-21,326.779
1937-01-22,326.779
1937-01-23,326.755
1937-01-24,326.773
1937-01-25,326.770
1937-01-26,326.755
1937-01-27,326.746
1937-01-28,326.718
1937-01-30,326.657
1937-01-31,326.663
1937-02-01,326.642
1937-02-02,326.627
1937-02-03,326.596
1937-02-04,326.575
1937-02-05,326.560
1937-02-06,326.535
1937-02-07,326.514
1937-02-08,326.514
1937-02-09,326.508
1937-02-10,326.480
1937-02-11,326.520
1937-02-12,326.529
1937-02-13,326.535
1937-02-14,326.535
1937-02-16,326.505
1937-02-17,326.480
1937-02-18,326.471
1937-02-19,326.468
1937-02-20,326.444
1937-02-21,326.413
1937-02-22,326.395
1937-02-23,326.380
1937-02-24,326.371
1937-02-25,326.459
1937-02-26,326.474
1937-02-27,326.480
1937-02-28,326.490
1937-03-01,326.480
1937-03-02,326.474
1937-03-03,326.471
1937-03-04,326.465
1937-03-05,326.456
1937-03-06,326.410
1937-03-07,326.368
1937-03-08,326.459
1937-03-09,326.453
1937-03-10,326.422
1937-03-11,326.413
1937-03-13,326.377
1937-03-14,326.361
1937-03-15,326.343
1937-03-17,326.301
1937-03-19,326.270
1937-03-20,326.261
1937-03-21,326.249
1937-03-23,326.243
1937-03-25,326.218
1937-03-27,326.200
1937-03-29,326.176
1937-03-31,326.267
1937-04-02,326.352
1937-04-04,326.432
1937-04-06,326.517
1937-04-08,326.450
1937-04-10,326.377
1937-04-11,326.642
1937-04-12,326.599
1937-04-13,326.779
1937-04-14,326.956
1937-04-15,327.053
1937-04-16,327.032
1937-04-17,327.008
1937-04-18,326.980
1937-04-19,326.950
1937-04-20,326.922
1937-04-21,326.907
1937-04-22,326.889
1937-04-23,326.916
1937-04-24,326.901
1937-04-27,326.810
1937-04-29,326.755
1937-05-02,326.663
1937-05-03,326.639
1937-05-04,326.611
1937-05-05,326.532
1937-05-06,326.450
1937-05-08,326.621
1937-05-09,326.785
1937-05-10,326.773
1937-05-14,326.749
1937-05-16,326.742
1937-05-17,326.742
1937-05-18,326.739
1937-05-19,326.810
1937-05-20,326.883
1937-05-24,326.834
1937-05-26,326.785
1937-05-27,326.755
1937-05-28,326.721
1937-05-30,326.678
1937-05-31,326.660
1937-06-01,326.645
1937-06-03,326.700
1937-06-04,326.718
1937-06-05,326.739
1937-06-06,326.724
1937-06-07,326.712
1937-06-09,326.682
1937-06-11,326.657
1937-06-13,326.621
1937-06-14,326.608
1937-06-15,326.599
1937-06-16,326.584
1937-06-19,326.529
1937-06-21,326.505
1937-06-24,326.459
1937-06-25,326.441
1937-06-27,326.410
1937-06-28,326.395
1937-06-29,326.377
1937-06-30,326.361
1937-07-01,326.343
1937-07-02,326.331
1937-07-03,326.316
1937-07-04,326.297
1937-07-05,326.282
1937-07-06,326.270
1937-07-07,326.255
1937-07-08,326.233
1937-07-09,326.215
1937-07-10,326.200
1937-07-14,326.127
1937-07-16,326.090
1937-07-18,326.048
1937-07-19,326.026
1937-07-21,325.996
1937-07-22,325.977
1937-07-23,325.956
1937-07-25,325.926
1937-07-26,325.904
1937-07-27,325.880
1937-07-29,325.868
1937-07-31,325.807
1937-08-01,325.782
1937-08-02,325.755
1937-08-04,325.852
1937-08-05,325.880
1937-08-06,325.904
1937-08-07,325.901
1937-08-08,325.895
1937-08-09,325.886
1937-08-10,325.880
1937-08-11,325.877
1937-08-12,325.871
1937-08-13,325.871
1937-08-14,325.868
1937-08-16,325.837
1937-08-17,325.813
1937-08-18,325.785
1937-08-20,325.798
1937-08-22,325.871
1937-08-24,325.871
1937-08-25,325.874
1937-08-26,325.880
1937-08-28,325.880
1937-08-29,325.877
1937-08-30,325.871
1937-09-01,325.871
1937-09-03,325.852
1937-09-05,325.840
1937-09-06,325.840
1937-09-07,325.843
1937-09-08,325.834
1937-09-09,325.828
1937-09-10,325.819
1937-09-11,325.807
1937-09-12,325.819
1937-09-13,325.828
1937-09-14,325.846
1937-09-15,325.852
1937-09-16,325.862
1937-09-17,325.868
1937-09-18,325.868
1937-09-19,325.871
1937-09-21,325.926
1937-09-23,325.999
1937-09-24,326.008
1937-09-25,325.999
1937-09-26,325.999
1937-09-27,325.996
1937-09-29,325.984
1937-10-01,325.977
1937-10-03,325.977
1937-10-04,325.971
1937-10-05,325.962
1937-10-06,325.962
1937-10-07,325.959
1937-10-08,325.959
1937-10-09,325.956
1937-10-10,325.971
1937-10-11,325.990
1937-10-13,325.977
1937-10-15,325.996
1937-10-19,325.984
1937-10-21,325.977
1937-10-23,325.977
1937-10-26,325.968
1937-10-27,325.962
1937-10-31,325.962
1937-11-01,325.965
1937-11-02,325.971
1937-11-04,325.977
1937-11-05,325.984
1937-11-07,325.990
1937-11-08,325.990
1937-11-09,326.005
1937-11-10,326.017
1937-11-11,326.005
1937-11-12,325.990
1937-11-13,325.993
1937-11-14,325.999
1937-11-16,326.048
1937-11-18,326.109
1937-11-19,326.133
1937-11-20,326.160
1937-11-21,326.163
1937-11-22,326.163
1937-11-24,326.169
1937-11-26,326.163
1937-12-04,326.163
1937-12-05,326.160
1937-12-07,326.160
1937-12-08,326.157
1937-12-09,326.151
1937-12-10,326.148
1937-12-12,326.130
1937-12-13,326.145
1937-12-14,326.157
1937-12-16,326.176
1937-12-17,326.194
1937-12-18,326.209
1937-12-19,326.200
1937-12-20,326.188
1937-12-21,326.188
1937-12-22,326.185
1937-12-23,326.176
1937-12-24,326.163
1937-12-26,326.157
1937-12-28,326.224
1937-12-29,326.276
1937-12-30,326.331
1938-01-01,326.380
1938-01-02,326.383
1938-01-03,326.389
1938-01-05,326.438
1938-01-06,326.505
1938-01-07,326.569
1938-01-08,326.624
1938-01-09,326.675
1938-01-10,326.697
1938-01-11,326.691
1938-01-12,326.691
1938-01-13,326.688
1938-01-14,326.688
1938-01-15,326.685
1938-01-16,326.669
1938-01-17,326.657
1938-01-18,326.654
1938-01-19,326.648
1938-01-20,326.633
1938-01-21,326.621
1938-01-23,326.608
1938-01-25,326.596
1938-01-26,326.581
1938-01-28,326.544
1938-01-29,326.529
1938-02-01,326.493
1938-02-03,326.468
1938-02-05,326.438
1938-02-06,326.419
1938-02-07,326.416
1938-02-08,326.441
1938-02-09,326.453
1938-02-10,326.444
1938-02-11,326.432
1938-02-12,326.416
1938-02-14,326.404
1938-02-15,326.422
1938-02-16,326.438
1938-02-17,326.425
1938-02-18,326.416
1938-02-19,326.365
1938-02-20,326.340
1938-02-21,326.310
1938-02-22,326.282
1938-02-23,326.261
1938-02-24,326.243
1938-02-26,326.230
1938-02-28,326.230
1938-03-01,326.224
1938-03-02,326.331
1938-03-03,326.371
1938-03-04,326.392
1938-03-05,326.398
1938-03-06,326.407
1938-03-07,326.401
1938-03-08,326.383
1938-03-09,326.371
1938-03-11,326.328
1938-03-12,326.331
1938-03-13,326.383
1938-03-14,326.395
1938-03-15,326.392
1938-03-16,326.352
1938-03-17,326.331
1938-03-18,326.322
1938-03-19,326.291
1938-03-20,326.285
1938-03-21,326.276
1938-03-24,326.322
1938-03-25,326.352
1938-03-26,326.343
1938-03-27,326.322
1938-03-28,326.291
1938-03-29,326.282
1938-03-30,326.261
1938-04-03,326.261
1938-04-04,326.246
1938-04-05,326.389
1938-04-06,326.407
1938-04-07,326.450
1938-04-08,326.468
1938-04-09,326.480
1938-04-10,326.486
1938-04-11,326.483
1938-04-12,326.474
1938-04-13,326.450
1938-04-14,326.429
1938-04-15,326.404
1938-04-16,326.383
1938-04-17,326.779
1938-04-18,326.855
1938-04-19,326.810
1938-04-20,326.794
1938-04-21,326.764
1938-04-22,326.742
1938-04-23,326.733
1938-04-24,326.718
1938-04-25,326.706
1938-04-26,326.678
1938-04-27,326.657
1938-04-28,326.627
1938-04-30,326.596
1938-05-01,326.587
1938-05-02,326.587
1938-05-03,326.572
1938-05-04,326.550
1938-05-05,326.526
1938-05-06,326.505
1938-05-07,326.480
1938-05-08,326.499
1938-05-09,326.483
1938-05-10,326.474
1938-05-13,326.429
1938-05-14,326.407
1938-05-15,326.383
1938-05-16,326.377
1938-05-17,326.374
1938-05-18,326.352
1938-05-19,326.316
1938-05-20,326.316
1938-05-21,326.313
1938-05-22,326.297
1938-05-23,326.285
1938-05-24,326.267
1938-05-25,326.255
1938-05-26,326.230
1938-05-27,326.197
1938-05-28,326.182
1938-05-29,326.169
1938-05-30,326.163
1938-05-31,326.154
1938-06-01,326.148
1938-06-02,326.145
1938-06-03,326.133
1938-06-04,326.118
1938-06-05,326.109
1938-06-06,326.084
1938-06-07,326.066
1938-06-08,326.035
1938-06-09,326.035
1938-06-10,326.032
1938-06-12,326.032
1938-06-13,326.023
1938-06-14,326.011
1938-06-15,326.002
1938-06-16,325.987
1938-06-17,325.987
1938-06-18,325.993
1938-06-19,326.169
1938-06-20,326.307
1938-06-21,326.276
1938-06-22,326.252
1938-06-23,326.206
1938-06-24,326.176
1938-06-25,326.163
1938-06-26,326.145
1938-06-27,326.133
1938-06-28,326.124
1938-06-29,326.246
1938-06-30,326.230
1938-07-01,326.221
1938-07-02,326.209
1938-07-03,326.215
1938-07-04,326.215
1938-07-05,326.209
1938-07-06,326.206
1938-07-07,326.194
1938-07-08,326.176
1938-07-09,326.185
1938-07-10,326.142
1938-07-11,326.127
1938-07-12,326.109
1938-07-13,326.102
1938-07-15,326.054
1938-07-16,326.041
1938-07-17,326.017
1938-07-18,325.996
1938-07-19,326.072
1938-07-20,326.057
1938-07-21,326.051
1938-07-22,326.041
1938-07-23,326.023
1938-07-24,326.011
1938-07-25,325.987
1938-07-26,325.980
1938-07-27,325.956
1938-07-28,325.950
1938-07-29,325.932
1938-07-30,325.923
1938-07-31,325.904
1938-08-01,325.895
1938-08-02,325.871
1938-08-03,325.859
1938-08-04,325.849
1938-08-07,325.804
1938-08-08,325.795
1938-08-09,325.779
1938-08-10,325.773
1938-08-11,326.008
1938-08-12,325.962
1938-08-13,325.956
1938-08-14,325.956
1938-08-15,325.950
1938-08-16,326.255
1938-08-17,326.352
1938-08-18,326.358
1938-08-19,326.346
1938-08-20,326.322
1938-08-21,326.301
1938-08-22,326.282
1938-08-24,326.240
1938-08-25,326.230
1938-08-26,326.224
1938-08-27,326.206
1938-08-28,326.200
1938-08-29,326.191
1938-08-30,326.194
1938-08-31,326.215
1938-09-01,326.246
1938-09-02,326.267
1938-09-03,326.276
1938-09-04,326.276
1938-09-05,326.270
1938-09-06,326.249
1938-09-07,326.230
1938-09-08,326.224
1938-09-09,326.212
1938-09-10,326.206
1938-09-11,326.194
1938-09-12,326.176
1938-09-13,326.154
1938-09-14,326.154
1938-09-15,326.185
1938-09-16,326.261
1938-09-17,326.291
1938-09-18,326.307
1938-09-19,326.352
1938-09-20,326.365
1938-09-21,326.368
1938-09-22,326.374
1938-09-24,326.368
1938-09-25,326.352
1938-09-27,326.328
1938-09-28,326.322
1938-09-30,326.291
1938-10-02,326.279
1938-10-03,326.291
1938-10-04,326.297
1938-10-05,326.328
1938-10-06,326.331
1938-10-07,326.383
1938-10-08,326.444
1938-10-09,326.468
1938-10-10,326.468
1938-10-11,326.535
1938-10-12,326.596
1938-10-13,326.602
1938-10-14,326.605
1938-10-15,326.599
1938-10-16,326.596
1938-10-17,326.581
1938-10-18,326.618
1938-10-19,326.627
1938-10-26,326.627
1938-10-27,326.611
1938-10-28,326.605
1938-10-29,326.596
1938-10-30,326.602
1938-10-31,326.596
1938-11-04,326.596
1938-11-05,326.575
1938-11-06,326.566
1938-11-07,326.563
1938-11-08,326.566
1938-11-09,326.575
1938-11-10,326.590
1938-11-11,326.602
1938-11-12,326.642
1938-11-13,326.657
1938-11-14,326.669
1938-11-16,326.688
1938-11-17,326.709
1938-11-18,326.697
1938-11-19,326.694
1938-11-20,326.697
1938-11-21,326.682
1938-11-22,326.672
1938-11-23,326.657
1938-11-24,326.633
1938-11-25,326.678
1938-11-26,326.657
1938-11-27,326.642
1938-11-28,326.657
1938-11-29,326.697
1938-11-30,326.694
1938-12-01,326.688
1938-12-02,326.675
1938-12-03,326.657
1938-12-04,326.663
1938-12-05,326.739
1938-12-06,326.794
1938-12-07,326.822
1938-12-08,326.816
1938-12-09,326.816
1938-12-10,326.810
1938-12-11,326.810
1938-12-12,326.846
1938-12-13,326.846
1938-12-14,326.849
1938-12-15,326.871
1938-12-16,326.931
1938-12-17,326.968
1938-12-18,326.977
1938-12-19,326.977
1938-12-20,326.962
1938-12-21,326.953
1938-12-22,326.901
1938-12-24,326.877
1938-12-25,326.840
1938-12-26,326.816
1938-12-27,326.797
1938-12-28,326.773
1938-12-29,326.746
1938-12-30,326.715
1938-12-31,326.709
1939-01-01,326.688
1939-01-02,326.663
1939-01-03,326.642
1939-01-04,326.611
1939-01-06,326.581
1939-01-07,326.575
1939-01-08,326.550
1939-01-09,326.541
1939-01-10,326.529
1939-01-11,326.511
1939-01-12,326.499
1939-01-13,326.477
1939-01-14,326.462
1939-01-15,326.438
1939-01-16,326.429
1939-01-17,326.432
1939-01-18,326.419
1939-01-19,326.398
1939-01-21,326.368
1939-01-22,326.352
1939-01-23,326.322
1939-01-24,326.297
1939-01-25,326.291
1939-01-26,326.276
1939-01-27,326.276
1939-01-28,326.261
1939-01-29,326.240
1939-01-30,326.237
1939-01-31,326.224
1939-02-01,326.206
1939-02-02,326.194
1939-02-04,326.182
1939-02-05,326.169
1939-02-06,326.169
1939-02-07,326.163
1939-02-08,326.148
1939-02-09,326.099
1939-02-10,326.115
1939-02-11,326.109
1939-02-12,326.096
1939-02-13,326.102
1939-02-14,326.087
1939-02-15,326.078
1939-02-16,326.063
1939-02-17,326.063
1939-02-18,326.066
1939-02-19,326.038
1939-02-20,326.115
1939-02-21,326.139
1939-02-22,326.182
1939-02-23,326.191
1939-02-24,326.188
1939-02-25,326.173
1939-02-26,326.163
1939-02-27,326.148
1939-02-28,326.145
1939-03-01,326.136
1939-03-02,326.136
1939-03-03,326.118
1939-03-05,326.093
1939-03-06,326.087
1939-03-07,326.078
1939-03-08,326.054
1939-03-09,326.054
1939-03-10,326.063
1939-03-11,326.078
1939-03-12,326.102
1939-03-13,326.145
1939-03-14,326.148
1939-03-16,326.136
1939-03-17,326.127
1939-03-18,326.121
1939-03-19,326.109
1939-03-20,326.102
1939-03-21,326.084
1939-03-23,326.072
1939-03-24,326.048
1939-03-25,326.041
1939-03-26,326.032
1939-03-27,326.017
1939-03-28,326.011
1939-03-29,325.980
1939-03-31,325.932
1939-04-01,325.920
1939-04-02,325.910
1939-04-05,325.865
1939-04-07,325.840
1939-04-08,325.828
1939-04-09,325.810
1939-04-10,325.804
1939-04-11,325.788
1939-04-13,325.770
1939-04-14,325.758
1939-04-15,325.743
1939-04-16,325.752
1939-04-17,325.819
1939-04-18,325.987
1939-04-19,326.048
1939-04-20,326.060
1939-04-21,326.063
1939-04-22,326.054
1939-04-23,326.048
1939-04-24,326.032
1939-04-25,326.014
1939-04-26,326.014
1939-04-27,326.017
1939-04-28,326.032
1939-05-01,326.014
1939-05-02,326.002
1939-05-04,325.971
1939-05-05,325.959
1939-05-06,325.956
1939-05-08,325.926
1939-05-09,325.923
1939-05-10,325.904
1939-05-11,325.901
1939-05-12,325.895
1939-05-13,325.880
1939-05-14,325.868
1939-05-15,325.865
1939-05-16,325.865
1939-05-18,325.840
1939-05-19,325.840
1939-05-20,325.865
1939-05-21,325.907
1939-05-22,325.913
1939-05-23,325.950
1939-05-24,326.023
1939-05-25,326.182
1939-05-26,326.243
1939-05-27,326.261
1939-05-28,326.264
1939-05-29,326.261
1939-05-30,326.246
1939-05-31,326.237
1939-06-01,326.224
1939-06-02,326.206
1939-06-03,326.194
1939-06-04,326.173
1939-06-05,326.160
1939-06-06,326.145
1939-06-07,326.212
1939-06-08,326.368
1939-06-09,326.395
1939-06-11,326.401
1939-06-12,326.392
1939-06-13,326.380
1939-06-14,326.355
1939-06-15,326.343
1939-06-16,326.322
1939-06-18,326.291
1939-06-20,326.255
1939-06-21,326.230
1939-06-22,326.215
1939-06-23,326.206
1939-06-24,326.224
1939-06-25,326.212
1939-06-26,326.209
1939-06-27,326.520
1939-06-28,326.444
1939-06-29,326.413
1939-06-30,326.407
1939-07-01,326.477
1939-07-02,326.480
1939-07-03,326.474
1939-07-04,326.450
1939-07-05,326.429
1939-07-06,326.413
1939-07-07,326.386
1939-07-08,326.368
1939-07-09,326.346
1939-07-10,326.322
1939-07-11,326.294
1939-07-12,326.276
1939-07-13,326.261
1939-07-14,326.230
1939-07-15,326.206
1939-07-16,326.194
1939-07-18,326.145
1939-07-19,326.133
1939-07-20,326.109
1939-07-21,326.093
1939-07-22,326.081
1939-07-23,326.075
1939-07-24,326.063
1939-07-25,326.054
1939-07-26,326.038
1939-07-27,326.017
1939-07-28,326.002
1939-07-29,325.984
1939-07-30,325.962
1939-07-31,325.950
1939-08-01,325.926
1939-08-02,325.920
1939-08-03,325.901
1939-08-04,325.889
1939-08-05,325.871
1939-08-06,325.859
1939-08-07,325.837
1939-08-08,325.819
1939-08-09,325.819
1939-08-10,325.837
1939-08-11,325.837
1939-08-12,325.834
1939-08-13,325.822
1939-08-14,325.804
1939-08-15,325.804
1939-08-16,325.798
1939-08-17,325.785
1939-08-18,325.779
1939-08-19,325.770
1939-08-20,325.758
1939-08-22,325.752
1939-08-23,325.740
1939-08-24,325.731
1939-08-25,325.718
1939-08-26,325.715
1939-08-27,325.709
1939-08-28,325.706
1939-08-29,325.706
1939-08-30,325.703
1939-08-31,325.709
1939-09-01,325.712
1939-09-03,325.712
1939-09-04,325.718
1939-09-05,325.731
1939-09-06,325.734
1939-09-08,325.734
1939-09-09,325.718
1939-09-11,325.737
1939-09-12,325.767
1939-09-13,326.237
1939-09-14,326.240
1939-09-15,326.279
1939-09-17,326.194
1939-09-18,326.145
1939-09-19,326.133
1939-09-20,326.188
1939-09-21,326.185
1939-09-22,326.419
1939-09-23,326.657
1939-09-24,326.724
1939-09-25,326.749
1939-09-26,326.749
1939-09-27,326.733
1939-09-28,326.709
1939-09-29,326.675
1939-09-30,326.657
1939-10-01,326.627
1939-10-02,326.590
1939-10-03,326.550
1939-10-05,326.490
1939-10-06,326.474
1939-10-07,326.444
1939-10-08,326.429
1939-10-09,326.444
1939-10-10,326.496
1939-10-11,326.505
1939-10-13,326.505
1939-10-14,326.499
1939-10-15,326.480
1939-10-16,326.459
1939-10-17,326.447
1939-10-18,326.444
1939-10-19,326.456
1939-10-20,326.453
1939-10-21,326.444
1939-10-22,326.438
1939-10-23,326.416
1939-10-24,326.410
1939-10-25,326.389
1939-10-26,326.398
1939-10-27,326.413
1939-10-28,326.416
1939-10-29,326.407
1939-10-30,326.386
1939-10-31,326.374
1939-11-01,326.337
1939-11-02,326.355
1939-11-03,326.368
1939-11-04,326.377
1939-11-05,326.371
1939-11-06,326.355
1939-11-07,326.337
1939-11-08,326.325
1939-11-09,326.435
1939-11-10,326.572
1939-11-11,326.633
1939-11-12,326.663
1939-11-13,326.675
1939-11-14,326.675
1939-11-15,326.663
1939-11-18,326.645
1939-11-19,326.651
1939-11-20,326.663
1939-11-21,326.666
1939-11-23,326.660
1939-11-24,326.660
1939-11-26,326.648
1939-11-27,326.630
1939-11-28,326.627
1939-11-29,326.627
1939-11-30,326.672
1939-12-01,326.810
1939-12-02,326.864
1939-12-03,326.871
1939-12-04,326.910
1939-12-05,326.904
1939-12-06,326.895
1939-12-07,326.901
1939-12-08,326.950
1939-12-09,326.992
1939-12-10,326.989
1939-12-11,326.977
1939-12-12,326.962
1939-12-13,326.938
1939-12-14,326.907
1939-12-15,326.871
1939-12-16,326.867
1939-12-17,326.840
1939-12-18,326.825
1939-12-19,326.803
1939-12-20,326.776
1939-12-21,326.742
1939-12-22,326.721
1939-12-24,326.703
1939-12-25,326.706
1939-12-26,326.742
1939-12-27,326.746
1939-12-28,326.739
1939-12-29,326.718
1939-12-31,326.682
1940-01-01,326.636
1940-01-02,326.614
1940-01-03,326.614
1940-01-04,326.596
1940-01-05,326.572
1940-01-06,326.560
1940-01-08,326.511
1940-01-09,326.499
1940-01-10,326.474
1940-01-11,326.438
1940-01-12,326.413
1940-01-13,326.398
1940-01-14,326.657
1940-01-15,326.682
1940-01-16,326.642
1940-01-17,326.596
1940-01-18,326.602
1940-01-19,326.602
1940-01-20,326.596
1940-01-21,326.581
1940-01-22,326.572
1940-01-23,326.566
1940-01-24,326.566
1940-01-25,326.627
1940-01-26,326.651
1940-01-27,326.657
1940-01-28,326.688
1940-01-29,326.688
1940-01-30,326.709
1940-01-31,326.733
1940-02-01,326.755
1940-02-02,326.779
1940-02-03,326.764
1940-02-04,326.755
1940-02-06,326.749
1940-02-07,326.733
1940-02-08,326.810
1940-02-09,326.831
1940-02-10,326.840
1940-02-11,326.846
1940-02-12,326.840
1940-02-13,326.837
1940-02-14,326.803
1940-02-15,326.794
1940-02-16,326.767
1940-02-17,326.749
1940-02-18,326.727
1940-02-19,326.694
1940-02-20,326.694
1940-02-21,326.688
1940-02-23,326.688
1940-02-24,326.675
1940-02-25,326.657
1940-02-26,326.749
1940-02-27,326.788
1940-02-28,326.816
1940-02-29,326.864
1940-03-01,326.901
1940-03-02,327.175
1940-03-03,327.389
1940-03-04,327.398
1940-03-05,327.389
1940-03-06,327.404
1940-03-07,327.410
1940-03-08,327.334
1940-03-09,327.297
1940-03-10,327.242
1940-03-11,327.206
1940-03-12,327.160
1940-03-13,327.099
1940-03-14,327.069
1940-03-15,327.023
1940-03-16,326.962
1940-03-17,326.931
1940-03-18,326.895
1940-03-19,326.846
1940-03-21,326.773
1940-03-22,326.736
1940-03-23,326.718
1940-03-24,326.706
1940-03-25,326.672
1940-03-26,326.627
1940-03-27,326.596
1940-03-28,326.596
1940-03-29,326.566
1940-03-30,326.529
1940-03-31,326.490
1940-04-01,326.453
1940-04-02,326.560
1940-04-03,326.608
1940-04-04,326.602
1940-04-05,326.581
1940-04-06,326.550
1940-04-07,326.544
1940-04-08,326.535
1940-04-09,326.505
1940-04-10,326.499
1940-04-11,326.477
1940-04-13,326.441
1940-04-14,326.413
1940-04-15,326.383
1940-04-16,326.368
1940-04-17,326.358
1940-04-18,326.352
1940-04-19,326.328
1940-04-20,326.319
1940-04-21,326.301
1940-04-22,326.285
1940-04-24,326.237
1940-04-26,326.200
1940-04-27,326.267
1940-04-28,326.316
1940-04-29,326.316
1940-04-30,326.297
1940-05-02,326.285
1940-05-03,326.261
1940-05-04,326.255
1940-05-05,326.413
1940-05-06,326.468
1940-05-07,326.520
1940-05-08,326.590
1940-05-09,326.657
1940-05-10,326.627
1940-05-11,326.581
1940-05-13,326.520
1940-05-14,326.499
1940-05-16,326.450
1940-05-17,326.422
1940-05-18,326.413
1940-05-19,326.535
1940-05-20,326.810
1940-05-21,326.840
1940-05-22,326.861
1940-05-23,326.855
1940-05-25,326.825
1940-05-26,326.794
1940-05-27,326.810
1940-05-28,326.810
1940-05-29,326.785
1940-05-30,326.764
1940-05-31,326.733
1940-06-01,326.694
1940-06-02,326.657
1940-06-03,326.630
1940-06-04,326.630
1940-06-05,326.621
1940-06-06,326.596
1940-06-07,326.590
1940-06-08,326.550
1940-06-09,326.596
1940-06-10,326.688
1940-06-11,326.712
1940-06-12,326.733
1940-06-13,326.733
1940-06-14,326.724
1940-06-15,326.712
1940-06-16,326.688
1940-06-17,326.657
1940-06-18,326.633
1940-06-19,326.605
1940-06-20,326.590
1940-06-21,326.550
1940-06-22,326.535
1940-06-23,326.505
1940-06-24,326.511
1940-06-25,326.505
1940-06-27,326.462
1940-06-28,326.444
1940-06-30,326.383
1940-07-01,326.358
1940-07-02,326.337
1940-07-03,326.328
1940-07-04,326.325
1940-07-05,326.316
1940-07-06,326.291
1940-07-07,326.261
1940-07-08,326.255
1940-07-11,326.200
1940-07-12,326.200
1940-07-14,326.169
1940-07-15,326.169
1940-07-19,326.109
1940-07-21,326.078
1940-07-23,326.048
1940-07-25,326.017
1940-07-27,325.987
1940-07-29,325.956
1940-07-31,325.926
1940-08-01,325.920
1940-08-03,325.901
1940-08-05,325.889
1940-08-07,325.865
1940-08-09,325.834
1940-08-10,325.828
1940-08-12,325.804
1940-08-14,325.804
1940-08-15,325.798
1940-08-16,325.798
1940-08-17,325.792
1940-08-18,325.773
1940-08-19,325.773
1940-08-20,325.758
1940-08-21,325.749
1940-08-22,325.743
1940-08-24,325.743
1940-08-25,325.737
1940-08-26,325.743
1940-08-27,325.788
1940-08-29,325.819
1940-09-03,325.819
1940-09-04,325.816
1940-09-05,325.816
1940-09-06,325.804
1940-09-07,325.798
1940-09-08,325.788
1940-09-09,325.773
1940-09-10,325.779
1940-09-12,325.779
1940-09-13,325.767
1940-09-15,325.779
1940-09-17,325.779
1940-09-18,325.773
1940-09-20,325.785
1940-09-21,325.798
1940-09-22,325.804
1940-09-23,325.840
1940-09-24,325.843
1940-09-25,325.849
1940-09-26,325.889
1940-09-27,325.956
1940-09-28,325.993
1940-09-29,326.017
1940-09-30,326.032
1940-10-01,326.041
1940-10-03,326.048
1940-10-04,326.041
1940-10-05,326.038
1940-10-06,326.023
1940-10-07,326.048
1940-10-08,326.048
1940-10-09,326.032
1940-10-10,326.023
1940-10-12,326.011
1940-10-13,325.996
1940-10-14,325.987
1940-10-15,325.980
1940-10-16,326.230
1940-10-17,326.389
1940-10-18,326.474
1940-10-19,326.499
1940-10-20,326.508
1940-10-21,326.508
1940-10-22,326.499
1940-10-23,326.480
1940-10-24,326.618
1940-10-25,326.688
1940-10-26,326.694
1940-10-27,327.069
1940-10-28,327.322
1940-10-29,327.367
1940-10-30,327.389
1940-10-31,327.386
1940-11-01,327.361
1940-11-02,327.334
1940-11-04,327.273
1940-11-05,327.236
1940-11-06,327.230
1940-11-07,327.200
1940-11-08,327.160
1940-11-10,327.069
1940-11-11,327.038
1940-11-12,327.002
1940-11-13,326.986
1940-11-14,327.114
1940-11-15,327.169
1940-11-16,327.145
1940-11-17,327.139
1940-11-19,327.078
1940-11-20,327.069
1940-11-21,327.050
1940-11-22,327.020
1940-11-23,326.986
1940-11-24,326.931
1940-11-25,326.901
1940-11-26,326.877
1940-11-27,326.861
1940-11-28,326.843
1940-11-29,326.816
1940-11-30,326.834
1940-12-01,326.840
1940-12-02,326.822
1940-12-03,326.810
1940-12-04,326.782
1940-12-05,326.779
1940-12-06,326.816
1940-12-07,326.810
1940-12-08,326.788
1940-12-09,326.785
1940-12-10,326.803
1940-12-11,326.825
1940-12-12,326.810
1940-12-13,326.810
1940-12-14,326.785
1940-12-15,326.767
1940-12-16,326.746
1940-12-17,326.718
1940-12-18,326.712
1940-12-19,326.682
1940-12-20,326.648
1940-12-21,326.651
1940-12-22,326.642
1940-12-23,326.621
1940-12-24,326.718
1940-12-25,326.736
1940-12-26,326.712
1940-12-27,326.709
1940-12-28,326.678
1940-12-29,326.660
1940-12-30,326.636
1940-12-31,326.627
1941-01-01,326.602
1941-01-02,326.581
1941-01-03,326.566
1941-01-04,326.544
1941-01-05,326.529
1941-01-07,326.480
1941-01-09,326.444
1941-01-10,326.407
1941-01-11,326.377
1941-01-12,326.389
1941-01-13,326.389
1941-01-14,326.438
1941-01-15,326.416
1941-01-17,326.380
1941-01-21,326.368
1941-01-23,326.380
1941-01-25,326.380
1941-01-27,326.368
1941-01-29,326.361
1941-01-30,326.361
1941-01-31,326.352
1941-02-01,326.328
1941-02-02,326.322
1941-02-03,326.352
1941-02-04,326.413
1941-02-05,326.441
1941-02-06,326.441
1941-02-07,326.425
1941-02-08,326.392
1941-02-09,326.368
1941-02-10,326.371
1941-02-11,326.377
1941-02-12,326.358
1941-02-13,326.358
1941-02-15,326.377
1941-02-17,326.346
1941-02-18,326.322
1941-02-19,326.304
1941-02-21,326.230
1941-02-23,326.224
1941-02-25,326.176
1941-02-26,326.163
1941-02-27,326.145
1941-02-28,326.145
1941-03-01,326.139
1941-03-02,326.121
1941-03-03,326.093
1941-03-04,326.084
1941-03-05,326.078
1941-03-07,326.109
1941-03-08,326.109
1941-03-09,326.115
1941-03-10,326.115
1941-03-11,326.169
1941-03-12,326.200
1941-03-13,326.215
1941-03-14,326.197
1941-03-16,326.173
1941-03-17,326.163
1941-03-18,326.139
1941-03-20,326.115
1941-03-21,326.109
1941-03-22,326.112
1941-03-24,326.112
1941-03-25,326.102
1941-03-26,326.084
1941-03-27,326.078
1941-03-29,326.078
1941-03-31,326.200
1941-04-01,326.224
1941-04-02,326.230
1941-04-03,326.233
1941-04-05,326.215
1941-04-06,326.285
1941-04-07,326.325
1941-04-08,326.328
1941-04-09,326.334
1941-04-11,326.358
1941-04-12,326.358
1941-04-13,326.337
1941-04-14,326.307
1941-04-15,326.282
1941-04-16,326.276
1941-04-17,326.267
1941-04-19,326.255
1941-04-20,326.237
1941-04-21,326.215
1941-04-22,326.200
1941-04-23,326.179
1941-04-24,326.163
1941-04-25,326.145
1941-04-26,326.139
1941-04-27,326.109
1941-04-28,326.087
1941-04-29,326.078
1941-04-30,326.063
1941-05-01,326.051
1941-05-02,326.035
1941-05-04,326.011
1941-05-05,325.993
1941-05-06,325.984
1941-05-07,325.965
1941-05-08,325.950
1941-05-09,325.929
1941-05-10,325.910
1941-05-11,325.895
1941-05-12,325.886
1941-05-13,325.913
1941-05-15,325.920
1941-05-16,325.926
1941-05-17,325.929
1941-05-18,325.913
1941-05-20,325.926
1941-05-21,325.923
1941-05-22,325.916
1941-05-23,325.895
1941-05-24,325.898
1941-05-25,325.895
1941-05-26,325.895
1941-05-27,325.926
1941-05-28,326.048
1941-05-29,326.133
1941-05-30,326.148
1941-05-31,326.169
1941-06-01,326.176
1941-06-03,326.169
1941-06-05,326.157
1941-06-06,326.169
1941-06-07,326.163
1941-06-08,326.145
1941-06-09,326.136
1941-06-10,326.124
1941-06-11,326.398
1941-06-12,326.605
1941-06-13,326.511
1941-06-14,326.532
1941-06-15,326.529
1941-06-16,326.508
1941-06-17,326.490
1941-06-18,326.480
1941-06-19,326.474
1941-06-20,326.459
1941-06-21,326.438
1941-06-23,326.377
1941-06-24,326.352
1941-06-25,326.331
1941-06-26,326.297
1941-06-27,326.285
1941-06-28,326.261
1941-06-29,326.246
1941-06-30,326.224
1941-07-01,326.200
1941-07-02,326.185
1941-07-03,326.160
1941-07-04,326.139
1941-07-06,326.109
1941-07-07,326.084
1941-07-08,326.072
1941-07-09,326.048
1941-07-10,326.029
1941-07-11,326.002
1941-07-12,325.987
1941-07-13,325.965
1941-07-14,325.950
1941-07-15,325.929
1941-07-17,325.898
1941-07-18,325.880
1941-07-19,325.868
1941-07-20,325.859
1941-07-21,325.840
1941-07-22,325.834
1941-07-23,326.276
1941-07-24,326.352
1941-07-25,326.301
1941-07-26,326.285
1941-07-27,326.261
1941-07-28,326.230
1941-07-29,326.215
1941-07-30,326.197
1941-07-31,326.169
1941-08-01,326.154
1941-08-02,326.136
1941-08-03,326.115
1941-08-04,326.109
1941-08-05,326.081
1941-08-06,326.063
1941-08-07,326.048
1941-08-09,326.041
1941-08-10,326.038
1941-08-11,326.020
1941-08-12,326.011
1941-08-13,325.993
1941-08-14,325.987
1941-08-15,325.968
1941-08-16,325.956
1941-08-17,325.950
1941-08-18,325.932
1941-08-19,325.926
1941-08-21,325.895
1941-08-23,325.865
1941-08-24,325.862
1941-08-25,325.843
1941-08-27,325.819
1941-08-28,325.810
1941-08-30,325.798
1941-09-01,325.773
1941-09-02,325.767
1941-09-04,325.743
1941-09-05,325.734
1941-09-06,325.734
1941-09-07,325.721
1941-09-08,325.712
1941-09-09,325.706
1941-09-10,325.688
1941-09-11,325.682
1941-09-12,325.657
1941-09-13,325.654
1941-09-14,325.673
1941-09-15,325.673
1941-09-16,325.667
1941-09-17,325.654
1941-09-18,325.651
1941-09-20,325.651
1941-09-21,325.648
1941-09-22,325.639
1941-09-23,325.624
1941-09-24,325.621
1941-09-25,325.627
1941-09-26,325.657
1941-09-27,325.697
1941-09-28,325.715
1941-09-29,325.715
1941-10-01,325.721
1941-10-02,325.721
1941-10-03,325.718
1941-10-04,325.718
1941-10-06,325.712
1941-10-07,325.712
1941-10-08,325.706
1941-10-09,325.712
1941-10-10,325.721
1941-10-11,325.737
1941-10-12,325.743
1941-10-13,325.746
1941-10-14,325.746
1941-10-15,325.743
1941-10-16,325.743
1941-10-17,325.746
1941-10-18,325.764
1941-10-19,325.764
1941-10-20,325.758
1941-10-21,325.758
1941-10-22,325.767
1941-10-23,325.770
1941-10-28,325.770
1941-10-29,325.767
1941-10-30,325.752
1941-10-31,325.767
1941-11-01,325.773
1941-11-04,325.773
1941-11-06,325.767
1941-11-07,325.773
1941-11-08,325.889
1941-11-09,325.950
1941-11-10,325.968
1941-11-11,325.971
1941-11-12,325.977
1941-11-13,325.987
1941-11-14,326.002
1941-11-15,326.002
1941-11-16,326.008
1941-11-17,326.041
1941-11-18,326.078
1941-11-19,326.109
1941-11-20,326.237
1941-11-21,326.627
1941-11-22,326.718
1941-11-23,326.749
1941-11-24,326.794
1941-11-25,326.822
1941-11-26,326.864
1941-11-27,326.895
1941-11-28,326.901
1941-11-29,326.904
1941-11-30,326.901
1941-12-01,326.892
1941-12-02,326.846
1941-12-03,326.837
1941-12-04,326.834
1941-12-06,326.810
1941-12-07,326.810
1941-12-09,326.871
1941-12-10,326.904
1941-12-11,326.931
1941-12-12,326.931
1941-12-13,326.928
1941-12-14,326.928
1941-12-15,326.925
1941-12-16,326.925
1941-12-17,326.907
1941-12-18,326.916
1941-12-19,326.916
1941-12-20,326.901
1941-12-21,326.846
1941-12-22,326.825
1941-12-23,326.810
1941-12-24,326.803
1941-12-25,326.779
1941-12-26,326.742
1941-12-27,326.694
1941-12-28,326.669
1941-12-29,326.633
1941-12-30,326.614
1941-12-31,326.581
1942-01-01,326.560
1942-01-02,326.535
1942-01-03,326.514
1942-01-04,326.499
1942-01-05,326.465
1942-01-06,326.444
1942-01-07,326.441
1942-01-08,326.419
1942-01-09,326.389
1942-01-10,326.352
1942-01-11,326.340
1942-01-12,326.340
1942-01-13,326.368
1942-01-14,326.407
1942-01-15,326.444
1942-01-16,326.468
1942-01-17,326.535
1942-01-18,326.822
1942-01-19,326.871
1942-01-20,326.889
1942-01-21,326.901
1942-01-22,326.895
1942-01-23,326.877
1942-01-24,326.846
1942-01-25,326.825
1942-01-26,326.810
1942-01-27,326.782
1942-01-28,326.764
1942-01-29,326.742
1942-01-30,326.694
1942-01-31,326.663
1942-02-01,326.651
1942-02-02,326.627
1942-02-03,326.621
1942-02-04,326.602
1942-02-05,326.581
1942-02-08,326.480
1942-02-09,326.444
1942-02-10,326.419
1942-02-12,326.377
1942-02-13,326.352
1942-02-14,326.331
1942-02-15,326.322
1942-02-16,326.294
1942-02-17,326.276
1942-02-18,326.261
1942-02-19,326.261
1942-02-20,326.230
1942-02-21,326.224
1942-02-22,326.215
1942-02-23,326.200
1942-02-24,326.142
1942-02-25,326.169
1942-02-26,326.176
1942-02-27,326.200
1942-02-28,326.200
1942-03-01,326.194
1942-03-02,326.240
1942-03-03,326.267
1942-03-04,326.267
1942-03-06,326.255
1942-03-07,326.230
1942-03-08,326.230
1942-03-09,326.224
1942-03-10,326.203
1942-03-11,326.200
1942-03-13,326.139
1942-03-14,326.145
1942-03-16,326.139
1942-03-17,326.133
1942-03-18,326.124
1942-03-19,326.169
1942-03-20,326.261
1942-03-21,326.285
1942-03-22,326.288
1942-03-23,326.285
1942-03-25,326.261
1942-03-26,326.255
1942-03-27,326.252
1942-03-28,326.233
1942-03-29,326.230
1942-03-30,326.218
1942-03-31,326.203
1942-04-01,326.297
1942-04-02,326.365
1942-04-03,326.444
1942-04-04,326.566
1942-04-05,326.779
1942-04-06,326.919
1942-04-07,326.962
1942-04-08,326.986
1942-04-09,326.995
1942-04-10,326.989
1942-04-11,326.971
1942-04-12,326.962
1942-04-13,326.935
1942-04-14,326.901
1942-04-15,326.956
1942-04-16,326.974
1942-04-17,326.962
1942-04-19,326.931
1942-04-21,326.871
1942-04-22,326.855
1942-04-23,326.834
1942-04-24,326.794
1942-04-25,326.758
1942-04-26,326.718
1942-04-30,326.596
1942-05-01,326.560
1942-05-02,326.535
1942-05-03,326.541
1942-05-04,326.505
1942-05-05,326.596
1942-05-06,326.605
1942-05-07,326.666
1942-05-08,326.770
1942-05-09,326.779
1942-05-10,326.773
1942-05-11,326.755
1942-05-13,326.712
1942-05-14,326.666
1942-05-15,326.840
1942-05-16,327.084
1942-05-17,327.206
1942-05-18,327.288
1942-05-19,327.282
1942-05-20,327.358
1942-05-22,327.328
1942-05-23,327.328
1942-05-24,327.322
1942-05-25,327.282
1942-05-27,327.221
1942-05-29,327.130
1942-05-30,327.099
1942-05-31,327.053
1942-06-01,327.002
1942-06-02,326.947
1942-06-04,326.855
1942-06-06,326.764
1942-06-08,326.672
1942-06-09,326.633
1942-06-10,326.605
1942-06-11,326.566
1942-06-12,326.529
1942-06-13,326.490
1942-06-14,326.468
1942-06-15,326.425
1942-06-16,326.404
1942-06-17,326.380
1942-06-18,326.337
1942-06-19,326.346
1942-06-20,326.352
1942-06-21,326.368
1942-06-22,326.413
1942-06-23,326.413
1942-06-24,326.407
1942-06-25,326.395
1942-06-26,326.377
1942-06-28,326.328
1942-06-29,326.316
1942-06-30,326.346
1942-07-02,326.328
1942-07-03,326.474
1942-07-04,326.480
1942-07-05,326.541
1942-07-06,326.596
1942-07-07,326.611
1942-07-08,326.596
1942-07-09,326.572
1942-07-10,326.535
1942-07-11,326.611
1942-07-12,326.627
1942-07-13,326.627
1942-07-14,326.602
1942-07-17,326.511
1942-07-18,326.581
1942-07-20,326.550
1942-07-21,326.566
1942-07-23,326.566
1942-07-24,326.550
1942-07-25,326.511
1942-07-26,326.480
1942-07-27,326.444
1942-07-28,326.401
1942-07-29,326.383
1942-07-30,326.337
1942-08-01,326.276
1942-08-02,326.255
1942-08-03,326.224
1942-08-04,326.200
1942-08-05,326.169
1942-08-06,326.154
1942-08-07,326.136
1942-08-08,326.109
1942-08-10,326.072
1942-08-11,326.054
1942-08-12,326.048
1942-08-13,326.029
1942-08-14,326.017
1942-08-15,326.011
1942-08-16,325.987
1942-08-17,325.974
1942-08-18,325.959
1942-08-19,325.962
1942-08-20,325.980
1942-08-21,325.962
1942-08-22,326.038
1942-08-23,326.075
1942-08-24,326.084
1942-08-25,326.090
1942-08-28,326.072
1942-08-29,326.054
1942-08-30,326.041
1942-08-31,326.026
1942-09-01,326.026
1942-09-02,326.054
1942-09-03,326.054
1942-09-04,326.051
1942-09-05,326.044
1942-09-06,326.023
1942-09-07,326.014
1942-09-08,325.993
1942-09-09,325.999
1942-09-11,325.987
1942-09-12,325.980
1942-09-13,325.962
1942-09-17,325.938
1942-09-18,326.276
1942-09-19,326.291
1942-09-20,326.276
1942-09-21,326.407
1942-09-22,326.422
1942-09-23,326.450
1942-09-24,326.529
1942-09-25,326.596
1942-09-26,326.611
1942-09-27,326.621
1942-09-28,326.596
1942-09-29,326.663
1942-09-30,326.657
1942-10-01,326.657
1942-10-02,326.651
1942-10-03,326.596
1942-10-04,326.633
1942-10-05,326.682
1942-10-06,326.935
1942-10-07,327.145
1942-10-08,327.273
1942-10-09,327.325
1942-10-10,327.337
1942-10-12,327.319
1942-10-13,327.276
1942-10-14,327.242
1942-10-15,327.206
1942-10-17,327.145
1942-10-18,327.084
1942-10-19,327.038
1942-10-20,327.063
1942-10-21,327.111
1942-10-22,327.084
1942-10-23,327.376
1942-10-24,327.724
1942-10-25,327.870
1942-10-26,327.876
1942-10-27,327.870
1942-10-28,327.837
1942-10-29,327.791
1942-10-30,327.754
1942-10-31,327.712
1942-11-01,327.660
1942-11-02,327.602
1942-11-03,327.550
1942-11-04,327.501
1942-11-05,327.450
1942-11-07,327.328
1942-11-08,327.273
1942-11-09,327.252
1942-11-10,327.175
1942-11-11,327.145
1942-11-12,327.236
1942-11-13,327.221
1942-11-14,327.175
1942-11-16,327.297
1942-11-17,327.303
1942-11-18,327.273
1942-11-19,327.236
1942-11-20,327.203
1942-11-23,327.111
1942-11-24,327.072
1942-11-25,327.026
1942-11-26,326.992
1942-11-28,327.053
1942-11-29,327.056
1942-11-30,327.044
1942-12-01,326.968
1942-12-02,327.017
1942-12-03,327.163
1942-12-04,327.194
1942-12-05,327.197
1942-12-06,327.181
1942-12-07,327.184
1942-12-08,327.206
1942-12-09,327.242
1942-12-10,327.212
1942-12-11,327.187
1942-12-12,327.160
1942-12-13,327.117
1942-12-14,327.090
1942-12-15,327.053
1942-12-17,326.962
1942-12-18,326.931
1942-12-19,326.938
1942-12-21,326.925
1942-12-22,326.898
1942-12-23,326.867
1942-12-24,326.840
1942-12-25,326.806
1942-12-26,326.764
1942-12-27,326.742
1942-12-28,326.694
1942-12-29,326.742
1942-12-30,326.718
1942-12-31,326.712
1943-01-01,326.688
1943-01-02,326.651
1943-01-03,326.627
1943-01-04,326.596
1943-01-05,326.581
1943-01-06,326.554
1943-01-07,326.529
1943-01-08,326.499
1943-01-09,326.453
1943-01-10,326.535
1943-01-11,326.651
1943-01-12,326.663
1943-01-14,326.627
1943-01-15,326.602
1943-01-16,326.572
1943-01-17,326.550
1943-01-18,326.535
1943-01-19,326.596
1943-01-20,326.666
1943-01-21,326.663
1943-01-24,326.627
1943-01-25,326.611
1943-01-26,326.593
1943-01-27,326.566
1943-01-29,326.505
1943-01-30,326.490
1943-01-31,326.444
1943-02-01,326.499
1943-02-02,326.514
1943-02-03,326.499
1943-02-04,326.490
1943-02-05,326.499
1943-02-06,326.505
1943-02-07,326.499
1943-02-08,326.486
1943-02-09,326.490
1943-02-10,326.450
1943-02-12,326.438
1943-02-14,326.383
1943-02-16,326.444
1943-02-18,326.444
1943-02-20,326.432
1943-02-21,326.422
1943-02-22,326.419
1943-02-23,326.413
1943-02-24,326.505
1943-02-25,326.505
1943-02-26,326.535
1943-02-27,326.627
1943-02-28,326.596
1943-03-01,326.590
1943-03-02,326.572
1943-03-03,326.566
1943-03-04,326.541
1943-03-05,326.520
1943-03-07,326.490
1943-03-08,326.877
1943-03-09,327.075
1943-03-10,327.114
1943-03-11,327.099
1943-03-12,327.063
1943-03-13,327.029
1943-03-14,327.008
1943-03-15,326.977
1943-03-16,326.938
1943-03-17,326.901
1943-03-23,326.718
1943-03-24,326.682
1943-03-25,326.651
1943-03-26,326.627
1943-03-27,326.596
1943-03-28,326.572
1943-03-29,326.535
1943-03-30,326.505
1943-03-31,326.483
1943-04-01,326.471
1943-04-02,326.444
1943-04-05,326.352
1943-04-06,326.328
1943-04-07,326.297
1943-04-08,326.276
1943-04-09,326.246
1943-04-10,326.352
1943-04-11,326.352
1943-04-12,326.337
1943-04-13,326.319
1943-04-14,326.291
1943-04-15,326.285
1943-04-16,326.246
1943-04-17,326.230
1943-04-18,326.230
1943-04-19,326.246
1943-04-20,326.291
1943-04-21,326.328
1943-04-22,326.413
1943-04-24,326.742
1943-04-25,326.825
1943-04-26,326.864
1943-04-27,326.871
1943-04-28,326.864
1943-04-29,326.846
1943-04-30,326.816
1943-05-01,326.779
1943-05-04,326.688
1943-05-05,326.672
1943-05-06,326.642
1943-05-07,326.529
1943-05-08,326.901
1943-05-09,326.883
1943-05-10,326.877
1943-05-12,326.840
1943-05-13,326.828
1943-05-14,326.810
1943-05-15,326.785
1943-05-19,326.663
1943-05-20,326.627
1943-05-26,326.444
1943-05-27,326.419
1943-05-28,326.389
1943-05-29,326.368
1943-05-30,326.337
1943-05-31,326.319
1943-06-01,326.294
1943-06-02,326.276
1943-06-03,326.255
1943-06-04,326.261
1943-06-05,326.261
1943-06-07,326.230
1943-06-08,326.206
1943-06-09,326.197
1943-06-10,326.194
1943-06-11,326.194
1943-06-12,326.185
1943-06-13,326.169
1943-06-14,326.157
1943-06-15,326.148
1943-06-19,326.136
1943-06-21,326.118
1943-06-22,326.112
1943-06-23,326.109
1943-06-24,326.099
1943-06-25,326.084
1943-06-26,326.078
1943-06-27,326.133
1943-06-28,326.173
1943-06-29,326.176
1943-06-30,326.200
1943-07-01,326.206
1943-07-03,326.200
1943-07-04,326.215
1943-07-05,326.218
1943-07-06,326.203
1943-07-07,326.203
1943-07-08,326.383
1943-07-09,326.407
1943-07-10,326.413
1943-07-11,326.407
1943-07-13,326.358
1943-07-15,326.285
1943-07-16,326.237
1943-07-18,326.176
1943-07-19,326.154
1943-07-22,326.063
1943-07-25,325.980
1943-07-26,325.962
1943-07-27,326.017
1943-07-28,326.011
1943-07-29,325.993
1943-07-30,325.980
1943-07-31,325.956
1943-08-01,325.950
1943-08-02,325.929
1943-08-03,325.926
1943-08-05,325.932
1943-08-06,325.932
1943-08-07,325.926
1943-08-08,325.916
1943-08-09,325.895
1943-08-10,325.886
1943-08-11,325.871
1943-08-12,325.862
1943-08-13,325.843
1943-08-14,325.834
1943-08-15,325.831
1943-08-16,325.831
1943-08-17,325.828
1943-08-20,325.828
1943-08-21,325.819
1943-08-22,325.819
1943-08-23,325.810
1943-08-24,325.810
1943-08-28,325.798
1943-08-29,325.798
1943-08-30,325.782
1943-09-01,325.782
1943-09-03,325.776
1943-09-04,325.770
1943-09-05,325.770
1943-09-06,325.773
1943-09-07,325.770
1943-09-08,325.770
1943-09-09,325.767
1943-09-10,325.798
1943-09-11,326.011
1943-09-12,326.133
1943-09-13,326.169
1943-09-14,326.200
1943-09-15,326.224
1943-09-16,326.276
1943-09-17,326.276
1943-09-18,326.246
1943-09-19,326.209
1943-09-21,326.148
1943-09-22,326.121
1943-09-23,326.109
1943-09-24,326.109
1943-09-26,326.115
1943-09-27,326.109
1943-09-29,326.109
1943-10-01,326.115
1943-10-02,326.090
1943-10-05,326.072
1943-10-06,326.072
1943-10-07,326.078
1943-10-08,326.078
1943-10-09,326.072
1943-10-10,326.069
1943-10-11,326.057
1943-10-15,326.057
1943-10-16,326.051
1943-10-18,326.044
1943-10-19,326.048
1943-10-20,326.044
1943-10-21,326.051
1943-10-22,326.048
1943-10-23,326.048
1943-10-24,326.041
1943-10-25,326.041
1943-10-26,326.038
1943-10-27,326.029
1943-10-28,326.026
1943-10-30,326.026
1943-10-31,326.023
1943-11-01,326.017
1943-11-02,326.002
1943-11-03,325.971
1943-11-04,325.956
1943-11-05,325.932
1943-11-06,325.923
1943-11-08,325.929
1943-11-09,325.935
1943-11-10,325.926
1943-11-11,325.913
1943-11-12,325.907
1943-11-13,325.910
1943-11-14,325.923
1943-11-15,325.923
1943-11-16,325.920
1943-11-17,325.920
1943-11-18,325.901
1943-11-20,325.895
1943-11-22,325.883
1943-11-23,325.874
1943-11-24,325.868
1943-11-25,325.859
1943-11-26,325.856
1943-11-27,325.859
1943-11-28,325.865
1943-11-30,325.871
1943-12-01,325.880
1943-12-03,325.874
1943-12-04,325.865
1943-12-05,325.865
1943-12-06,325.859
1943-12-07,325.862
1943-12-10,325.862
1943-12-11,325.865
1943-12-12,325.865
1943-12-13,325.862
1943-12-14,325.865
1943-12-15,325.871
1943-12-16,325.880
1943-12-17,325.871
1943-12-19,325.877
1943-12-20,325.877
1943-12-21,325.883
1943-12-22,325.892
1943-12-23,325.895
1943-12-24,325.895
1943-12-25,325.898
1943-12-26,325.904
1943-12-27,325.916
1943-12-28,325.920
1943-12-29,325.901
1943-12-30,325.895
1943-12-31,325.895
1944-01-01,325.889
1944-01-02,325.886
1944-01-03,325.895
1944-01-04,325.901
1944-01-05,325.910
1944-01-06,325.913
1944-01-07,325.913
1944-01-08,325.926
1944-01-09,325.932
1944-01-10,325.944
1944-01-11,326.032
1944-01-12,326.148
1944-01-13,326.255
1944-01-14,326.237
1944-01-15,326.233
1944-01-16,326.215
1944-01-17,326.176
1944-01-18,326.176
1944-01-19,326.383
1944-01-20,326.480
1944-01-21,326.532
1944-01-22,326.535
1944-01-23,326.529
1944-01-24,326.511
1944-01-25,326.502
1944-01-26,326.480
1944-01-27,326.468
1944-01-28,326.444
1944-01-29,326.413
1944-01-30,326.389
1944-01-31,326.368
1944-02-01,326.352
1944-02-02,326.307
1944-02-03,326.346
1944-02-04,326.395
1944-02-05,326.246
1944-02-06,326.258
1944-02-07,326.416
1944-02-08,326.419
1944-02-09,326.413
1944-02-10,326.398
1944-02-11,326.563
1944-02-12,326.596
1944-02-13,326.590
1944-02-14,326.572
1944-02-15,326.566
1944-02-17,326.511
1944-02-18,326.505
1944-02-19,326.483
1944-02-20,326.468
1944-02-21,326.444
1944-02-22,326.496
1944-02-23,326.581
1944-02-24,326.590
1944-02-25,326.630
1944-02-26,326.733
1944-02-27,326.712
1944-02-28,326.755
1944-02-29,326.794
1944-03-01,326.721
1944-03-02,326.749
1944-03-03,326.779
1944-03-04,326.803
1944-03-07,326.767
1944-03-08,326.739
1944-03-09,326.709
1944-03-10,326.691
1944-03-11,326.669
1944-03-12,326.669
1944-03-13,326.675
1944-03-14,326.703
1944-03-15,326.727
1944-03-16,326.758
1944-03-17,326.767
1944-03-18,326.770
1944-03-19,326.770
1944-03-21,326.758
1944-03-22,326.746
1944-03-23,326.730
1944-03-25,326.688
1944-03-27,326.651
1944-03-28,326.630
1944-03-29,326.605
1944-03-31,326.563
1944-04-03,326.471
1944-04-05,326.416
1944-04-06,326.419
1944-04-07,326.532
1944-04-08,326.639
1944-04-09,326.688
1944-04-10,326.727
1944-04-14,326.788
1944-04-16,326.770
1944-04-18,326.733
1944-04-19,326.727
1944-04-20,326.718
1944-04-22,326.669
1944-04-24,326.639
1944-04-25,326.614
1944-04-26,326.621
1944-04-27,326.678
1944-04-28,326.733
1944-04-29,326.770
1944-04-30,326.770
1944-05-02,326.758
1944-05-04,326.727
1944-05-06,326.691
1944-05-07,326.678
1944-05-08,326.663
1944-05-09,326.651
1944-05-10,326.767
1944-05-11,326.800
1944-05-12,326.800
1944-05-13,326.797
1944-05-14,326.791
1944-05-15,326.791
1944-05-16,326.788
1944-05-17,326.758
1944-05-19,326.703
1944-05-20,326.669
1944-05-21,326.642
1944-05-22,326.608
1944-05-23,326.587
1944-05-24,326.563
1944-05-26,326.490
1944-05-27,326.456
1944-05-28,326.419
1944-05-29,326.386
1944-05-30,326.349
1944-05-31,326.322
1944-06-04,326.188
1944-06-05,326.151
1944-06-07,326.072
1944-06-09,325.987
1944-06-11,325.926
1944-06-13,325.859
1944-06-14,325.852
1944-06-15,325.849
1944-06-16,325.849
1944-06-17,325.859
1944-06-19,325.993
1944-06-21,326.096
1944-06-22,326.121
1944-06-23,326.142
1944-06-24,326.139
1944-06-25,326.133
1944-06-26,326.148
1944-06-27,326.148
1944-06-29,326.142
1944-07-01,326.148
1944-07-02,326.142
1944-07-03,326.139
1944-07-04,326.130
1944-07-05,326.124
1944-07-07,326.087
1944-07-08,326.078
1944-07-09,326.072
1944-07-10,326.057
1944-07-13,326.148
1944-07-14,326.151
1944-07-15,326.151
1944-07-16,326.206
1944-07-17,326.343
1944-07-18,326.337
1944-07-19,326.328
1944-07-21,326.285
1944-07-22,326.276
1944-07-23,326.270
1944-07-24,326.249
1944-07-25,326.230
1944-07-27,326.182
1944-07-28,326.173
1944-07-31,326.173
1944-08-02,326.148
1944-08-03,326.163
1944-08-04,326.215
1944-08-05,326.301
1944-08-06,326.383
1944-08-07,326.368
1944-08-08,326.349
1944-08-10,326.294
1944-08-12,326.246
1944-08-14,326.215
1944-08-15,326.176
1944-08-16,326.133
1944-08-17,326.093
1944-08-18,326.057
1944-08-20,326.014
1944-08-21,325.999
1944-08-22,326.014
1944-08-24,326.008
1944-08-25,326.008
1944-08-30,325.993
1944-09-01,326.005
1944-09-03,326.005
1944-09-05,325.999
1944-09-06,325.987
1944-09-07,325.977
1944-09-09,325.916
1944-09-11,325.831
1944-09-12,325.816
1944-09-13,325.798
1944-09-15,325.779
1944-09-17,325.773
1944-09-21,325.749
1944-09-23,325.731
1944-09-25,325.718
1944-09-27,325.712
1944-09-29,325.700
1944-10-03,325.688
1944-10-05,325.670
1944-10-10,325.670
1944-10-12,325.657
1944-10-13,325.700
1944-10-14,325.767
1944-10-15,325.831
1944-10-16,325.913
1944-10-17,325.993
1944-10-18,326.081
1944-10-19,326.197
1944-10-20,326.294
1944-10-21,326.389
1944-10-22,326.465
1944-10-23,326.480
1944-10-25,326.474
1944-10-27,326.480
1944-10-28,326.502
1944-10-29,326.554
1944-10-30,326.666
1944-10-31,326.770
1944-11-01,326.822
1944-11-02,326.791
1944-11-04,326.718
1944-11-06,326.663
1944-11-07,326.618
1944-11-08,326.608
1944-11-09,326.608
1944-11-10,326.630
1944-11-11,326.694
1944-11-12,326.755
1944-11-13,326.825
1944-11-14,326.889
1944-11-15,326.928
1944-11-16,326.947
1944-11-18,326.959
1944-11-20,326.965
1944-11-22,326.965
1944-11-24,326.880
1944-11-25,326.883
1944-11-26,326.889
1944-11-28,326.931
1944-11-29,326.928
1944-11-30,326.922
1944-12-01,326.907
1944-12-02,326.889
1944-12-03,326.867
1944-12-04,326.849
1944-12-05,326.828
1944-12-06,326.810
1944-12-08,326.767
1944-12-10,326.730
1944-12-12,326.700
1944-12-13,326.691
1944-12-14,326.694
1944-12-16,326.730
1944-12-17,326.746
1944-12-18,326.746
1944-12-20,326.727
1944-12-22,326.709
1944-12-23,326.703
1944-12-24,326.691
1944-12-26,326.678
1944-12-27,326.691
1944-12-28,326.700
1944-12-29,326.718
1944-12-30,326.733
1944-12-31,326.758
1945-01-01,326.779
1945-01-02,326.892
1945-01-03,326.995
1945-01-04,327.114
1945-01-05,327.230
1945-01-07,327.425
1945-01-09,327.383
1945-01-10,327.358
1945-01-11,327.337
1945-01-13,327.288
1945-01-14,327.270
1945-01-15,327.248
1945-01-16,327.221
1945-01-17,327.197
1945-01-18,327.142
1945-01-19,327.142
1945-01-20,327.230
1945-01-21,327.316
1945-01-22,327.355
1945-01-23,327.316
1945-01-24,327.279
1945-01-25,327.236
1945-01-26,327.212
1945-01-27,327.184
1945-01-29,327.105
1945-01-31,327.044
1945-02-02,326.989
1945-02-03,326.956
1945-02-04,326.919
1945-02-05,326.849
1945-02-06,326.840
1945-02-08,326.919
1945-02-09,326.938
1945-02-10,326.880
1945-02-11,326.791
1945-02-12,326.755
1945-02-14,326.730
1945-02-15,326.706
1945-02-16,326.709
1945-02-17,326.837
1945-02-18,326.959
1945-02-19,327.123
1945-02-20,327.282
1945-02-21,327.428
1945-02-22,327.428
1945-02-24,327.477
1945-02-25,327.477
1945-02-26,327.474
1945-02-28,327.413
1945-03-01,327.367
1945-03-02,327.486
1945-03-03,327.608
1945-03-04,327.633
1945-03-05,327.602
1945-03-06,327.587
1945-03-07,327.517
1945-03-08,327.480
1945-03-09,327.419
1945-03-10,327.364
1945-03-11,327.334
1945-03-12,327.306
1945-03-13,327.267
1945-03-14,327.175
1945-03-15,327.181
1945-03-16,327.175
1945-03-17,327.148
1945-03-18,327.117
1945-03-19,327.084
1945-03-20,327.032
1945-03-21,326.999
1945-03-22,327.053
1945-03-23,326.968
1945-03-24,327.029
1945-03-25,327.038
1945-03-26,327.041
1945-03-27,327.130
1945-03-28,327.175
1945-03-29,327.166
1945-03-30,327.145
1945-03-31,327.117
1945-04-01,327.093
1945-04-02,327.059
1945-04-03,327.029
1945-04-04,327.017
1945-04-05,327.078
1945-04-06,327.075
1945-04-08,327.081
1945-04-09,327.053
1945-04-10,327.017
1945-04-11,326.992
1945-04-12,327.087
1945-04-13,327.078
1945-04-14,327.108
1945-04-15,327.108
1945-04-16,327.053
1945-04-17,327.029
1945-04-20,326.938
1945-04-21,326.901
1945-04-23,326.810
1945-04-24,326.779
1945-04-25,326.755
1945-04-26,326.724
1945-04-27,326.712
1945-04-28,326.678
1945-04-29,326.651
1945-04-30,326.627
1945-05-01,326.596
1945-05-02,326.618
1945-05-03,326.627
1945-05-04,326.624
1945-05-05,326.596
1945-05-06,326.581
1945-05-07,326.560
1945-05-08,326.535
1945-05-09,326.505
1945-05-11,326.468
1945-05-13,326.419
1945-05-14,326.398
1945-05-15,326.383
1945-05-16,326.358
1945-05-17,326.349
1945-05-18,326.337
1945-05-19,326.322
1945-05-20,326.316
1945-05-21,326.297
1945-05-22,326.276
1945-05-24,326.240
1945-05-25,326.227
1945-05-26,326.200
1945-05-27,326.191
1945-05-28,326.169
1945-05-29,326.145
1945-05-30,326.139
1945-05-31,326.115
1945-06-01,326.102
1945-06-02,326.078
1945-06-04,326.048
1945-06-05,326.041
1945-06-06,326.041
1945-06-07,326.032
1945-06-08,326.020
1945-06-09,326.017
1945-06-10,326.011
1945-06-11,325.996
1945-06-12,325.987
1945-06-13,325.980
1945-06-15,325.962
1945-06-17,325.926
1945-06-18,325.916
1945-06-19,325.901
1945-06-20,325.889
1945-06-21,325.871
1945-06-22,325.865
1945-06-23,325.856
1945-06-24,325.849
1945-06-25,325.840
1945-06-26,325.834
1945-06-27,325.819
1945-06-28,325.807
1945-06-29,325.798
1945-06-30,325.782
1945-07-01,325.773
1945-07-03,325.743
1945-07-04,325.737
1945-07-05,325.728
1945-07-06,325.712
1945-07-07,325.691
1945-07-08,325.715
1945-07-09,325.721
1945-07-10,325.718
1945-07-11,325.712
1945-07-12,325.712
1945-07-13,325.718
1945-07-14,325.743
1945-07-15,325.807
1945-07-16,325.792
1945-07-17,325.758
1945-07-18,325.743
1945-07-19,325.737
1945-07-20,325.728
1945-07-21,325.715
1945-07-22,325.709
1945-07-23,325.697
1945-07-26,325.679
1945-07-27,325.667
1945-07-28,325.657
1945-07-29,325.651
1945-07-30,325.648
1945-07-31,325.630
1945-08-01,325.621
1945-08-02,325.603
1945-08-03,325.590
1945-08-04,325.630
1945-08-05,325.798
1945-08-06,325.807
1945-08-08,325.819
1945-08-09,325.816
1945-08-10,325.822
1945-08-11,325.819
1945-08-12,325.810
1945-08-13,325.804
1945-08-14,325.792
1945-08-15,325.782
1945-08-16,325.779
1945-08-17,325.773
1945-08-18,325.810
1945-08-19,325.849
1945-08-20,325.834
1945-08-21,325.810
1945-08-22,325.804
1945-08-23,325.788
1945-08-24,325.782
1945-08-25,325.795
1945-08-26,325.804
1945-08-27,325.865
1945-08-28,325.971
1945-08-29,326.008
1945-08-30,326.023
1945-08-31,326.023
1945-09-01,326.069
1945-09-02,326.139
1945-09-03,326.230
1945-09-05,326.474
1945-09-06,326.657
1945-09-07,326.810
1945-09-08,327.053
1945-09-09,327.047
1945-09-10,327.023
1945-09-11,327.002
1945-09-12,326.989
1945-09-14,326.947
1945-09-16,326.916
1945-09-17,326.910
1945-09-20,326.901
1945-09-21,326.895
1945-09-23,326.871
1945-09-24,326.840
1945-09-25,326.816
1945-09-26,326.810
1945-09-27,326.779
1945-09-28,326.773
1945-09-29,326.749
1945-09-30,326.742
1945-10-01,326.733
1945-10-02,326.733
1945-10-03,326.724
1945-10-04,326.703
1945-10-05,326.688
1945-10-06,326.688
1945-10-07,326.675
1945-10-08,326.642
1945-10-09,326.627
1945-10-10,326.596
1945-10-11,326.608
1945-10-12,326.654
1945-10-13,326.688
1945-10-14,326.709
1945-10-15,326.709
1945-10-16,326.688
1945-10-18,326.657
1945-10-19,326.636
1945-10-20,326.596
1945-10-21,326.572
1945-10-22,326.550
1945-10-23,326.532
1945-10-24,326.520
1945-10-25,326.511
1945-10-28,326.502
1945-10-29,326.490
1945-10-31,326.459
1945-11-03,326.432
1945-11-04,326.590
1945-11-05,326.627
1945-11-06,326.779
1945-11-07,327.017
1945-11-08,327.145
1945-11-09,327.172
1945-11-10,327.197
1945-11-11,327.242
1945-11-12,327.242
1945-11-13,327.297
1945-11-14,327.300
1945-11-15,327.297
1945-11-17,327.267
1945-11-18,327.242
1945-11-19,327.212
1945-11-20,327.187
1945-11-21,327.160
1945-11-22,327.145
1945-11-23,327.450
1945-11-24,327.541
1945-11-25,327.544
1945-11-26,327.541
1945-11-27,327.526
1945-11-28,327.541
1945-11-29,327.523
1945-11-30,327.495
1945-12-01,327.480
1945-12-02,327.532
1945-12-03,327.489
1945-12-04,327.450
1945-12-06,327.614
1945-12-07,327.617
1945-12-08,327.608
1945-12-09,327.590
1945-12-10,327.547
1945-12-11,327.511
1945-12-12,327.495
1945-12-13,327.465
1945-12-14,327.428
1945-12-15,327.389
1945-12-16,327.352
1945-12-17,327.303
1945-12-18,327.267
1945-12-20,327.206
1945-12-21,327.157
1945-12-22,327.120
1945-12-23,327.093
1945-12-24,327.072
1945-12-26,327.053
1945-12-31,326.901
1946-01-01,326.870
1946-01-04,326.779
1946-01-05,326.755
1946-01-06,326.718
1946-01-07,326.688
1946-01-08,326.718
1946-01-09,326.752
1946-01-10,326.752
1946-01-11,326.724
1946-01-12,326.691
1946-01-13,326.678
1946-01-14,326.685
1946-01-15,326.682
1946-01-16,326.663
1946-01-17,326.675
1946-01-18,326.660
1946-01-19,326.660
1946-01-20,326.785
1946-01-21,326.779
1946-01-22,326.749
1946-01-23,326.785
1946-01-24,326.782
1946-01-25,326.825
1946-01-26,326.825
1946-01-27,326.788
1946-01-28,326.834
1946-01-29,326.886
1946-01-30,326.874
1946-01-31,326.846
1946-02-01,326.834
1946-02-02,326.810
1946-02-03,326.779
1946-02-04,326.779
1946-02-05,326.785
1946-02-06,326.871
1946-02-07,326.947
1946-02-08,326.968
1946-02-09,326.962
1946-02-10,326.938
1946-02-11,326.919
1946-02-12,326.886
1946-02-13,326.849
1946-02-14,326.825
1946-02-15,326.840
1946-02-16,326.861
1946-02-17,326.877
1946-02-18,326.931
1946-02-19,326.992
1946-02-20,326.986
1946-02-21,326.962
1946-02-23,326.925
1946-02-24,326.901
1946-02-25,326.880
1946-02-26,326.840
1946-02-27,326.810
1946-02-28,326.758
1946-03-01,326.733
1946-03-02,326.816
1946-03-03,326.834
1946-03-04,326.825
1946-03-05,326.794
1946-03-06,326.773
1946-03-07,326.742
1946-03-09,326.663
1946-03-10,326.642
1946-03-12,326.581
1946-03-13,326.572
1946-03-14,326.645
1946-03-15,326.645
1946-03-16,326.633
1946-03-17,326.611
1946-03-18,326.584
1946-03-19,326.560
1946-03-20,326.529
1946-03-22,326.480
1946-03-23,326.450
1946-03-25,326.407
1946-03-27,326.358
1946-03-28,326.328
1946-03-29,326.322
1946-03-30,326.319
1946-04-01,326.276
1946-04-02,326.255
1946-04-03,326.230
1946-04-04,326.200
1946-04-06,326.169
1946-04-07,326.157
1946-04-08,326.139
1946-04-09,326.124
1946-04-10,326.112
1946-04-11,326.105
1946-04-12,326.084
1946-04-13,326.084
1946-04-14,326.109
1946-04-15,326.105
1946-04-16,326.090
1946-04-17,326.078
1946-04-19,326.048
1946-04-20,326.038
1946-04-21,326.017
1946-04-22,325.993
1946-04-23,325.987
1946-04-24,325.965
1946-04-25,325.956
1946-04-26,325.932
1946-04-27,325.926
1946-04-28,325.910
1946-04-29,325.889
1946-04-30,325.880
1946-05-01,325.868
1946-05-03,325.849
1946-05-04,325.865
1946-05-05,325.901
1946-05-06,325.898
1946-05-07,325.941
1946-05-08,326.002
1946-05-09,326.017
1946-05-10,326.017
1946-05-11,326.011
1946-05-13,325.987
1946-05-14,326.026
1946-05-15,326.005
1946-05-16,326.002
1946-05-17,325.990
1946-05-18,325.987
1946-05-20,325.956
1946-05-21,325.950
1946-05-22,325.932
1946-05-23,325.920
1946-05-24,325.901
1946-05-25,325.895
1946-05-26,325.874
1946-05-27,325.865
1946-05-29,325.834
1946-05-30,325.825
1946-05-31,325.810
1946-06-01,325.804
1946-06-02,325.807
1946-06-03,325.801
1946-06-04,325.788
1946-06-07,325.743
1946-06-08,325.737
1946-06-09,325.721
1946-06-10,325.718
1946-06-11,325.721
1946-06-12,325.737
1946-06-13,325.743
1946-06-14,325.901
1946-06-15,325.828
1946-06-16,325.816
1946-06-19,325.798
1946-06-21,325.779
1946-06-23,325.767
1946-06-24,325.752
1946-06-25,325.743
1946-06-26,325.740
1946-06-30,325.703
1946-07-01,325.694
1946-07-02,325.682
1946-07-03,325.673
1946-07-04,325.667
1946-07-05,325.657
1946-07-06,325.651
1946-07-08,325.627
1946-07-10,325.615
1946-07-12,325.596
1946-07-13,325.621
1946-07-14,325.624
1946-07-16,325.624
1946-07-17,325.621
1946-07-19,325.609
1946-07-20,325.599
1946-07-22,325.587
1946-07-23,325.834
1946-07-24,325.804
1946-07-25,325.758
1946-07-26,325.737
1946-07-27,325.737
1946-07-28,325.743
1946-07-30,325.743
1946-07-31,325.749
1946-08-01,325.987
1946-08-02,326.072
1946-08-03,326.017
1946-08-04,326.017
1946-08-05,326.011
1946-08-06,325.996
1946-08-07,325.950
1946-08-08,325.996
1946-08-09,326.038
1946-08-10,326.048
1946-08-11,326.261
1946-08-12,326.505
1946-08-13,326.511
1946-08-15,326.511
1946-08-16,326.566
1946-08-17,326.569
1946-08-18,326.550
1946-08-19,326.514
1946-08-20,326.468
1946-08-21,326.413
1946-08-22,326.383
1946-08-23,326.383
1946-08-24,326.371
1946-08-25,326.377
1946-08-26,326.352
1946-08-27,326.325
1946-08-28,326.307
1946-08-29,326.285
1946-08-30,326.240
1946-08-31,326.215
1946-09-01,326.194
1946-09-02,326.145
1946-09-03,326.115
1946-09-05,326.072
1946-09-06,326.048
1946-09-07,326.041
1946-09-08,326.029
1946-09-09,326.054
1946-09-11,326.206
1946-09-12,326.291
1946-09-13,326.459
1946-09-14,326.621
1946-09-15,326.825
1946-09-16,326.938
1946-09-17,326.977
1946-09-18,326.992
1946-09-19,326.992
1946-09-20,326.968
1946-09-21,326.956
1946-09-22,326.992
1946-09-23,326.992
1946-09-24,327.020
1946-09-26,326.977
1946-09-27,326.947
1946-09-28,326.907
1946-09-29,326.871
1946-09-30,326.840
1946-10-01,326.816
1946-10-03,326.755
1946-10-04,326.733
1946-10-05,326.694
1946-10-06,326.657
1946-10-08,326.596
1946-10-09,326.572
1946-10-12,326.480
1946-10-13,326.444
1946-10-15,326.657
1946-10-16,327.053
1946-10-17,327.639
1946-10-18,327.724
1946-10-19,327.785
1946-10-20,327.815
1946-10-22,327.754
1946-10-23,327.693
1946-10-24,327.663
1946-10-25,327.602
1946-10-26,327.572
1946-10-27,327.535
1946-10-28,327.480
1946-10-29,327.444
1946-10-30,327.389
1946-10-31,327.352
1946-11-01,327.319
1946-11-02,327.276
1946-11-03,327.212
1946-11-04,327.169
1946-11-05,327.136
1946-11-07,327.063
1946-11-08,327.023
1946-11-09,326.977
1946-11-10,326.947
1946-11-11,326.871
1946-11-12,326.834
1946-11-13,326.794
1946-11-17,326.672
1946-11-18,326.633
1946-11-19,326.596
1946-11-20,326.566
1946-11-21,326.520
1946-11-23,326.490
1946-11-24,326.490
1946-11-25,326.499
1946-11-26,326.474
1946-11-28,326.657
1946-11-29,326.651
1946-11-30,326.648
1946-12-01,326.633
1946-12-02,326.627
1946-12-04,326.596
1946-12-05,326.581
1946-12-06,326.581
1946-12-07,326.566
1946-12-08,326.566
1946-12-09,326.688
1946-12-10,326.749
1946-12-11,326.816
1946-12-12,326.810
1946-12-13,326.785
1946-12-14,326.779
1946-12-15,326.782
1946-12-16,326.794
1946-12-17,326.825
1946-12-18,326.864
1946-12-19,326.901
1946-12-20,326.925
1946-12-21,326.956
1946-12-22,326.965
1946-12-23,326.986
1946-12-24,326.999
1946-12-25,326.992
1946-12-26,326.977
1946-12-27,326.956
1946-12-28,326.931
1946-12-29,326.901
1946-12-30,326.886
1946-12-31,326.855
1947-01-01,326.849
1947-01-02,326.840
1947-01-04,326.810
1947-01-05,326.797
1947-01-06,326.788
1947-01-07,326.773
1947-01-08,326.749
1947-01-09,326.718
1947-01-10,326.709
1947-01-11,326.688
1947-01-12,326.657
1947-01-13,326.633
1947-01-14,326.621
1947-01-15,326.605
1947-01-16,326.596
1947-01-18,326.566
1947-01-19,326.554
1947-01-21,326.547
1947-01-23,326.535
1947-01-24,326.535
1947-01-25,326.511
1947-01-26,326.505
1947-01-27,326.480
1947-01-28,326.471
1947-01-29,326.474
1947-01-30,326.468
1947-02-01,326.474
1947-02-02,326.480
1947-02-04,326.468
1947-02-05,326.465
1947-02-06,326.459
1947-02-08,326.441
1947-02-09,326.438
1947-02-10,326.419
1947-02-11,326.410
1947-02-12,326.389
1947-02-13,326.404
1947-02-14,326.398
1947-02-15,326.383
1947-02-16,326.374
1947-02-17,326.361
1947-02-18,326.346
1947-02-19,326.322
1947-02-20,326.291
1947-02-22,326.261
1947-02-23,326.230
1947-02-24,326.203
1947-02-25,326.200
1947-02-26,326.215
1947-02-27,326.200
1947-02-28,326.194
1947-03-01,326.169
1947-03-03,326.139
1947-03-04,326.115
1947-03-05,326.109
1947-03-06,326.099
1947-03-07,326.093
1947-03-08,326.048
1947-03-09,326.069
1947-03-10,326.048
1947-03-11,326.044
1947-03-12,326.035
1947-03-13,326.032
1947-03-14,326.026
1947-03-15,326.017
1947-03-16,325.999
1947-03-17,325.987
1947-03-18,325.980
1947-03-19,325.962
1947-03-21,325.938
1947-03-22,325.950
1947-03-23,325.947
1947-03-24,325.932
1947-03-25,325.926
1947-03-26,325.916
1947-03-27,325.898
1947-03-28,325.889
1947-03-29,325.871
1947-03-31,325.859
1947-04-01,325.834
1947-04-02,325.828
1947-04-03,325.810
1947-04-04,325.810
1947-04-05,325.804
1947-04-06,325.795
1947-04-07,325.788
1947-04-09,325.758
1947-04-10,325.758
1947-04-11,325.743
1947-04-12,325.743
1947-04-13,325.731
1947-04-14,325.728
1947-04-16,325.728
1947-04-17,325.718
1947-04-18,325.715
1947-04-19,325.706
1947-04-20,325.700
1947-04-21,325.691
1947-04-24,325.673
1947-04-25,325.654
1947-04-26,325.648
1947-04-27,325.654
1947-04-28,325.657
1947-04-29,325.654
1947-04-30,325.654
1947-05-01,325.648
1947-05-02,325.633
1947-05-03,325.606
1947-05-04,325.630
1947-05-05,325.636
1947-05-06,325.639
1947-05-07,325.627
1947-05-08,325.636
1947-05-09,325.679
1947-05-11,325.697
1947-05-12,325.697
1947-05-13,325.688
1947-05-14,325.682
1947-05-15,325.679
1947-05-17,325.667
1947-05-19,325.648
1947-05-20,325.636
1947-05-21,325.633
1947-05-22,325.627
1947-05-23,325.615
1947-05-24,325.606
1947-05-26,325.593
1947-05-27,325.584
1947-05-28,325.584
1947-05-29,325.587
1947-05-30,325.587
1947-05-31,325.578
1947-06-01,325.575
1947-06-02,325.569
1947-06-03,325.566
1947-06-06,325.548
1947-06-07,325.548
1947-06-08,325.557
1947-06-09,325.560
1947-06-10,325.560
1947-06-11,325.584
1947-06-12,325.596
1947-06-13,325.612
1947-06-14,325.618
1947-06-15,325.621
1947-06-16,325.621
1947-06-17,325.627
1947-06-18,325.648
1947-06-19,325.654
1947-06-21,325.673
1947-06-22,325.673
1947-06-23,325.682
1947-06-25,325.798
1947-06-26,325.828
1947-06-27,325.834
1947-06-28,325.834
1947-06-29,325.831
1947-07-02,325.813
1947-07-03,325.804
1947-07-04,325.801
1947-07-06,325.788
1947-07-07,325.779
1947-07-08,325.779
1947-07-10,325.804
1947-07-11,325.819
1947-07-12,325.825
1947-07-13,325.828
1947-07-14,325.819
1947-07-15,325.816
1947-07-16,325.816
1947-07-17,325.849
1947-07-18,325.874
1947-07-19,325.892
1947-07-20,325.895
1947-07-22,325.895
1947-07-23,325.889
1947-07-24,325.889
1947-07-25,325.883
1947-07-27,325.865
1947-07-28,325.862
1947-07-29,325.849
1947-07-30,325.840
1947-07-31,325.834
1947-08-01,325.825
1947-08-02,325.807
1947-08-03,325.801
1947-08-04,325.785
1947-08-05,325.788
1947-08-06,325.834
1947-08-07,325.865
1947-08-09,325.883
1947-08-10,325.889
1947-08-12,325.889
1947-08-13,325.883
1947-08-15,325.895
1947-08-16,325.898
1947-08-17,325.898
1947-08-18,325.895
1947-08-19,325.889
1947-08-20,325.880
1947-08-21,325.834
1947-08-22,325.859
1947-08-23,325.852
1947-08-24,325.837
1947-08-26,325.837
1947-08-27,325.834
1947-08-28,325.828
1947-08-29,325.825
1947-08-30,325.810
1947-09-01,325.804
1947-09-02,325.810
1947-09-06,325.810
1947-09-07,325.834
1947-09-09,325.840
1947-09-11,325.840
1947-09-14,325.831
1947-09-15,325.825
1947-09-16,325.816
1947-09-17,325.819
1947-09-18,325.895
1947-09-19,325.962
1947-09-20,325.987
1947-09-21,325.996
1947-09-22,326.002
1947-09-23,326.002
1947-09-24,325.999
1947-09-25,325.993
1947-09-26,326.032
1947-09-27,326.041
1947-09-28,326.038
1947-09-29,326.038
1947-09-30,326.148
1947-10-01,326.224
1947-10-02,326.261
1947-10-03,326.285
1947-10-05,326.297
1947-10-06,326.297
1947-10-07,326.322
1947-10-08,326.368
1947-10-09,326.627
1947-10-10,326.621
1947-10-11,326.550
1947-10-12,326.505
1947-10-13,326.508
1947-10-14,326.526
1947-10-15,326.520
1947-10-16,326.505
1947-10-17,326.499
1947-10-18,326.499
1947-10-19,326.480
1947-10-20,326.459
1947-10-21,326.450
1947-10-22,326.575
1947-10-23,326.688
1947-10-24,326.794
1947-10-25,326.834
1947-10-26,326.877
1947-10-27,326.931
1947-10-28,326.956
1947-10-29,326.941
1947-10-30,326.931
1947-11-01,326.883
1947-11-02,326.858
1947-11-03,326.825
1947-11-04,326.794
1947-11-05,326.773
1947-11-06,326.755
1947-11-07,326.749
1947-11-08,326.779
1947-11-09,326.840
1947-11-10,326.846
1947-11-11,326.834
1947-11-12,326.846
1947-11-13,326.886
1947-11-14,326.886
1947-11-15,326.871
1947-11-16,326.846
1947-11-18,326.803
1947-11-19,326.794
1947-11-20,326.773
1947-11-21,326.742
1947-11-23,326.694
1947-11-24,326.666
1947-11-25,326.651
1947-11-26,326.633
1947-11-27,326.651
1947-11-29,326.651
1947-11-30,326.642
1947-12-02,326.636
1947-12-03,326.627
1947-12-04,326.596
1947-12-05,326.569
1947-12-06,326.563
1947-12-07,326.560
1947-12-08,326.544
1947-12-09,326.535
1947-12-10,326.529
1947-12-11,326.511
1947-12-15,326.462
1947-12-16,326.447
1947-12-18,326.435
1947-12-19,326.410
1947-12-20,326.389
1947-12-21,326.386
1947-12-22,326.416
1947-12-23,326.413
1947-12-24,326.407
1947-12-25,326.389
1947-12-26,326.383
1947-12-27,326.499
1947-12-28,326.657
1947-12-29,326.718
1947-12-30,326.742
1948-01-01,326.724
1948-01-02,326.703
1948-01-03,326.688
1948-01-04,326.657
1948-01-05,326.642
1948-01-06,326.611
1948-01-07,326.596
1948-01-08,326.584
1948-01-10,326.627
1948-01-11,326.627
1948-01-12,326.614
1948-01-14,326.572
1948-01-15,326.560
1948-01-16,326.550
1948-01-17,326.566
1948-01-18,326.550
1948-01-19,326.520
1948-01-20,326.499
1948-01-21,326.474
1948-01-22,326.444
1948-01-23,326.419
1948-01-24,326.413
1948-01-25,326.383
1948-01-26,326.377
1948-01-27,326.346
1948-01-28,326.337
1948-01-29,326.331
1948-01-30,326.389
1948-01-31,326.365
1948-02-01,326.319
1948-02-02,326.270
1948-02-03,326.261
1948-02-04,326.249
1948-02-05,326.246
1948-02-06,326.240
1948-02-07,326.240
1948-02-10,326.230
1948-02-11,326.224
1948-02-14,326.215
1948-02-15,326.215
1948-02-16,326.212
1948-02-18,326.200
1948-02-19,326.200
1948-02-23,326.188
1948-02-25,326.176
1948-02-26,326.173
1948-02-27,326.166
1948-02-28,326.157
1948-02-29,326.151
1948-03-03,326.142
1948-03-04,326.142
1948-03-09,326.127
1948-03-10,326.127
1948-03-11,326.124
1948-03-12,326.112
1948-03-13,326.102
1948-03-14,326.063
1948-03-16,326.063
1948-03-17,326.054
1948-03-18,326.048
1948-03-20,326.017
1948-03-21,325.993
1948-03-22,326.011
1948-03-23,326.023
1948-03-25,326.017
1948-03-27,325.993
1948-03-28,325.984
1948-03-30,325.959
1948-03-31,326.041
1948-04-01,326.102
1948-04-02,326.109
1948-04-03,326.112
1948-04-04,326.105
1948-04-05,326.093
1948-04-07,326.063
1948-04-08,326.078
1948-04-09,326.075
1948-04-10,326.054
1948-04-11,326.044
1948-04-12,326.023
1948-04-13,326.011
1948-04-14,326.002
1948-04-15,325.987
1948-04-16,325.974
1948-04-17,325.959
1948-04-18,325.950
1948-04-19,325.935
1948-04-21,325.916
1948-04-22,325.904
1948-04-23,325.904
1948-04-24,325.895
1948-04-25,325.895
1948-04-26,325.889
1948-04-27,325.874
1948-04-29,325.856
1948-04-30,325.840
1948-05-01,325.819
1948-05-02,325.804
1948-05-03,325.798
1948-05-04,325.785
1948-05-06,325.767
1948-05-07,325.752
1948-05-08,325.743
1948-05-09,325.721
1948-05-10,325.752
1948-05-11,325.767
1948-05-12,325.773
1948-05-13,325.767
1948-05-14,325.758
1948-05-15,325.752
1948-05-16,325.743
1948-05-17,325.724
1948-05-18,325.718
1948-05-23,325.703
1948-05-24,325.709
1948-05-25,325.712
1948-05-26,325.712
1948-05-27,325.715
1948-05-28,325.721
1948-05-29,325.740
1948-05-30,325.749
1948-05-31,326.032
1948-06-01,326.102
1948-06-03,326.115
1948-06-04,326.112
1948-06-05,326.115
1948-06-08,326.096
1948-06-09,326.078
1948-06-10,326.069
1948-06-11,326.048
1948-06-12,326.038
1948-06-13,326.023
1948-06-14,326.014
1948-06-16,325.990
1948-06-17,325.980
1948-06-18,325.959
1948-06-19,325.950
1948-06-20,325.932
1948-06-21,325.950
1948-06-22,325.987
1948-06-23,325.999
1948-06-25,326.005
1948-06-27,325.999
1948-06-28,325.993
1948-06-29,325.984
1948-06-30,325.977
1948-07-01,325.962
1948-07-02,325.993
1948-07-04,326.011
1948-07-05,326.005
1948-07-06,325.990
1948-07-07,325.987
1948-07-08,325.987
1948-07-10,325.993
1948-07-11,325.993
1948-07-13,325.999
1948-07-14,326.008
1948-07-15,326.038
1948-07-16,326.048
1948-07-17,326.041
1948-07-18,326.032
1948-07-19,326.029
1948-07-20,326.017
1948-07-21,326.011
1948-07-22,326.002
1948-07-23,326.002
1948-07-24,325.980
1948-07-25,325.968
1948-07-26,325.962
1948-07-27,325.953
1948-07-28,325.941
1948-07-30,325.923
1948-07-31,325.910
1948-08-02,325.892
1948-08-03,325.880
1948-08-04,325.865
1948-08-06,325.859
1948-08-07,325.846
1948-08-08,325.840
1948-08-10,325.834
1948-08-11,325.822
1948-08-12,325.804
1948-08-13,325.798
1948-08-14,325.779
1948-08-17,325.761
1948-08-18,325.767
1948-08-19,325.761
1948-08-20,325.749
1948-08-22,325.749
1948-08-23,325.743
1948-08-24,325.728
1948-08-25,325.728
1948-08-27,325.721
1948-08-28,325.718
1948-08-29,325.709
1948-08-30,325.703
1948-09-01,325.697
1948-09-03,325.667
1948-09-04,325.654
1948-09-08,325.642
1948-09-09,325.633
1948-09-11,325.627
1948-09-12,325.673
1948-09-13,325.682
1948-09-14,325.676
1948-09-15,325.660
1948-09-16,325.657
1948-09-17,325.651
1948-09-18,325.651
1948-09-21,325.633
1948-09-22,325.624
1948-09-23,325.621
1948-09-24,325.599
1948-09-25,325.682
1948-09-26,325.691
1948-09-27,325.712
1948-09-29,326.261
1948-09-30,326.276
1948-10-01,326.267
1948-10-05,326.255
1948-10-06,326.249
1948-10-07,326.240
1948-10-08,326.224
1948-10-09,326.224
1948-10-10,326.218
1948-10-11,326.203
1948-10-12,326.194
1948-10-13,326.176
1948-10-14,326.215
1948-10-15,326.218
1948-10-16,326.237
1948-10-17,326.243
1948-10-19,326.230
1948-10-20,326.285
1948-10-21,326.301
1948-10-22,326.346
1948-10-23,326.871
1948-10-24,326.810
1948-10-25,326.718
1948-10-26,326.712
1948-10-27,326.657
1948-10-28,326.648
1948-10-29,326.834
1948-10-30,326.977
1948-10-31,327.029
1948-11-01,327.090
1948-11-02,327.602
1948-11-03,328.090
1948-11-04,328.212
1948-11-07,328.212
1948-11-09,328.090
1948-11-10,328.181
1948-11-11,328.212
1948-11-12,328.212
1948-11-15,328.029
1948-11-16,327.937
1948-11-18,327.815
1948-11-19,327.748
1948-11-20,327.700
1948-11-21,327.617
1948-11-22,327.541
1948-11-23,327.486
1948-11-24,327.434
1948-11-25,327.389
1948-11-26,327.334
1948-11-27,327.291
1948-11-28,327.261
1948-11-29,327.200
1948-11-30,327.160
1948-12-01,327.151
1948-12-02,327.114
1948-12-03,327.072
1948-12-04,327.023
1948-12-05,326.986
1948-12-06,326.953
1948-12-07,326.922
1948-12-08,326.913
1948-12-09,326.895
1948-12-10,326.864
1948-12-11,326.816
1948-12-12,326.803
1948-12-13,326.788
1948-12-14,326.840
1948-12-15,326.962
1948-12-16,326.986
1948-12-17,326.962
1948-12-18,326.931
1948-12-19,326.919
1948-12-20,327.059
1948-12-21,327.114
1948-12-22,327.145
1948-12-23,327.139
1948-12-24,327.114
1948-12-25,327.087
1948-12-26,327.072
1948-12-27,327.053
1948-12-28,327.050
1948-12-29,327.023
1949-01-01,326.977
1949-01-02,326.956
1949-01-03,326.931
1949-01-05,326.871
1949-01-06,326.864
1949-01-07,326.986
1949-01-08,326.992
1949-01-09,326.986
1949-01-10,326.947
1949-01-11,326.916
1949-01-12,326.898
1949-01-13,326.846
1949-01-14,326.825
1949-01-15,326.794
1949-01-16,326.749
1949-01-17,326.694
1949-01-18,326.712
1949-01-19,326.718
1949-01-20,326.703
1949-01-21,326.682
1949-01-22,326.633
1949-01-23,326.621
1949-01-24,326.596
1949-01-25,326.590
1949-01-26,326.566
1949-01-27,326.608
1949-01-28,326.608
1949-01-29,326.636
1949-01-30,326.654
1949-01-31,326.669
1949-02-02,326.718
1949-02-03,326.746
1949-02-04,326.770
1949-02-06,326.813
1949-02-07,326.831
1949-02-08,326.852
1949-02-10,326.889
1949-02-11,326.907
1949-02-12,326.928
1949-02-14,326.965
1949-02-18,327.038
1949-02-19,327.053
1949-02-20,327.072
1949-02-21,327.084
1949-02-22,327.099
1949-02-26,327.172
1949-02-27,327.187
1949-03-01,327.224
1949-03-03,327.206
1949-03-04,327.191
1949-03-05,327.178
1949-03-07,327.123
1949-03-08,327.078
1949-03-09,327.038
1949-03-10,326.992
1949-03-11,326.962
1949-03-12,326.907
1949-03-14,326.834
1949-03-15,326.779
1949-03-16,326.733
1949-03-17,326.694
1949-03-18,326.672
1949-03-19,326.919
1949-03-20,327.145
1949-03-21,327.175
1949-03-22,327.175
1949-03-23,327.242
1949-03-24,327.236
1949-03-25,327.218
1949-03-29,327.084
1949-03-30,327.023
1949-03-31,326.977
1949-04-01,326.953
1949-04-02,326.953
1949-04-03,326.925
1949-04-04,326.895
1949-04-05,326.858
1949-04-06,326.813
1949-04-07,326.785
1949-04-08,326.749
1949-04-09,326.703
1949-04-10,326.871
1949-04-11,327.084
1949-04-12,327.175
1949-04-13,327.184
1949-04-14,327.175
1949-04-15,327.139
1949-04-16,327.099
1949-04-17,327.066
1949-04-18,327.023
1949-04-19,326.992
1949-04-21,326.907
1949-04-22,326.871
1949-04-23,326.840
1949-04-24,326.813
1949-04-25,326.813
1949-04-26,326.794
1949-04-27,326.773
1949-04-28,326.742
1949-04-29,326.742
1949-04-30,326.700
1949-05-01,326.669
1949-05-02,326.633
1949-05-03,326.608
1949-05-04,326.569
1949-05-05,326.535
1949-05-07,326.480
1949-05-08,326.459
1949-05-09,326.587
1949-05-10,326.605
1949-05-11,326.602
1949-05-12,326.587
1949-05-13,326.566
1949-05-14,326.541
1949-05-15,326.505
1949-05-16,326.480
1949-05-17,326.444
1949-05-18,326.422
1949-05-19,326.395
1949-05-20,326.365
1949-05-21,326.352
1949-05-23,326.291
1949-05-24,326.267
1949-05-26,326.230
1949-05-27,326.255
1949-05-28,326.285
1949-05-29,326.505
1949-05-30,326.621
1949-05-31,326.666
1949-06-01,326.691
1949-06-02,326.718
1949-06-03,326.724
1949-06-04,326.712
1949-06-05,326.703
1949-06-06,326.672
1949-06-07,326.657
1949-06-08,326.627
1949-06-09,326.602
1949-06-10,326.557
1949-06-11,326.520
1949-06-14,326.429
1949-06-16,326.355
1949-06-18,326.288
1949-06-19,326.261
1949-06-20,326.227
1949-06-21,326.200
1949-06-22,326.197
1949-06-23,326.185
1949-06-24,326.185
1949-06-25,326.200
1949-06-26,326.185
1949-06-27,326.200
1949-06-28,326.200
1949-06-29,326.163
1949-06-30,326.154
1949-07-01,326.124
1949-07-02,326.105
1949-07-03,326.093
1949-07-04,326.063
1949-07-05,326.038
1949-07-06,326.090
1949-07-07,326.139
1949-07-08,326.230
1949-07-09,326.270
1949-07-10,326.301
1949-07-11,326.325
1949-07-12,326.352
1949-07-13,326.383
1949-07-14,326.404
1949-07-15,326.407
1949-07-16,326.398
1949-07-17,326.383
1949-07-18,326.374
1949-07-19,326.352
1949-07-21,326.291
1949-07-22,326.328
1949-07-23,326.398
1949-07-24,326.419
1949-07-25,326.438
1949-07-26,326.444
1949-07-27,326.444
1949-07-28,326.438
1949-07-29,326.505
1949-07-30,326.535
1949-07-31,326.541
1949-08-01,326.544
1949-08-02,326.557
1949-08-03,326.557
1949-08-04,326.541
1949-08-05,326.529
1949-08-06,326.550
1949-08-07,326.560
1949-08-08,326.566
1949-08-09,326.560
1949-08-10,326.550
1949-08-11,326.523
1949-08-12,326.505
1949-08-13,326.474
1949-08-14,326.468
1949-08-15,326.438
1949-08-16,326.398
1949-08-17,326.383
1949-08-18,326.389
1949-08-19,326.383
1949-08-21,326.322
1949-08-22,326.368
1949-08-24,326.368
1949-08-25,326.480
1949-08-26,326.505
1949-08-27,326.517
1949-08-28,326.520
1949-08-29,326.517
1949-08-30,326.508
1949-08-31,326.502
1949-09-01,326.483
1949-09-02,326.447
1949-09-03,326.413
1949-09-04,326.358
1949-09-06,326.285
1949-09-08,326.200
1949-09-09,326.224
1949-09-11,326.206
1949-09-14,326.197
1949-09-15,326.191
1949-09-17,326.148
1949-09-18,326.142
1949-09-19,326.133
1949-09-21,326.127
1949-09-22,326.127
1949-09-23,326.124
1949-09-24,326.109
1949-09-25,326.090
1949-09-27,326.072
1949-09-29,326.066
1949-09-30,326.060
1949-10-02,326.041
1949-10-03,326.035
1949-10-04,326.139
1949-10-05,326.304
1949-10-06,326.456
1949-10-07,326.523
1949-10-08,326.621
1949-10-09,326.639
1949-10-10,326.660
1949-10-11,326.678
1949-10-12,326.700
1949-10-13,326.718
1949-10-14,326.739
1949-10-16,326.776
1949-10-17,326.791
1949-10-18,326.803
1949-10-19,326.813
1949-10-20,326.810
1949-10-21,326.803
1949-10-22,326.803
1949-10-24,326.797
1949-10-25,326.788
1949-10-26,326.800
1949-10-28,326.916
1949-10-29,326.971
1949-10-30,327.035
1949-10-31,327.102
1949-11-01,327.148
1949-11-02,327.123
1949-11-04,327.050
1949-11-05,327.038
1949-11-06,327.029
1949-11-07,326.971
1949-11-08,326.907
1949-11-10,326.822
1949-11-11,326.803
1949-11-12,326.788
1949-11-13,326.770
1949-11-14,326.749
1949-11-15,326.730
1949-11-17,326.688
1949-11-18,326.663
1949-11-20,326.621
1949-11-22,326.584
1949-11-23,326.578
1949-11-24,326.575
1949-11-26,326.587
1949-11-28,326.593
1949-12-01,326.566
1949-12-02,326.554
1949-12-04,326.511
1949-12-06,326.480
1949-12-08,326.456
1949-12-10,326.419
1949-12-12,326.389
1949-12-13,326.383
1949-12-14,326.383
1949-12-17,326.419
1949-12-19,326.438
1949-12-21,326.438
1949-12-22,326.483
1949-12-23,326.526
1949-12-24,326.566
1949-12-26,326.651
1949-12-28,326.718
1949-12-29,326.742
1949-12-30,326.761
1950-01-01,326.761
1950-01-02,326.770
1950-01-03,326.776
1950-01-04,326.803
1950-01-05,326.849
1950-01-06,326.928
1950-01-07,327.002
1950-01-08,327.108
1950-01-09,327.212
1950-01-10,327.285
1950-01-12,327.425
1950-01-13,327.413
1950-01-15,327.376
1950-01-17,327.322
1950-01-18,327.312
1950-01-19,327.300
1950-01-20,327.282
1950-01-21,327.267
1950-01-22,327.233
1950-01-23,327.203
1950-01-24,327.175
1950-01-25,327.145
1950-01-26,327.123
1950-01-27,327.099
1950-01-29,327.038
1950-01-31,326.989
1950-02-02,326.947
1950-02-03,326.922
1950-02-04,326.895
1950-02-05,326.871
1950-02-06,326.843
1950-02-07,326.813
1950-02-08,326.779
1950-02-10,326.663
1950-02-11,326.596
1950-02-12,326.648
1950-02-13,326.651
1950-02-14,326.611
1950-02-18,326.490
1950-02-19,326.474
1950-02-20,326.477
1950-02-21,326.444
1950-02-22,326.413
1950-02-23,326.389
1950-02-24,326.352
1950-02-25,326.337
1950-02-26,326.307
1950-02-28,326.276
1950-03-01,326.258
1950-03-02,326.237
1950-03-03,326.224
1950-03-04,326.200
1950-03-05,326.188
1950-03-06,326.169
1950-03-07,326.145
1950-03-08,326.127
1950-03-09,326.118
1950-03-10,326.148
1950-03-11,326.151
1950-03-12,326.124
1950-03-14,326.093
1950-03-15,326.075
1950-03-16,326.054
1950-03-17,326.041
1950-03-18,326.026
1950-03-19,326.017
1950-03-20,326.032
1950-03-21,326.026
1950-03-22,326.017
1950-03-23,326.014
1950-03-24,326.002
1950-03-25,325.993
1950-03-27,325.980
1950-03-28,325.987
1950-03-29,325.987
1950-03-30,325.980
1950-03-31,325.962
1950-04-02,325.956
1950-04-03,325.950
1950-04-04,325.935
1950-04-05,325.923
1950-04-06,325.898
1950-04-07,325.892
1950-04-08,325.871
1950-04-09,325.862
1950-04-10,325.840
1950-04-11,325.840
1950-04-12,325.898
1950-04-13,325.904
1950-04-14,325.904
1950-04-15,325.901
1950-04-16,325.895
1950-04-17,325.895
1950-04-18,325.889
1950-04-19,325.880
1950-04-20,325.865
1950-04-21,325.859
1950-04-23,325.840
1950-04-24,325.831
1950-04-25,325.825
1950-04-26,325.810
1950-04-27,325.804
1950-04-28,325.795
1950-04-29,325.782
1950-04-30,325.776
1950-05-01,325.773
1950-05-02,325.758
1950-05-03,325.749
1950-05-04,325.728
1950-05-05,325.712
1950-05-06,325.743
1950-05-07,325.746
1950-05-09,325.740
1950-05-11,325.728
1950-05-12,325.718
1950-05-13,325.712
1950-05-14,325.709
1950-05-18,325.685
1950-05-19,325.682
1950-05-20,325.682
1950-05-23,325.673
1950-05-24,325.657
1950-05-25,325.627
1950-05-26,325.773
1950-05-27,326.301
1950-05-28,326.368
1950-05-29,326.401
1950-05-30,326.422
1950-05-31,326.438
1950-06-02,326.450
1950-06-03,326.453
1950-06-04,326.438
1950-06-05,326.429
1950-06-06,326.416
1950-06-09,326.398
1950-06-10,326.383
1950-06-11,326.377
1950-06-12,326.368
1950-06-13,326.352
1950-06-14,326.322
1950-06-15,326.307
1950-06-16,326.273
1950-06-17,326.246
1950-06-19,326.203
1950-06-20,326.169
1950-06-21,326.148
1950-06-22,326.136
1950-06-23,326.109
1950-06-24,326.087
1950-06-25,326.072
1950-06-26,326.048
1950-06-28,326.017
1950-06-30,325.987
1950-07-02,325.956
1950-07-04,325.926
1950-07-05,325.913
1950-07-06,325.895
1950-07-07,325.886
1950-07-08,325.880
1950-07-09,325.987
1950-07-10,326.078
1950-07-11,326.075
1950-07-12,326.057
1950-07-13,326.041
1950-07-14,326.023
1950-07-15,326.017
1950-07-17,325.987
1950-07-18,325.980
1950-07-19,325.962
1950-07-20,325.950
1950-07-21,325.932
1950-07-22,325.926
1950-07-23,326.048
1950-07-24,326.163
1950-07-25,326.355
1950-07-26,326.346
1950-07-27,326.313
1950-07-28,326.285
1950-07-29,326.264
1950-07-30,326.246
1950-07-31,326.221
1950-08-01,326.209
1950-08-02,326.206
1950-08-03,326.200
1950-08-04,326.176
1950-08-06,326.163
1950-08-08,326.145
1950-08-09,326.139
1950-08-10,326.194
1950-08-11,326.227
1950-08-12,326.209
1950-08-13,326.185
1950-08-14,326.154
1950-08-15,326.139
1950-08-16,326.118
1950-08-18,326.087
1950-08-19,326.057
1950-08-20,326.048
1950-08-21,326.474
1950-08-22,326.505
1950-08-23,326.514
1950-08-24,326.514
1950-08-25,326.505
1950-08-27,326.474
1950-08-28,326.444
1950-08-29,326.419
1950-08-30,326.398
1950-09-01,326.337
1950-09-02,326.291
1950-09-04,326.291
1950-09-06,326.230
1950-09-07,326.197
1950-09-08,326.160
1950-09-09,326.176
1950-09-10,326.322
1950-09-11,326.444
1950-09-12,326.468
1950-09-13,326.474
1950-09-14,326.474
1950-09-15,326.413
1950-09-17,326.413
1950-09-18,326.398
1950-09-19,326.368
1950-09-20,326.352
1950-09-21,326.346
1950-09-22,326.346
1950-09-23,326.349
1950-09-24,326.337
1950-09-26,326.307
1950-09-27,326.297
1950-09-28,326.291
1950-09-30,326.285
1950-10-01,326.279
1950-10-02,326.261
1950-10-03,326.246
1950-10-04,326.233
1950-10-05,326.227
1950-10-06,326.215
1950-10-07,326.206
1950-10-09,326.206
1950-10-10,326.200
1950-10-13,326.154
1950-10-14,326.142
1950-10-15,326.145
1950-10-16,326.200
1950-10-17,326.182
1950-10-21,326.230
1950-10-27,326.230
1950-10-28,326.237
1950-10-29,326.240
1950-10-31,326.264
1950-11-01,326.273
1950-11-02,326.285
1950-11-03,326.288
1950-11-04,326.294
1950-11-05,326.313
1950-11-06,326.328
1950-11-07,326.322
1950-11-08,326.313
1950-11-09,326.307
1950-11-10,326.297
1950-11-11,326.297
1950-11-12,326.294
1950-11-13,326.285
1950-11-14,326.273
1950-11-18,326.237
1950-11-20,326.230
1950-11-21,326.237
1950-11-22,326.240
1950-11-26,326.288
1950-11-27,326.310
1950-11-29,326.346
1950-12-01,326.383
1950-12-02,326.398
1950-12-03,326.410
1950-12-04,326.419
1950-12-05,326.438
1950-12-06,326.453
1950-12-07,326.465
1950-12-08,326.474
1950-12-09,326.490
1950-12-11,326.514
1950-12-12,326.529
1950-12-14,326.566
1950-12-17,326.611
1950-12-18,326.627
1950-12-19,326.639
1950-12-20,326.630
1950-12-21,326.614
1950-12-22,326.596
1950-12-23,326.593
1950-12-24,326.587
1950-12-26,326.605
1950-12-28,326.648
1950-12-29,326.666
1950-12-30,326.688
1951-01-01,326.669
1951-01-02,326.675
1951-01-03,326.639
1951-01-04,326.621
1951-01-05,326.599
1951-01-07,326.563
1951-01-08,326.544
1951-01-09,326.523
1951-01-10,326.514
1951-01-11,326.502
1951-01-13,326.465
1951-01-17,326.429
1951-01-18,326.429
1951-01-19,326.425
1951-01-21,326.425
1951-01-22,326.419
1951-01-23,326.410
1951-01-24,326.398
1951-01-25,326.383
1951-01-26,326.374
1951-01-27,326.358
1951-01-28,326.349
1951-01-30,326.337
1951-01-31,326.328
1951-02-02,326.304
1951-02-04,326.285
1951-02-05,326.264
1951-02-06,326.246
1951-02-07,326.237
1951-02-09,326.212
1951-02-11,326.182
1951-02-12,326.166
1951-02-13,326.148
1951-02-14,326.127
1951-02-15,326.109
1951-02-18,326.044
1951-02-19,326.038
1951-02-20,326.011
1951-02-21,326.011
1951-02-22,325.980
1951-02-23,325.971
1951-02-25,325.941
1951-02-26,325.932
1951-02-27,325.926
1951-02-28,325.913
1951-03-03,325.886
1951-03-04,325.874
1951-03-05,325.865
1951-03-06,325.859
1951-03-07,325.843
1951-03-08,325.837
1951-03-09,325.834
1951-03-10,325.840
1951-03-11,325.904
1951-03-12,325.916
1951-03-13,325.901
1951-03-14,325.895
1951-03-15,325.886
1951-03-16,325.871
1951-03-17,325.859
1951-03-18,325.849
1951-03-19,325.837
1951-03-20,325.831
1951-03-22,325.807
1951-03-23,325.828
1951-03-24,325.843
1951-03-26,325.825
1951-03-27,325.810
1951-03-28,325.804
1951-03-29,325.795
1951-03-30,325.782
1951-03-31,325.779
1951-04-01,325.779
1951-04-04,325.770
1951-04-05,325.770
1951-04-06,325.773
1951-04-07,325.834
1951-04-08,325.901
1951-04-09,326.005
1951-04-10,326.078
1951-04-11,326.102
1951-04-12,326.109
1951-04-13,326.109
1951-04-14,326.096
1951-04-15,326.078
1951-04-16,326.093
1951-04-17,326.102
1951-04-19,326.115
1951-04-20,326.133
1951-04-21,326.133
1951-04-22,326.124
1951-04-23,326.139
1951-04-24,326.145
1951-04-26,326.139
1951-04-27,326.139
1951-04-28,326.136
1951-04-29,326.118
1951-05-01,326.105
1951-05-03,326.075
1951-05-04,326.063
1951-05-05,326.048
1951-05-06,326.035
1951-05-07,326.017
1951-05-08,326.005
1951-05-09,325.987
1951-05-10,325.977
1951-05-11,325.959
1951-05-12,325.947
1951-05-13,325.929
1951-05-14,325.923
1951-05-15,325.907
1951-05-16,325.895
1951-05-17,325.889
1951-05-19,325.871
1951-05-23,325.822
1951-05-24,325.804
1951-05-25,325.801
1951-05-26,325.785
1951-05-27,325.776
1951-05-28,325.795
1951-05-29,326.026
1951-05-30,326.020
1951-05-31,326.017
1951-06-01,325.996
1951-06-03,325.971
1951-06-04,325.962
1951-06-05,325.950
1951-06-06,325.941
1951-06-07,325.926
1951-06-08,325.913
1951-06-09,325.898
1951-06-10,325.892
1951-06-11,325.877
1951-06-14,325.840
1951-06-15,325.834
1951-06-16,325.834
1951-06-17,325.828
1951-06-19,325.828
1951-06-20,325.834
1951-06-21,325.828
1951-06-22,325.828
1951-06-23,325.810
1951-06-24,325.804
1951-06-25,325.795
1951-06-27,325.770
1951-06-28,325.755
1951-06-29,325.746
1951-06-30,325.740
1951-07-01,325.721
1951-07-02,325.712
1951-07-04,325.688
1951-07-05,325.682
1951-07-06,325.688
1951-07-07,325.691
1951-07-08,325.700
1951-07-09,325.685
1951-07-10,325.685
1951-07-11,325.682
1951-07-12,325.673
1951-07-13,325.657
1951-07-14,325.648
1951-07-15,325.630
1951-07-16,325.621
1951-07-17,325.609
1951-07-18,325.965
1951-07-19,326.285
1951-07-20,326.377
1951-07-21,326.450
1951-07-22,326.505
1951-07-23,326.718
1951-07-24,326.886
1951-07-25,326.901
1951-07-26,326.910
1951-07-27,326.901
1951-07-28,326.871
1951-07-29,326.822
1951-07-30,326.779
1951-08-01,326.749
1951-08-02,326.742
1951-08-04,326.663
1951-08-05,326.627
1951-08-09,326.505
1951-08-10,326.490
1951-08-11,326.486
1951-08-12,326.490
1951-08-13,326.480
1951-08-15,326.438
1951-08-16,326.413
1951-08-17,326.383
1951-08-18,326.368
1951-08-19,326.337
1951-08-20,326.297
1951-08-21,326.267
1951-08-22,326.255
1951-08-23,326.224
1951-08-25,326.176
1951-08-26,326.148
1951-08-27,326.133
1951-08-28,326.109
1951-08-29,326.093
1951-08-30,326.075
1951-08-31,326.054
1951-09-01,326.041
1951-09-02,326.011
1951-09-03,325.987
1951-09-04,325.980
1951-09-05,325.962
1951-09-06,325.953
1951-09-07,325.935
1951-09-08,325.926
1951-09-09,325.920
1951-09-10,325.898
1951-09-11,325.889
1951-09-12,325.877
1951-09-13,325.871
1951-09-14,325.862
1951-09-16,325.856
1951-09-17,325.859
1951-09-18,325.962
1951-09-20,326.011
1951-09-21,326.096
1951-09-22,326.133
1951-09-23,326.139
1951-09-24,326.148
1951-09-25,326.151
1951-09-28,326.169
1951-09-29,326.237
1951-09-30,326.307
1951-10-01,326.352
1951-10-02,326.413
1951-10-03,326.444
1951-10-04,326.462
1951-10-05,326.477
1951-10-06,326.486
1951-10-07,326.486
1951-10-08,326.477
1951-10-10,326.447
1951-10-11,326.438
1951-10-12,326.416
1951-10-13,326.407
1951-10-15,326.358
1951-10-16,326.337
1951-10-17,326.325
1951-10-18,326.322
1951-10-19,326.435
1951-10-20,326.474
1951-10-21,326.490
1951-10-22,326.480
1951-10-23,326.480
1951-10-24,326.477
1951-10-25,326.468
1951-10-26,326.444
1951-10-27,326.505
1951-10-28,326.608
1951-10-29,326.627
1951-10-30,326.642
1951-10-31,326.682
1951-11-01,326.727
1951-11-02,326.764
1951-11-03,326.773
1951-11-04,326.755
1951-11-05,326.749
1951-11-07,326.749
1951-11-08,326.724
1951-11-09,326.864
1951-11-10,326.931
1951-11-11,326.947
1951-11-12,326.999
1951-11-13,327.093
1951-11-14,327.139
1951-11-15,327.166
1951-11-16,327.139
1951-11-17,327.130
1951-11-19,327.160
1951-11-20,327.154
1951-11-21,327.139
1951-11-22,327.099
1951-11-23,327.078
1951-11-24,327.047
1951-11-25,327.023
1951-11-26,326.992
1951-11-27,326.968
1951-11-28,326.953
1951-11-29,326.931
1951-11-30,326.962
1951-12-01,327.053
1951-12-02,327.075
1951-12-03,327.053
1951-12-04,327.053
1951-12-06,327.041
1951-12-07,327.023
1951-12-09,326.980
1951-12-11,326.931
1951-12-12,326.895
1951-12-13,326.855
1951-12-14,326.825
1951-12-15,326.813
1951-12-16,326.803
1951-12-17,326.785
1951-12-18,326.773
1951-12-19,326.749
1951-12-20,326.718
1951-12-21,326.709
1951-12-22,326.688
1951-12-23,326.669
1951-12-24,326.663
1951-12-25,326.727
1951-12-26,326.749
1951-12-27,326.749
1951-12-28,326.721
1951-12-29,326.718
1951-12-30,326.718
1951-12-31,326.724
1952-01-01,326.779
1952-01-02,326.785
1952-01-03,326.794
1952-01-04,326.816
1952-01-05,326.855
1952-01-06,326.858
1952-01-07,326.843
1952-01-08,326.840
1952-01-10,326.779
1952-01-12,326.749
1952-01-14,326.724
1952-01-15,326.718
1952-01-17,326.688
1952-01-18,326.627
1952-01-19,326.593
1952-01-20,326.581
1952-01-22,326.550
1952-01-23,326.529
1952-01-24,326.505
1952-01-25,326.474
1952-01-26,326.459
1952-01-27,326.453
1952-01-28,326.453
1952-01-29,326.450
1952-01-30,326.505
1952-01-31,326.511
1952-02-02,327.450
1952-02-03,327.504
1952-02-04,327.535
1952-02-05,327.532
1952-02-06,327.511
1952-02-08,327.450
1952-02-09,327.413
1952-02-10,327.389
1952-02-11,327.346
1952-02-12,327.346
1952-02-13,327.297
1952-02-15,327.206
1952-02-16,327.151
1952-02-17,327.099
1952-02-18,327.059
1952-02-20,326.999
1952-02-22,326.925
1952-02-23,326.895
1952-02-24,326.855
1952-02-25,326.810
1952-02-26,326.785
1952-02-27,326.816
1952-02-28,326.831
1952-02-29,326.834
1952-03-01,326.816
1952-03-02,326.803
1952-03-03,326.764
1952-03-04,326.736
1952-03-05,326.694
1952-03-06,326.657
1952-03-07,326.605
1952-03-08,326.569
1952-03-09,326.538
1952-03-10,326.505
1952-03-11,326.453
1952-03-12,326.429
1952-03-13,326.383
1952-03-14,326.358
1952-03-15,326.337
1952-03-16,326.331
1952-03-17,326.316
1952-03-18,326.291
1952-03-19,326.270
1952-03-20,326.258
1952-03-21,326.230
1952-03-22,326.215
1952-03-23,326.194
1952-03-24,326.179
1952-03-25,326.154
1952-03-26,326.383
1952-03-27,326.444
1952-03-28,326.450
1952-03-29,326.444
1952-03-31,326.413
1952-04-01,326.389
1952-04-02,326.355
1952-04-03,326.349
1952-04-04,326.328
1952-04-05,326.325
1952-04-07,326.288
1952-04-09,326.246
1952-04-10,326.230
1952-04-11,326.206
1952-04-12,326.194
1952-04-13,326.179
1952-04-14,326.166
1952-04-15,326.145
1952-04-16,326.133
1952-04-17,326.115
1952-04-18,326.105
1952-04-19,326.093
1952-04-20,326.084
1952-04-21,326.099
1952-04-22,326.118
1952-04-23,326.118
1952-04-24,326.109
1952-04-25,326.087
1952-04-27,326.069
1952-04-28,326.057
1952-04-29,326.048
1952-04-30,326.023
1952-05-01,326.169
1952-05-02,326.224
1952-05-04,326.218
1952-05-05,326.206
1952-05-06,326.188
1952-05-07,326.163
1952-05-08,326.148
1952-05-09,326.166
1952-05-10,326.163
1952-05-11,326.139
1952-05-12,326.194
1952-05-13,326.185
1952-05-14,326.173
1952-05-15,326.166
1952-05-16,326.148
1952-05-17,326.136
1952-05-18,326.115
1952-05-19,326.133
1952-05-20,326.200
1952-05-21,326.252
1952-05-22,326.261
1952-05-24,326.261
1952-05-25,326.258
1952-05-26,326.243
1952-05-27,326.230
1952-05-28,326.224
1952-05-29,326.209
1952-05-30,326.200
1952-05-31,326.200
1952-06-01,326.237
1952-06-02,326.255
1952-06-03,326.252
1952-06-04,326.246
1952-06-05,326.237
1952-06-06,326.237
1952-06-07,326.230
1952-06-08,326.230
1952-06-09,326.224
1952-06-11,326.206
1952-06-13,326.194
1952-06-14,326.176
1952-06-15,326.163
1952-06-16,326.148
1952-06-17,326.139
1952-06-18,326.121
1952-06-19,326.109
1952-06-20,326.084
1952-06-21,326.072
1952-06-22,326.054
1952-06-23,326.044
1952-06-24,326.023
1952-06-25,326.011
1952-06-26,325.993
1952-06-27,326.087
1952-06-28,326.109
1952-06-29,326.145
1952-06-30,326.139
1952-07-01,326.139
1952-07-02,326.130
1952-07-03,326.118
1952-07-05,326.105
1952-07-06,326.102
1952-07-07,326.096
1952-07-08,326.093
1952-07-09,326.069
1952-07-10,326.057
1952-07-11,326.051
1952-07-13,326.032
1952-07-15,326.008
1952-07-16,325.990
1952-07-17,325.984
1952-07-18,325.962
1952-07-19,325.965
1952-07-20,326.032
1952-07-21,326.035
1952-07-22,326.017
1952-07-24,325.987
1952-07-26,325.956
1952-07-28,325.926
1952-07-30,325.895
1952-07-31,325.883
1952-08-01,325.865
1952-08-03,325.834
1952-08-04,325.828
1952-08-05,325.810
1952-08-06,325.804
1952-08-07,325.782
1952-08-08,325.779
1952-08-11,325.761
1952-08-12,325.749
1952-08-13,325.743
1952-08-14,325.740
1952-08-15,325.734
1952-08-16,325.721
1952-08-17,325.712
1952-08-18,325.709
1952-08-20,325.697
1952-08-21,325.688
1952-08-23,325.676
1952-08-24,325.667
1952-08-25,325.654
1952-08-26,325.651
1952-08-27,325.645
1952-08-28,325.627
1952-08-29,325.621
1952-08-31,325.615
1952-09-02,325.603
1952-09-03,325.596
1952-09-06,325.587
1952-09-07,325.578
1952-09-08,325.575
1952-09-09,325.569
1952-09-11,325.569
1952-09-12,325.575
1952-09-13,325.575
1952-09-14,325.578
1952-09-15,325.560
1952-09-16,325.593
1952-09-17,325.599
1952-09-18,325.612
1952-09-21,325.657
1952-09-22,325.688
1952-09-23,325.764
1952-09-24,325.895
1952-09-25,325.962
1952-09-26,325.987
1952-09-27,326.002
1952-09-28,326.008
1952-09-29,326.011
1952-10-01,326.011
1952-10-02,326.038
1952-10-03,326.063
1952-10-04,326.063
1952-10-05,326.087
1952-10-06,326.139
1952-10-16,326.139
1952-10-17,326.240
1952-10-18,326.267
1952-10-19,326.291
1952-10-20,326.392
1952-10-21,326.621
1952-10-22,326.648
1952-10-23,326.672
1952-10-28,326.672
1952-10-29,326.648
1952-10-30,326.621
1952-10-31,326.621
1952-11-01,326.596
1952-11-02,326.596
1952-11-03,326.621
1952-11-04,326.648
1952-11-05,326.648
1952-11-06,326.621
1952-11-08,326.621
1952-11-09,326.596
1952-11-10,326.596
1952-11-11,326.572
1952-11-12,326.572
1952-11-13,326.544
1952-11-15,326.496
1952-11-16,326.468
1952-11-17,326.444
1952-11-18,326.444
1952-11-19,326.419
1952-11-21,326.419
1952-11-22,326.416
1952-11-23,326.416
1952-11-24,326.398
1952-11-25,326.383
1952-11-26,326.374
1952-11-27,326.352
1952-11-28,326.343
1952-11-29,326.322
1952-11-30,326.297
1952-12-01,326.297
1952-12-02,326.294
1952-12-03,326.301
1952-12-05,326.301
1952-12-06,326.297
1952-12-07,326.291
1952-12-09,326.291
1952-12-11,326.297
1952-12-13,326.291
1952-12-14,326.267
1952-12-16,326.377
1952-12-17,326.383
1952-12-18,326.383
1952-12-19,326.377
1952-12-20,326.368
1952-12-21,326.355
1952-12-22,326.352
1952-12-23,326.334
1952-12-25,326.322
1952-12-26,326.310
1952-12-27,326.291
1952-12-28,326.276
1952-12-29,326.267
1952-12-30,326.261
1952-12-31,326.237
1953-01-01,326.243
1953-01-02,326.246
1953-01-03,326.233
1953-01-04,326.224
1953-01-06,326.200
1953-01-07,326.139
1953-01-08,326.136
1953-01-09,326.109
1953-01-10,326.102
1953-01-11,326.084
1953-01-12,326.075
1953-01-13,326.072
1953-01-14,326.051
1953-01-15,326.038
1953-01-16,326.017
1953-01-17,326.011
1953-01-18,325.993
1953-01-19,325.980
1953-01-20,325.956
1953-01-22,325.932
1953-01-23,325.941
1953-01-24,325.941
1953-01-25,325.932
1953-01-27,325.926
1953-01-29,325.895
1953-01-30,325.892
1953-01-31,325.880
1953-02-01,325.871
1953-02-02,325.865
1953-02-03,325.843
1953-02-04,325.859
1953-02-05,325.834
1953-02-06,325.804
1953-02-07,325.798
1953-02-08,325.804
1953-02-09,325.834
1953-02-11,325.834
1953-02-12,325.837
1953-02-13,325.843
1953-02-14,325.843
1953-02-15,325.837
1953-02-16,325.828
1953-02-17,325.807
1953-02-19,325.795
1953-02-20,325.782
1953-02-21,325.773
1953-02-23,325.743
1953-02-24,325.737
1953-02-25,325.724
1953-02-28,325.706
1953-03-01,325.697
1953-03-02,325.682
1953-03-03,325.685
1953-03-04,325.685
1953-03-06,325.667
1953-03-08,325.636
1953-03-09,325.667
1953-03-10,325.676
1953-03-11,325.667
1953-03-12,325.660
1953-03-13,325.651
1953-03-14,325.636
1953-03-15,325.636
1953-03-16,325.630
1953-03-17,325.627
1953-03-18,325.621
1953-03-19,325.712
1953-03-20,325.834
1953-03-21,325.865
1953-03-22,325.889
1953-03-23,325.910
1953-03-24,325.950
1953-03-26,325.962
1953-03-27,325.959
1953-03-28,325.953
1953-03-29,325.953
1953-04-01,325.935
1953-04-02,325.944
1953-04-03,325.950
1953-04-04,325.929
1953-04-06,325.929
1953-04-08,325.923
1953-04-09,325.910
1953-04-10,325.895
1953-04-11,325.923
1953-04-12,325.968
1953-04-13,326.057
1953-04-14,326.124
1953-04-15,326.139
1953-04-16,326.163
1953-04-17,326.322
1953-04-18,326.474
1953-04-19,326.520
1953-04-20,326.523
1953-04-21,326.575
1953-04-22,326.962
1953-04-23,327.084
1953-04-24,327.108
1953-04-25,327.114
1953-04-26,327.111
1953-04-27,327.093
1953-04-28,327.078
1953-04-29,327.053
1953-04-30,327.023
1953-05-01,327.002
1953-05-02,326.977
1953-05-03,326.977
1953-05-04,326.953
1953-05-05,326.953
1953-05-06,326.901
1953-05-07,326.877
1953-05-08,326.849
1953-05-09,326.825
1953-05-10,326.773
1953-05-12,326.724
1953-05-13,326.672
1953-05-14,326.648
1953-05-15,326.648
1953-05-16,326.596
1953-05-17,326.572
1953-05-18,326.544
1953-05-20,326.496
1953-05-21,326.468
1953-05-23,326.419
1953-05-24,326.392
1953-05-25,326.444
1953-05-26,326.468
1953-05-27,326.496
1953-05-28,326.724
1953-05-30,326.925
1953-06-01,326.925
1953-06-02,326.901
1953-06-03,326.849
1953-06-04,326.901
1953-06-05,326.901
1953-06-06,326.825
1953-06-07,326.800
1953-06-08,326.773
1953-06-09,326.773
1953-06-10,326.724
1953-06-11,326.724
1953-06-12,326.697
1953-06-13,326.621
1953-06-14,326.572
1953-06-15,326.544
1953-06-16,326.520
1953-06-17,326.520
1953-06-18,326.496
1953-06-19,326.496
1953-06-20,326.444
1953-06-21,326.444
1953-06-22,326.392
1953-06-23,326.343
1953-06-24,326.291
1953-06-26,326.291
1953-06-27,326.267
1953-06-28,326.267
1953-06-29,326.240
1953-06-30,326.240
1953-07-01,326.191
1953-07-02,326.163
1953-07-03,326.163
1953-07-04,326.139
1953-07-05,326.139
1953-07-06,326.087
1953-07-07,326.087
1953-07-08,326.063
1953-07-09,326.063
1953-07-10,326.038
1953-07-11,326.038
1953-07-12,326.011
1953-07-14,326.011
1953-07-15,325.962
1953-07-17,325.962
1953-07-18,325.956
1953-07-19,325.956
1953-07-20,325.950
1953-07-22,325.932
1953-07-23,325.932
1953-07-25,326.054
1953-07-26,326.060
1953-07-27,326.060
1953-07-29,326.048
1953-07-30,326.044
1953-07-31,326.038
1953-08-01,326.023
1953-08-02,326.011
1953-08-03,325.993
1953-08-05,325.980
1953-08-06,325.971
1953-08-07,325.956
1953-08-08,326.200
1953-08-09,326.261
1953-08-10,326.249
1953-08-11,326.233
1953-08-13,326.246
1953-08-14,326.249
1953-08-15,326.246
1953-08-16,326.230
1953-08-17,326.224
1953-08-18,326.224
1953-08-19,326.230
1953-08-20,326.209
1953-08-21,326.200
1953-08-22,326.194
1953-08-23,326.176
1953-08-24,326.166
1953-08-25,326.148
1953-08-26,326.136
1953-08-27,326.115
1953-08-28,326.102
1953-08-30,326.072
1953-08-31,326.054
1953-09-01,326.041
1953-09-02,326.038
1953-09-03,326.023
1953-09-04,326.048
1953-09-05,326.087
1953-09-06,326.102
1953-09-07,326.102
1953-09-08,326.169
1953-09-10,326.230
1953-09-11,326.322
1953-09-12,326.358
1953-09-13,326.383
1953-09-14,326.386
1953-09-15,326.386
1953-09-16,326.383
1953-09-18,326.352
1953-09-19,326.346
1953-09-20,326.322
1953-09-21,326.307
1953-09-22,326.276
1953-09-23,326.261
1953-09-24,326.285
1953-09-26,326.267
1953-09-27,326.255
1953-09-28,326.230
1953-09-29,326.215
1953-09-30,326.203
1953-10-01,326.185
1953-10-02,326.176
1953-10-03,326.163
1953-10-04,326.142
1953-10-05,326.136
1953-10-06,326.127
1953-10-07,326.109
1953-10-09,326.078
1953-10-10,326.075
1953-10-11,326.054
1953-10-12,326.038
1953-10-13,326.041
1953-10-14,326.041
1953-10-15,326.035
1953-10-16,326.023
1953-10-17,326.017
1953-10-18,325.987
1953-10-19,325.996
1953-10-20,326.011
1953-10-21,325.980
1953-10-22,325.971
1953-10-23,325.953
1953-10-24,325.956
1953-10-25,325.974
1953-10-26,325.977
1953-10-27,325.984
1953-10-28,325.984
1953-10-31,325.993
1953-11-01,326.017
1953-11-02,326.035
1953-11-03,326.078
1953-11-05,326.109
1953-11-06,326.115
1953-11-07,326.124
1953-11-09,326.154
1953-11-10,326.200
1953-11-11,326.230
1953-11-12,326.230
1953-11-13,326.206
1953-11-14,326.291
1953-11-15,326.352
1953-11-17,326.383
1953-11-21,326.383
1953-11-22,326.371
1953-11-23,326.352
1953-11-24,326.413
1953-11-25,326.368
1953-11-26,326.785
1953-11-27,326.992
1953-11-28,327.053
1953-11-29,327.145
1953-11-30,327.191
1953-12-01,327.206
1953-12-02,327.212
1953-12-03,327.175
1953-12-04,327.151
1953-12-05,327.108
1953-12-06,327.130
1953-12-07,327.145
1953-12-08,327.130
1953-12-09,327.099
1953-12-10,327.145
1953-12-11,327.184
1953-12-12,327.267
1953-12-13,327.264
1953-12-14,327.230
1953-12-15,327.206
1953-12-16,327.212
1953-12-17,327.169
1953-12-18,327.145
1953-12-22,327.023
1953-12-23,327.008
1953-12-24,326.968
1953-12-25,326.947
1953-12-26,326.992
1953-12-27,327.029
1953-12-28,327.023
1953-12-29,326.992
1953-12-30,326.986
1954-01-01,326.925
1954-01-03,326.864
1954-01-04,326.855
1954-01-05,326.840
1954-01-06,326.800
1954-01-07,326.977
1954-01-08,327.026
1954-01-09,326.992
1954-01-10,326.971
1954-01-11,326.965
1954-01-12,326.935
1954-01-13,326.925
1954-01-14,326.877
1954-01-15,326.852
1954-01-17,326.785
1954-01-18,326.755
1954-01-19,326.712
1954-01-25,326.529
1954-01-26,326.496
1954-01-27,326.459
1954-01-28,326.429
1954-01-29,326.407
1954-01-30,326.377
1954-01-31,326.365
1954-02-01,326.337
1954-02-02,326.322
1954-02-03,326.383
1954-02-04,326.520
1954-02-05,326.566
1954-02-06,326.596
1954-02-07,326.596
1954-02-08,326.627
1954-02-09,326.633
1954-02-10,326.627
1954-02-12,326.566
1954-02-14,326.535
1954-02-16,326.511
1954-02-17,326.520
1954-02-18,326.520
1954-02-19,326.468
1954-02-20,326.444
1954-02-22,326.444
1954-02-23,326.419
1954-02-24,326.419
1954-02-25,326.392
1954-02-26,326.392
1954-02-27,326.368
1954-02-28,326.368
1954-03-01,326.343
1954-03-02,326.343
1954-03-03,326.316
1954-03-04,326.316
1954-03-05,326.291
1954-03-06,326.291
1954-03-07,326.267
1954-03-08,326.291
1954-03-09,326.343
1954-03-10,326.392
1954-03-11,326.419
1954-03-12,326.392
1954-03-13,326.343
1954-03-15,326.392
1954-03-16,326.544
1954-03-17,326.544
1954-03-18,326.520
1954-03-19,326.520
1954-03-20,326.544
1954-03-23,326.544
1954-03-24,326.572
1954-03-25,326.544
1954-03-27,326.544
1954-03-28,326.596
1954-03-29,326.621
1954-04-01,326.621
1954-04-02,326.596
1954-04-03,326.596
1954-04-04,326.572
1954-04-05,326.538
1954-04-06,326.508
1954-04-08,326.441
1954-04-09,326.413
1954-04-10,326.392
1954-04-11,326.377
1954-04-12,326.358
1954-04-14,326.316
1954-04-15,326.301
1954-04-16,326.297
1954-04-17,326.285
1954-04-18,326.276
1954-04-19,326.307
1954-04-20,326.368
1954-04-21,326.368
1954-04-23,326.349
1954-04-24,326.337
1954-04-25,326.322
1954-04-26,326.291
1954-04-29,326.246
1954-04-30,326.230
1954-05-01,326.230
1954-05-02,326.200
1954-05-03,326.185
1954-05-04,326.154
1954-05-06,326.136
1954-05-07,326.124
1954-05-08,326.115
1954-05-09,326.102
1954-05-10,326.093
1954-05-12,326.063
1954-05-13,326.051
1954-05-14,326.041
1954-05-16,326.017
1954-05-17,326.008
1954-05-18,325.993
1954-05-19,325.987
1954-05-20,325.974
1954-05-22,325.962
1954-05-23,325.962
1954-05-24,325.956
1954-05-26,325.926
1954-05-27,325.916
1954-05-28,325.901
1954-05-29,325.895
1954-05-30,325.874
1954-05-31,325.865
1954-06-01,325.859
1954-06-02,325.837
1954-06-03,325.834
1954-06-04,325.810
1954-06-06,325.804
1954-06-07,325.804
1954-06-08,325.798
1954-06-09,325.795
1954-06-10,325.782
1954-06-11,325.776
1954-06-12,325.792
1954-06-14,325.816
1954-06-15,325.834
1954-06-16,325.895
1954-06-17,325.987
1954-06-18,326.413
1954-06-19,326.343
1954-06-20,326.255
1954-06-21,326.215
1954-06-22,326.200
1954-06-23,326.197
1954-06-24,326.197
1954-06-25,326.194
1954-06-27,326.169
1954-06-28,326.163
1954-06-29,326.139
1954-06-30,326.133
1954-07-01,326.124
1954-07-02,326.215
1954-07-03,326.276
1954-07-04,326.291
1954-07-05,326.291
1954-07-06,326.285
1954-07-07,326.276
1954-07-08,326.261
1954-07-09,326.258
1954-07-10,326.249
1954-07-12,326.218
1954-07-14,326.194
1954-07-15,326.169
1954-07-17,326.157
1954-07-18,326.139
1954-07-19,326.115
1954-07-20,326.115
1954-07-22,326.102
1954-07-23,326.084
1954-07-24,326.072
1954-07-25,326.054
1954-07-26,326.072
1954-07-27,326.115
1954-07-28,326.084
1954-07-29,326.075
1954-07-30,326.057
1954-07-31,326.041
1954-08-01,326.023
1954-08-02,326.017
1954-08-03,325.999
1954-08-04,325.987
1954-08-06,325.956
1954-08-08,325.926
1954-08-09,325.920
1954-08-10,325.901
1954-08-11,325.923
1954-08-12,325.923
1954-08-13,325.926
1954-08-14,325.932
1954-08-15,325.932
1954-08-16,325.926
1954-08-17,325.923
1954-08-18,325.926
1954-08-19,325.926
1954-08-20,325.929
1954-08-22,325.941
1954-08-23,325.941
1954-08-25,325.935
1954-08-26,325.938
1954-08-29,325.938
1954-08-30,325.968
1954-08-31,326.084
1954-09-01,326.093
1954-09-02,326.057
1954-09-03,326.044
1954-09-04,326.038
1954-09-05,326.029
1954-09-06,326.029
1954-09-07,326.017
1954-09-08,326.008
1954-09-09,325.993
1954-09-10,325.993
1954-09-11,325.984
1954-09-12,325.980
1954-09-13,325.962
1954-09-16,325.944
1954-09-17,325.932
1954-09-19,325.920
1954-09-20,325.923
1954-09-21,325.923
1954-09-22,325.916
1954-09-23,325.895
1954-09-24,325.889
1954-09-25,325.874
1954-09-26,325.901
1954-09-28,325.901
1954-09-29,325.913
1954-09-30,325.923
1954-10-01,325.901
1954-10-02,325.910
1954-10-03,325.910
1954-10-04,325.907
1954-10-05,325.901
1954-10-06,325.901
1954-10-07,325.920
1954-10-09,325.993
1954-10-10,326.008
1954-10-11,326.109
1954-10-12,326.176
1954-10-13,326.200
1954-10-14,326.215
1954-10-15,326.215
1954-10-16,326.209
1954-10-17,326.200
1954-10-18,326.185
1954-10-19,326.176
1954-10-20,326.191
1954-10-21,326.197
1954-10-22,326.188
1954-10-23,326.212
1954-10-24,326.212
1954-10-25,326.200
1954-10-26,326.194
1954-10-27,326.185
1954-10-28,326.169
1954-10-29,326.169
1954-10-30,326.176
1954-10-31,326.215
1954-11-01,326.279
1954-11-02,326.352
1954-11-03,326.374
1954-11-04,326.383
1954-11-05,326.386
1954-11-06,326.392
1954-11-07,326.438
1954-11-08,326.474
1954-11-10,326.535
1954-11-11,326.587
1954-11-12,326.627
1954-11-13,326.682
1954-11-14,326.703
1954-11-15,326.718
1954-11-16,326.724
1954-11-17,326.739
1954-11-18,326.727
1954-11-19,326.712
1954-11-20,326.688
1954-11-21,326.657
1954-11-22,326.642
1954-11-23,326.624
1954-11-24,326.633
1954-11-25,326.663
1954-11-26,326.660
1954-11-27,326.651
1954-11-29,326.596
1954-11-30,326.587
1954-12-01,326.572
1954-12-02,326.560
1954-12-03,326.535
1954-12-04,326.523
1954-12-05,326.505
1954-12-06,326.535
1954-12-07,326.529
1954-12-08,326.511
1954-12-09,326.508
1954-12-10,326.529
1954-12-12,326.529
1954-12-14,326.505
1954-12-15,326.490
1954-12-16,326.471
1954-12-17,326.502
1954-12-18,326.511
1954-12-19,326.505
1954-12-20,326.493
1954-12-21,326.471
1954-12-22,326.447
1954-12-23,326.429
1954-12-24,326.413
1954-12-25,326.389
1954-12-26,326.352
1954-12-27,326.328
1954-12-28,326.307
1954-12-29,326.291
1954-12-30,326.297
1954-12-31,326.285
1955-01-01,326.261
1955-01-02,326.237
1955-01-03,326.261
1955-01-04,326.255
1955-01-07,326.200
1955-01-08,326.176
1955-01-09,326.173
1955-01-10,326.249
1955-01-11,326.249
1955-01-12,326.227
1955-01-13,326.221
1955-01-14,326.200
1955-01-15,326.176
1955-01-16,326.169
1955-01-18,326.109
1955-01-19,326.096
1955-01-20,326.078
1955-01-21,326.139
1955-01-22,326.139
1955-01-23,326.127
1955-01-25,326.084
1955-01-26,326.063
1955-01-27,326.048
1955-01-28,326.026
1955-01-29,325.980
1955-01-30,326.011
1955-01-31,326.066
1955-02-01,326.139
1955-02-02,326.163
1955-02-03,326.581
1955-02-04,326.688
1955-02-05,326.718
1955-02-06,326.718
1955-02-07,326.703
1955-02-08,326.682
1955-02-09,326.672
1955-02-10,326.657
1955-02-11,326.627
1955-02-12,326.602
1955-02-13,326.566
1955-02-14,326.511
1955-02-15,326.514
1955-02-16,326.538
1955-02-17,326.566
1955-02-18,326.584
1955-02-20,326.596
1955-02-21,326.700
1955-02-22,326.733
1955-02-23,326.749
1955-02-24,326.727
1955-02-25,326.785
1955-02-26,326.810
1955-02-27,326.803
1955-02-28,326.779
1955-03-01,326.764
1955-03-02,326.739
1955-03-03,326.709
1955-03-04,326.672
1955-03-05,326.642
1955-03-06,326.593
1955-03-07,326.596
1955-03-08,326.584
1955-03-09,326.627
1955-03-10,326.663
1955-03-11,326.672
1955-03-12,326.657
1955-03-13,326.630
1955-03-14,326.682
1955-03-15,326.749
1955-03-16,326.749
1955-03-17,326.718
1955-03-18,326.703
1955-03-19,326.682
1955-03-20,326.657
1955-03-21,326.621
1955-03-22,326.581
1955-03-23,326.535
1955-03-24,326.505
1955-03-25,326.480
1955-03-26,326.450
1955-03-27,326.441
1955-03-28,326.419
1955-03-29,326.392
1955-03-30,326.368
1955-03-31,326.337
1955-04-01,326.322
1955-04-02,326.313
1955-04-03,326.301
1955-04-04,326.325
1955-04-05,326.337
1955-04-07,326.331
1955-04-08,326.291
1955-04-09,326.304
1955-04-10,326.291
1955-04-11,326.282
1955-04-12,326.264
1955-04-13,326.249
1955-04-14,326.227
1955-04-15,326.203
1955-04-16,326.176
1955-04-17,326.185
1955-04-18,326.188
1955-04-19,326.176
1955-04-20,326.157
1955-04-21,326.142
1955-04-22,326.139
1955-04-23,326.109
1955-04-24,326.090
1955-04-25,326.078
1955-04-26,326.048
1955-04-28,326.078
1955-04-29,326.078
1955-04-30,326.075
1955-05-01,326.060
1955-05-02,326.048
1955-05-03,326.023
1955-05-04,326.017
1955-05-05,326.151
1955-05-06,326.224
1955-05-07,326.383
1955-05-08,326.444
1955-05-09,326.547
1955-05-10,326.611
1955-05-11,326.627
1955-05-13,326.614
1955-05-14,326.596
1955-05-15,326.550
1955-05-16,326.566
1955-05-17,326.587
1955-05-18,326.581
1955-05-19,326.566
1955-05-20,326.992
1955-05-21,326.962
1955-05-23,326.871
1955-05-25,326.810
1955-05-26,326.785
1955-05-28,326.742
1955-05-29,326.703
1955-05-30,326.682
1955-05-31,326.657
1955-06-01,326.645
1955-06-02,326.718
1955-06-03,326.715
1955-06-04,326.703
1955-06-05,326.688
1955-06-07,326.627
1955-06-08,326.599
1955-06-09,326.581
1955-06-10,326.560
1955-06-12,326.505
1955-06-13,326.459
1955-06-14,326.712
1955-06-15,326.916
1955-06-16,326.871
1955-06-17,326.840
1955-06-18,326.825
1955-06-19,326.803
1955-06-20,326.779
1955-06-21,326.749
1955-06-22,326.730
1955-06-23,326.800
1955-06-24,326.803
1955-06-25,326.724
1955-06-26,326.694
1955-06-27,326.660
1955-06-28,326.630
1955-06-29,326.602
1955-07-01,326.535
1955-07-02,326.517
1955-07-03,326.480
1955-07-04,326.465
1955-07-05,326.438
1955-07-06,326.398
1955-07-07,326.377
1955-07-09,326.322
1955-07-10,326.291
1955-07-11,326.267
1955-07-12,326.255
1955-07-13,326.233
1955-07-14,326.218
1955-07-15,326.200
1955-07-16,326.179
1955-07-17,326.166
1955-07-18,326.145
1955-07-19,326.136
1955-07-20,326.121
1955-07-21,326.109
1955-07-22,326.099
1955-07-23,326.078
1955-07-24,326.069
1955-07-25,326.048
1955-07-26,326.032
1955-07-27,326.020
1955-07-28,326.011
1955-07-29,325.993
1955-07-30,325.987
1955-07-31,325.977
1955-08-01,325.965
1955-08-03,325.892
1955-08-04,325.889
1955-08-05,325.913
1955-08-06,325.901
1955-08-07,325.929
1955-08-10,325.965
1955-08-11,325.990
1955-08-12,326.054
1955-08-13,326.041
1955-08-14,326.093
1955-08-15,326.093
1955-08-16,326.105
1955-08-17,326.105
1955-08-18,326.130
1955-08-19,326.118
1955-08-21,326.142
1955-08-22,326.142
1955-08-23,326.218
1955-08-24,326.270
1955-08-25,326.294
1955-08-26,326.322
1955-08-27,326.523
1955-08-28,326.621
1955-08-29,326.663
1955-08-30,326.703
1955-08-31,326.715
1955-09-01,326.730
1955-09-02,326.730
1955-09-03,326.742
1955-09-04,326.742
1955-09-05,326.746
1955-09-06,326.755
1955-09-10,326.755
1955-09-11,326.746
1955-09-14,326.746
1955-09-15,326.736
1955-09-17,326.736
1955-09-18,326.724
1955-09-19,326.770
1955-09-21,326.770
1955-09-22,326.755
1955-09-23,326.730
1955-09-24,326.779
1955-09-25,326.883
1955-09-26,326.959
1955-09-27,326.983
1955-09-28,326.995
1955-09-29,326.983
1955-09-30,326.983
1955-10-01,326.971
1955-10-02,326.971
1955-10-03,326.959
1955-10-04,326.959
1955-10-05,327.011
1955-10-06,327.011
1955-10-07,326.995
1955-10-10,326.959
1955-10-16,326.959
1955-10-17,326.935
1955-10-19,326.935
1955-10-20,326.913
1955-10-21,326.913
1955-10-22,326.919
1955-10-23,326.895
1955-10-24,326.883
1955-10-25,326.852
1955-10-26,326.831
1955-10-27,326.858
1955-10-28,326.858
1955-10-29,326.831
1955-10-30,326.831
1955-10-31,326.806
1955-11-01,326.806
1955-11-02,326.883
1955-11-06,326.883
1955-11-07,326.895
1955-11-10,326.895
1955-11-11,326.871
1955-11-12,326.871
1955-11-13,326.858
1955-11-14,326.858
1955-11-15,326.846
1955-11-16,326.843
1955-11-17,326.831
1955-11-18,326.806
1955-11-19,326.794
1955-11-20,326.794
1955-11-21,326.782
1955-11-22,326.767
1955-11-23,326.742
1955-11-24,326.755
1955-11-25,326.782
1955-11-26,326.819
1955-11-27,326.883
1955-11-28,326.883
1955-11-29,326.877
1955-11-30,326.889
1955-12-01,326.883
1955-12-02,326.883
1955-12-03,326.895
1955-12-04,326.974
1955-12-05,327.014
1955-12-06,327.203
1955-12-07,327.255
1955-12-08,327.264
1955-12-10,327.264
1955-12-11,327.276
1955-12-12,327.276
1955-12-14,327.252
1955-12-15,327.239
1955-12-17,327.239
1955-12-18,327.215
1955-12-19,327.187
1955-12-20,327.163
1955-12-21,327.163
1955-12-22,327.136
1955-12-24,327.111
1955-12-26,327.063
1955-12-27,327.035
1955-12-28,327.023
1955-12-29,326.999
1955-12-30,326.986
1955-12-31,326.959
1956-01-01,326.935
1956-01-03,326.910
1956-01-04,326.910
1956-01-05,326.898
1956-01-06,326.910
1956-01-07,326.983
1956-01-08,326.983
1956-01-09,326.959
1956-01-11,326.935
1956-01-12,326.935
1956-01-13,326.907
1956-01-14,326.883
1956-01-16,326.858
1956-01-17,326.858
1956-01-18,326.843
1956-01-19,326.843
1956-01-20,326.819
1956-01-22,326.794
1956-01-23,326.782
1956-01-24,326.755
1956-01-25,326.755
1956-01-26,326.730
1956-01-27,326.730
1956-01-28,326.706
1956-01-29,326.678
1956-01-30,326.666
1956-01-31,326.907
1956-02-02,326.907
1956-02-03,326.895
1956-02-04,326.895
1956-02-05,326.871
1956-02-06,326.858
1956-02-07,326.831
1956-02-09,326.782
1956-02-10,326.782
1956-02-11,326.758
1956-02-12,326.758
1956-02-13,326.730
1956-02-14,326.746
1956-02-15,326.742
1956-02-16,326.730
1956-02-17,326.730
1956-02-18,326.718
1956-02-19,326.718
1956-02-20,326.694
1956-02-21,326.666
1956-02-22,326.642
1956-02-23,326.642
1956-02-25,326.618
1956-02-26,326.602
1956-02-27,326.566
1956-02-28,326.566
1956-02-29,326.550
1956-03-01,326.538
1956-03-02,326.538
1956-03-05,326.502
1956-03-06,326.486
1956-03-07,326.450
1956-03-08,326.450
1956-03-09,326.425
1956-03-11,326.425
1956-03-12,326.438
1956-03-13,326.438
1956-03-14,326.425
1956-03-15,326.398
1956-03-16,326.386
1956-03-17,326.377
1956-03-19,326.425
1956-03-20,326.425
1956-03-21,326.398
1956-03-22,326.398
1956-03-23,326.374
1956-03-24,326.374
1956-03-26,326.349
1956-03-27,326.334
1956-03-29,326.334
1956-03-30,326.310
1956-03-31,326.297
1956-04-01,326.297
1956-04-02,326.285
1956-04-03,326.285
1956-04-04,326.273
1956-04-08,326.273
1956-04-09,326.285
1956-04-10,326.322
1956-04-11,326.334
1956-04-13,326.334
1956-04-14,326.374
1956-04-15,326.386
1956-04-16,326.374
1956-04-18,326.374
1956-04-19,326.462
1956-04-20,326.526
1956-04-21,326.678
1956-04-22,326.931
1956-04-23,326.971
1956-04-24,327.032
1956-04-25,327.020
1956-04-26,326.995
1956-04-27,327.123
1956-04-28,327.175
1956-04-29,327.264
1956-04-30,327.264
1956-05-01,327.261
1956-05-02,327.233
1956-05-04,327.209
1956-05-06,327.160
1956-05-07,327.148
1956-05-08,327.120
1956-05-09,327.108
1956-05-10,327.081
1956-05-12,327.032
1956-05-13,327.032
1956-05-14,327.148
1956-05-15,327.337
1956-05-16,327.361
1956-05-17,327.337
1956-05-20,327.300
1956-05-21,327.285
1956-05-22,327.261
1956-05-23,327.233
1956-05-25,327.184
1956-05-26,327.172
1956-05-27,327.184
1956-05-28,327.209
1956-05-29,327.337
1956-05-30,327.386
1956-05-31,327.413
1956-06-01,327.416
1956-06-02,327.410
1956-06-03,327.373
1956-06-05,327.373
1956-06-06,327.328
1956-06-07,327.279
1956-06-08,327.264
1956-06-09,327.252
1956-06-10,327.215
1956-06-11,327.187
1956-06-12,327.187
1956-06-13,327.212
1956-06-14,327.261
1956-06-15,327.285
1956-06-16,327.285
1956-06-17,327.361
1956-06-18,327.416
1956-06-19,327.468
1956-06-20,327.508
1956-06-24,327.508
1956-06-25,327.468
1956-06-26,327.444
1956-06-27,327.416
1956-06-29,327.367
1956-06-30,327.380
1956-07-01,327.416
1956-07-02,327.392
1956-07-04,327.392
1956-07-05,327.367
1956-07-06,327.367
1956-07-07,327.340
1956-07-08,327.340
1956-07-09,327.352
1956-07-10,327.376
1956-07-11,327.376
1956-07-12,327.352
1956-07-13,327.340
1956-07-14,327.316
1956-07-15,327.288
1956-07-16,327.276
1956-07-17,327.248
1956-07-19,327.200
1956-07-20,327.178
1956-07-21,327.166
1956-07-22,327.136
1956-07-24,327.087
1956-07-25,327.063
1956-07-26,327.063
1956-07-27,327.035
1956-07-29,326.986
1956-07-30,326.959
1956-07-31,326.935
1956-08-01,326.935
1956-08-03,326.910
1956-08-04,326.910
1956-08-05,326.883
1956-08-06,326.858
1956-08-07,326.831
1956-08-09,326.806
1956-08-10,326.782
1956-08-12,326.758
1956-08-13,326.730
1956-08-14,326.730
1956-08-15,326.718
1956-08-16,326.742
1956-08-17,326.779
1956-08-18,326.806
1956-08-19,326.806
1956-08-21,326.782
1956-08-22,326.782
1956-08-23,326.758
1956-08-25,326.782
1956-08-26,326.806
1956-08-27,326.806
1956-08-28,326.782
1956-08-29,326.782
1956-08-31,326.758
1956-09-01,326.727
1956-09-03,326.727
1956-09-04,326.703
1956-09-06,326.703
1956-09-07,326.691
1956-09-08,326.691
1956-09-10,326.666
1956-09-11,326.654
1956-09-12,326.678
1956-09-14,326.703
1956-09-15,326.691
1956-09-16,326.703
1956-09-17,326.703
1956-09-18,326.678
1956-09-19,326.678
1956-09-20,326.666
1956-09-21,326.636
1956-09-22,326.624
1956-09-23,326.648
1956-09-24,326.624
1956-09-28,326.624
1956-09-29,326.648
1956-09-30,326.675
1956-10-04,326.675
1956-10-05,326.700
1956-10-06,326.700
1956-10-07,326.688
1956-10-08,326.697
1956-10-09,326.688
1956-10-10,326.675
1956-10-12,326.675
1956-10-14,326.651
1956-10-15,326.651
1956-10-16,326.636
1956-10-19,326.636
1956-10-20,326.688
1956-10-21,326.803
1956-10-22,326.855
1956-10-23,326.867
1956-10-24,326.855
1956-10-26,326.855
1956-10-27,326.928
1956-10-28,326.928
1956-10-29,326.941
1956-10-30,327.008
1956-10-31,327.059
1956-11-01,327.133
1956-11-02,327.184
1956-11-03,327.261
1956-11-04,327.312
1956-11-05,327.337
1956-11-09,327.337
1956-11-10,327.349
1956-11-11,327.349
1956-11-12,327.361
1956-11-13,327.489
1956-11-15,327.538
1956-11-16,327.565
1956-11-17,327.617
1956-11-18,327.642
1956-11-22,327.642
1956-11-23,327.654
1956-11-24,327.642
1956-11-25,327.642
1956-11-26,327.617
1956-11-28,327.593
1956-11-29,327.565
1956-11-30,327.541
1956-12-01,327.742
1956-12-02,327.870
1956-12-05,327.870
1956-12-06,327.946
1956-12-07,327.995
1956-12-08,327.971
1956-12-09,327.959
1956-12-10,327.959
1956-12-11,327.934
1956-12-12,327.922
1956-12-13,327.946
1956-12-14,327.946
1956-12-16,327.898
1956-12-17,327.870
1956-12-18,327.846
1956-12-19,327.870
1956-12-20,327.846
1956-12-21,327.770
1956-12-22,327.748
1956-12-23,327.687
1956-12-24,327.672
1956-12-25,327.645
1956-12-26,327.672
1956-12-27,327.697
1956-12-28,327.697
1956-12-29,327.672
1956-12-30,327.697
1956-12-31,327.748
1957-01-01,327.706
1957-01-02,327.660
1957-01-03,327.727
1957-01-04,327.782
1957-01-05,327.889
1957-01-06,327.703
1957-01-07,327.629
1957-01-08,327.599
1957-01-09,327.581
1957-01-10,327.581
1957-01-11,327.544
1957-01-12,327.492
1957-01-14,327.456
1957-01-15,327.450
1957-01-16,327.447
1957-01-17,327.447
1957-01-18,327.422
1957-01-20,327.440
1957-01-21,327.447
1957-01-22,327.340
1957-01-23,327.316
1957-01-24,327.264
1957-01-26,327.264
1957-01-27,327.252
1957-01-28,327.456
1957-01-29,327.456
1957-01-30,327.450
1957-01-31,327.468
1957-02-01,327.474
1957-02-02,327.440
1957-02-03,327.410
1957-02-04,327.398
1957-02-06,327.398
1957-02-07,327.364
1957-02-09,327.340
1957-02-11,327.291
1957-02-12,327.264
1957-02-13,327.264
1957-02-14,327.227
1957-02-15,327.215
1957-02-16,327.187
1957-02-17,327.163
1957-02-18,327.142
1957-02-19,327.130
1957-02-20,327.130
1957-02-21,327.093
1957-02-22,327.069
1957-02-24,327.069
1957-02-25,327.035
1957-02-26,327.084
1957-02-27,327.111
1957-02-28,327.084
1957-03-01,327.017
1957-03-02,326.992
1957-03-03,326.941
1957-03-07,326.941
1957-03-08,327.020
1957-03-09,327.035
1957-03-10,327.020
1957-03-11,327.020
1957-03-12,326.995
1957-03-13,326.977
1957-03-14,326.980
1957-03-15,326.968
1957-03-16,326.968
1957-03-17,326.974
1957-03-18,326.974
1957-03-19,326.944
1957-03-20,326.992
1957-03-21,327.017
1957-03-22,327.017
1957-03-23,326.992
1957-03-24,326.992
1957-03-25,326.980
1957-03-26,326.980
1957-03-27,326.968
1957-03-28,326.968
1957-03-29,326.944
1957-03-30,326.931
1957-03-31,326.916
1957-04-01,326.916
1957-04-02,326.892
1957-04-03,326.880
1957-04-04,326.904
1957-04-05,326.880
1957-04-06,326.867
1957-04-07,326.867
1957-04-09,326.819
1957-04-10,326.819
1957-04-11,326.794
1957-04-12,326.864
1957-04-13,326.901
1957-04-14,326.892
1957-04-15,326.892
1957-04-16,326.944
1957-04-23,326.944
1957-04-24,326.968
1957-04-25,326.968
1957-04-26,326.992
1957-04-27,326.992
1957-04-28,327.069
1957-04-29,327.093
1957-04-30,327.322
1957-05-01,327.401
1957-05-02,327.428
1957-05-03,327.401
1957-05-04,327.578
1957-05-06,327.645
1957-05-07,327.629
1957-05-08,327.553
1957-05-09,327.526
1957-05-10,327.538
1957-05-11,327.514
1957-05-12,327.501
1957-05-13,327.462
1957-05-14,327.462
1957-05-15,327.501
1957-05-16,327.489
1957-05-17,327.355
1957-05-19,327.355
1957-05-20,327.471
1957-05-21,327.462
1957-05-22,327.450
1957-05-23,327.450
1957-05-24,327.550
1957-05-25,327.501
1957-05-26,327.501
1957-05-27,327.477
1957-05-28,327.462
1957-05-29,327.450
1957-05-30,327.422
1957-05-31,327.392
1957-06-01,327.373
1957-06-02,327.325
1957-06-03,327.297
1957-06-04,327.297
1957-06-05,327.270
1957-06-07,327.221
1957-06-10,327.148
1957-06-11,327.148
1957-06-12,327.120
1957-06-13,327.096
1957-06-14,327.075
1957-06-15,327.075
1957-06-16,327.014
1957-06-17,326.992
1957-06-18,326.992
1957-06-19,326.968
1957-06-20,326.931
1957-06-21,326.919
1957-06-22,326.895
1957-06-23,326.883
1957-06-24,326.858
1957-06-26,326.816
1957-06-27,326.791
1957-06-29,326.791
1957-07-01,327.029
1957-07-02,327.197
1957-07-03,327.221
1957-07-04,327.197
1957-07-06,327.197
1957-07-07,327.172
1957-07-08,327.145
1957-07-10,327.120
1957-07-11,327.096
1957-07-12,327.081
1957-07-13,327.069
1957-07-14,327.041
1957-07-15,327.020
1957-07-16,327.020
1957-07-17,327.041
1957-07-19,327.017
1957-07-20,327.017
1957-07-21,326.992
1957-07-22,326.992
1957-07-23,326.968
1957-07-24,326.953
1957-07-25,326.935
1957-07-26,326.935
1957-07-27,326.892
1957-07-29,326.892
1957-07-30,326.840
1957-07-31,326.840
1957-08-02,326.791
1957-08-03,326.782
1957-08-04,326.776
1957-08-05,326.767
1957-08-07,326.767
1957-08-08,326.755
1957-08-09,326.755
1957-08-11,326.718
1957-08-15,326.718
1957-08-16,326.700
1957-08-17,326.688
1957-08-20,326.688
1957-08-21,326.663
1957-08-26,326.663
1957-08-27,326.636
1957-08-29,326.636
1957-08-30,326.611
1957-09-01,326.599
1957-09-02,326.587
1957-09-03,326.563
1957-09-04,326.563
1957-09-05,326.535
1957-09-06,326.535
1957-09-07,326.523
1957-09-08,326.523
1957-09-09,326.511
1957-09-10,326.511
1957-09-11,326.502
1957-09-12,326.486
1957-09-13,326.459
1957-09-14,326.459
1957-09-15,326.441
1957-09-16,326.432
1957-09-17,326.419
1957-09-18,326.410
1957-09-19,326.410
1957-09-21,326.380
1957-09-22,326.380
1957-09-23,326.355
1957-09-25,326.355
1957-09-26,326.380
1957-09-27,326.410
1957-09-28,326.419
1957-09-29,326.432
1957-09-30,326.459
1957-10-01,326.459
1957-10-02,326.486
1957-10-04,326.535
1957-10-05,326.563
1957-10-10,326.563
1957-10-11,326.587
1957-10-12,326.639
1957-10-13,326.663
1957-10-14,326.892
1957-10-15,326.916
1957-10-16,326.916
1957-10-17,326.941
1957-10-18,327.120
1957-10-19,327.197
1957-10-20,327.248
1957-10-21,327.248
1957-10-22,327.297
1957-10-23,327.273
1957-10-24,327.273
1957-10-25,327.248
1957-10-26,327.261
1957-10-29,327.261
1957-10-30,327.273
1957-10-31,327.297
1957-11-03,327.297
1957-11-04,327.319
1957-11-10,327.319
1957-11-11,327.355
1957-11-12,327.370
1957-11-15,327.370
1957-11-16,327.346
1957-11-18,327.425
1957-11-19,327.779
1957-11-20,328.160
1957-11-21,328.477
1957-11-22,328.440
1957-11-23,328.641
1957-11-24,328.666
1957-11-25,328.745
1957-11-26,328.742
1957-11-27,328.742
1957-11-28,328.766
1957-11-29,328.785
1957-11-30,328.769
1957-12-01,328.745
1957-12-02,328.681
1957-12-03,328.635
1957-12-04,328.657
1957-12-05,328.913
1957-12-06,328.928
1957-12-07,328.904
1957-12-09,328.904
1957-12-10,328.830
1957-12-11,328.803
1957-12-12,328.800
1957-12-13,328.876
1957-12-14,328.904
1957-12-15,328.904
1957-12-16,328.879
1957-12-17,328.879
1957-12-18,328.904
1957-12-19,328.891
1957-12-20,328.852
1957-12-21,328.879
1957-12-23,328.928
1957-12-24,328.995
1957-12-25,328.943
1957-12-26,329.001
1957-12-27,329.376
1957-12-28,329.483
1957-12-29,329.562
1957-12-30,329.562
1957-12-31,329.434
1958-01-01,329.401
1958-01-02,329.367
1958-01-03,329.321
1958-01-04,329.269
1958-01-05,329.221
1958-01-06,329.163
1958-01-07,329.086
1958-01-08,329.062
1958-01-09,328.977
1958-01-10,328.913
1958-01-12,328.815
1958-01-13,328.815
1958-01-14,328.791
1958-01-15,328.739
1958-01-16,328.663
1958-01-17,328.620
1958-01-18,328.529
1958-01-19,328.504
1958-01-20,328.504
1958-01-22,328.455
1958-01-23,328.455
1958-01-24,328.559
1958-01-25,328.651
1958-01-27,328.651
1958-01-29,328.590
1958-02-02,328.590
1958-02-03,328.559
1958-02-04,328.559
1958-02-05,328.529
1958-02-06,328.541
1958-02-07,328.529
1958-02-08,328.529
1958-02-10,328.468
1958-02-11,328.407
1958-02-12,328.376
1958-02-13,328.407
1958-02-14,328.651
1958-02-15,328.955
1958-02-19,328.955
1958-02-20,328.931
1958-02-21,328.833
1958-02-22,328.910
1958-02-23,329.114
1958-02-24,329.321
1958-02-25,329.367
1958-02-26,329.352
1958-02-28,329.230
1958-03-01,329.230
1958-03-02,329.138
1958-03-03,329.077
1958-03-04,328.986
1958-03-05,328.925
1958-03-06,328.925
1958-03-08,328.803
1958-03-09,328.788
1958-03-10,328.757
1958-03-11,328.742
1958-03-12,328.711
1958-03-13,328.651
1958-03-14,328.681
1958-03-15,328.651
1958-03-16,328.590
1958-03-17,328.559
1958-03-18,328.498
1958-03-19,328.468
1958-03-23,328.224
1958-03-26,328.224
1958-03-27,328.285
1958-03-28,328.315
1958-03-29,328.376
1958-03-30,328.620
1958-03-31,328.711
1958-04-01,328.894
1958-04-02,328.986
1958-04-03,328.986
1958-04-04,329.047
1958-04-05,329.047
1958-04-07,328.986
1958-04-08,328.910
1958-04-09,328.925
1958-04-10,328.894
1958-04-11,328.894
1958-04-13,328.711
1958-04-14,328.559
1958-04-15,328.498
1958-04-16,328.422
1958-04-17,328.300
1958-04-18,328.254
1958-04-19,328.163
1958-04-22,327.980
1958-04-23,328.163
1958-04-24,327.828
1958-04-25,327.636
1958-04-26,327.553
1958-04-27,327.309
1958-04-28,327.050
1958-04-29,327.099
1958-04-30,327.151
1958-05-01,327.096
1958-05-02,326.999
1958-05-03,326.947
1958-05-04,326.974
1958-05-06,327.127
1958-05-07,327.151
1958-05-08,327.127
1958-05-09,327.255
1958-05-10,327.294
1958-05-11,327.331
1958-05-12,327.252
1958-05-14,327.154
1958-05-16,327.002
1958-05-17,326.947
1958-05-18,326.898
1958-05-20,326.746
1958-05-21,326.746
1958-05-22,326.669
1958-05-23,326.621
1958-05-25,326.669
1958-05-26,326.694
1958-05-27,326.746
1958-05-28,326.770
1958-05-29,326.746
1958-05-30,326.746
1958-05-31,326.730
1958-06-01,326.721
1958-06-02,326.721
1958-06-03,326.694
1958-06-05,326.645
1958-06-06,326.621
1958-06-07,326.669
1958-06-08,326.669
1958-06-09,326.645
1958-06-10,326.730
1958-06-11,326.566
1958-06-12,326.517
1958-06-13,326.493
1958-06-14,326.441
1958-06-16,326.392
1958-06-17,326.340
1958-06-18,326.316
1958-06-19,326.237
1958-06-20,326.237
1958-06-21,326.218
1958-06-23,326.163
1958-06-25,326.115
1958-06-26,326.060
1958-06-27,326.060
1958-06-28,325.999
1958-06-29,325.984
1958-06-30,325.984
1958-07-02,325.935
1958-07-03,325.904
1958-07-04,325.916
1958-07-06,325.868
1958-07-07,325.868
1958-07-08,325.843
1958-07-09,325.813
1958-07-10,325.843
1958-07-11,325.788
1958-07-12,325.764
1958-07-13,325.764
1958-07-14,325.740
1958-07-17,325.740
1958-07-18,325.715
1958-07-19,325.715
1958-07-20,325.740
1958-07-21,325.740
1958-07-23,325.691
1958-07-24,325.657
1958-07-25,325.657
1958-07-26,325.636
1958-07-28,325.587
1958-07-29,325.560
1958-07-30,325.560
1958-07-31,325.505
1958-08-01,325.484
1958-08-02,325.484
1958-08-04,325.435
1958-08-06,325.386
1958-08-07,325.331
1958-08-08,325.307
1958-08-09,325.307
1958-08-10,325.279
1958-08-11,325.307
1958-08-12,325.279
1958-08-14,325.279
1958-08-16,325.231
1958-08-17,325.203
1958-08-18,325.158
1958-08-19,325.154
1958-08-20,325.130
1958-08-21,325.081
1958-08-22,325.081
1958-08-23,325.051
1958-08-24,325.026
1958-08-25,325.026
1958-08-26,324.999
1958-08-28,324.950
1958-08-31,324.950
1958-09-01,324.917
1958-09-02,324.822
1958-09-03,324.822
1958-09-05,324.773
1958-09-06,324.764
1958-09-07,324.764
1958-09-08,324.703
1958-09-09,324.703
1958-09-10,324.673
1958-09-11,324.673
1958-09-12,324.612
1958-09-13,324.642
1958-09-16,324.597
1958-09-18,324.597
1958-09-19,324.566
1958-09-20,324.551
1958-09-21,324.551
1958-09-23,324.520
1958-09-24,324.520
1958-09-25,324.505
1958-09-26,324.475
1958-09-28,324.444
1958-09-29,324.444
1958-09-30,324.505
1958-10-01,324.551
1958-10-02,324.566
1958-10-03,324.612
1958-10-05,324.642
1958-10-06,324.658
1958-10-07,324.658
1958-10-08,324.673
1958-10-09,324.734
1958-10-10,324.764
1958-10-12,324.795
1958-10-13,324.795
1958-10-15,324.764
1958-10-17,324.764
1958-10-18,324.734
1958-10-19,324.764
1958-10-20,324.734
1958-10-21,324.795
1958-10-22,324.825
1958-10-23,324.917
1958-10-24,325.023
1958-10-25,324.947
1958-10-26,324.947
1958-10-27,325.313
1958-10-28,325.496
1958-10-29,325.526
1958-10-30,325.572
1958-10-31,325.587
1958-11-01,325.587
1958-11-02,325.572
1958-11-03,325.587
1958-11-04,325.551
1958-11-05,325.526
1958-11-06,325.526
1958-11-07,325.481
1958-11-08,325.465
1958-11-09,325.420
1958-11-10,325.420
1958-11-11,325.398
1958-11-12,325.374
1958-11-15,325.374
1958-11-16,325.496
1958-11-17,325.542
1958-11-18,325.557
1958-11-20,325.496
1958-11-21,325.496
1958-11-22,325.450
1958-11-23,325.420
1958-11-24,325.465
1958-11-25,325.450
1958-11-26,325.450
1958-11-27,325.343
1958-11-28,325.298
1958-11-29,325.267
1958-11-30,325.252
1958-12-01,325.222
1958-12-02,325.237
1958-12-03,325.282
1958-12-04,325.282
1958-12-06,325.252
1958-12-07,325.252
1958-12-08,325.282
1958-12-09,325.374
1958-12-10,325.374
1958-12-12,325.435
1958-12-14,325.679
1958-12-15,325.724
1958-12-17,325.846
1958-12-18,325.938
1958-12-19,325.999
1958-12-21,326.060
1958-12-22,326.075
1958-12-25,326.166
1958-12-27,326.197
1958-12-28,326.212
1958-12-29,326.243
1958-12-30,326.441
1958-12-31,326.471
1959-01-01,326.517
1959-01-02,326.532
1959-01-03,326.578
1959-01-04,326.593
1959-01-05,326.624
1959-01-08,326.669
1959-01-09,326.682
1959-01-10,326.678
1959-01-11,326.715
1959-01-12,326.730
1959-01-14,326.791
1959-01-16,326.822
1959-01-17,326.852
1959-01-19,326.883
1959-01-20,326.883
1959-01-21,326.898
1959-01-22,326.928
1959-01-23,326.928
1959-01-25,326.959
1959-01-26,326.959
1959-01-27,326.989
1959-01-29,327.020
1959-01-30,327.035
1959-02-01,327.035
1959-02-02,327.050
1959-02-04,327.050
1959-02-05,327.066
1959-02-06,327.096
1959-02-07,327.096
1959-02-08,327.111
1959-02-09,327.111
1959-02-10,327.172
1959-02-11,327.187
1959-02-12,327.279
1959-02-13,327.294
1959-02-14,327.325
1959-02-15,327.340
1959-02-16,327.340
1959-02-17,327.355
1959-02-22,327.355
1959-02-24,327.386
1959-02-25,327.386
1959-02-26,327.401
1959-02-28,327.401
1959-03-01,327.416
1959-03-02,327.447
1959-03-04,327.447
1959-03-06,327.477
1959-03-08,327.477
1959-03-10,327.538
1959-03-11,327.629
1959-03-12,327.782
1959-03-13,327.797
1959-03-14,327.858
1959-03-15,327.873
1959-03-16,327.904
1959-03-18,327.934
1959-03-19,327.965
1959-03-20,327.965
1959-03-22,327.995
1959-03-24,327.995
1959-03-25,328.026
1959-03-28,328.071
1959-03-30,328.102
1959-03-31,328.102
1959-04-01,328.117
1959-04-02,328.117
1959-04-03,328.132
1959-04-04,328.132
1959-04-05,328.148
1959-04-07,328.148
1959-04-09,328.178
1959-04-11,328.178
1959-04-12,328.270
1959-04-14,328.300
1959-04-15,328.300
1959-04-16,328.330
1959-04-17,328.391
1959-04-19,328.452
1959-04-21,328.483
1959-04-22,328.483
1959-04-23,328.468
1959-04-27,328.468
1959-04-28,328.574
1959-04-29,328.605
1959-05-01,328.635
1959-05-03,328.666
1959-05-04,328.696
1959-05-08,328.757
1959-05-11,328.803
1959-05-12,328.803
1959-05-13,328.818
1959-05-14,328.849
1959-05-16,328.879
1959-05-17,328.879
1959-05-20,328.925
1959-05-21,328.925
1959-05-22,328.940
1959-05-23,328.940
1959-05-27,329.001
1959-05-29,329.032
1959-05-30,329.032
1959-06-02,329.077
1959-06-03,329.077
1959-06-06,329.123
1959-06-08,329.123
1959-06-09,329.138
1959-06-10,329.138
1959-06-11,329.169
1959-06-12,329.184
1959-06-13,329.214
1959-06-14,329.397
1959-06-15,329.214
1959-06-16,329.580
1959-06-17,329.626
1959-06-18,329.656
1959-06-19,329.702
1959-06-20,329.733
1959-06-21,329.748
1959-06-22,329.809
1959-06-24,329.839
1959-06-25,329.870
1959-06-26,329.885
1959-06-27,329.885
1959-06-29,329.915
1959-07-01,329.946
1959-07-03,329.976
1959-07-04,329.976
1959-07-05,329.992
1959-07-06,330.022
1959-07-07,330.037
1959-07-08,329.970
1959-07-09,330.083
1959-07-11,330.114
1959-07-12,330.114
1959-07-15,330.159
1959-07-16,330.175
1959-07-17,330.205
1959-07-19,330.235
1959-07-21,330.235
1959-07-23,330.266
1959-07-24,330.266
1959-07-26,330.296
1959-07-27,330.296
1959-07-29,330.327
1959-07-30,330.327
1959-08-01,330.357
1959-08-02,330.357
1959-08-03,330.373
1959-08-05,330.373
1959-08-06,330.342
1959-08-07,330.327
1959-08-08,330.342
1959-08-09,330.373
1959-08-11,330.342
1959-08-12,330.342
1959-08-14,330.312
1959-08-16,330.281
1959-08-18,330.220
1959-08-19,330.175
1959-08-22,330.083
1959-08-23,330.037
1959-08-27,329.915
1959-08-28,329.870
1959-09-01,329.748
1959-09-02,329.702
1959-09-03,329.687
1959-09-04,329.702
1959-09-06,329.672
1959-09-09,329.580
1959-09-10,329.595
1959-09-11,329.534
1959-09-13,329.473
1959-09-14,329.473
1959-09-15,329.458
1959-09-16,329.626
1959-09-17,329.870
1959-09-18,330.068
1959-09-19,330.190
1959-09-21,330.312
1959-09-23,330.403
1959-09-24,330.495
1959-09-25,330.556
1959-09-27,330.647
1959-09-28,330.693
1959-09-30,330.754
1959-10-01,330.815
1959-10-02,330.921
1959-10-04,330.982
1959-10-05,331.028
1959-10-08,331.119
1959-10-09,331.135
1959-10-11,331.196
1959-10-13,331.287
1959-10-15,331.348
1959-10-16,331.378
1959-10-17,331.394
1959-10-19,331.455
1959-10-22,331.500
1959-10-23,331.531
1959-10-25,331.561
1959-10-26,331.577
1959-10-27,331.653
1959-10-29,331.744
1959-10-30,331.775
1959-11-01,331.866
1959-11-02,331.912
1959-11-05,332.003
1959-11-06,332.171
1959-11-07,332.400
1959-11-08,332.461
1959-11-09,332.628
1959-11-10,332.784
1959-11-11,332.857
1959-11-13,332.948
1959-11-14,332.979
1959-11-16,333.101
1959-11-17,333.223
1959-11-18,333.314
1959-11-20,333.405
1959-11-23,333.497
1959-11-24,333.588
1959-11-28,333.710
1959-11-29,333.725
1959-11-30,333.771
1959-12-01,333.802
1959-12-02,333.847
1959-12-04,333.969
1959-12-06,334.122
1959-12-08,334.244
1959-12-09,334.320
1959-12-10,334.457
1959-12-12,334.640
1959-12-13,334.670
1959-12-14,334.747
1959-12-16,334.868
1959-12-19,335.006
1959-12-21,335.097
1959-12-23,335.158
1959-12-25,335.219
1959-12-26,335.234
1959-12-29,335.326
1959-12-31,335.417
1960-01-01,335.432
1960-01-02,335.478
1960-01-04,335.600
1960-01-05,335.646
1960-01-06,335.676
1960-01-10,335.737
1960-01-12,335.768
1960-01-13,335.798
1960-01-15,335.829
1960-01-16,335.859
1960-01-19,335.905
1960-01-21,335.966
1960-01-23,335.996
1960-01-24,335.996
1960-01-25,336.072
1960-01-27,336.133
1960-01-28,336.255
1960-01-29,336.347
1960-01-30,336.652
1960-01-31,336.728
1960-02-01,336.758
1960-02-02,336.804
1960-02-03,336.804
1960-02-04,336.850
1960-02-06,336.911
1960-02-09,336.956
1960-02-10,336.987
1960-02-11,337.002
1960-02-13,337.063
1960-02-15,337.124
1960-02-16,337.255
1960-02-17,337.246
1960-02-18,337.261
1960-02-19,337.322
1960-02-20,337.353
1960-02-21,337.368
1960-02-23,337.429
1960-02-26,337.474
1960-02-27,337.520
1960-02-29,337.581
1960-03-03,337.627
1960-03-04,337.636
1960-03-05,337.657
1960-03-06,337.673
1960-03-07,337.673
1960-03-08,337.688
1960-03-09,337.718
1960-03-10,337.810
1960-03-11,337.855
1960-03-12,337.886
1960-03-13,337.947
1960-03-14,337.977
1960-03-16,338.008
1960-03-18,338.038
1960-03-20,338.069
1960-03-22,338.099
1960-03-25,338.191
1960-03-28,338.236
1960-03-30,338.267
1960-04-01,338.297
1960-04-03,338.328
1960-04-05,338.358
1960-04-07,338.389
1960-04-09,338.419
1960-04-11,338.450
1960-04-12,338.465
1960-04-13,338.465
1960-04-15,338.496
1960-04-16,338.496
1960-04-17,338.526
1960-04-18,338.541
1960-04-19,338.572
1960-04-22,338.617
1960-04-24,338.648
1960-04-26,338.678
1960-04-28,338.709
1960-04-29,338.709
1960-04-30,338.724
1960-05-01,338.724
1960-05-02,338.739
1960-05-03,338.739
1960-05-04,338.724
1960-05-05,338.694
1960-05-06,338.648
1960-05-07,338.617
1960-05-08,338.572
1960-05-09,338.541
1960-05-11,338.511
1960-05-12,338.480
1960-05-13,338.435
1960-05-14,338.404
1960-05-15,338.389
1960-05-16,338.404
1960-05-17,338.435
1960-05-18,338.435
1960-05-20,338.374
1960-05-21,338.358
1960-05-22,338.496
1960-05-23,338.602
1960-05-24,338.648
1960-05-25,338.648
1960-05-27,338.678
1960-05-28,338.694
1960-05-29,338.718
1960-05-30,338.709
1960-06-03,338.831
1960-06-04,338.892
1960-06-05,338.983
1960-06-06,339.059
1960-06-07,339.075
1960-06-11,339.197
1960-06-12,339.212
1960-06-13,339.258
1960-06-14,339.288
1960-06-18,339.349
1960-06-21,339.440
1960-06-23,339.471
1960-06-25,339.501
1960-06-27,339.532
1960-06-29,339.562
1960-06-30,339.562
1960-07-01,339.578
1960-07-02,339.578
1960-07-03,339.593
1960-07-04,339.593
1960-07-05,339.623
1960-07-06,339.684
1960-07-07,339.715
1960-07-10,339.760
1960-07-11,339.776
1960-07-12,339.776
1960-07-13,339.791
1960-07-14,339.791
1960-07-15,339.806
1960-07-16,339.806
1960-07-17,339.882
1960-07-19,339.974
1960-07-20,340.004
1960-07-21,340.050
1960-07-23,340.111
1960-07-25,340.172
1960-07-27,340.202
1960-07-29,340.233
1960-07-30,340.263
1960-07-31,340.279
1960-08-02,340.340
1960-08-03,340.355
1960-08-05,340.782
1960-08-06,340.873
1960-08-07,340.934
1960-08-08,340.980
1960-08-12,341.102
1960-08-13,341.117
1960-08-14,341.147
1960-08-16,341.178
1960-08-18,341.208
1960-08-20,341.239
1960-08-21,341.254
1960-08-22,341.254
1960-08-24,341.284
1960-08-26,341.315
1960-08-27,341.330
1960-08-28,341.330
1960-08-30,341.361
1960-08-31,341.361
1960-09-03,341.406
1960-09-04,341.406
1960-09-05,341.422
1960-09-06,341.483
1960-09-07,341.513
1960-09-08,341.559
1960-09-09,341.696
1960-09-10,342.031
1960-09-11,342.153
1960-09-13,342.245
1960-09-14,342.290
1960-09-18,342.412
1960-09-19,342.427
1960-09-20,342.458
1960-09-22,342.488
1960-09-24,342.519
1960-09-26,342.549
1960-09-28,342.580
1960-09-30,342.610
1960-10-01,342.610
1960-10-02,342.626
1960-10-03,342.656
1960-10-04,342.671
1960-10-05,342.702
1960-10-06,342.748
1960-10-07,342.778
1960-10-08,342.854
1960-10-10,342.976
1960-10-12,343.068
1960-10-13,343.129
1960-10-14,343.159
1960-10-15,343.174
1960-10-16,343.205
1960-10-17,343.220
1960-10-18,343.250
1960-10-19,343.266
1960-10-20,343.296
1960-10-21,343.311
1960-10-22,343.311
1960-10-23,343.281
1960-10-24,343.266
1960-10-25,343.235
1960-10-27,343.205
1960-10-28,343.189
1960-10-30,343.189
1960-11-01,343.159
1960-11-02,343.159
1960-11-04,343.129
1960-11-05,343.098
1960-11-06,343.083
1960-11-08,343.022
1960-11-10,342.991
1960-11-11,342.991
1960-11-12,342.976
1960-11-13,342.946
1960-11-14,342.946
1960-11-15,343.037
1960-11-16,343.052
1960-11-17,343.052
1960-11-18,343.037
1960-11-19,343.007
1960-11-21,342.976
1960-11-23,342.946
1960-11-24,342.946
1960-11-25,342.930
1960-11-27,342.961
1960-11-29,342.991
1960-11-30,342.991
1960-12-01,343.037
1960-12-02,343.068
1960-12-03,343.083
1960-12-04,343.113
1960-12-06,343.144
1960-12-07,343.144
1960-12-10,343.189
1960-12-12,343.220
1960-12-13,343.220
1960-12-15,343.250
1960-12-16,343.266
1960-12-17,343.311
1960-12-18,343.372
1960-12-19,343.403
1960-12-21,343.433
1960-12-22,343.449
1960-12-23,343.449
1960-12-24,343.418
1960-12-25,343.372
1960-12-26,343.342
1960-12-27,343.296
1960-12-30,343.205
1960-12-31,343.159
1961-01-01,343.129
1961-01-03,343.068
1961-01-04,343.068
1961-01-05,343.052
1961-01-06,343.052
1961-01-09,343.007
1961-01-10,343.007
1961-01-11,343.022
1961-01-12,343.007
1961-01-14,343.007
1961-01-15,343.022
1961-01-17,343.022
1961-01-19,343.052
1961-01-20,343.037
1961-01-21,342.976
1961-01-22,342.900
1961-01-23,342.839
1961-01-25,342.748
1961-01-29,342.504
1961-01-30,342.473
1961-02-02,342.290
1961-02-05,342.199
1961-02-06,342.138
1961-02-09,342.092
1961-02-10,342.062
1961-02-11,342.107
1961-02-12,342.123
1961-02-14,342.123
1961-02-16,342.031
1961-02-17,342.031
1961-02-20,341.986
1961-02-21,341.986
1961-02-22,341.970
1961-02-24,342.001
1961-02-25,342.016
1961-02-26,342.016
1961-02-28,342.046
1961-03-02,342.077
1961-03-03,342.092
1961-03-04,342.117
1961-03-05,342.153
1961-03-06,342.245
1961-03-07,342.290
1961-03-08,342.321
1961-03-09,342.306
1961-03-10,342.367
1961-03-11,342.412
1961-03-12,342.412
1961-03-13,342.397
1961-03-14,342.397
1961-03-16,342.367
1961-03-18,342.336
1961-03-19,342.306
1961-03-21,342.275
1961-03-22,342.260
1961-03-23,342.260
1961-03-24,342.290
1961-03-25,342.397
1961-03-26,342.412
1961-03-30,342.412
1961-03-31,342.397
1961-04-01,342.427
1961-04-02,342.534
1961-04-03,342.488
1961-04-04,342.458
1961-04-05,342.412
1961-04-06,342.382
1961-04-07,342.367
1961-04-08,342.367
1961-04-09,342.351
1961-04-11,342.382
1961-04-12,342.397
1961-04-14,342.397
1961-04-15,342.412
1961-04-16,342.488
1961-04-17,342.610
1961-04-18,342.641
1961-04-19,342.626
1961-04-22,342.534
1961-04-23,342.488
1961-04-24,342.427
1961-04-26,342.336
1961-04-27,342.336
1961-04-28,342.306
1961-05-05,342.306
1961-05-06,342.290
1961-05-08,342.290
1961-05-10,342.229
1961-05-11,342.184
1961-05-12,342.153
1961-05-13,342.138
1961-05-14,342.138
1961-05-18,342.016
1961-05-19,342.001
1961-05-23,341.879
1961-05-24,341.864
1961-05-25,341.818
1961-05-29,341.696
1961-05-30,341.681
1961-05-31,341.650
1961-06-02,341.620
1961-06-03,341.589
1961-06-06,341.544
1961-06-07,341.498
1961-06-09,341.376
1961-06-10,341.330
1961-06-11,341.300
1961-06-12,341.239
1961-06-13,341.163
1961-06-14,341.071
1961-06-15,340.995
1961-06-16,340.903
1961-06-17,340.827
1961-06-19,340.705
1961-06-20,340.782
1961-06-21,340.888
1961-06-22,340.919
1961-06-24,340.949
1961-06-26,341.010
1961-06-29,341.056
1961-06-30,341.086
1961-07-01,341.102
1961-07-02,341.102
1961-07-04,341.071
1961-07-05,341.041
1961-07-06,340.964
1961-07-07,340.949
1961-07-09,340.980
1961-07-10,341.010
1961-07-12,340.980
1961-07-13,340.949
1961-07-15,340.919
1961-07-16,340.934
1961-07-17,340.934
1961-07-18,340.903
1961-07-19,340.903
1961-07-21,340.964
1961-07-23,340.995
1961-07-24,341.010
1961-07-25,341.010
1961-07-26,340.995
1961-07-28,340.934
1961-07-29,340.934
1961-07-31,341.147
1961-08-01,341.193
1961-08-02,341.224
1961-08-03,341.269
1961-08-04,341.391
1961-08-05,341.467
1961-08-09,341.589
1961-08-11,341.620
1961-08-14,341.665
1961-08-16,341.696
1961-08-17,341.696
1961-08-18,341.681
1961-08-19,341.726
1961-08-20,341.742
1961-08-21,341.742
1961-08-22,341.711
1961-08-24,341.711
1961-08-25,341.726
1961-08-26,341.757
1961-08-28,341.787
1961-08-29,341.772
1961-08-31,341.772
1961-09-01,341.757
1961-09-02,341.726
1961-09-04,341.696
1961-09-05,341.650
1961-09-06,341.635
1961-09-07,341.650
1961-09-09,341.711
1961-09-11,341.742
1961-09-12,341.772
1961-09-13,341.787
1961-09-14,341.787
1961-09-17,341.742
1961-09-18,341.726
1961-09-19,341.696
1961-09-21,341.605
1961-09-23,341.574
1961-09-24,341.620
1961-09-25,341.605
1961-09-26,341.574
1961-09-28,341.544
1961-09-29,341.528
1961-09-30,341.544
1961-10-01,341.544
1961-10-04,341.589
1961-10-05,341.620
1961-10-06,341.681
1961-10-07,341.757
1961-10-09,341.848
1961-10-10,341.879
1961-10-11,341.925
1961-10-13,341.955
1961-10-14,342.016
1961-10-16,342.199
1961-10-17,342.306
1961-10-18,342.290
1961-10-20,342.321
1961-10-21,342.351
1961-10-22,342.397
1961-10-23,342.458
1961-10-24,342.504
1961-10-25,342.534
1961-10-26,342.549
1961-10-27,342.626
1961-10-28,342.869
1961-10-30,342.930
1961-10-31,342.915
1961-11-01,342.915
1961-11-02,342.900
1961-11-05,342.900
1961-11-06,342.915
1961-11-07,342.915
1961-11-08,343.007
1961-11-10,343.037
1961-11-11,343.068
1961-11-12,343.129
1961-11-13,343.174
1961-11-14,343.205
1961-11-15,343.220
1961-11-16,343.281
1961-11-17,343.372
1961-11-18,343.418
1961-11-19,343.403
1961-11-20,343.433
1961-11-21,343.433
1961-11-22,343.449
1961-11-24,343.510
1961-11-26,343.510
1961-11-28,343.540
1961-11-29,343.631
1961-11-30,343.692
1961-12-01,343.692
1961-12-02,343.662
1961-12-06,343.662
1961-12-07,343.647
1961-12-08,343.677
1961-12-09,343.692
1961-12-10,343.738
1961-12-11,343.799
1961-12-12,343.830
1961-12-13,343.845
1961-12-15,343.814
1961-12-17,343.692
1961-12-18,343.647
1961-12-19,343.586
1961-12-20,343.540
1961-12-22,343.510
1961-12-23,343.494
1961-12-25,343.494
1961-12-26,343.510
1961-12-27,343.510
1961-12-28,343.525
1961-12-30,343.525
1961-12-31,343.570
1962-01-01,343.570
1962-01-02,343.570
1962-01-03,343.555
1962-01-05,343.555
1962-01-06,343.753
1962-01-07,343.769
1962-01-09,343.738
1962-01-10,343.738
1962-01-12,343.769
1962-01-13,343.814
1962-01-14,343.799
1962-01-15,343.814
1962-01-17,343.814
1962-01-19,343.845
1962-01-20,343.860
1962-01-21,343.860
1962-01-22,343.997
1962-01-23,344.043
1962-01-25,344.043
1962-01-27,344.073
1962-01-29,344.104
1962-01-30,344.119
1962-02-01,344.119
1962-02-02,344.128
1962-02-03,344.134
1962-02-04,344.134
1962-02-06,344.165
1962-02-07,344.180
1962-02-08,344.180
1962-02-11,344.226
1962-02-14,344.317
1962-02-16,344.348
1962-02-17,344.348
1962-02-18,344.363
1962-02-19,344.363
1962-02-21,344.393
1962-02-22,344.393
1962-02-24,344.424
1962-02-25,344.470
1962-02-27,344.500
1962-02-28,344.531
1962-03-03,344.576
1962-03-04,344.668
1962-03-05,344.698
1962-03-09,344.759
1962-03-10,344.774
1962-03-12,344.835
1962-03-13,344.851
1962-03-14,344.851
1962-03-15,344.835
1962-03-17,344.866
1962-03-18,344.866
1962-03-19,344.881
1962-03-20,344.881
1962-03-21,344.896
1962-03-22,344.896
1962-03-23,344.912
1962-03-26,344.912
1962-03-27,344.927
1962-03-29,344.927
1962-03-30,344.942
1962-04-01,344.942
1962-04-02,344.957
1962-04-03,344.957
1962-04-04,344.942
1962-04-05,344.896
1962-04-06,344.820
1962-04-07,344.774
1962-04-08,344.759
1962-04-09,344.713
1962-04-10,344.653
1962-04-11,344.607
1962-04-14,344.424
1962-04-15,344.378
1962-04-16,344.302
1962-04-19,343.982
1962-04-20,343.921
1962-04-21,343.906
1962-04-23,343.814
1962-04-24,343.769
1962-04-26,343.647
1962-04-27,343.555
1962-04-28,343.449
1962-04-29,343.388
1962-04-30,343.342
1962-05-01,343.342
1962-05-02,343.357
1962-05-03,343.342
1962-05-04,343.266
1962-05-05,343.220
1962-05-06,343.189
1962-05-07,343.174
1962-05-08,343.220
1962-05-09,343.235
1962-05-10,343.296
1962-05-11,343.327
1962-05-13,343.357
1962-05-15,343.357
1962-05-16,343.342
1962-05-17,343.311
1962-05-18,343.357
1962-05-19,343.449
1962-05-20,343.525
1962-05-22,343.586
1962-05-25,343.631
1962-05-26,343.647
1962-05-27,343.677
1962-05-31,343.738
1962-06-01,343.753
1962-06-02,343.784
1962-06-04,343.814
1962-06-05,343.830
1962-06-06,343.830
1962-06-07,343.875
1962-06-09,343.906
1962-06-11,343.936
1962-06-12,343.967
1962-06-13,343.982
1962-06-14,343.967
1962-06-15,343.967
1962-06-16,343.982
1962-06-17,343.982
1962-06-18,343.997
1962-06-19,344.058
1962-06-20,344.073
1962-06-21,344.150
1962-06-22,344.180
1962-06-23,344.195
1962-06-24,344.226
1962-06-25,344.241
1962-06-26,344.272
1962-06-28,344.302
1962-06-29,344.302
1962-06-30,344.317
1962-07-03,344.317
1962-07-04,344.302
1962-07-05,344.348
1962-07-06,344.363
1962-07-07,344.393
1962-07-09,344.424
1962-07-10,344.409
1962-07-12,344.348
1962-07-13,344.302
1962-07-14,344.272
1962-07-15,344.272
1962-07-16,344.287
1962-07-17,344.287
1962-07-18,344.272
1962-07-19,344.241
1962-07-23,344.058
1962-07-24,343.997
1962-07-25,344.012
1962-07-26,343.921
1962-07-27,343.967
1962-07-28,344.424
1962-07-29,344.607
1962-07-30,344.698
1962-08-01,344.820
1962-08-02,344.866
1962-08-03,344.927
1962-08-04,344.973
1962-08-07,345.064
1962-08-09,345.094
1962-08-10,345.110
1962-08-11,345.140
1962-08-14,345.186
1962-08-16,345.155
1962-08-18,345.186
1962-08-19,345.201
1962-08-20,345.201
1962-08-21,345.171
1962-08-22,345.171
1962-08-25,345.262
1962-08-26,345.277
1962-08-28,345.247
1962-08-29,345.155
1962-08-30,344.881
1962-08-31,345.110
1962-09-01,345.186
1962-09-05,345.308
1962-09-06,345.354
1962-09-07,345.415
1962-09-08,345.415
1962-09-09,345.475
1962-09-11,345.415
1962-09-13,345.323
1962-09-15,345.262
1962-09-17,345.171
1962-09-18,345.110
1962-09-20,345.018
1962-09-22,344.927
1962-09-23,344.866
1962-09-25,344.774
1962-09-26,344.729
1962-09-28,344.607
1962-09-30,344.515
1962-10-02,344.424
1962-10-03,344.393
1962-10-04,344.393
1962-10-05,344.363
1962-10-07,344.272
1962-10-08,344.241
1962-10-09,344.226
1962-10-11,344.134
1962-10-12,344.089
1962-10-13,344.058
1962-10-14,344.012
1962-10-15,343.936
1962-10-19,343.814
1962-10-20,343.814
1962-10-22,343.784
1962-10-23,343.753
1962-10-24,343.814
1962-10-26,343.875
1962-10-28,343.814
1962-10-29,343.799
1962-10-30,344.028
1962-10-31,344.104
1962-11-01,344.119
1962-11-03,344.119
1962-11-04,344.104
1962-11-05,344.073
1962-11-06,344.104
1962-11-07,344.089
1962-11-08,344.058
1962-11-10,344.119
1962-11-11,344.104
1962-11-13,344.043
1962-11-14,343.997
1962-11-15,343.967
1962-11-16,343.921
1962-11-17,343.891
1962-11-18,343.845
1962-11-19,343.860
1962-11-20,343.845
1962-11-21,343.814
1962-11-22,343.769
1962-11-24,343.708
1962-11-25,343.662
1962-11-26,343.631
1962-11-27,343.586
1962-11-29,343.525
1962-12-01,343.433
1962-12-02,343.388
1962-12-03,343.357
1962-12-04,343.311
1962-12-05,343.250
1962-12-07,343.159
1962-12-08,343.113
1962-12-09,343.052
1962-12-11,342.961
1962-12-13,342.869
1962-12-14,342.885
1962-12-17,342.885
1962-12-19,342.854
1962-12-21,342.854
1962-12-23,342.885
1962-12-24,342.885
1962-12-26,342.915
1962-12-29,342.915
1962-12-30,342.885
1962-12-31,342.885
1963-01-01,342.869
1963-01-04,342.869
1963-01-05,342.885
1963-01-06,342.885
1963-01-07,342.930
1963-01-08,342.961
1963-01-10,342.961
1963-01-14,342.900
1963-01-21,342.900
1963-01-22,342.885
1963-01-23,342.885
1963-01-24,342.900
1963-01-25,342.900
1963-01-26,342.915
1963-01-28,342.915
1963-01-29,342.946
1963-01-30,342.961
1963-02-01,342.961
1963-02-04,342.915
1963-02-05,342.909
1963-02-06,342.900
1963-02-10,342.900
1963-02-12,342.961
1963-02-13,342.961
1963-02-14,342.930
1963-02-15,342.946
1963-02-16,342.976
1963-02-17,343.022
1963-02-18,343.052
1963-02-19,343.052
1963-02-20,343.083
1963-02-21,343.159
1963-02-23,343.159
1963-02-24,343.144
1963-02-25,343.189
1963-02-27,343.220
1963-03-01,343.281
1963-03-02,343.296
1963-03-03,343.357
1963-03-05,343.418
1963-03-09,343.479
1963-03-11,343.510
1963-03-13,343.570
1963-03-14,343.601
1963-03-15,343.616
1963-03-17,343.677
1963-03-18,343.723
1963-03-19,343.753
1963-03-21,343.784
1963-03-22,343.784
1963-03-24,343.814
1963-03-26,343.814
1963-03-27,343.860
1963-03-28,343.936
1963-03-29,343.967
1963-03-30,343.982
1963-03-31,343.982
1963-04-01,343.997
1963-04-02,343.982
1963-04-04,343.982
1963-04-05,343.951
1963-04-06,343.936
1963-04-07,343.936
1963-04-08,343.921
1963-04-09,343.891
1963-04-10,343.906
1963-04-11,343.875
1963-04-12,343.860
1963-04-13,343.860
1963-04-14,343.875
1963-04-15,343.906
1963-04-17,343.875
1963-04-18,343.845
1963-04-20,343.753
1963-04-21,343.723
1963-04-22,343.671
1963-04-23,343.616
1963-04-26,343.388
1963-04-28,343.235
1963-04-30,343.083
1963-05-01,342.991
1963-05-02,342.915
1963-05-03,342.900
1963-05-05,342.839
1963-05-06,342.824
1963-05-07,342.748
1963-05-09,342.565
1963-05-10,342.488
1963-05-12,342.427
1963-05-13,342.382
1963-05-14,342.321
1963-05-15,342.321
1963-05-16,342.184
1963-05-17,342.184
1963-05-18,342.229
1963-05-19,342.260
1963-05-20,342.260
1963-05-23,342.214
1963-05-24,342.168
1963-05-26,342.138
1963-05-27,342.107
1963-05-28,342.031
1963-05-29,341.986
1963-05-31,342.077
1963-06-02,342.138
1963-06-03,342.153
1963-06-04,342.138
1963-06-05,342.092
1963-06-06,342.031
1963-06-07,341.986
1963-06-08,341.955
1963-06-09,341.970
1963-06-11,341.879
1963-06-12,341.848
1963-06-13,341.787
1963-06-14,341.711
1963-06-15,341.665
1963-06-16,341.635
1963-06-18,341.513
1963-06-19,341.513
1963-06-21,341.483
1963-06-22,341.467
1963-06-23,341.483
1963-06-24,341.437
1963-06-27,341.208
1963-06-28,341.117
1963-06-29,341.041
1963-06-30,340.980
1963-07-02,340.766
1963-07-03,340.736
1963-07-04,340.553
1963-07-05,340.446
1963-07-06,340.355
1963-07-07,340.279
1963-07-08,340.157
1963-07-10,339.943
1963-07-13,339.578
1963-07-14,339.440
1963-07-16,339.197
1963-07-17,339.075
1963-07-18,338.938
1963-07-19,338.816
1963-07-21,338.541
1963-07-22,338.419
1963-07-23,338.282
1963-07-24,338.206
1963-07-25,338.023
1963-07-27,337.718
1963-07-28,337.581
1963-07-29,337.429
1963-07-30,337.307
1963-07-31,337.200
1963-08-01,337.124
1963-08-02,337.002
1963-08-03,336.895
1963-08-04,336.819
1963-08-06,336.575
1963-08-08,336.423
1963-08-09,336.331
1963-08-10,336.255
1963-08-11,336.194
1963-08-14,335.920
1963-08-15,335.813
1963-08-16,335.737
1963-08-17,335.737
1963-08-18,335.752
1963-08-19,335.676
1963-08-20,335.585
1963-08-21,335.478
1963-08-22,335.356
1963-08-23,335.219
1963-08-24,335.143
1963-08-25,335.097
1963-08-26,334.975
1963-08-27,334.868
1963-08-28,334.990
1963-08-29,335.067
1963-08-31,335.128
1963-09-01,335.173
1963-09-08,335.387
1963-09-09,335.402
1963-09-10,335.402
1963-09-11,335.417
1963-09-12,335.478
1963-09-14,335.813
1963-09-15,335.890
1963-09-16,335.950
1963-09-17,336.027
1963-09-18,336.088
1963-09-19,336.118
1963-09-20,336.164
1963-09-23,336.255
1963-09-25,336.347
1963-09-29,336.469
1963-10-01,336.499
1963-10-02,336.530
1963-10-03,336.545
1963-10-04,336.575
1963-10-05,336.591
1963-10-09,336.712
1963-10-10,336.728
1963-10-11,336.758
1963-10-12,336.773
1963-10-13,336.804
1963-10-14,336.865
1963-10-16,336.956
1963-10-17,336.987
1963-10-19,337.017
1963-10-21,337.078
1963-10-22,337.093
1963-10-25,337.231
1963-10-27,337.292
1963-10-28,337.337
1963-10-29,337.368
1963-10-30,337.474
1963-11-01,337.566
1963-11-04,337.657
1963-11-06,337.749
1963-11-07,337.779
1963-11-09,337.810
1963-11-12,337.901
1963-11-13,337.916
1963-11-14,337.947
1963-11-15,337.987
1963-11-16,338.069
1963-11-17,338.145
1963-11-19,338.206
1963-11-24,338.358
1963-11-25,338.374
1963-11-27,338.435
1963-11-28,338.450
1963-11-29,338.480
1963-11-30,338.496
1963-12-01,338.526
1963-12-03,338.617
1963-12-04,338.648
1963-12-06,338.678
1963-12-08,338.739
1963-12-09,338.755
1963-12-11,338.816
1963-12-12,338.861
1963-12-13,338.892
1963-12-14,338.892
1963-12-16,338.922
1963-12-18,338.953
1963-12-20,338.983
1963-12-21,339.014
1963-12-22,339.014
1963-12-24,339.044
1963-12-25,339.044
1963-12-29,339.105
1964-01-01,339.197
1964-01-02,339.242
1964-01-07,339.395
1964-01-08,339.486
1964-01-09,339.562
1964-01-10,339.608
1964-01-11,339.669
1964-01-13,339.730
1964-01-14,339.745
1964-01-15,339.776
1964-01-16,339.898
1964-01-17,339.989
1964-01-18,340.035
1964-01-19,340.065
1964-01-20,340.111
1964-01-21,340.141
1964-01-22,340.202
1964-01-24,340.294
1964-01-26,340.355
1964-01-27,340.401
1964-01-31,340.522
1964-02-02,340.583
1964-02-04,340.614
1964-02-06,340.675
1964-02-08,340.705
1964-02-10,340.736
1964-02-12,340.766
1964-02-14,340.797
1964-02-15,340.827
1964-02-17,340.858
1964-02-18,340.858
1964-02-19,340.888
1964-02-21,340.919
1964-02-22,340.919
1964-02-23,340.934
1964-02-24,340.934
1964-02-25,340.949
1964-02-27,340.949
1964-02-28,340.934
1964-02-29,340.934
1964-03-01,340.949
1964-03-03,340.949
1964-03-04,340.964
1964-03-07,340.919
1964-03-08,340.934
1964-03-09,340.934
1964-03-10,340.888
1964-03-11,340.858
1964-03-12,340.858
1964-03-13,340.843
1964-03-14,340.797
1964-03-15,340.812
1964-03-16,340.843
1964-03-17,340.858
1964-03-18,340.843
1964-03-20,340.873
1964-03-21,340.934
1964-03-22,340.980
1964-03-24,341.010
1964-03-25,341.132
1964-03-26,341.193
1964-03-27,341.239
1964-03-28,341.269
1964-03-30,341.300
1964-04-02,341.391
1964-04-03,341.406
1964-04-04,341.406
1964-04-06,341.437
1964-04-07,341.452
1964-04-08,341.452
1964-04-10,341.483
1964-04-12,341.544
1964-04-13,341.559
1964-04-14,341.559
1964-04-16,341.528
1964-04-17,341.483
1964-04-18,341.467
1964-04-19,341.437
1964-04-20,341.376
1964-04-21,341.284
1964-04-22,341.147
1964-04-23,341.041
1964-04-24,340.919
1964-04-25,340.812
1964-04-26,340.736
1964-04-27,340.614
1964-04-28,340.507
1964-04-29,340.446
1964-04-30,340.446
1964-05-01,340.462
1964-05-03,340.462
1964-05-06,340.370
1964-05-09,340.187
1964-05-10,340.111
1964-05-12,339.928
1964-05-13,339.913
1964-05-14,340.081
1964-05-15,340.172
1964-05-16,340.446
1964-05-17,340.538
1964-05-18,340.614
1964-05-19,340.675
1964-05-24,340.827
1964-05-26,340.858
1964-05-28,340.888
1964-05-29,340.888
1964-05-31,340.919
1964-06-01,340.949
1964-06-02,340.919
1964-06-03,340.919
1964-06-04,340.843
1964-06-05,340.782
1964-06-06,340.705
1964-06-07,340.644
1964-06-08,340.553
1964-06-09,340.446
1964-06-10,340.324
1964-06-11,340.172
1964-06-12,340.004
1964-06-14,339.700
1964-06-15,339.547
1964-06-16,339.364
1964-06-18,339.029
1964-06-19,338.892
1964-06-21,338.648
1964-06-22,338.511
1964-06-23,338.328
1964-06-24,338.160
1964-06-26,337.795
1964-06-27,337.627
1964-06-28,337.444
1964-06-29,337.276
1964-07-01,336.911
1964-07-02,336.712
1964-07-03,336.530
1964-07-04,336.362
1964-07-05,336.347
1964-07-06,336.316
1964-07-07,336.240
1964-07-08,336.088
1964-07-09,335.950
1964-07-10,335.768
1964-07-12,335.524
1964-07-14,335.249
1964-07-15,335.143
1964-07-16,335.006
1964-07-17,334.884
1964-07-18,334.807
1964-07-19,334.762
1964-07-20,334.655
1964-07-21,334.487
1964-07-22,334.350
1964-07-23,334.198
1964-07-25,333.924
1964-07-26,333.832
1964-07-27,333.680
1964-07-29,333.283
1964-07-30,333.101
1964-07-31,332.963
1964-08-01,332.842
1964-08-02,332.704
1964-08-03,332.537
1964-08-04,332.400
1964-08-08,331.912
1964-08-09,331.775
1964-08-10,331.622
1964-08-12,331.500
1964-08-13,331.424
1964-08-14,331.302
1964-08-15,331.211
1964-08-16,331.135
1964-08-18,330.860
1964-08-21,330.449
1964-08-22,330.357
1964-08-23,330.327
1964-08-24,330.266
1964-08-25,330.190
1964-08-26,330.083
1964-08-27,330.007
1964-08-29,329.702
1964-08-30,329.672
1964-09-01,329.458
1964-09-02,329.306
1964-09-03,329.138
1964-09-04,329.032
1964-09-05,329.001
1964-09-06,329.001
1964-09-07,328.894
1964-09-08,328.833
1964-09-09,328.818
1964-09-10,328.788
1964-09-11,328.742
1964-09-12,328.727
1964-09-13,328.742
1964-09-14,328.833
1964-09-15,328.940
1964-09-16,328.986
1964-09-17,329.016
1964-09-18,329.062
1964-09-19,329.032
1964-09-20,329.138
1964-09-21,329.169
1964-09-23,329.138
1964-09-24,329.123
1964-09-26,329.153
1964-09-27,329.184
1964-09-28,329.184
1964-09-29,329.169
1964-09-30,329.138
1964-10-01,329.169
1964-10-02,329.214
1964-10-03,329.245
1964-10-04,329.291
1964-10-05,329.489
1964-10-06,329.550
1964-10-08,329.641
1964-10-10,329.702
1964-10-11,329.748
1964-10-12,329.778
1964-10-13,329.794
1964-10-14,329.824
1964-10-15,329.839
1964-10-16,329.839
1964-10-17,329.854
1964-10-18,329.854
1964-10-19,330.037
1964-10-20,330.068
1964-10-21,330.068
1964-10-22,330.190
1964-10-23,330.251
1964-10-24,330.220
1964-10-25,330.266
1964-10-26,330.296
1964-10-27,330.281
1964-10-28,330.235
1964-10-30,330.205
1964-10-31,330.220
1964-11-01,330.266
1964-11-03,330.266
1964-11-05,330.296
1964-11-06,330.266
1964-11-07,330.327
1964-11-08,330.357
1964-11-09,330.373
1964-11-11,330.312
1964-11-12,330.342
1964-11-13,330.312
1964-11-15,330.373
1964-11-18,330.281
1964-11-19,330.235
1964-11-20,330.205
1964-11-21,330.205
1964-11-22,330.312
1964-11-23,330.373
1964-11-24,330.373
1964-11-25,330.388
1964-11-26,330.418
1964-11-27,330.540
1964-11-28,330.693
1964-11-29,330.799
1964-11-30,330.860
1964-12-02,330.921
1964-12-03,331.013
1964-12-05,331.135
1964-12-06,331.180
1964-12-07,331.318
1964-12-08,331.516
1964-12-09,331.607
1964-12-10,331.683
1964-12-11,331.744
1964-12-12,331.790
1964-12-13,331.851
1964-12-14,331.927
1964-12-15,332.019
1964-12-16,332.080
1964-12-18,332.171
1964-12-19,332.278
1964-12-20,332.354
1964-12-23,332.491
1964-12-25,332.552
1964-12-26,332.598
1964-12-27,332.628
1964-12-29,332.720
1964-12-31,332.811
1965-01-01,332.857
1965-01-02,332.887
1965-01-03,332.933
1965-01-04,333.009
1965-01-05,333.162
1965-01-06,333.207
1965-01-07,333.375
1965-01-08,333.924
1965-01-09,334.274
1965-01-10,334.411
1965-01-11,334.518
1965-01-13,334.701
1965-01-14,334.838
1965-01-15,334.945
1965-01-16,335.021
1965-01-18,335.143
1965-01-19,335.188
1965-01-20,335.249
1965-01-21,335.326
1965-01-22,335.432
1965-01-23,335.493
1965-01-24,335.539
1965-01-25,335.569
1965-01-26,335.615
1965-01-30,335.737
1965-01-31,335.752
1965-02-01,335.798
1965-02-05,335.920
1965-02-06,335.950
1965-02-07,335.966
1965-02-08,335.996
1965-02-11,336.042
1965-02-13,336.194
1965-02-15,336.255
1965-02-17,336.286
1965-02-18,336.301
1965-02-19,336.331
1965-02-21,336.362
1965-02-23,336.392
1965-02-25,336.423
1965-02-27,336.453
1965-02-28,336.453
1965-03-01,336.469
1965-03-02,336.469
1965-03-05,336.514
1965-03-06,336.530
1965-03-07,336.530
1965-03-10,336.621
1965-03-12,336.743
1965-03-14,336.773
1965-03-15,336.941
1965-03-16,337.093
1965-03-17,337.215
1965-03-18,337.292
1965-03-20,337.383
1965-03-21,337.414
1965-03-22,337.429
1965-03-23,337.459
1965-03-24,337.505
1965-03-25,337.535
1965-03-26,337.551
1965-03-27,337.581
1965-03-28,337.596
1965-03-29,337.627
1965-03-31,337.657
1965-04-02,337.688
1965-04-04,337.718
1965-04-06,337.749
1965-04-07,337.764
1965-04-08,337.825
1965-04-09,337.855
1965-04-10,337.871
1965-04-11,337.901
1965-04-12,337.901
1965-04-14,337.932
1965-04-15,337.932
1965-04-18,337.977
1965-04-19,337.977
1965-04-21,338.008
1965-04-22,338.023
1965-04-24,338.084
1965-04-25,338.176
1965-04-26,338.206
1965-04-27,338.206
1965-04-29,338.267
1965-05-02,338.267
1965-05-03,338.297
1965-05-08,338.297
1965-05-09,338.328
1965-05-13,338.328
1965-05-14,338.343
1965-05-15,338.343
1965-05-16,338.358
1965-05-17,338.358
1965-05-19,338.450
1965-05-20,338.480
1965-05-22,338.572
1965-05-23,338.602
1965-05-24,338.678
1965-05-25,338.739
1965-05-27,338.800
1965-05-28,338.816
1965-05-29,338.861
1965-05-30,338.892
1965-05-31,338.907
1965-06-01,338.938
1965-06-03,338.968
1965-06-04,338.998
1965-06-06,339.029
1965-06-08,339.059
1965-06-09,339.075
1965-06-10,339.136
1965-06-11,339.181
1965-06-12,339.212
1965-06-14,339.242
1965-06-15,339.273
1965-06-17,339.303
1965-06-19,339.334
1965-06-22,339.379
1965-06-23,339.395
1965-06-24,339.486
1965-06-25,339.562
1965-06-26,339.608
1965-06-29,339.654
1965-06-30,339.684
1965-07-02,339.715
1965-07-04,339.745
1965-07-05,339.745
1965-07-08,339.791
1965-07-09,339.791
1965-07-10,339.806
1965-07-11,339.806
1965-07-12,339.821
1965-07-14,339.791
1965-07-15,339.760
1965-07-16,339.745
1965-07-17,339.745
1965-07-18,339.776
1965-07-19,339.760
1965-07-21,339.700
1965-07-22,339.669
1965-07-23,339.608
1965-07-24,339.578
1965-07-25,339.578
1965-07-26,339.547
1965-07-27,339.486
1965-07-28,339.440
1965-07-29,339.425
1965-07-30,339.425
1965-07-31,339.395
1965-08-01,339.242
1965-08-02,339.212
1965-08-03,339.044
1965-08-04,338.968
1965-08-06,338.785
1965-08-07,338.739
1965-08-08,338.724
1965-08-09,338.663
1965-08-10,338.587
1965-08-12,338.557
1965-08-13,338.572
1965-08-14,338.572
1965-08-15,338.587
1965-08-17,338.557
1965-08-18,338.557
1965-08-19,338.541
1965-08-20,338.572
1965-08-22,338.602
1965-08-23,338.572
1965-08-24,338.511
1965-08-25,338.480
1965-08-26,338.419
1965-08-27,338.389
1965-08-29,338.419
1965-08-30,338.404
1965-08-31,338.419
1965-09-01,338.419
1965-09-02,338.435
1965-09-03,338.435
1965-09-05,338.465
1965-09-06,338.465
1965-09-07,338.480
1965-09-08,338.480
1965-09-10,338.450
1965-09-11,338.465
1965-09-12,338.465
1965-09-13,338.480
1965-09-17,338.602
1965-09-18,338.678
1965-09-19,338.739
1965-09-21,338.800
1965-09-23,338.831
1965-09-24,338.892
1965-09-25,338.922
1965-09-27,338.953
1965-09-28,338.968
1965-09-29,339.014
1965-10-01,339.075
1965-10-02,339.151
1965-10-03,339.181
1965-10-04,339.303
1965-10-05,339.395
1965-10-06,339.425
1965-10-07,339.471
1965-10-09,339.532
1965-10-10,339.547
1965-10-11,339.578
1965-10-12,339.623
1965-10-13,339.654
1965-10-14,339.669
1965-10-16,339.730
1965-10-17,339.776
1965-10-19,339.806
1965-10-21,339.867
1965-10-23,339.898
1965-10-26,339.989
1965-10-27,340.035
1965-10-28,340.096
1965-10-29,340.141
1965-10-30,340.172
1965-10-31,340.187
1965-11-01,340.263
1965-11-02,340.355
1965-11-03,340.401
1965-11-06,340.492
1965-11-07,340.553
1965-11-08,340.629
1965-11-10,340.721
1965-11-12,340.812
1965-11-13,340.934
1965-11-14,341.178
1965-11-15,341.236
1965-11-16,341.315
1965-11-18,341.589
1965-11-19,341.681
1965-11-21,341.772
1965-11-22,341.818
1965-11-24,341.879
1965-11-25,341.925
1965-11-26,341.955
1965-11-29,342.229
1965-11-30,342.275
1965-12-01,342.306
1965-12-02,342.351
1965-12-05,342.443
1965-12-06,342.488
1965-12-07,342.549
1965-12-09,342.641
1965-12-10,342.671
1965-12-11,342.717
1965-12-13,342.778
1965-12-14,342.808
1965-12-15,342.854
1965-12-16,342.946
1965-12-17,343.266
1965-12-18,343.357
1965-12-20,343.449
1965-12-21,343.494
1965-12-23,343.555
1965-12-24,343.601
1965-12-25,343.631
1965-12-26,343.677
1965-12-27,343.708
1965-12-28,343.723
1965-12-29,343.753
1965-12-30,343.799
1965-12-31,343.830
1966-01-01,343.906
1966-01-02,344.272
1966-01-03,344.409
1966-01-04,344.500
1966-01-05,344.576
1966-01-06,344.713
1966-01-09,344.851
1966-01-10,344.896
1966-01-11,344.927
1966-01-12,344.973
1966-01-13,344.988
1966-01-14,345.018
1966-01-15,345.034
1966-01-17,345.094
1966-01-18,345.140
1966-01-19,345.247
1966-01-21,345.338
1966-01-22,345.369
1966-01-24,345.460
1966-01-25,345.491
1966-01-26,345.475
1966-01-27,345.491
1966-02-02,345.491
1966-02-03,345.521
1966-02-04,345.521
1966-02-05,345.506
1966-02-09,345.506
1966-02-10,345.521
1966-02-11,345.597
1966-02-12,345.582
1966-02-15,345.491
1966-02-16,345.475
1966-02-17,345.491
1966-02-19,345.460
1966-02-20,345.491
1966-02-22,345.491
1966-02-23,345.582
1966-02-24,345.582
1966-02-25,345.567
1966-02-27,345.475
1966-02-28,345.460
1966-03-01,345.460
1966-03-02,345.445
1966-03-04,345.475
1966-03-05,345.491
1966-03-09,345.491
1966-03-10,345.506
1966-03-11,345.536
1966-03-12,345.521
1966-03-13,345.521
1966-03-15,345.460
1966-03-16,345.475
1966-03-17,345.475
1966-03-18,345.460
1966-03-19,345.475
1966-03-21,345.475
1966-03-22,345.491
1966-03-26,345.491
1966-03-27,345.521
1966-03-28,345.521
1966-03-29,345.552
1966-03-30,345.658
1966-03-31,345.735
1966-04-01,345.704
1966-04-03,345.613
1966-04-05,345.491
1966-04-06,345.506
1966-04-07,345.536
1966-04-08,345.536
1966-04-09,345.521
1966-04-10,345.735
1966-04-11,345.765
1966-04-12,345.735
1966-04-13,345.765
1966-04-14,345.735
1966-04-15,345.689
1966-04-16,345.628
1966-04-17,345.582
1966-04-18,345.552
1966-04-19,345.506
1966-04-20,345.521
1966-04-23,345.430
1966-04-24,345.415
1966-04-25,345.415
1966-04-27,345.445
1966-04-29,345.445
1966-04-30,345.448
1966-05-01,345.552
1966-05-02,345.582
1966-05-04,345.613
1966-05-09,345.613
1966-05-10,345.597
1966-05-11,345.613
1966-05-12,345.582
1966-05-13,345.567
1966-05-14,345.521
1966-05-18,345.399
1966-05-19,345.384
1966-05-20,345.384
1966-05-21,345.369
1966-05-22,345.369
1966-05-24,345.338
1966-05-25,345.308
1966-05-27,345.186
1966-05-28,345.201
1966-05-30,345.110
1966-05-31,345.034
1966-06-01,344.927
1966-06-02,344.835
1966-06-03,344.805
1966-06-04,344.805
1966-06-06,344.713
1966-06-07,344.637
1966-06-09,344.454
1966-06-10,344.348
1966-06-12,344.256
1966-06-13,344.180
1966-06-17,343.753
1966-06-18,343.708
1966-06-19,343.708
1966-06-20,343.647
1966-06-21,343.540
1966-06-22,343.479
1966-06-23,343.388
1966-06-24,343.281
1966-06-26,343.189
1966-06-27,343.113
1966-06-30,342.839
1966-07-01,342.732
1966-07-02,342.671
1966-07-03,342.671
1966-07-04,342.595
1966-07-06,342.412
1966-07-08,342.199
1966-07-09,342.153
1966-07-10,342.123
1966-07-11,342.031
1966-07-13,341.818
1966-07-15,341.605
1966-07-16,341.559
1966-07-17,341.528
1966-07-18,341.452
1966-07-21,341.132
1966-07-22,341.010
1966-07-26,340.583
1966-07-28,340.370
1966-07-29,340.279
1966-07-31,340.157
1966-08-02,339.974
1966-08-03,339.867
1966-08-04,339.776
1966-08-05,339.700
1966-08-07,339.608
1966-08-08,339.547
1966-08-09,339.471
1966-08-10,339.364
1966-08-11,339.273
1966-08-13,339.120
1966-08-14,339.075
1966-08-15,339.044
1966-08-17,338.922
1966-08-18,338.877
1966-08-19,338.816
1966-08-20,338.785
1966-08-21,338.770
1966-08-23,338.709
1966-08-24,338.663
1966-08-26,338.541
1966-08-28,338.541
1966-08-29,338.511
1966-08-31,338.389
1966-09-02,338.236
1966-09-04,338.236
1966-09-05,338.191
1966-09-06,338.130
1966-09-07,338.313
1966-09-08,338.084
1966-09-09,338.084
1966-09-10,338.115
1966-09-12,338.054
1966-09-14,337.871
1966-09-15,337.840
1966-09-16,337.840
1966-09-17,337.779
1966-09-18,337.779
1966-09-21,337.962
1966-09-22,337.932
1966-09-24,337.993
1966-09-25,338.054
1966-09-26,338.054
1966-09-28,338.176
1966-09-29,338.160
1966-09-30,338.176
1966-10-01,338.206
1966-10-03,338.236
1966-10-05,338.267
1966-10-09,338.389
1966-10-11,338.419
1966-10-13,338.450
1966-10-15,338.480
1966-10-17,338.511
1966-10-18,338.526
1966-10-19,338.557
1966-10-21,338.587
1966-10-23,338.678
1966-10-24,338.694
1966-10-25,338.724
1966-10-26,338.739
1966-10-27,338.770
1966-10-28,338.785
1966-10-30,338.846
1966-11-01,338.877
1966-11-03,338.938
1966-11-04,338.983
1966-11-05,338.709
1966-11-06,339.044
1966-11-07,339.059
1966-11-08,339.105
1966-11-10,339.166
1966-11-14,339.227
1966-11-15,339.258
1966-11-16,339.395
1966-11-17,339.547
1966-11-18,339.608
1966-11-19,339.654
1966-11-22,339.745
1966-11-23,339.760
1966-11-25,339.821
1966-11-27,339.913
1966-11-28,339.943
1966-12-01,340.126
1966-12-02,340.248
1966-12-04,340.340
1966-12-07,340.431
1966-12-10,340.477
1966-12-11,340.507
1966-12-12,340.522
1966-12-13,340.553
1966-12-15,340.583
1966-12-16,340.599
1966-12-17,340.644
1966-12-18,340.873
1966-12-19,340.919
1966-12-21,341.041
1966-12-23,341.132
1966-12-24,341.178
1966-12-25,341.208
1966-12-26,341.208
1966-12-27,341.239
1966-12-29,341.269
1966-12-30,341.300
1966-12-31,341.315
1967-01-01,341.345
1967-01-03,341.376
1967-01-05,341.406
1967-01-06,341.437
1967-01-08,341.467
1967-01-10,341.498
1967-01-11,341.513
1967-01-12,341.513
1967-01-13,341.528
1967-01-14,341.528
1967-01-15,341.544
1967-01-16,341.544
1967-01-17,341.559
1967-01-18,341.559
1967-01-20,341.589
1967-01-21,341.620
1967-01-22,341.711
1967-01-23,341.772
1967-01-24,342.062
1967-01-25,342.306
1967-01-26,342.397
1967-01-29,342.534
1967-01-30,342.565
1967-01-31,342.717
1967-02-01,342.778
1967-02-05,342.900
1967-02-07,342.930
1967-02-09,342.961
1967-02-10,342.991
1967-02-12,343.022
1967-02-13,343.052
1967-02-14,343.068
1967-02-15,343.220
1967-02-16,343.357
1967-02-17,343.479
1967-02-19,343.570
1967-02-23,343.692
1967-02-25,343.723
1967-02-26,343.738
1967-02-27,343.769
1967-03-02,343.814
1967-03-03,343.814
1967-03-04,343.830
1967-03-05,343.875
1967-03-06,344.089
1967-03-07,344.150
1967-03-08,344.180
1967-03-09,344.287
1967-03-10,344.470
1967-03-11,344.820
1967-03-12,345.034
1967-03-13,345.125
1967-03-15,345.247
1967-03-19,345.369
1967-03-20,345.384
1967-03-21,345.415
1967-03-22,345.430
1967-03-24,345.491
1967-03-25,345.582
1967-03-27,345.643
1967-03-28,345.658
1967-03-29,345.689
1967-03-30,345.704
1967-03-31,345.704
1967-04-01,345.719
1967-04-02,345.719
1967-04-03,345.735
1967-04-06,345.735
1967-04-07,345.765
1967-04-08,345.978
1967-04-09,346.085
1967-04-10,346.131
1967-04-11,346.126
1967-04-12,346.114
1967-04-13,346.074
1967-04-14,346.041
1967-04-15,345.994
1967-04-16,345.958
1967-04-17,345.904
1967-04-18,345.857
1967-04-19,345.810
1967-04-20,345.763
1967-04-21,345.749
1967-04-22,345.751
1967-04-23,345.854
1967-04-24,345.865
1967-04-25,345.904
1967-04-26,346.245
1967-04-27,346.449
1967-04-28,346.476
1967-04-29,346.464
1967-04-30,346.436
1967-05-01,346.408
1967-05-02,346.365
1967-05-03,346.316
1967-05-04,346.229
1967-05-05,346.185
1967-05-06,346.127
1967-05-07,346.070
1967-05-08,346.040
1967-05-09,345.990
1967-05-10,345.951
1967-05-11,345.882
1967-05-12,345.808
1967-05-13,345.731
1967-05-14,345.678
1967-05-15,345.611
1967-05-16,345.575
1967-05-17,345.547
1967-05-18,345.534
1967-05-19,345.527
1967-05-20,345.521
1967-05-21,345.508
1967-05-22,345.494
1967-05-23,345.451
1967-05-24,345.428
1967-05-25,345.416
1967-05-26,345.380
1967-05-27,345.356
1967-05-28,345.317
1967-05-29,345.299
1967-05-30,345.267
1967-05-31,345.225
1967-06-01,345.167
1967-06-02,345.100
1967-06-03,345.039
1967-06-04,344.980
1967-06-05,344.921
1967-06-06,344.852
1967-06-07,344.757
1967-06-08,344.704
1967-06-09,344.657
1967-06-10,344.565
1967-06-11,344.478
1967-06-12,344.391
1967-06-13,344.315
1967-06-14,344.224
1967-06-15,344.145
1967-06-16,344.071
1967-06-17,343.979
1967-06-18,343.881
1967-06-19,343.816
1967-06-20,343.725
1967-06-21,343.618
1967-06-22,343.535
1967-06-23,343.415
1967-06-24,343.365
1967-06-25,343.274
1967-06-26,343.168
1967-06-27,343.104
1967-06-28,343.007
1967-06-29,342.915
1967-06-30,342.851
1967-07-01,342.747
1967-07-02,342.710
1967-07-03,342.829
1967-07-04,342.874
1967-07-05,342.884
1967-07-06,342.845
1967-07-07,342.790
1967-07-08,342.710
1967-07-09,342.601
1967-07-10,342.529
1967-07-11,342.450
1967-07-12,342.386
1967-07-13,342.278
1967-07-14,342.229
1967-07-15,342.109
1967-07-17,341.949
1967-07-18,341.848
1967-07-19,341.788
1967-07-20,341.711
1967-07-21,341.623
1967-07-22,341.571
1967-07-23,341.450
1967-07-24,341.324
1967-07-25,341.264
1967-07-26,341.208
1967-07-27,341.154
1967-07-28,341.085
1967-07-29,340.991
1967-07-30,340.892
1967-07-31,340.882
1967-08-01,340.866
1967-08-02,340.856
1967-08-03,340.856
1967-08-04,340.842
1967-08-05,340.824
1967-08-06,340.769
1967-08-07,340.712
1967-08-08,340.639
1967-08-09,340.544
1967-08-10,340.564
1967-08-11,340.676
1967-08-12,340.768
1967-08-13,340.869
1967-08-14,340.994
1967-08-15,341.118
1967-08-16,341.177
1967-08-17,341.230
1967-08-18,341.275
1967-08-19,341.300
1967-08-20,341.324
1967-08-21,341.353
1967-08-22,341.330
1967-08-23,341.289
1967-08-25,341.203
1967-08-26,341.181
1967-08-27,341.130
1967-08-28,341.065
1967-08-29,340.980
1967-08-30,340.944
1967-08-31,340.883
1967-09-01,340.832
1967-09-02,340.817
1967-09-03,340.775
1967-09-04,340.683
1967-09-05,340.599
1967-09-06,340.518
1967-09-07,340.451
1967-09-08,340.368
1967-09-09,340.276
1967-09-10,340.201
1967-09-11,340.117
1967-09-12,340.056
1967-09-13,339.946
1967-09-14,339.881
1967-09-15,339.803
1967-09-16,339.721
1967-09-17,339.659
1967-09-18,339.593
1967-09-19,339.512
1967-09-20,339.454
1967-09-21,339.410
1967-09-22,339.348
1967-09-23,339.319
1967-09-24,339.273
1967-09-25,339.245
1967-09-26,339.188
1967-09-27,339.133
1967-09-28,339.092
1967-09-29,339.090
1967-09-30,339.061
1967-10-01,339.074
1967-10-02,339.067
1967-10-03,339.092
1967-10-04,339.145
1967-10-05,339.182
1967-10-06,339.206
1967-10-07,339.238
1967-10-08,339.292
1967-10-09,339.343
1967-10-10,339.346
1967-10-11,339.379
1967-10-12,339.418
1967-10-13,339.443
1967-10-14,339.462
1967-10-15,339.490
1967-10-16,339.515
1967-10-17,339.537
1967-10-18,339.552
1967-10-19,339.610
1967-10-20,339.700
1967-10-21,339.742
1967-10-22,339.778
1967-10-23,339.806
1967-10-24,339.855
1967-10-25,339.864
1967-10-27,339.911
1967-10-28,339.944
1967-10-29,339.980
1967-10-30,340.000
1967-10-31,340.023
1967-11-01,340.085
1967-11-02,340.123
1967-11-03,340.160
1967-11-04,340.175
1967-11-05,340.213
1967-11-06,340.300
1967-11-07,340.367
1967-11-08,340.410
1967-11-09,340.444
1967-11-10,340.482
1967-11-11,340.552
1967-11-12,340.594
1967-11-13,340.619
1967-11-14,340.672
1967-11-15,340.726
1967-11-16,340.747
1967-11-17,340.813
1967-11-18,340.855
1967-11-19,340.905
1967-11-20,340.951
1967-11-21,340.989
1967-11-22,341.033
1967-11-23,341.142
1967-11-24,341.243
1967-11-25,341.332
1967-11-26,341.437
1967-11-27,341.580
1967-11-28,341.739
1967-11-29,341.882
1967-11-30,342.002
1967-12-01,342.077
1967-12-02,342.114
1967-12-03,342.181
1967-12-04,342.286
1967-12-05,342.395
1967-12-06,342.429
1967-12-07,342.488
1967-12-08,342.532
1967-12-09,342.571
1967-12-10,342.577
1967-12-11,342.613
1967-12-12,342.680
1967-12-13,342.939
1967-12-14,343.194
1967-12-15,343.378
1967-12-16,343.479
1967-12-17,343.512
1967-12-18,343.583
1967-12-19,343.629
1967-12-20,343.677
1967-12-21,343.711
1967-12-22,343.763
1967-12-23,343.817
1967-12-24,343.888
1967-12-25,343.945
1967-12-26,343.991
1967-12-27,344.045
1967-12-28,344.091
1967-12-29,344.116
1967-12-30,344.148
1967-12-31,344.200
1968-01-01,344.282
1968-01-02,344.383
1968-01-03,344.420
1968-01-04,344.458
1968-01-05,344.495
1968-01-06,344.512
1968-01-07,344.529
1968-01-08,344.572
1968-01-09,344.615
1968-01-10,344.635
1968-01-11,344.676
1968-01-12,344.731
1968-01-13,344.764
1968-01-14,344.801
1968-01-15,344.825
1968-01-16,344.847
1968-01-17,344.874
1968-01-18,344.904
1968-01-20,344.939
1968-01-21,344.962
1968-01-22,344.997
1968-01-23,345.007
1968-01-24,345.018
1968-01-25,345.030
1968-01-26,345.037
1968-01-27,345.046
1968-01-28,345.049
1968-01-29,345.058
1968-01-30,345.063
1968-01-31,345.094
1968-02-01,345.091
1968-02-02,345.091
1968-02-03,345.079
1968-02-04,345.085
1968-02-05,345.097
1968-02-06,345.113
1968-02-07,345.137
1968-02-08,345.192
1968-02-09,345.327
1968-02-10,345.448
1968-02-11,345.488
1968-02-12,345.510
1968-02-13,345.530
1968-02-14,345.546
1968-02-15,345.567
1968-02-16,345.561
1968-02-17,345.576
1968-02-18,345.596
1968-02-19,345.619
1968-02-20,345.619
1968-02-21,345.632
1968-02-22,345.643
1968-02-23,345.660
1968-02-24,345.666
1968-02-25,345.669
1968-02-26,345.668
1968-02-27,345.659
1968-02-28,345.671
1968-02-29,345.743
1968-03-01,345.759
1968-03-02,345.759
1968-03-03,345.775
1968-03-04,345.783
1968-03-05,345.802
1968-03-06,345.908
1968-03-07,346.116
1968-03-08,346.131
1968-03-09,346.126
1968-03-10,346.147
1968-03-11,346.255
1968-03-12,346.329
1968-03-13,346.333
1968-03-14,346.350
1968-03-15,346.349
1968-03-16,346.324
1968-03-17,346.292
1968-03-18,346.259
1968-03-19,346.219
1968-03-20,346.190
1968-03-21,346.152
1968-03-22,346.135
1968-03-23,346.137
1968-03-24,346.094
1968-03-25,346.083
1968-03-26,346.075
1968-03-27,346.047
1968-03-28,346.040
1968-03-29,346.021
1968-03-30,345.983
1968-03-31,345.983
1968-04-01,345.972
1968-04-02,345.971
1968-04-03,345.951
1968-04-04,345.942
1968-04-05,345.925
1968-04-06,345.902
1968-04-07,345.896
1968-04-08,345.860
1968-04-09,345.833
1968-04-10,345.810
1968-04-11,345.784
1968-04-12,345.780
1968-04-13,345.763
1968-04-14,345.750
1968-04-15,345.727
1968-04-16,345.703
1968-04-17,345.693
1968-04-18,345.703
1968-04-19,345.702
1968-04-20,345.676
1968-04-21,345.655
1968-04-22,345.652
1968-04-23,345.635
1968-04-24,345.625
1968-04-25,345.608
1968-04-26,345.591
1968-04-27,345.557
1968-04-28,345.552
1968-04-29,345.521
1968-04-30,345.509
1968-05-01,345.484
1968-05-02,345.454
1968-05-03,345.486
1968-05-04,345.507
1968-05-05,345.525
1968-05-06,345.553
1968-05-07,345.585
1968-05-08,345.611
1968-05-09,345.591
1968-05-10,345.575
1968-05-11,345.553
1968-05-12,345.525
1968-05-13,345.512
1968-05-14,345.504
1968-05-15,345.543
1968-05-16,345.582
1968-05-17,345.617
1968-05-18,345.689
1968-05-19,345.711
1968-05-20,345.764
1968-05-21,345.838
1968-05-22,345.835
1968-05-23,345.833
1968-05-24,345.829
1968-05-25,345.873
1968-05-26,345.960
1968-05-27,345.991
1968-05-28,345.991
1968-05-29,345.974
1968-05-30,345.935
1968-05-31,345.908
1968-06-01,345.884
1968-06-02,345.826
1968-06-03,345.786
1968-06-04,345.745
1968-06-05,345.713
1968-06-06,345.668
1968-06-07,345.595
1968-06-08,345.514
1968-06-09,345.480
1968-06-10,345.439
1968-06-11,345.380
1968-06-12,345.331
1968-06-13,345.279
1968-06-14,345.245
1968-06-15,345.170
1968-06-16,345.099
1968-06-17,344.994
1968-06-18,344.860
1968-06-19,344.822
1968-06-20,344.709
1968-06-21,344.649
1968-06-22,344.561
1968-06-23,344.476
1968-06-24,344.372
1968-06-25,344.294
1968-06-26,344.177
1968-06-27,344.073
1968-06-28,343.993
1968-06-29,343.913
1968-07-01,343.722
1968-07-02,343.624
1968-07-03,343.574
1968-07-04,343.445
1968-07-05,343.319
1968-07-06,343.269
1968-07-07,343.171
1968-07-08,343.037
1968-07-09,342.953
1968-07-10,342.907
1968-07-11,342.793
1968-07-12,342.682
1968-07-13,342.567
1968-07-14,342.473
1968-07-15,342.373
1968-07-16,342.301
1968-07-17,342.202
1968-07-18,342.086
1968-07-19,342.008
1968-07-20,341.858
1968-07-21,341.659
1968-07-22,341.594
1968-07-23,341.489
1968-07-24,341.441
1968-07-26,341.342
1968-07-27,341.281
1968-07-28,341.251
1968-07-29,341.188
1968-07-30,341.094
1968-07-31,340.946
1968-08-01,340.904
1968-08-02,340.864
1968-08-03,340.782
1968-08-04,340.738
1968-08-05,340.690
1968-08-06,340.675
1968-08-07,340.666
1968-08-08,340.641
1968-08-09,340.636
1968-08-10,340.614
1968-08-11,340.690
1968-08-12,340.724
1968-08-13,340.803
1968-08-14,340.827
1968-08-15,340.849
1968-08-16,340.891
1968-08-17,340.906
1968-08-18,340.928
1968-08-19,340.947
1968-08-20,340.945
1968-08-21,340.933
1968-08-22,340.920
1968-08-23,340.925
1968-08-24,340.921
1968-08-25,340.921
1968-08-26,340.899
1968-08-27,340.897
1968-08-28,340.891
1968-08-29,340.868
1968-08-30,340.913
1968-08-31,340.927
1968-09-01,340.929
1968-09-02,340.946
1968-09-03,340.934
1968-09-04,340.911
1968-09-05,340.916
1968-09-06,340.913
1968-09-07,340.938
1968-09-08,341.035
1968-09-09,341.141
1968-09-10,341.166
1968-09-11,341.209
1968-09-12,341.266
1968-09-13,341.291
1968-09-14,341.320
1968-09-15,341.341
1968-09-16,341.361
1968-09-17,341.386
1968-09-18,341.408
1968-09-19,341.422
1968-09-20,341.451
1968-09-21,341.490
1968-09-22,341.571
1968-09-23,341.665
1968-09-24,341.714
1968-09-25,341.780
1968-09-26,341.821
1968-09-27,341.864
1968-09-28,341.876
1968-09-29,341.904
1968-09-30,341.924
1968-10-01,341.964
1968-10-02,342.087
1968-10-03,342.192
1968-10-04,342.279
1968-10-05,342.351
1968-10-06,342.414
1968-10-07,342.460
1968-10-08,342.539
1968-10-09,342.611
1968-10-10,342.638
1968-10-11,342.682
1968-10-12,342.714
1968-10-13,342.748
1968-10-14,342.787
1968-10-15,342.813
1968-10-16,342.827
1968-10-17,342.885
1968-10-18,342.903
1968-10-20,342.964
1968-10-21,343.012
1968-10-22,343.101
1968-10-23,343.322
1968-10-24,343.419
1968-10-25,343.481
1968-10-26,343.671
1968-10-27,343.812
1968-10-28,343.909
1968-10-29,343.903
1968-10-30,344.079
1968-10-31,344.149
1968-11-01,344.226
1968-11-02,344.278
1968-11-03,344.362
1968-11-04,344.421
1968-11-05,344.466
1968-11-06,344.519
1968-11-07,344.566
1968-11-08,344.573
1968-11-09,344.625
1968-11-10,344.698
1968-11-11,344.701
1968-11-12,344.693
1968-11-13,344.675
1968-11-14,344.643
1968-11-15,344.590
1968-11-16,344.552
1968-11-17,344.531
1968-11-18,344.497
1968-11-19,344.483
1968-11-20,344.413
1968-11-21,344.361
1968-11-22,344.325
1968-11-23,344.262
1968-11-24,344.211
1968-11-25,344.185
1968-11-26,344.156
1968-11-27,344.135
1968-11-28,344.086
1968-11-29,344.037
1968-11-30,344.012
1968-12-01,344.026
1968-12-02,344.006
1968-12-03,343.954
1968-12-04,343.924
1968-12-05,343.883
1968-12-06,343.849
1968-12-07,343.829
1968-12-08,343.784
1968-12-09,343.749
1968-12-10,343.710
1968-12-11,343.661
1968-12-12,343.638
1968-12-13,343.671
1968-12-14,343.720
1968-12-15,343.767
1968-12-16,343.818
1968-12-17,343.875
1968-12-18,343.938
1968-12-19,343.981
1968-12-20,344.059
1968-12-21,344.137
1968-12-22,344.168
1968-12-23,344.271
1968-12-24,344.305
1968-12-25,344.345
1968-12-26,344.397
1968-12-27,344.464
1968-12-28,344.505
1968-12-29,344.552
1968-12-30,344.593
1968-12-31,344.635
1969-01-01,344.669
1969-01-02,344.727
1969-01-03,344.776
1969-01-04,344.840
1969-01-05,344.919
1969-01-06,344.985
1969-01-07,345.021
1969-01-08,345.049
1969-01-09,345.094
1969-01-10,345.113
1969-01-11,345.152
1969-01-12,345.155
1969-01-13,345.182
1969-01-15,345.247
1969-01-16,345.285
1969-01-17,345.311
1969-01-18,345.323
1969-01-19,345.384
1969-01-20,345.393
1969-01-21,345.409
1969-01-22,345.415
1969-01-23,345.409
1969-01-24,345.414
1969-01-25,345.411
1969-01-26,345.419
1969-01-27,345.431
1969-01-28,345.432
1969-01-29,345.456
1969-01-30,345.451
1969-01-31,345.436
1969-02-01,345.421
1969-02-02,345.404
1969-02-03,345.377
1969-02-04,345.326
1969-02-05,345.318
1969-02-06,345.264
1969-02-07,345.242
1969-02-08,345.242
1969-02-09,345.245
1969-02-10,345.224
1969-02-11,345.213
1969-02-12,345.226
1969-02-13,345.225
1969-02-14,345.228
1969-02-15,345.229
1969-02-16,345.229
1969-02-17,345.240
1969-02-18,345.274
1969-02-19,345.298
1969-02-20,345.290
1969-02-21,345.300
1969-02-22,345.302
1969-02-23,345.308
1969-02-24,345.311
1969-02-25,345.322
1969-02-26,345.325
1969-02-27,345.317
1969-02-28,345.325
1969-03-01,345.316
1969-03-02,345.347
1969-03-03,345.338
1969-03-04,345.315
1969-03-05,345.311
1969-03-06,345.435
1969-03-07,345.477
1969-03-08,345.480
1969-03-09,345.491
1969-03-10,345.514
1969-03-11,345.531
1969-03-12,345.527
1969-03-13,345.529
1969-03-14,345.521
1969-03-15,345.541
1969-03-16,345.548
1969-03-17,345.575
1969-03-18,345.570
1969-03-19,345.570
1969-03-20,345.589
1969-03-21,345.601
1969-03-22,345.661
1969-03-23,345.681
1969-03-24,345.689
1969-03-25,345.686
1969-03-26,345.701
1969-03-27,345.708
1969-03-28,345.713
1969-03-29,345.717
1969-03-30,345.713
1969-03-31,345.727
1969-04-01,345.723
1969-04-02,345.721
1969-04-03,345.701
1969-04-04,345.700
1969-04-05,345.689
1969-04-06,345.692
1969-04-07,345.682
1969-04-08,345.658
1969-04-09,345.631
1969-04-10,345.604
1969-04-11,345.610
1969-04-12,345.606
1969-04-13,345.675
1969-04-14,345.729
1969-04-15,345.736
1969-04-16,345.722
1969-04-17,345.701
1969-04-18,345.681
1969-04-19,345.671
1969-04-20,345.632
1969-04-21,345.610
1969-04-22,345.588
1969-04-23,345.561
1969-04-24,345.552
1969-04-25,345.502
1969-04-26,345.474
1969-04-27,345.450
1969-04-28,345.366
1969-04-29,345.336
1969-04-30,345.257
1969-05-01,345.171
1969-05-02,345.075
1969-05-03,345.059
1969-05-04,345.000
1969-05-05,344.928
1969-05-06,344.841
1969-05-07,344.767
1969-05-08,344.709
1969-05-09,344.607
1969-05-10,344.534
1969-05-11,344.448
1969-05-12,344.386
1969-05-13,344.304
1969-05-14,344.208
1969-05-15,344.154
1969-05-16,344.086
1969-05-17,343.973
1969-05-18,343.933
1969-05-19,343.869
1969-05-20,343.770
1969-05-21,343.728
1969-05-22,343.690
1969-05-23,343.611
1969-05-24,343.513
1969-05-25,343.462
1969-05-26,343.438
1969-05-27,343.383
1969-05-28,343.324
1969-05-29,343.223
1969-05-30,343.120
1969-05-31,343.040
1969-06-01,342.923
1969-06-02,342.845
1969-06-03,342.802
1969-06-04,342.698
1969-06-05,342.599
1969-06-06,342.517
1969-06-07,342.441
1969-06-08,342.339
1969-06-09,342.261
1969-06-10,342.168
1969-06-11,342.083
1969-06-12,341.995
1969-06-13,341.890
1969-06-14,341.794
1969-06-15,341.733
1969-06-16,341.659
1969-06-17,341.603
1969-06-18,341.492
1969-06-19,341.356
1969-06-20,341.252
1969-06-21,341.184
1969-06-22,341.106
1969-06-23,341.010
1969-06-24,340.901
1969-06-25,340.797
1969-06-26,340.745
1969-06-27,340.663
1969-06-28,340.579
1969-06-29,340.468
1969-06-30,340.380
1969-07-01,340.245
1969-07-02,340.156
1969-07-03,340.077
1969-07-04,339.920
1969-07-05,339.821
1969-07-06,339.702
1969-07-07,339.655
1969-07-08,339.602
1969-07-09,339.466
1969-07-10,339.367
1969-07-11,339.236
1969-07-12,339.178
1969-07-13,339.053
1969-07-14,338.923
1969-07-15,338.842
1969-07-16,338.723
1969-07-17,338.630
1969-07-18,338.499
1969-07-19,338.442
1969-07-20,338.314
1969-07-21,338.209
1969-07-22,338.071
1969-07-23,337.960
1969-07-24,337.841
1969-07-26,337.627
1969-07-28,337.433
1969-07-29,337.371
1969-07-30,337.217
1969-07-31,337.118
1969-08-01,337.004
1969-08-02,336.956
1969-08-03,336.785
1969-08-04,336.726
1969-08-06,336.558
1969-08-07,336.459
1969-08-09,336.244
1969-08-10,336.130
1969-08-13,335.912
1969-08-14,335.771
1969-08-16,335.545
1969-08-18,335.432
1969-08-19,335.263
1969-08-21,335.063
1969-08-23,334.846
1969-08-25,334.645
1969-08-28,334.327
1969-08-30,334.090
1969-09-02,333.841
1969-09-03,333.695
1969-09-04,333.672
1969-09-05,333.640
1969-09-06,333.587
1969-09-07,333.569
1969-09-08,334.059
1969-09-09,334.548
1969-09-10,334.890
1969-09-11,335.159
1969-09-12,335.309
1969-09-13,335.551
1969-09-14,335.766
1969-09-15,335.837
1969-09-16,336.004
1969-09-18,336.141
1969-09-19,336.254
1969-09-20,336.296
1969-09-21,336.348
1969-09-22,336.405
1969-09-24,336.488
1969-09-26,336.557
1969-09-27,336.607
1969-09-29,336.674
1969-10-01,336.741
1969-10-03,336.767
1969-10-04,336.795
1969-10-05,336.851
1969-10-06,336.851
1969-10-07,336.879
1969-10-08,336.919
1969-10-09,336.936
1969-10-10,336.955
1969-10-11,336.977
1969-10-12,336.990
1969-10-13,336.990
1969-10-14,336.957
1969-10-15,336.934
1969-10-16,336.875
1969-10-17,336.878
1969-10-18,336.921
1969-10-19,336.959
1969-10-20,336.990
1969-10-21,337.058
1969-10-22,337.120
1969-10-23,337.166
1969-10-24,337.209
1969-10-25,337.236
1969-10-26,337.300
1969-10-27,337.367
1969-10-28,337.434
1969-10-29,337.458
1969-10-30,337.474
1969-10-31,337.475
1969-11-01,337.493
1969-11-02,337.511
1969-11-05,337.573
1969-11-06,337.608
1969-11-07,337.632
1969-11-09,337.660
1969-11-10,337.709
1969-11-11,337.730
1969-11-12,337.771
1969-11-13,337.779
1969-11-14,337.794
1969-11-15,337.820
1969-11-16,337.868
1969-11-17,337.915
1969-11-18,337.961
1969-11-19,338.011
1969-11-20,338.074
1969-11-21,338.118
1969-11-22,338.191
1969-11-23,338.280
1969-11-24,338.311
1969-11-25,338.364
1969-11-26,338.410
1969-11-28,338.482
1969-11-29,338.530
1969-11-30,338.577
1969-12-01,338.605
1969-12-02,338.662
1969-12-03,338.686
1969-12-05,338.704
1969-12-06,338.727
1969-12-07,338.756
1969-12-09,338.782
1969-12-10,338.819
1969-12-11,338.865
1969-12-12,338.877
1969-12-13,338.895
1969-12-14,338.901
1969-12-15,338.903
1969-12-16,338.911
1969-12-17,338.931
1969-12-18,338.968
1969-12-19,339.002
1969-12-20,339.026
1969-12-21,339.077
1969-12-23,339.153
1969-12-24,339.403
1969-12-25,339.832
1969-12-26,340.115
1969-12-27,340.264
1969-12-28,340.358
1969-12-29,340.401
1969-12-30,340.448
1969-12-31,340.501
1970-01-01,340.530
1970-01-02,340.593
1970-01-05,340.688
1970-01-06,340.723
1970-01-08,340.821
1970-01-09,340.858
1970-01-10,340.870
1970-01-11,340.928
1970-01-13,340.967
1970-01-14,341.041
1970-01-15,341.050
1970-01-16,341.080
1970-01-17,341.109
1970-01-18,341.160
1970-01-19,341.166
1970-01-20,341.232
1970-01-22,341.304
1970-01-23,341.385
1970-01-24,341.459
1970-01-25,341.522
1970-01-26,341.562
1970-01-27,341.624
1970-01-28,341.818
1970-01-29,341.856
1970-01-30,341.943
1970-01-31,341.958
1970-02-01,342.016
1970-02-02,342.019
1970-02-03,342.067
1970-02-04,342.082
1970-02-05,342.112
1970-02-06,342.127
1970-02-07,342.138
1970-02-08,342.153
1970-02-09,342.165
1970-02-10,342.193
1970-02-12,342.204
1970-02-15,342.226
1970-02-17,342.248
1970-02-18,342.248
1970-02-19,342.269
1970-02-20,342.278
1970-02-21,342.299
1970-02-22,342.351
1970-02-24,342.354
1970-02-26,342.367
1970-02-27,342.367
1970-02-28,342.395
1970-03-02,342.403
1970-03-03,342.412
1970-03-05,342.427
1970-03-07,342.431
1970-03-08,342.455
1970-03-09,342.466
1970-03-10,342.528
1970-03-11,342.571
1970-03-13,342.632
1970-03-14,342.737
1970-03-15,342.772
1970-03-16,342.802
1970-03-17,342.812
1970-03-18,342.836
1970-03-19,342.860
1970-03-20,342.870
1970-03-21,342.889
1970-03-23,342.912
1970-03-24,342.927
1970-03-26,342.937
1970-03-27,342.955
1970-03-28,342.973
1970-03-29,342.984
1970-03-30,343.014
1970-03-31,343.037
1970-04-01,343.071
1970-04-02,343.089
1970-04-03,343.147
1970-04-04,343.217
1970-04-05,343.247
1970-04-06,343.284
1970-04-07,343.327
1970-04-08,343.327
1970-04-09,343.369
1970-04-10,343.391
1970-04-12,343.394
1970-04-13,343.412
1970-04-14,343.421
1970-04-15,343.446
1970-04-16,343.460
1970-04-17,343.453
1970-04-18,343.473
1970-04-19,343.458
1970-04-20,343.461
1970-04-21,343.461
1970-04-23,343.451
1970-04-25,343.486
1970-04-26,343.537
1970-04-27,343.557
1970-04-28,343.580
1970-04-29,343.589
1970-04-30,343.592
1970-05-01,343.598
1970-05-02,343.595
1970-05-04,343.610
1970-05-06,343.613
1970-05-08,343.595
1970-05-09,343.574
1970-05-10,343.558
1970-05-11,343.540
1970-05-12,343.531
1970-05-13,343.503
1970-05-14,343.476
1970-05-15,343.459
1970-05-16,343.412
1970-05-17,343.287
1970-05-18,343.226
1970-05-19,343.135
1970-05-20,343.025
1970-05-22,342.821
1970-05-23,342.702
1970-05-25,342.490
1970-05-27,342.318
1970-05-28,342.226
1970-05-29,342.089
1970-05-30,342.010
1970-05-31,341.903
1970-06-01,341.810
1970-06-03,341.596
1970-06-04,341.556
1970-06-05,341.556
1970-06-06,341.531
1970-06-07,341.513
1970-06-08,341.422
1970-06-10,341.309
1970-06-11,341.245
1970-06-12,341.178
1970-06-14,340.983
1970-06-15,340.922
1970-06-16,340.885
1970-06-17,340.806
1970-06-18,340.711
1970-06-19,340.641
1970-06-21,340.419
1970-06-23,340.241
1970-06-24,340.163
1970-06-25,340.059
1970-06-26,339.925
1970-06-29,339.617
1970-07-01,339.465
1970-07-03,339.248
1970-07-04,339.142
1970-07-06,338.932
1970-07-07,338.794
1970-07-08,338.678
1970-07-09,338.581
1970-07-10,338.508
1970-07-11,338.419
1970-07-12,338.300
1970-07-13,338.219
1970-07-14,338.072
1970-07-16,337.862
1970-07-17,337.776
1970-07-18,337.673
1970-07-19,337.542
1970-07-20,337.569
1970-07-21,337.548
1970-07-22,337.524
1970-07-24,337.538
1970-07-25,337.562
1970-07-26,337.616
1970-07-27,337.682
1970-07-28,337.709
1970-07-29,337.764
1970-07-30,337.813
1970-07-31,337.878
1970-08-01,337.941
1970-08-02,337.965
1970-08-03,338.044
1970-08-04,338.075
1970-08-05,338.130
1970-08-06,338.172
1970-08-07,338.215
1970-08-08,338.243
1970-08-09,338.273
1970-08-10,338.297
1970-08-12,338.331
1970-08-13,338.358
1970-08-14,338.383
1970-08-15,338.432
1970-08-17,338.465
1970-08-18,338.480
1970-08-19,338.508
1970-08-22,338.571
1970-08-23,338.621
1970-08-25,338.651
1970-08-27,338.685
1970-08-28,338.867
1970-08-29,339.093
1970-08-30,339.305
1970-08-31,339.707
1970-09-01,339.946
1970-09-02,340.077
1970-09-03,340.199
1970-09-05,340.337
1970-09-06,340.486
1970-09-07,340.654
1970-09-08,340.733
1970-09-09,340.910
1970-09-10,341.027
1970-09-11,341.243
1970-09-12,341.546
1970-09-14,341.742
1970-09-15,341.848
1970-09-16,342.031
1970-09-17,342.348
1970-09-18,342.556
1970-09-19,342.792
1970-09-20,342.982
1970-09-22,343.110
1970-09-23,343.250
1970-09-24,343.415
1970-09-25,343.516
1970-09-26,343.649
1970-09-27,343.708
1970-09-28,343.772
1970-09-29,343.821
1970-09-30,343.860
1970-10-01,343.900
1970-10-02,343.942
1970-10-03,344.022
1970-10-05,344.091
1970-10-06,344.162
1970-10-07,344.241
1970-10-08,344.332
1970-10-09,344.366
1970-10-10,344.390
1970-10-11,344.432
1970-10-12,344.464
1970-10-13,344.466
1970-10-14,344.464
1970-10-15,344.462
1970-10-16,344.404
1970-10-17,344.375
1970-10-18,344.341
1970-10-19,344.293
1970-10-20,344.262
1970-10-21,344.209
1970-10-23,344.204
1970-10-24,344.250
1970-10-25,344.268
1970-10-26,344.275
1970-10-27,344.268
1970-10-28,344.232
1970-10-29,344.180
1970-10-30,344.174
1970-10-31,344.144
1970-11-01,344.096
1970-11-02,344.083
1970-11-03,344.058
1970-11-05,343.997
1970-11-06,343.939
1970-11-08,343.884
1970-11-11,343.776
1970-11-12,343.794
1970-11-13,343.799
1970-11-14,343.799
1970-11-15,343.820
1970-11-17,343.814
1970-11-18,343.831
1970-11-19,343.874
1970-11-20,343.842
1970-11-21,343.836
1970-11-22,343.790
1970-11-24,343.735
1970-11-25,343.723
1970-11-28,343.737
1970-11-29,343.860
1970-12-01,343.933
1970-12-02,344.015
1970-12-03,344.084
1970-12-04,344.137
1970-12-05,344.200
1970-12-06,344.223
1970-12-07,344.313
1970-12-08,344.332
1970-12-10,344.332
1970-12-14,344.200
1970-12-15,344.140
1970-12-16,344.101
1970-12-17,344.057
1970-12-19,343.919
1970-12-20,343.863
1970-12-21,343.836
1970-12-22,343.820
1970-12-23,343.802
1970-12-24,343.799
1970-12-25,343.854
1970-12-27,343.817
1970-12-28,343.820
1970-12-29,343.817
1970-12-30,343.823
1971-01-01,343.817
1971-01-02,343.814
1971-01-03,343.814
1971-01-04,343.802
1971-01-05,343.805
1971-01-06,343.820
1971-01-07,343.835
1971-01-09,343.868
1971-01-10,343.894
1971-01-11,343.884
1971-01-12,343.912
1971-01-14,343.921
1971-01-15,343.936
1971-01-17,343.936
1971-01-18,343.948
1971-01-19,343.945
1971-01-20,343.924
1971-01-21,343.927
1971-01-22,343.921
1971-01-23,343.906
1971-01-25,343.881
1971-01-26,343.891
1971-01-27,343.857
1971-01-28,343.839
1971-01-29,343.845
1971-01-30,343.799
1971-01-31,343.802
1971-02-01,343.774
1971-02-02,343.759
1971-02-03,343.763
1971-02-04,343.733
1971-02-05,343.686
1971-02-06,343.683
1971-02-07,343.671
1971-02-08,343.665
1971-02-09,343.644
1971-02-10,343.606
1971-02-11,343.519
1971-02-12,343.479
1971-02-13,343.467
1971-02-14,343.464
1971-02-15,343.409
1971-02-16,343.348
1971-02-17,343.287
1971-02-19,343.238
1971-02-20,343.177
1971-02-22,343.068
1971-02-23,343.061
1971-02-24,343.050
1971-02-26,343.019
1971-02-27,342.961
1971-02-28,342.906
1971-03-01,342.876
1971-03-02,342.824
1971-03-03,342.741
1971-03-04,342.723
1971-03-06,342.684
1971-03-07,342.623
1971-03-09,342.626
1971-03-10,342.627
1971-03-11,342.607
1971-03-12,342.543
1971-03-13,342.423
1971-03-14,342.330
1971-03-16,342.202
1971-03-17,342.197
1971-03-18,342.208
1971-03-19,342.184
1971-03-21,342.181
1971-03-22,342.156
1971-03-23,342.150
1971-03-24,342.129
1971-03-25,342.145
1971-03-26,342.211
1971-03-27,342.269
1971-03-28,342.290
1971-03-29,342.312
1971-03-30,342.315
1971-03-31,342.339
1971-04-01,342.339
1971-04-04,342.367
1971-04-06,342.387
1971-04-08,342.397
1971-04-09,342.412
1971-04-10,342.415
1971-04-11,342.412
1971-04-15,342.440
1971-04-17,342.466
1971-04-18,342.482
1971-04-19,342.473
1971-04-21,342.507
1971-04-22,342.501
1971-04-23,342.516
1971-04-24,342.524
1971-04-27,342.543
1971-04-28,342.562
1971-04-29,342.531
1971-04-30,342.439
1971-05-02,342.421
1971-05-07,342.441
1971-05-08,342.475
1971-05-10,342.528
1971-05-12,342.534
1971-05-13,342.629
1971-05-14,342.677
1971-05-15,342.720
1971-05-16,342.751
1971-05-17,342.763
1971-05-18,342.784
1971-05-20,342.805
1971-05-21,342.805
1971-05-22,342.827
1971-05-23,342.842
1971-05-28,342.857
1971-05-29,342.866
1971-05-30,342.869
1971-05-31,342.882
1971-06-01,342.949
1971-06-02,343.010
1971-06-04,343.037
1971-06-05,343.065
1971-06-06,343.110
1971-06-07,343.225
1971-06-09,343.342
1971-06-10,343.375
1971-06-11,343.436
1971-06-13,343.452
1971-06-14,343.470
1971-06-15,343.514
1971-06-16,343.516
1971-06-19,343.549
1971-06-22,343.577
1971-06-23,343.589
1971-06-24,343.589
1971-06-25,343.607
1971-06-26,343.622
1971-06-27,343.656
1971-06-30,343.668
1971-07-04,343.712
1971-07-05,343.726
1971-07-07,343.744
1971-07-08,343.747
1971-07-09,343.717
1971-07-10,343.662
1971-07-11,343.604
1971-07-12,343.543
1971-07-13,343.489
1971-07-14,343.381
1971-07-15,343.260
1971-07-18,342.973
1971-07-19,342.839
1971-07-20,342.729
1971-07-21,342.635
1971-07-23,342.467
1971-07-25,342.245
1971-07-26,342.147
1971-07-27,342.046
1971-07-28,341.918
1971-07-29,341.845
1971-07-30,341.665
1971-08-01,341.406
1971-08-04,341.150
1971-08-05,341.019
1971-08-06,340.900
1971-08-07,340.779
1971-08-08,340.687
1971-08-09,340.586
1971-08-10,340.485
1971-08-12,340.288
1971-08-13,340.188
1971-08-14,340.141
1971-08-15,340.133
1971-08-16,340.113
1971-08-17,340.110
1971-08-18,340.118
1971-08-19,340.126
1971-08-20,340.123
1971-08-22,340.137
1971-08-23,340.143
1971-08-24,340.155
1971-08-25,340.168
1971-08-26,340.188
1971-08-27,340.230
1971-08-28,340.252
1971-08-29,340.296
1971-08-30,340.309
1971-08-31,340.376
1971-09-01,340.383
1971-09-02,340.398
1971-09-03,340.420
1971-09-04,340.449
1971-09-05,340.483
1971-09-06,340.507
1971-09-07,340.504
1971-09-08,340.528
1971-09-10,340.559
1971-09-11,340.656
1971-09-12,340.812
1971-09-13,340.864
1971-09-15,340.949
1971-09-16,340.974
1971-09-17,341.007
1971-09-18,341.047
1971-09-20,341.077
1971-09-21,341.126
1971-09-22,341.178
1971-09-23,341.240
1971-09-24,341.266
1971-09-25,341.318
1971-09-26,341.327
1971-09-27,341.361
1971-09-28,341.391
1971-09-29,341.452
1971-09-30,341.473
1971-10-01,341.489
1971-10-02,341.517
1971-10-03,341.647
1971-10-04,341.858
1971-10-05,342.017
1971-10-06,342.157
1971-10-07,342.226
1971-10-08,342.302
1971-10-09,342.333
1971-10-11,342.488
1971-10-13,342.561
1971-10-15,342.682
1971-10-16,342.724
1971-10-17,342.869
1971-10-18,342.896
1971-10-19,342.963
1971-10-20,342.994
1971-10-21,343.059
1971-10-23,343.135
1971-10-24,343.163
1971-10-25,343.208
1971-10-26,343.222
1971-10-27,343.278
1971-10-28,343.395
1971-10-29,343.514
1971-10-30,343.582
1971-10-31,343.630
1971-11-01,343.684
1971-11-02,343.701
1971-11-03,343.762
1971-11-04,343.802
1971-11-05,343.858
1971-11-07,343.931
1971-11-08,343.974
1971-11-09,343.993
1971-11-10,344.037
1971-11-11,344.104
1971-11-12,344.137
1971-11-13,344.202
1971-11-14,344.250
1971-11-15,344.265
1971-11-16,344.324
1971-11-18,344.366
1971-11-19,344.401
1971-11-20,344.430
1971-11-21,344.438
1971-11-22,344.491
1971-11-23,344.528
1971-11-24,344.572
1971-11-25,344.640
1971-11-26,344.689
1971-11-27,344.740
1971-11-28,344.791
1971-11-30,344.849
1971-12-01,344.967
1971-12-02,345.023
1971-12-04,345.070
1971-12-05,345.111
1971-12-06,345.153
1971-12-07,345.181
1971-12-08,345.209
1971-12-10,345.259
1971-12-11,345.266
1971-12-12,345.306
1971-12-13,345.317
1971-12-14,345.317
1971-12-15,345.341
1971-12-17,345.354
1971-12-18,345.364
1971-12-19,345.403
1971-12-20,345.462
1971-12-21,345.512
1971-12-22,345.501
1971-12-23,345.439
1971-12-24,345.426
1971-12-25,345.424
1971-12-28,345.439
1971-12-30,345.441
1971-12-31,345.454
1972-01-01,345.462
1972-01-03,345.487
1972-01-05,345.501
1972-01-06,345.485
1972-01-08,345.452
1972-01-10,345.444
1972-01-11,345.430
1972-01-12,345.426
1972-01-13,345.443
1972-01-14,345.526
1972-01-15,345.529
1972-01-16,345.496
1972-01-17,345.481
1972-01-18,345.440
1972-01-19,345.434
1972-01-20,345.404
1972-01-21,345.395
1972-01-22,345.397
1972-01-23,345.394
1972-01-24,345.392
1972-01-25,345.398
1972-01-26,345.380
1972-01-27,345.392
1972-01-28,345.422
1972-01-29,345.486
1972-01-30,345.500
1972-01-31,345.499
1972-02-01,345.490
1972-02-02,345.480
1972-02-04,345.493
1972-02-05,345.483
1972-02-07,345.462
1972-02-08,345.447
1972-02-09,345.444
1972-02-10,345.445
1972-02-12,345.442
1972-02-13,345.433
1972-02-14,345.416
1972-02-15,345.386
1972-02-16,345.369
1972-02-17,345.361
1972-02-18,345.325
1972-02-19,345.243
1972-02-20,345.149
1972-02-21,345.059
1972-02-22,344.990
1972-02-23,344.935
1972-02-24,344.879
1972-02-25,344.792
1972-02-26,344.687
1972-02-27,344.597
1972-02-28,344.498
1972-02-29,344.388
1972-03-01,344.263
1972-03-02,344.202
1972-03-03,344.075
1972-03-04,344.020
1972-03-05,344.037
1972-03-06,344.039
1972-03-07,344.040
1972-03-08,344.046
1972-03-09,344.047
1972-03-10,344.062
1972-03-11,344.102
1972-03-12,344.148
1972-03-13,344.190
1972-03-14,344.247
1972-03-15,344.279
1972-03-16,344.354
1972-03-17,344.387
1972-03-18,344.427
1972-03-19,344.463
1972-03-20,344.483
1972-03-21,344.502
1972-03-22,344.514
1972-03-23,344.548
1972-03-24,344.570
1972-03-25,344.626
1972-03-27,344.694
1972-03-28,344.736
1972-03-29,344.761
1972-03-30,344.812
1972-03-31,344.860
1972-04-01,344.885
1972-04-03,344.916
1972-04-04,344.932
1972-04-05,344.955
1972-04-06,344.965
1972-04-07,345.001
1972-04-08,345.017
1972-04-09,345.034
1972-04-10,345.050
1972-04-11,345.062
1972-04-13,345.064
1972-04-14,345.071
1972-04-15,345.072
1972-04-16,345.084
1972-04-17,345.096
1972-04-18,345.066
1972-04-19,345.000
1972-04-20,344.954
1972-04-21,344.914
1972-04-22,344.883
1972-04-23,344.872
1972-04-24,344.943
1972-04-25,345.039
1972-04-26,345.082
1972-04-27,345.111
1972-04-28,345.140
1972-04-29,345.178
1972-04-30,345.212
1972-05-02,345.310
1972-05-03,345.345
1972-05-04,345.360
1972-05-05,345.378
1972-05-06,345.393
1972-05-07,345.371
1972-05-08,345.351
1972-05-09,345.307
1972-05-10,345.291
1972-05-11,345.223
1972-05-12,345.162
1972-05-13,345.143
1972-05-14,345.152
1972-05-17,345.131
1972-05-20,345.053
1972-05-21,345.030
1972-05-23,344.952
1972-05-24,344.916
1972-05-25,344.868
1972-05-26,344.833
1972-05-27,344.777
1972-05-28,344.756
1972-05-29,344.671
1972-05-30,344.645
1972-06-01,344.515
1972-06-03,344.365
1972-06-07,344.049
1972-06-10,343.738
1972-06-11,343.645
1972-06-12,343.548
1972-06-13,343.468
1972-06-15,343.270
1972-06-16,343.227
1972-06-17,343.226
1972-06-18,343.203
1972-06-19,343.097
1972-06-20,342.981
1972-06-21,342.928
1972-06-28,342.141
1972-06-30,341.973
1972-07-01,341.870
1972-07-02,341.819
1972-07-03,341.773
1972-07-04,341.632
1972-07-11,340.888
1972-07-12,340.784
1972-07-13,340.682
1972-07-14,340.577
1972-07-15,340.533
1972-07-18,340.182
1972-07-20,340.054
1972-07-21,339.925
1972-07-22,339.887
1972-07-23,339.858
1972-07-24,339.848
1972-07-25,339.840
1972-07-26,339.815
1972-07-27,339.741
1972-07-29,339.607
1972-07-30,339.513
1972-08-01,339.349
1972-08-02,339.243
1972-08-03,339.178
1972-08-04,339.109
1972-08-07,338.747
1972-08-08,338.642
1972-08-09,338.489
1972-08-11,338.332
1972-08-13,338.375
1972-08-14,338.353
1972-08-15,338.293
1972-08-16,338.204
1972-08-18,338.178
1972-08-24,338.213
1972-08-25,338.120
1972-08-26,338.058
1972-08-29,338.023
1972-08-30,338.017
1972-08-31,337.998
1972-09-01,337.983
1972-09-03,337.970
1972-09-05,337.954
1972-09-06,337.964
1972-09-07,337.958
1972-09-08,338.016
1972-09-09,338.409
1972-09-10,338.587
1972-09-11,338.684
1972-09-12,338.736
1972-09-13,338.798
1972-09-14,339.005
1972-09-15,339.106
1972-09-16,339.174
1972-09-18,339.296
1972-09-19,339.413
1972-09-20,339.486
1972-09-26,339.940
1972-09-27,340.010
1972-09-28,340.044
1972-09-29,340.125
1972-09-30,340.142
1972-10-01,340.199
1972-10-02,340.257
1972-10-03,340.262
1972-10-04,340.305
1972-10-05,340.335
1972-10-06,340.395
1972-10-07,340.502
1972-10-08,340.609
1972-10-09,340.691
1972-10-11,340.798
1972-10-12,340.828
1972-10-13,340.938
1972-10-15,341.077
1972-10-17,341.162
1972-10-18,341.228
1972-10-19,341.230
1972-10-20,341.284
1972-10-24,341.427
1972-10-25,341.510
1972-10-26,341.532
1972-10-27,341.570
1972-10-28,341.608
1972-10-29,341.632
1972-10-30,341.680
1972-10-31,341.745
1972-11-02,341.877
1972-11-03,341.952
1972-11-04,342.034
1972-11-05,342.126
1972-11-06,342.257
1972-11-07,342.326
1972-11-08,342.430
1972-11-10,342.611
1972-11-12,342.742
1972-11-13,342.881
1972-11-14,343.075
1972-11-15,343.130
1972-11-16,343.218
1972-11-17,343.242
1972-11-18,343.297
1972-11-19,343.355
1972-11-20,343.387
1972-11-21,343.437
1972-11-22,343.475
1972-11-23,343.508
1972-11-25,343.575
1972-11-27,343.605
1972-11-29,343.706
1972-11-30,343.760
1972-12-02,343.829
1972-12-03,343.873
1972-12-04,343.884
1972-12-05,343.921
1972-12-07,343.975
1972-12-08,344.019
1972-12-09,344.020
1972-12-10,344.053
1972-12-11,344.073
1972-12-12,344.075
1972-12-13,344.069
1972-12-15,344.092
1972-12-16,344.108
1972-12-17,344.106
1972-12-18,344.139
1972-12-19,344.180
1972-12-20,344.185
1972-12-22,344.240
1972-12-23,344.258
1972-12-24,344.284
1972-12-25,344.349
1972-12-26,344.405
1972-12-27,344.415
1972-12-28,344.456
1972-12-29,344.476
1972-12-30,344.508
1972-12-31,344.526
1973-01-01,344.548
1973-01-02,344.572
1973-01-03,344.591
1973-01-04,344.620
1973-01-05,344.662
1973-01-06,344.721
1973-01-08,344.753
1973-01-10,344.806
1973-01-11,344.833
1973-01-12,344.866
1973-01-13,344.887
1973-01-14,344.896
1973-01-15,344.906
1973-01-16,344.911
1973-01-21,344.933
1973-01-22,344.965
1973-01-23,344.964
1973-01-24,344.943
1973-01-25,344.974
1973-01-26,344.963
1973-01-27,344.973
1973-01-28,344.971
1973-01-29,344.953
1973-01-30,344.960
1973-01-31,344.953
1973-02-01,344.968
1973-02-02,344.974
1973-02-04,344.988
1973-02-05,345.004
1973-02-06,345.026
1973-02-07,345.058
1973-02-08,345.049
1973-02-09,345.069
1973-02-10,345.088
1973-02-15,345.104
1973-02-16,345.110
1973-02-18,345.108
1973-02-19,345.115
1973-02-20,345.125
1973-02-22,345.117
1973-02-26,345.140
1973-03-02,345.132
1973-03-03,345.117
1973-03-06,345.097
1973-03-08,345.091
1973-03-09,345.077
1973-03-10,345.074
1973-03-13,345.053
1973-03-15,345.048
1973-03-16,345.092
1973-03-17,345.070
1973-03-19,345.072
1973-03-20,345.064
1973-03-21,345.061
1973-03-23,345.054
1973-03-24,345.068
1973-03-27,345.036
1973-03-28,344.983
1973-03-29,344.891
1973-03-30,344.842
1973-03-31,344.764
1973-04-01,344.770
1973-04-02,344.775
1973-04-03,344.739
1973-04-04,344.637
1973-04-06,344.446
1973-04-07,344.394
1973-04-08,344.363
1973-04-09,344.262
1973-04-10,344.139
1973-04-11,344.069
1973-04-12,343.914
1973-04-13,343.849
1973-04-14,343.720
1973-04-15,343.642
1973-04-16,343.609
1973-04-17,343.558
1973-04-18,343.510
1973-04-19,343.410
1973-04-20,343.311
1973-04-21,343.327
1973-04-22,343.388
1973-04-23,343.555
1973-04-24,343.662
1973-04-25,343.708
1973-04-26,343.738
1973-04-27,343.784
1973-04-28,343.814
1973-04-29,343.851
1973-04-30,343.906
1973-05-01,343.954
1973-05-02,343.967
1973-05-04,344.028
1973-05-05,344.073
1973-05-06,344.150
1973-05-07,344.211
1973-05-08,344.241
1973-05-09,344.321
1973-05-10,344.320
1973-05-11,344.362
1973-05-12,344.367
1973-05-15,344.448
1973-05-16,344.419
1973-05-17,344.404
1973-05-20,344.376
1973-05-22,344.233
1973-05-25,344.008
1973-05-27,343.927
1973-05-28,343.819
1973-05-29,343.775
1973-05-30,343.693
1973-05-31,343.637
1973-06-01,343.454
1973-06-03,343.296
1973-06-04,343.321
1973-06-05,343.342
1973-06-06,343.328
1973-06-08,343.220
1973-06-09,343.223
1973-06-10,343.188
1973-06-11,343.130
1973-06-14,342.921
1973-06-24,341.915
1973-06-25,341.873
1973-06-26,341.837
1973-06-27,341.693
1973-06-29,341.453
1973-07-08,340.604
1973-07-20,339.263
1973-07-23,338.965
1973-07-24,338.883
1973-07-26,338.663
1973-08-02,337.898
1973-08-07,337.320
1973-08-10,337.023
1973-08-12,336.783
1973-08-14,336.705
1973-08-17,336.392
1973-08-21,335.826
1973-08-25,335.204
1973-08-28,334.722
1973-08-30,334.519
1973-08-31,334.447
1973-09-03,334.248
1973-09-06,333.997
1973-09-09,333.758
1973-09-10,333.656
1973-09-12,333.544
1973-09-13,333.569
1973-09-15,333.586
1973-09-17,333.658
1973-09-21,333.712
1973-09-24,333.779
1973-09-30,333.880
1973-10-01,333.909
1973-10-02,333.957
1973-10-03,333.979
1973-10-06,334.021
1973-10-12,334.146
1973-10-13,334.274
1973-10-14,334.446
1973-10-15,334.563
1973-10-16,334.600
1973-10-18,334.669
1973-10-19,334.716
1973-10-20,334.747
1973-10-21,334.792
1973-10-22,335.067
1973-10-23,335.265
1973-10-24,335.419
1973-10-26,335.442
1973-10-29,335.506
1973-10-30,335.547
1973-11-01,335.593
1973-11-02,335.753
1973-11-03,336.021
1973-11-04,336.380
1973-11-05,336.529
1973-11-06,336.668
1973-11-07,336.862
1973-11-08,337.087
1973-11-11,337.350
1973-11-13,337.445
1973-11-17,337.632
1973-11-18,337.673
1973-11-19,337.692
1973-11-20,337.750
1973-11-21,337.779
1973-11-22,337.812
1973-11-23,337.834
1973-11-24,337.886
1973-11-25,337.923
1973-11-26,337.942
1973-11-27,337.961
1973-11-30,338.025
1973-12-02,338.118
1973-12-03,338.157
1973-12-04,338.196
1973-12-05,338.212
1973-12-12,338.356
1973-12-15,338.409
1973-12-18,338.480
1973-12-19,338.504
1973-12-23,338.605
1973-12-24,338.606
1973-12-26,338.661
1973-12-28,338.696
1973-12-30,338.692
1974-01-01,338.720
1974-01-02,338.849
1974-01-04,338.866
1974-01-05,338.917
1974-01-07,338.948
1974-01-08,338.940
1974-01-10,338.977
1974-01-13,339.004
1974-01-14,339.032
1974-01-17,339.053
1974-01-20,339.079
1974-01-22,339.123
1974-01-24,339.115
1974-01-26,339.132
1974-01-28,339.155
1974-01-29,339.149
1974-02-01,339.162
1974-02-04,339.177
1974-02-05,339.257
1974-02-06,339.306
1974-02-07,339.326
1974-02-09,339.363
1974-02-10,339.372
1974-02-11,339.397
1974-02-13,339.422
1974-02-14,339.509
1974-02-15,339.641
1974-02-16,339.726
1974-02-17,339.796
1974-02-19,339.867
1974-02-20,339.865
1974-02-21,339.886
1974-02-22,339.937
1974-02-23,340.061
1974-02-24,340.109
1974-02-26,340.162
1974-02-27,340.196
1974-02-28,340.200
1974-03-01,340.207
1974-03-02,340.253
1974-03-03,340.249
1974-03-04,340.278
1974-03-05,340.265
1974-03-06,340.302
1974-03-07,340.293
1974-03-09,340.322
1974-03-12,340.349
1974-03-13,340.374
1974-03-14,340.398
1974-03-15,340.554
1974-03-16,340.803
1974-03-21,340.946
1974-03-27,341.019
1974-03-31,341.059
1974-04-01,341.056
1974-04-02,341.072
1974-04-03,341.126
1974-04-04,341.183
1974-04-05,341.255
1974-04-06,341.306
1974-04-08,341.382
1974-04-09,341.385
1974-04-19,341.653
1974-04-20,341.690
1974-04-24,341.754
1974-04-28,341.781
1974-04-29,341.797
1974-05-01,341.827
1974-05-03,341.827
1974-05-04,341.803
1974-05-08,341.461
1974-05-21,340.154
1974-05-24,339.857
1974-05-31,339.148
1974-06-06,338.499
1974-06-13,337.694
1974-06-17,337.243
1974-06-21,336.788
1974-06-24,336.517
1974-06-29,336.112
1974-06-30,335.972
1974-07-01,335.975
1974-07-02,335.943
1974-07-03,335.879
1974-07-04,335.863
1974-07-05,335.854
1974-07-06,335.786
1974-07-08,335.678
1974-07-09,335.612
1974-07-10,335.446
1974-07-11,335.324
1974-07-12,335.295
1974-07-13,335.160
1974-07-14,335.050
1974-07-15,334.978
1974-07-16,334.897
1974-07-17,334.804
1974-07-18,334.665
1974-07-19,334.595
1974-07-20,334.566
1974-07-21,334.596
1974-07-22,334.643
1974-07-23,334.681
1974-07-24,334.717
1974-07-25,334.749
1974-07-26,334.768
1974-07-27,334.799
1974-07-28,334.823
1974-07-30,334.831
1974-07-31,334.851
1974-08-01,334.871
1974-08-02,334.902
1974-08-03,334.920
1974-08-04,334.947
1974-08-05,334.971
1974-08-06,334.973
1974-08-07,334.994
1974-08-08,335.009
1974-08-10,335.040
1974-08-11,335.050
1974-08-12,335.055
1974-08-13,335.068
1974-08-14,335.067
1974-08-20,335.237
1974-08-21,335.244
1974-08-22,335.226
1974-08-23,335.200
1974-08-24,335.172
1974-08-25,335.145
1974-08-26,335.108
1974-08-27,335.113
1974-08-28,335.105
1974-08-29,335.105
1974-08-30,335.102
1974-08-31,335.114
1974-09-01,335.117
1974-09-02,335.131
1974-09-05,335.159
1974-09-06,335.173
1974-09-07,335.179
1974-09-08,335.207
1974-09-09,335.239
1974-09-10,335.251
1974-09-11,335.275
1974-09-13,335.302
1974-09-14,335.323
1974-09-15,335.351
1974-09-16,335.364
1974-09-17,335.373
1974-09-20,335.415
1974-09-22,335.459
1974-09-25,335.485
1974-09-26,335.450
1974-09-27,335.442
1974-09-30,335.476
1974-10-01,335.504
1974-10-03,335.517
1974-10-04,335.531
1974-10-05,335.547
1974-10-06,335.584
1974-10-07,335.597
1974-10-09,335.975
1974-10-10,336.080
1974-10-11,336.166
1974-10-14,336.276
1974-10-16,336.388
1974-10-18,336.443
1974-10-20,336.488
1974-10-21,336.560
1974-10-22,336.604
1974-10-24,336.655
1974-10-25,336.686
1974-10-26,336.708
1974-10-27,336.738
1974-10-31,336.811
1974-11-02,336.835
1974-11-03,336.872
1974-11-04,336.865
1974-11-05,336.901
1974-11-07,336.960
1974-11-08,336.978
1974-11-09,337.086
1974-11-10,337.187
1974-11-11,337.250
1974-11-12,337.312
1974-11-13,337.371
1974-11-14,337.407
1974-11-16,337.588
1974-11-17,337.645
1974-11-19,337.762
1974-11-20,337.773
1974-11-21,337.814
1974-11-24,337.922
1974-11-25,337.938
1974-11-28,338.049
1974-11-30,338.093
1974-12-01,338.149
1974-12-02,338.183
1974-12-03,338.209
1974-12-05,338.274
1974-12-06,338.293
1974-12-07,338.316
1974-12-08,338.365
1974-12-10,338.389
1974-12-12,338.436
1974-12-13,338.469
1974-12-14,338.504
1974-12-15,338.555
1974-12-16,338.593
1974-12-17,338.629
1974-12-18,338.665
1974-12-19,338.678
1974-12-20,338.731
1974-12-22,338.798
1974-12-25,338.880
1974-12-28,338.949
1974-12-31,338.988
1975-01-01,339.015
1975-01-02,339.021
1975-01-03,339.043
1975-01-04,339.034
1975-01-07,339.058
1975-01-08,339.089
1975-01-09,339.106
1975-01-10,339.134
1975-01-14,339.182
1975-01-15,339.206
1975-01-17,339.224
1975-01-18,339.238
1975-01-19,339.251
1975-01-21,339.275
1975-01-23,339.295
1975-01-25,339.317
1975-01-26,339.340
1975-01-27,339.389
1975-01-28,339.433
1975-01-29,339.458
1975-01-30,339.490
1975-01-31,339.504
1975-02-01,339.529
1975-02-02,339.544
1975-02-03,339.567
1975-02-04,339.578
1975-02-05,339.592
1975-02-06,339.596
1975-02-07,339.608
1975-02-08,339.603
1975-02-09,339.608
1975-02-10,339.629
1975-02-11,339.682
1975-02-12,339.714
1975-02-13,339.759
1975-02-14,339.769
1975-02-15,339.783
1975-02-16,339.811
1975-02-17,339.828
1975-02-18,339.855
1975-02-19,339.855
1975-02-20,339.892
1975-02-21,339.902
1975-02-22,339.922
1975-02-23,339.949
1975-02-24,340.156
1975-02-25,340.279
1975-02-27,340.370
1975-02-28,340.416
1975-03-01,340.477
1975-03-03,340.538
1975-03-04,340.553
1975-03-05,340.614
1975-03-06,340.664
1975-03-07,340.686
1975-03-08,340.723
1975-03-09,340.713
1975-03-10,340.738
1975-03-11,340.745
1975-03-12,340.760
1975-03-13,340.778
1975-03-14,340.788
1975-03-15,340.824
1975-03-16,340.843
1975-03-17,340.867
1975-03-18,340.870
1975-03-19,340.885
1975-03-20,340.907
1975-03-21,340.920
1975-03-22,340.957
1975-03-23,340.998
1975-03-24,341.062
1975-03-25,341.217
1975-03-26,341.259
1975-03-27,341.288
1975-03-28,341.331
1975-03-29,341.349
1975-03-30,341.458
1975-03-31,341.743
1975-04-01,341.934
1975-04-02,342.220
1975-04-03,342.410
1975-04-04,342.480
1975-04-05,342.567
1975-04-07,342.731
1975-04-08,342.904
1975-04-09,342.975
1975-04-10,343.046
1975-04-11,343.095
1975-04-12,343.166
1975-04-13,343.192
1975-04-14,343.227
1975-04-15,343.279
1975-04-16,343.286
1975-04-17,343.313
1975-04-18,343.336
1975-04-19,343.373
1975-04-20,343.382
1975-04-22,343.526
1975-04-23,343.568
1975-04-25,343.630
1975-04-27,343.726
1975-04-28,343.751
1975-04-29,343.764
1975-04-30,343.821
1975-05-02,343.880
1975-05-04,343.936
1975-05-06,344.001
1975-05-07,344.020
1975-05-08,344.043
1975-05-09,344.062
1975-05-10,344.080
1975-05-12,344.076
1975-05-13,344.043
1975-05-14,344.009
1975-05-15,344.036
1975-05-16,344.131
1975-05-17,344.200
1975-05-18,344.454
1975-05-19,344.491
1975-05-20,344.681
1975-05-21,344.773
1975-05-22,344.889
1975-05-23,344.968
1975-05-24,345.017
1975-05-25,345.049
1975-05-26,345.078
1975-05-27,345.105
1975-05-28,345.135
1975-05-29,345.162
1975-05-30,345.171
1975-05-31,345.178
1975-06-01,345.180
1975-06-02,345.183
1975-06-03,345.170
1975-06-04,345.140
1975-06-05,345.116
1975-06-06,345.194
1975-06-07,345.313
1975-06-08,345.345
1975-06-09,345.386
1975-06-10,345.410
1975-06-11,345.427
1975-06-12,345.439
1975-06-13,345.435
1975-06-14,345.434
1975-06-15,345.428
1975-06-16,345.425
1975-06-17,345.411
1975-06-18,345.364
1975-06-19,345.314
1975-06-20,345.240
1975-06-21,345.177
1975-06-22,345.096
1975-06-23,345.018
1975-06-24,344.936
1975-06-25,344.858
1975-07-01,344.267
1975-07-02,344.140
1975-07-03,344.076
1975-07-05,343.876
1975-07-06,343.737
1975-07-08,343.551
1975-07-09,343.476
1975-07-13,342.999
1975-07-14,342.964
1975-07-16,342.897
1975-07-17,342.853
1975-07-18,342.833
1975-07-19,342.838
1975-07-20,342.833
1975-07-24,342.454
1975-07-25,342.356
1975-07-26,342.292
1975-07-27,342.241
1975-07-28,342.249
1975-07-29,342.265
1975-07-30,342.349
1975-07-31,342.409
1975-08-01,342.475
1975-08-03,342.662
1975-08-05,342.733
1975-08-06,342.895
1975-08-07,343.034
1975-08-08,343.129
1975-08-10,343.260
1975-08-12,343.333
1975-08-13,343.336
1975-08-17,343.452
1975-08-18,343.479
1975-08-19,343.479
1975-08-21,343.519
1975-08-22,343.530
1975-08-23,343.559
1975-08-24,343.583
1975-08-25,343.605
1975-08-26,343.567
1975-08-27,343.498
1975-08-28,343.405
1975-08-29,343.378
1975-08-30,343.272
1975-08-31,343.227
1975-09-01,343.154
1975-09-02,343.078
1975-09-05,342.873
1975-09-06,342.770
1975-09-07,342.694
1975-09-08,342.644
1975-09-09,342.528
1975-09-10,342.434
1975-09-11,342.334
1975-09-12,342.271
1975-09-13,342.237
1975-09-14,342.148
1975-09-15,342.108
1975-09-16,342.032
1975-09-17,341.961
1975-09-18,341.889
1975-09-19,341.818
1975-09-20,341.920
1975-09-21,341.975
1975-09-22,342.017
1975-09-23,342.038
1975-09-24,342.063
1975-09-25,342.080
1975-09-26,342.090
1975-09-27,342.111
1975-09-28,342.114
1975-09-30,342.133
1975-10-01,342.133
1975-10-02,342.090
1975-10-03,342.056
1975-10-04,342.017
1975-10-05,341.965
1975-10-07,341.855
1975-10-08,341.800
1975-10-09,341.726
1975-10-10,341.680
1975-10-11,341.564
1975-10-12,341.500
1975-10-13,341.446
1975-10-14,341.511
1975-10-15,341.570
1975-10-16,341.617
1975-10-17,341.687
1975-10-18,341.726
1975-10-19,341.744
1975-10-21,341.774
1975-10-22,341.787
1975-10-23,341.792
1975-10-24,341.791
1975-10-25,341.793
1975-10-26,341.840
1975-10-27,341.967
1975-10-29,342.089
1975-10-30,342.128
1975-10-31,342.162
1975-11-01,342.206
1975-11-02,342.244
1975-11-03,342.302
1975-11-04,342.338
1975-11-06,342.458
1975-11-07,342.593
1975-11-09,342.698
1975-11-11,342.800
1975-11-12,342.851
1975-11-13,342.881
1975-11-16,342.980
1975-11-19,343.038
1975-11-20,343.052
1975-11-21,343.063
1975-11-22,343.086
1975-11-24,343.124
1975-11-25,343.157
1975-11-26,343.183
1975-11-27,343.260
1975-11-28,343.341
1975-11-29,343.380
1975-11-30,343.428
1975-12-01,343.454
1975-12-02,343.483
1975-12-03,343.502
1975-12-04,343.547
1975-12-05,343.594
1975-12-06,343.637
1975-12-07,343.663
1975-12-08,343.696
1975-12-09,343.723
1975-12-10,343.768
1975-12-11,343.803
1975-12-12,343.849
1975-12-13,343.876
1975-12-14,343.869
1975-12-15,343.913
1975-12-16,343.928
1975-12-17,343.950
1975-12-18,343.976
1975-12-19,344.039
1975-12-20,344.085
1975-12-21,344.109
1975-12-22,344.133
1975-12-23,344.142
1975-12-24,344.173
1975-12-25,344.213
1975-12-26,344.230
1975-12-27,344.258
1975-12-28,344.273
1975-12-29,344.291
1975-12-31,344.314
1976-01-01,344.347
1976-01-02,344.383
1976-01-03,344.399
1976-01-04,344.427
1976-01-05,344.467
1976-01-06,344.493
1976-01-07,344.510
1976-01-08,344.514
1976-01-09,344.559
1976-01-10,344.605
1976-01-11,344.639
1976-01-13,344.688
1976-01-14,344.720
1976-01-15,344.745
1976-01-16,344.762
1976-01-17,344.812
1976-01-18,344.820
1976-01-19,344.813
1976-01-20,344.863
1976-01-21,344.879
1976-01-22,344.873
1976-01-23,344.882
1976-01-24,344.893
1976-01-25,344.899
1976-01-26,344.921
1976-01-27,344.958
1976-01-28,345.010
1976-01-29,345.072
1976-01-30,345.082
1976-01-31,345.090
1976-02-01,345.107
1976-02-02,345.139
1976-02-03,345.147
1976-02-04,345.155
1976-02-05,345.171
1976-02-06,345.193
1976-02-07,345.176
1976-02-09,345.196
1976-02-10,345.214
1976-02-11,345.231
1976-02-12,345.229
1976-02-14,345.239
1976-02-16,345.250
1976-02-17,345.236
1976-02-18,345.139
1976-02-19,345.041
1976-02-20,344.965
1976-02-21,344.858
1976-02-22,344.769
1976-02-23,344.674
1976-02-24,344.585
1976-02-25,344.497
1976-02-26,344.373
1976-02-27,344.284
1976-02-28,344.241
1976-02-29,344.207
1976-03-01,344.141
1976-03-02,344.051
1976-03-03,343.940
1976-03-04,343.880
1976-03-05,343.748
1976-03-07,343.540
1976-03-08,343.484
1976-03-09,343.383
1976-03-10,343.289
1976-03-11,343.210
1976-03-12,343.209
1976-03-13,343.126
1976-03-14,343.082
1976-03-15,343.037
1976-03-16,342.980
1976-03-17,342.919
1976-03-18,342.866
1976-03-19,342.834
1976-03-21,342.726
1976-03-22,342.706
1976-03-23,342.669
1976-03-24,342.677
1976-03-25,342.683
1976-03-26,342.683
1976-03-27,342.668
1976-03-28,342.646
1976-03-29,342.553
1976-03-30,342.481
1976-04-01,342.298
1976-04-02,342.201
1976-04-03,342.113
1976-04-04,342.036
1976-04-05,341.940
1976-04-06,341.836
1976-04-07,341.762
1976-04-08,341.639
1976-04-09,341.537
1976-04-10,341.440
1976-04-12,341.305
1976-04-15,340.988
1976-04-16,340.935
1976-04-19,340.608
1976-04-20,340.566
1976-04-21,340.431
1976-04-22,340.326
1976-04-25,339.974
1976-04-26,339.882
1976-04-28,339.664
1976-04-29,339.669
1976-04-30,339.666
1976-05-01,339.654
1976-05-02,339.642
1976-05-03,339.573
1976-05-04,339.496
1976-05-05,339.434
1976-05-06,339.365
1976-05-07,339.302
1976-05-08,339.228
1976-05-09,339.167
1976-05-10,339.099
1976-05-11,338.994
1976-05-12,338.903
1976-05-13,338.823
1976-05-14,338.763
1976-05-17,338.493
1976-05-18,338.441
1976-05-19,338.491
1976-05-20,338.553
1976-05-21,338.580
1976-05-23,338.612
1976-05-24,338.601
1976-05-25,338.568
1976-05-26,338.575
1976-05-27,338.585
1976-05-28,338.604
1976-05-29,338.609
1976-05-30,338.680
1976-05-31,338.692
1976-06-01,338.706
1976-06-02,338.696
1976-06-03,338.818
1976-06-04,338.915
1976-06-05,338.977
1976-06-07,339.037
1976-06-08,339.091
1976-06-09,339.168
1976-06-10,339.266
1976-06-12,339.346
1976-06-13,339.391
1976-06-14,339.414
1976-06-15,339.424
1976-06-16,339.410
1976-06-18,339.275
1976-06-20,339.172
1976-06-21,339.110
1976-06-22,339.028
1976-06-24,338.791
1976-06-27,338.456
1976-06-29,338.251
1976-06-30,338.156
1976-07-01,338.081
1976-07-04,337.683
1976-07-07,337.358
1976-07-09,337.126
1976-07-10,337.064
1976-07-11,336.968
1976-07-12,336.834
1976-07-13,336.741
1976-07-14,336.631
1976-07-15,336.548
1976-07-16,336.451
1976-07-17,336.396
1976-07-18,336.303
1976-07-19,336.226
1976-07-20,336.124
1976-07-21,336.016
1976-07-22,335.925
1976-07-25,335.587
1976-07-26,335.506
1976-07-27,335.401
1976-07-28,335.344
1976-07-29,335.235
1976-07-31,335.046
1976-08-02,334.793
1976-08-04,334.571
1976-08-09,334.079
1976-08-11,333.849
1976-08-13,333.611
1976-08-14,333.524
1976-08-15,333.470
1976-08-17,333.174
1976-08-19,333.021
1976-08-23,332.540
1976-08-24,332.422
1976-08-25,332.358
1976-08-26,332.262
1976-08-27,332.191
1976-08-29,332.094
1976-08-30,331.940
1976-09-01,331.766
1976-09-05,331.330
1976-09-07,331.091
1976-09-08,331.009
1976-09-09,331.542
1976-09-12,331.900
1976-09-14,331.680
1976-09-15,331.556
1976-09-16,331.511
1976-09-18,331.239
1976-09-19,331.136
1976-09-21,330.907
1976-09-22,330.797
1976-09-23,330.678
1976-09-24,330.593
1976-09-25,330.476
1976-09-27,330.307
1976-09-28,330.154
1976-09-29,330.055
1976-09-30,329.974
1976-10-01,329.855
1976-10-02,329.734
1976-10-03,329.603
1976-10-04,329.522
1976-10-05,329.400
1976-10-06,329.301
1976-10-08,329.101
1976-10-09,329.021
1976-10-10,328.981
1976-10-12,328.882
1976-10-13,328.774
1976-10-14,328.679
1976-10-15,328.588
1976-10-17,328.475
1976-10-18,328.384
1976-10-19,328.321
1976-10-20,328.269
1976-10-21,328.279
1976-10-22,328.303
1976-10-23,328.285
1976-10-24,328.287
1976-10-25,328.295
1976-10-26,328.301
1976-10-27,328.301
1976-10-28,328.307
1976-10-29,328.308
1976-10-30,328.304
1976-10-31,328.241
1976-11-01,328.197
1976-11-07,328.125
1976-11-10,328.026
1976-11-12,327.900
1976-11-13,327.800
1976-11-16,327.640
1976-11-17,327.605
1976-11-18,327.572
1976-11-19,327.585
1976-11-24,327.600
1976-11-30,327.710
1976-12-04,327.800
1976-12-05,328.150
1976-12-09,328.620
1976-12-16,329.110
1976-12-23,329.428
1976-12-24,329.462
1976-12-25,329.505
1976-12-26,329.541
1976-12-27,329.566
1976-12-28,329.605
1976-12-29,329.651
1976-12-30,329.725
1976-12-31,329.767
1977-01-01,329.827
1977-01-02,329.880
1977-01-03,329.927
1977-01-04,330.032
1977-01-05,330.162
1977-01-06,330.302
1977-01-07,330.373
1977-01-08,330.459
1977-01-09,330.501
1977-01-10,330.556
1977-01-11,330.598
1977-01-12,330.640
1977-01-13,330.662
1977-01-14,330.699
1977-01-15,330.731
1977-01-16,330.775
1977-01-17,330.790
1977-01-18,330.821
1977-01-19,330.890
1977-01-21,330.947
1977-01-22,330.986
1977-01-23,331.018
1977-01-24,331.049
1977-01-25,331.081
1977-01-26,331.125
1977-01-27,331.158
1977-01-28,331.186
1977-01-29,331.220
1977-01-30,331.268
1977-01-31,331.446
1977-02-01,331.588
1977-02-02,331.609
1977-02-03,331.676
1977-02-04,331.702
1977-02-05,331.717
1977-02-06,331.778
1977-02-07,331.800
1977-02-08,331.823
1977-02-09,331.865
1977-02-10,331.902
1977-02-11,331.924
1977-02-12,331.952
1977-02-13,331.995
1977-02-14,332.023
1977-02-15,332.047
1977-02-16,332.070
1977-02-17,332.082
1977-02-18,332.114
1977-02-19,332.138
1977-02-20,332.129
1977-02-21,332.151
1977-02-22,332.174
1977-02-23,332.208
1977-02-24,332.230
1977-02-25,332.241
1977-02-26,332.269
1977-02-27,332.298
1977-02-28,332.324
1977-03-01,332.357
1977-03-02,332.378
1977-03-03,332.399
1977-03-04,332.411
1977-03-05,332.431
1977-03-06,332.459
1977-03-07,332.468
1977-03-08,332.566
1977-03-09,332.587
1977-03-11,332.625
1977-03-12,332.654
1977-03-13,332.673
1977-03-15,332.709
1977-03-16,332.730
1977-03-17,332.770
1977-03-18,332.803
1977-03-19,332.818
1977-03-20,332.859
1977-03-23,332.910
1977-03-26,332.940
1977-03-27,332.960
1977-03-29,332.980
1977-03-30,333.007
1977-03-31,333.017
1977-04-01,333.039
1977-04-02,333.085
1977-04-03,333.124
1977-04-04,333.143
1977-04-05,333.192
1977-04-06,333.211
1977-04-07,333.237
1977-04-08,333.259
1977-04-09,333.264
1977-04-10,333.283
1977-04-11,333.325
1977-04-12,333.388
1977-04-13,333.433
1977-04-14,333.446
1977-04-15,333.450
1977-04-16,333.476
1977-04-18,333.510
1977-04-19,333.521
1977-04-20,333.535
1977-04-21,333.547
1977-04-22,333.560
1977-04-23,333.575
1977-04-24,333.576
1977-04-25,333.600
1977-04-26,333.605
1977-04-27,333.634
1977-04-28,333.657
1977-04-29,333.688
1977-04-30,333.814
1977-05-01,333.872
1977-05-02,333.918
1977-05-03,333.974
1977-05-04,334.005
1977-05-05,334.017
1977-05-06,334.057
1977-05-08,334.084
1977-05-11,334.136
1977-05-13,334.177
1977-05-14,334.196
1977-05-15,334.231
1977-05-16,334.240
1977-05-17,334.255
1977-05-18,334.278
1977-05-20,334.306
1977-05-22,334.334
1977-05-23,334.439
1977-05-24,334.504
1977-05-25,334.542
1977-05-26,334.550
1977-05-27,334.589
1977-05-28,334.619
1977-05-29,334.646
1977-05-30,334.671
1977-05-31,334.724
1977-06-01,334.750
1977-06-02,334.783
1977-06-03,334.845
1977-06-04,334.840
1977-06-05,334.865
1977-06-06,334.903
1977-06-07,334.924
1977-06-11,334.996
1977-06-13,335.022
1977-06-14,335.050
1977-06-15,335.073
1977-06-16,335.112
1977-06-17,335.143
1977-06-18,335.174
1977-06-21,335.241
1977-06-23,335.278
1977-06-24,335.277
1977-06-25,335.292
1977-06-27,335.311
1977-06-28,335.334
1977-06-29,335.350
1977-06-30,335.370
1977-07-01,335.397
1977-07-02,335.480
1977-07-03,335.545
1977-07-04,335.568
1977-07-05,335.592
1977-07-07,335.634
1977-07-08,335.617
1977-07-11,335.260
1977-07-12,335.197
1977-07-13,335.100
1977-07-16,334.748
1977-07-18,334.568
1977-07-20,334.396
1977-07-25,333.842
1977-07-28,333.554
1977-08-01,333.202
1977-08-03,332.987
1977-08-06,332.675
1977-08-07,332.599
1977-08-08,332.501
1977-08-09,332.326
1977-08-10,332.218
1977-08-12,332.005
1977-08-13,332.012
1977-08-14,332.011
1977-08-15,332.017
1977-08-16,332.041
1977-08-17,332.051
1977-08-18,332.055
1977-08-20,332.068
1977-08-21,332.083
1977-08-22,332.088
1977-08-24,332.094
1977-08-25,332.101
1977-08-27,332.107
1977-08-28,332.105
1977-08-30,332.101
1977-08-31,332.104
1977-09-01,332.095
1977-09-03,332.074
1977-09-04,332.059
1977-09-06,332.038
1977-09-07,332.024
1977-09-09,331.988
1977-09-11,331.832
1977-09-13,331.495
1977-09-14,331.399
1977-09-15,331.251
1977-09-16,331.156
1977-09-17,331.003
1977-09-18,330.974
1977-09-20,330.667
1977-09-21,330.613
1977-09-22,330.443
1977-09-23,330.355
1977-09-24,330.331
1977-09-25,330.254
1977-09-27,330.062
1977-09-28,329.983
1977-09-29,329.901
1977-09-30,329.839
1977-10-01,329.879
1977-10-02,329.906
1977-10-03,329.950
1977-10-04,329.970
1977-10-06,330.007
1977-10-07,330.017
1977-10-08,330.043
1977-10-09,330.082
1977-10-10,330.114
1977-10-11,330.123
1977-10-12,330.145
1977-10-14,330.193
1977-10-15,330.222
1977-10-16,330.247
1977-10-17,330.265
1977-10-18,330.290
1977-10-19,330.314
1977-10-20,330.330
1977-10-21,330.351
1977-10-22,330.413
1977-10-23,330.435
1977-10-24,330.468
1977-10-25,330.459
1977-10-26,330.495
1977-10-27,330.514
1977-10-28,330.547
1977-10-29,330.586
1977-10-30,330.697
1977-10-31,330.826
1977-11-02,330.916
1977-11-03,330.937
1977-11-04,331.004
1977-11-05,331.034
1977-11-06,331.083
1977-11-07,331.178
1977-11-08,331.215
1977-11-09,331.269
1977-11-10,331.312
1977-11-11,331.335
1977-11-12,331.380
1977-11-13,331.434
1977-11-14,331.505
1977-11-15,331.564
1977-11-16,331.603
1977-11-17,331.641
1977-11-18,331.661
1977-11-19,331.683
1977-11-20,331.713
1977-11-21,331.735
1977-11-22,331.775
1977-11-23,331.818
1977-11-24,331.885
1977-11-25,331.897
1977-11-26,331.923
1977-11-27,331.947
1977-11-28,331.998
1977-11-29,332.021
1977-11-30,332.035
1977-12-01,332.103
1977-12-02,332.123
1977-12-03,332.164
1977-12-04,332.200
1977-12-05,332.231
1977-12-06,332.266
1977-12-07,332.297
1977-12-08,332.323
1977-12-09,332.353
1977-12-10,332.368
1977-12-11,332.403
1977-12-12,332.410
1977-12-13,332.459
1977-12-14,332.473
1977-12-15,332.508
1977-12-16,332.550
1977-12-17,332.583
1977-12-18,332.637
1977-12-19,332.698
1977-12-20,332.816
1977-12-21,332.879
1977-12-22,332.918
1977-12-23,332.929
1977-12-24,332.958
1977-12-25,332.993
1977-12-26,333.020
1977-12-27,333.055
1977-12-28,333.077
1977-12-29,333.097
1977-12-30,333.108
1977-12-31,333.162
1978-01-01,333.166
1978-01-02,333.203
1978-01-03,333.232
1978-01-04,333.245
1978-01-05,333.267
1978-01-06,333.279
1978-01-07,333.328
1978-01-08,333.363
1978-01-09,333.376
1978-01-10,333.416
1978-01-11,333.451
1978-01-12,333.463
1978-01-13,333.513
1978-01-14,333.522
1978-01-15,333.549
1978-01-16,333.568
1978-01-17,333.607
1978-01-18,333.649
1978-01-19,333.754
1978-01-20,333.834
1978-01-22,333.911
1978-01-23,333.930
1978-01-24,333.962
1978-01-25,333.994
1978-01-26,334.011
1978-01-27,334.035
1978-01-28,334.068
1978-01-29,334.088
1978-01-30,334.095
1978-01-31,334.119
1978-02-01,334.147
1978-02-02,334.158
1978-02-04,334.173
1978-02-06,334.200
1978-02-08,334.232
1978-02-09,334.250
1978-02-10,334.264
1978-02-11,334.270
1978-02-12,334.287
1978-02-13,334.300
1978-02-14,334.299
1978-02-15,334.308
1978-02-16,334.299
1978-02-17,334.324
1978-02-18,334.334
1978-02-19,334.339
1978-02-20,334.331
1978-02-21,334.348
1978-02-22,334.353
1978-02-23,334.392
1978-02-24,334.405
1978-02-25,334.428
1978-02-26,334.415
1978-02-27,334.431
1978-02-28,334.446
1978-03-01,334.457
1978-03-02,334.467
1978-03-03,334.494
1978-03-04,334.499
1978-03-05,334.512
1978-03-06,334.500
1978-03-07,334.510
1978-03-08,334.511
1978-03-09,334.504
1978-03-10,334.511
1978-03-11,334.511
1978-03-12,334.513
1978-03-15,334.529
1978-03-16,334.539
1978-03-17,334.546
1978-03-18,334.554
1978-03-19,334.543
1978-03-20,334.544
1978-03-21,334.551
1978-03-22,334.562
1978-03-23,334.575
1978-03-24,334.574
1978-03-26,334.601
1978-03-27,334.743
1978-03-28,334.927
1978-03-29,335.055
1978-03-30,335.099
1978-03-31,335.130
1978-04-01,335.178
1978-04-02,335.286
1978-04-03,335.294
1978-04-04,335.326
1978-04-05,335.364
1978-04-06,335.415
1978-04-07,335.442
1978-04-08,335.451
1978-04-09,335.458
1978-04-10,335.494
1978-04-12,335.522
1978-04-13,335.543
1978-04-14,335.558
1978-04-15,335.602
1978-04-16,335.632
1978-04-17,335.635
1978-04-18,335.657
1978-04-19,335.667
1978-04-20,335.680
1978-04-22,335.702
1978-04-23,335.727
1978-04-24,335.756
1978-04-25,335.759
1978-04-26,335.800
1978-04-27,335.833
1978-04-28,335.882
1978-04-29,335.921
1978-04-30,335.952
1978-05-01,335.976
1978-05-04,336.019
1978-05-06,336.038
1978-05-07,336.039
1978-05-08,336.050
1978-05-10,336.075
1978-05-11,336.094
1978-05-12,336.367
1978-05-13,336.624
1978-05-14,336.778
1978-05-15,336.848
1978-05-16,336.911
1978-05-17,336.955
1978-05-19,337.006
1978-05-21,337.059
1978-05-23,337.096
1978-05-27,337.150
1978-05-28,337.164
1978-05-29,337.184
1978-05-30,337.197
1978-05-31,337.241
1978-06-01,337.352
1978-06-02,337.394
1978-06-03,337.419
1978-06-06,337.466
1978-06-07,337.488
1978-06-08,337.540
1978-06-09,337.604
1978-06-11,337.662
1978-06-12,337.671
1978-06-13,337.689
1978-06-16,337.721
1978-06-18,337.737
1978-06-19,337.741
1978-06-23,337.771
1978-06-26,337.786
1978-06-27,337.780
1978-06-28,337.790
1978-06-29,337.790
1978-07-01,337.799
1978-07-02,337.812
1978-07-03,337.810
1978-07-04,337.837
1978-07-05,337.900
1978-07-06,337.920
1978-07-07,337.938
1978-07-08,337.946
1978-07-09,337.945
1978-07-10,337.958
1978-07-11,337.973
1978-07-12,337.991
1978-07-13,338.006
1978-07-16,338.036
1978-07-19,338.057
1978-07-20,338.051
1978-07-21,338.067
1978-07-22,338.084
1978-07-23,338.092
1978-07-24,338.108
1978-07-25,338.155
1978-07-26,338.192
1978-07-27,338.217
1978-07-29,338.237
1978-07-30,338.247
1978-08-01,338.270
1978-08-02,338.282
1978-08-03,338.278
1978-08-04,338.316
1978-08-05,338.356
1978-08-06,338.376
1978-08-07,338.388
1978-08-08,338.401
1978-08-09,338.429
1978-08-10,338.617
1978-08-11,339.062
1978-08-12,339.230
1978-08-13,339.269
1978-08-15,339.346
1978-08-16,339.408
1978-08-17,339.464
1978-08-18,339.494
1978-08-19,339.521
1978-08-20,339.551
1978-08-22,339.595
1978-08-23,339.614
1978-08-24,339.667
1978-08-25,339.701
1978-08-26,339.755
1978-08-27,339.785
1978-08-28,339.802
1978-08-29,339.824
1978-08-30,339.845
1978-08-31,339.876
1978-09-05,339.944
1978-09-06,339.971
1978-09-07,339.974
1978-09-08,339.992
1978-09-09,340.106
1978-09-10,340.181
1978-09-11,340.210
1978-09-13,340.325
1978-09-14,340.374
1978-09-15,340.475
1978-09-16,340.532
1978-09-17,340.573
1978-09-18,340.596
1978-09-19,340.618
1978-09-21,340.682
1978-09-22,340.697
1978-09-23,340.728
1978-09-24,340.868
1978-09-25,340.962
1978-09-27,341.073
1978-09-28,341.109
1978-09-30,341.141
1978-10-01,341.183
1978-10-02,341.225
1978-10-03,341.253
1978-10-04,341.268
1978-10-05,341.311
1978-10-06,341.337
1978-10-07,341.372
1978-10-08,341.386
1978-10-09,341.406
1978-10-10,341.446
1978-10-11,341.458
1978-10-12,341.485
1978-10-13,341.529
1978-10-14,341.931
1978-10-15,342.360
1978-10-16,342.476
1978-10-17,342.589
1978-10-18,342.641
1978-10-19,342.699
1978-10-20,342.725
1978-10-21,342.799
1978-10-22,342.845
1978-10-23,342.855
1978-10-24,342.886
1978-10-25,342.913
1978-10-27,342.985
1978-10-28,343.012
1978-10-30,343.073
1978-10-31,343.102
1978-11-01,343.160
1978-11-02,343.225
1978-11-03,343.279
1978-11-04,343.297
1978-11-05,343.307
1978-11-06,343.348
1978-11-08,343.385
1978-11-09,343.429
1978-11-10,343.461
1978-11-12,343.545
1978-11-13,343.581
1978-11-14,343.625
1978-11-15,343.681
1978-11-16,343.703
1978-11-17,343.754
1978-11-18,343.752
1978-11-19,343.801
1978-11-20,343.856
1978-11-21,343.891
1978-11-22,343.973
1978-11-23,344.064
1978-11-24,344.168
1978-11-25,344.278
1978-11-26,344.332
1978-11-27,344.340
1978-11-28,344.422
1978-11-29,344.456
1978-11-30,344.496
1978-12-01,344.544
1978-12-02,344.565
1978-12-04,344.645
1978-12-06,344.718
1978-12-07,344.754
1978-12-08,344.785
1978-12-09,344.827
1978-12-10,344.847
1978-12-11,344.874
1978-12-12,344.881
1978-12-13,344.904
1978-12-14,344.924
1978-12-15,344.941
1978-12-16,344.978
1978-12-18,344.989
1978-12-19,345.036
1978-12-20,345.069
1978-12-21,345.092
1978-12-22,345.144
1978-12-23,345.178
1978-12-24,345.197
1978-12-26,345.214
1978-12-27,345.250
1978-12-28,345.279
1978-12-29,345.295
1978-12-30,345.340
1978-12-31,345.385
1979-01-01,345.409
1979-01-02,345.437
1979-01-03,345.500
1979-01-04,345.518
1979-01-05,345.527
1979-01-06,345.582
1979-01-07,345.588
1979-01-08,345.620
1979-01-09,345.618
1979-01-10,345.621
1979-01-11,345.651
1979-01-12,345.603
1979-01-13,345.572
1979-01-14,345.557
1979-01-15,345.497
1979-01-16,345.407
1979-01-17,345.346
1979-01-18,345.360
1979-01-19,345.363
1979-01-20,345.388
1979-01-21,345.418
1979-01-22,345.421
1979-01-23,345.421
1979-01-24,345.429
1979-01-25,345.455
1979-01-26,345.474
1979-01-27,345.489
1979-01-28,345.596
1979-01-29,345.628
1979-01-30,345.635
1979-02-01,345.666
1979-02-02,345.681
1979-02-04,345.695
1979-02-05,345.731
1979-02-06,345.787
1979-02-07,345.807
1979-02-08,345.828
1979-02-09,345.820
1979-02-10,345.831
1979-02-11,345.844
1979-02-12,345.853
1979-02-13,345.858
1979-02-14,345.897
1979-02-15,345.973
1979-02-16,346.043
1979-02-17,346.266
1979-02-18,346.327
1979-02-19,346.368
1979-02-20,346.377
1979-02-22,346.395
1979-02-25,346.387
1979-02-26,346.376
1979-02-27,346.384
1979-02-28,346.352
1979-03-01,346.332
1979-03-02,346.297
1979-03-03,346.292
1979-03-04,346.267
1979-03-05,346.275
1979-03-06,346.305
1979-03-07,346.455
1979-03-08,346.610
1979-03-09,346.733
1979-03-10,346.814
1979-03-11,346.832
1979-03-12,346.861
1979-03-13,346.885
1979-03-14,346.990
1979-03-15,347.095
1979-03-17,347.131
1979-03-18,347.135
1979-03-19,347.112
1979-03-20,347.114
1979-03-21,347.095
1979-03-22,347.084
1979-03-24,347.052
1979-03-26,347.005
1979-03-27,346.971
1979-03-28,346.916
1979-03-29,346.872
1979-03-30,346.804
1979-03-31,346.741
1979-04-01,346.620
1979-04-02,346.513
1979-04-03,346.438
1979-04-05,346.308
1979-04-06,346.214
1979-04-07,346.257
1979-04-08,346.425
1979-04-09,346.554
1979-04-11,346.643
1979-04-12,346.680
1979-04-14,346.714
1979-04-16,346.740
1979-04-17,346.749
1979-04-18,346.761
1979-04-19,346.759
1979-04-21,346.739
1979-04-22,346.745
1979-04-23,346.740
1979-04-24,346.755
1979-04-25,346.787
1979-04-26,346.791
1979-04-27,346.793
1979-04-28,346.796
1979-04-29,346.813
1979-04-30,346.812
1979-05-01,346.820
1979-05-02,346.813
1979-05-03,346.820
1979-05-04,346.830
1979-05-05,346.966
1979-05-06,347.002
1979-05-07,347.057
1979-05-08,347.107
1979-05-10,347.127
1979-05-11,347.183
1979-05-12,347.254
1979-05-13,347.283
1979-05-14,347.297
1979-05-15,347.284
1979-05-16,347.264
1979-05-17,347.231
1979-05-18,347.210
1979-05-20,347.134
1979-05-21,347.098
1979-05-23,347.021
1979-05-25,346.909
1979-05-26,346.876
1979-05-27,346.824
1979-05-28,346.822
1979-05-29,346.819
1979-05-31,346.763
1979-06-01,346.706
1979-06-02,346.664
1979-06-03,346.615
1979-06-06,346.490
1979-06-08,346.423
1979-06-09,346.398
1979-06-10,346.347
1979-06-11,346.317
1979-06-12,346.300
1979-06-13,346.270
1979-06-14,346.249
1979-06-15,346.201
1979-06-18,346.110
1979-06-19,346.089
1979-06-20,346.073
1979-06-21,346.050
1979-06-22,346.015
1979-06-23,346.028
1979-06-24,346.019
1979-06-27,345.942
1979-06-30,345.825
1979-07-01,345.807
1979-07-02,345.796
1979-07-03,345.793
1979-07-04,345.778
1979-07-05,345.775
1979-07-08,345.720
1979-07-09,345.709
1979-07-10,345.678
1979-07-11,345.658
1979-07-12,345.634
1979-07-13,345.593
1979-07-14,345.565
1979-07-15,345.525
1979-07-17,345.355
1979-07-18,345.259
1979-07-20,345.114
1979-07-22,344.926
1979-07-23,344.784
1979-07-24,344.714
1979-07-25,344.679
1979-07-26,344.603
1979-07-27,344.538
1979-07-28,344.448
1979-07-29,344.354
1979-07-31,344.195
1979-08-01,344.125
1979-08-02,344.012
1979-08-03,343.946
1979-08-05,343.761
1979-08-06,343.660
1979-08-07,343.600
1979-08-08,343.499
1979-08-09,343.425
1979-08-10,343.313
1979-08-11,343.180
1979-08-12,343.111
1979-08-13,343.055
1979-08-15,342.907
1979-08-16,342.775
1979-08-17,342.712
1979-08-18,342.615
1979-08-19,342.503
1979-08-20,342.445
1979-08-22,342.302
1979-08-24,342.052
1979-08-26,341.922
1979-08-27,341.772
1979-08-30,341.519
1979-08-31,341.464
1979-09-01,341.417
1979-09-02,341.387
1979-09-04,341.241
1979-09-06,341.088
1979-09-07,341.022
1979-09-08,340.962
1979-09-09,340.900
1979-09-10,340.841
1979-09-11,340.743
1979-09-12,340.654
1979-09-13,340.660
1979-09-14,340.671
1979-09-15,340.625
1979-09-16,340.566
1979-09-17,340.477
1979-09-18,340.451
1979-09-19,340.393
1979-09-20,340.328
1979-09-21,340.249
1979-09-22,340.180
1979-09-23,340.083
1979-09-24,339.995
1979-09-25,339.903
1979-09-26,339.770
1979-09-27,339.690
1979-09-28,339.641
1979-09-29,339.558
1979-09-30,339.519
1979-10-01,339.615
1979-10-02,339.779
1979-10-03,339.839
1979-10-04,339.902
1979-10-05,339.937
1979-10-06,339.993
1979-10-07,340.028
1979-10-08,340.058
1979-10-09,340.098
1979-10-10,340.133
1979-10-11,340.179
1979-10-12,340.204
1979-10-13,340.252
1979-10-14,340.292
1979-10-15,340.351
1979-10-16,340.394
1979-10-17,340.433
1979-10-19,340.495
1979-10-20,340.526
1979-10-21,340.568
1979-10-22,340.615
1979-10-24,340.682
1979-10-25,340.704
1979-10-26,340.730
1979-10-27,340.781
1979-10-28,340.850
1979-10-29,341.039
1979-10-30,341.293
1979-10-31,341.431
1979-11-01,341.511
1979-11-02,341.582
1979-11-03,341.644
1979-11-04,341.666
1979-11-05,341.736
1979-11-06,341.771
1979-11-07,341.817
1979-11-08,341.835
1979-11-09,341.866
1979-11-10,341.927
1979-11-11,341.958
1979-11-12,342.004
1979-11-13,342.028
1979-11-14,342.037
1979-11-16,342.106
1979-11-17,342.124
1979-11-18,342.165
1979-11-19,342.229
1979-11-20,342.278
1979-11-21,342.363
1979-11-22,342.424
1979-11-23,342.524
1979-11-24,342.567
1979-11-25,342.578
1979-11-26,342.630
1979-11-27,342.676
1979-11-28,342.717
1979-11-29,342.813
1979-11-30,342.851
1979-12-01,342.911
1979-12-02,343.164
1979-12-03,343.702
1979-12-04,343.911
1979-12-05,343.981
1979-12-06,344.098
1979-12-07,344.176
1979-12-08,344.231
1979-12-09,344.281
1979-12-10,344.331
1979-12-11,344.382
1979-12-13,344.435
1979-12-14,344.488
1979-12-15,344.524
1979-12-16,344.559
1979-12-17,344.603
1979-12-18,344.721
1979-12-19,344.796
1979-12-20,344.830
1979-12-21,344.886
1979-12-22,344.950
1979-12-23,345.016
1979-12-24,345.072
1979-12-25,345.343
1979-12-26,345.560
1979-12-27,345.617
1979-12-28,345.688
1979-12-29,345.714
1979-12-30,345.757
1980-01-01,345.844
1980-01-02,345.892
1980-01-03,345.960
1980-01-04,346.010
1980-01-06,346.100
1980-01-08,346.148
1980-01-09,346.175
1980-01-11,346.238
1980-01-12,346.264
1980-01-13,346.299
1980-01-14,346.320
1980-01-15,346.340
1980-01-16,346.442
1980-01-17,346.550
1980-01-18,346.616
1980-01-19,346.650
1980-01-20,346.690
1980-01-21,346.770
1980-01-22,346.810
1980-01-23,346.830
1980-01-24,346.830
1980-01-25,346.820
1980-01-26,346.800
1980-01-27,346.890
1980-01-28,347.000
1980-01-29,347.020
1980-02-02,346.980
1980-02-03,346.960
1980-02-06,346.930
1980-02-07,346.910
1980-02-12,346.927
1980-02-13,346.904
1980-02-14,346.889
1980-02-15,346.870
1980-02-17,346.818
1980-02-18,346.797
1980-02-19,346.769
1980-02-20,346.745
1980-02-21,346.695
1980-02-22,346.686
1980-02-23,346.654
1980-02-24,346.651
1980-02-25,346.656
1980-02-26,346.657
1980-02-27,346.651
1980-02-28,346.647
1980-02-29,346.631
1980-03-01,346.631
1980-03-02,346.615
1980-03-03,346.616
1980-03-08,346.589
1980-03-09,346.582
1980-03-10,346.559
1980-03-11,346.565
1980-03-12,346.560
1980-03-13,346.566
1980-03-14,346.559
1980-03-15,346.564
1980-03-16,346.565
1980-03-17,346.572
1980-03-18,346.573
1980-03-19,346.577
1980-03-20,346.591
1980-03-21,346.551
1980-03-22,346.524
1980-03-23,346.445
1980-03-24,346.395
1980-03-25,346.362
1980-03-26,346.366
1980-03-29,346.388
1980-03-30,346.423
1980-03-31,346.703
1980-04-01,346.789
1980-04-02,346.820
1980-04-03,346.845
1980-04-05,346.871
1980-04-08,346.883
1980-04-10,346.886
1980-04-11,346.895
1980-04-13,346.895
1980-04-15,346.877
1980-04-17,346.853
1980-04-18,346.836
1980-04-19,346.829
1980-04-21,346.787
1980-04-22,346.752
1980-04-23,346.675
1980-04-24,346.562
1980-04-25,346.531
1980-04-26,346.459
1980-04-27,346.487
1980-04-28,346.550
1980-04-29,346.567
1980-04-30,346.613
1980-05-01,346.636
1980-05-03,346.648
1980-05-06,346.645
1980-05-07,346.633
1980-05-08,346.597
1980-05-11,346.505
1980-05-12,346.450
1980-05-13,346.374
1980-05-14,346.307
1980-05-16,346.162
1980-05-17,346.046
1980-05-18,345.983
1980-05-19,345.896
1980-05-20,345.834
1980-05-21,345.838
1980-05-22,345.886
1980-05-23,345.899
1980-05-24,345.930
1980-05-26,346.000
1980-05-27,346.022
1980-05-28,346.046
1980-05-31,346.096
1980-06-01,346.110
1980-06-03,346.136
1980-06-04,346.151
1980-06-05,346.212
1980-06-06,346.260
1980-06-07,346.311
1980-06-09,346.362
1980-06-10,346.397
1980-06-11,346.471
1980-06-12,346.536
1980-06-13,346.576
1980-06-14,346.604
1980-06-15,346.637
1980-06-18,346.688
1980-06-19,346.692
1980-06-22,346.592
1980-06-23,346.562
1980-06-24,346.523
1980-06-26,346.429
1980-06-28,346.351
1980-06-29,346.303
1980-06-30,346.297
1980-07-02,346.314
1980-07-03,346.331
1980-07-05,346.388
1980-07-06,346.414
1980-07-07,346.427
1980-07-08,346.408
1980-07-09,346.386
1980-07-10,346.352
1980-07-11,346.343
1980-07-12,346.358
1980-07-13,346.370
1980-07-14,346.339
1980-07-15,346.289
1980-07-16,346.256
1980-07-17,346.259
1980-07-18,346.217
1980-07-20,346.135
1980-07-21,346.078
1980-07-22,346.005
1980-07-23,345.910
1980-07-24,345.826
1980-07-26,345.642
1980-07-29,345.323
1980-07-31,345.127
1980-08-01,344.989
1980-08-02,344.822
1980-08-04,344.645
1980-08-05,344.592
1980-08-06,344.461
1980-08-07,344.356
1980-08-10,344.067
1980-08-11,343.995
1980-08-12,343.920
1980-08-13,343.986
1980-08-14,344.059
1980-08-15,344.100
1980-08-16,344.250
1980-08-17,344.328
1980-08-18,344.377
1980-08-19,344.399
1980-08-20,344.396
1980-08-22,344.356
1980-08-23,344.323
1980-08-24,344.288
1980-08-25,344.266
1980-08-26,344.353
1980-08-27,344.464
1980-08-28,344.477
1980-08-29,344.471
1980-08-30,344.466
1980-08-31,344.470
1980-09-01,344.464
1980-09-02,344.485
1980-09-03,344.507
1980-09-04,344.543
1980-09-05,344.564
1980-09-07,344.564
1980-09-08,344.550
1980-09-09,344.534
1980-09-10,344.526
1980-09-11,344.515
1980-09-12,344.476
1980-09-13,344.471
1980-09-14,344.437
1980-09-15,344.389
1980-09-16,344.366
1980-09-17,344.340
1980-09-18,344.300
1980-09-19,344.256
1980-09-20,344.192
1980-09-21,344.161
1980-09-22,344.161
1980-09-23,344.169
1980-09-24,344.132
1980-09-25,344.095
1980-09-26,344.096
1980-09-27,344.101
1980-09-28,344.079
1980-09-29,344.041
1980-09-30,344.014
1980-10-02,343.962
1980-10-03,343.951
1980-10-04,343.976
1980-10-05,343.959
1980-10-06,343.931
1980-10-07,343.891
1980-10-08,343.869
1980-10-09,343.841
1980-10-10,343.847
1980-10-11,343.821
1980-10-12,343.781
1980-10-14,343.701
1980-10-15,343.621
1980-10-16,343.575
1980-10-17,343.552
1980-10-18,343.487
1980-10-20,343.396
1980-10-21,343.354
1980-10-22,343.300
1980-10-23,343.250
1980-10-24,343.239
1980-10-25,343.205
1980-10-26,343.187
1980-10-27,343.194
1980-10-28,343.203
1980-10-29,343.249
1980-10-30,343.296
1980-10-31,343.256
1980-11-01,343.239
1980-11-02,343.210
1980-11-03,343.197
1980-11-04,343.144
1980-11-06,343.213
1980-11-07,343.200
1980-11-08,343.163
1980-11-09,343.132
1980-11-10,343.105
1980-11-11,343.049
1980-11-12,343.012
1980-11-13,342.965
1980-11-14,342.955
1980-11-15,342.955
1980-11-16,342.964
1980-11-17,342.997
1980-11-18,343.027
1980-11-19,343.059
1980-11-20,343.093
1980-11-21,343.198
1980-11-22,343.271
1980-11-23,343.314
1980-11-24,343.346
1980-11-25,343.364
1980-11-26,343.407
1980-11-27,343.440
1980-11-28,343.484
1980-11-29,343.568
1980-11-30,343.583
1980-12-01,343.619
1980-12-02,343.646
1980-12-03,343.675
1980-12-04,343.722
1980-12-05,343.743
1980-12-06,343.788
1980-12-07,343.811
1980-12-08,343.828
1980-12-09,343.842
1980-12-10,343.874
1980-12-11,343.880
1980-12-12,343.920
1980-12-13,343.941
1980-12-14,343.992
1980-12-15,344.019
1980-12-16,344.109
1980-12-17,344.177
1980-12-18,344.195
1980-12-19,344.288
1980-12-20,344.372
1980-12-21,344.433
1980-12-24,344.513
1980-12-25,344.524
1980-12-27,344.592
1980-12-28,344.623
1980-12-30,344.689
1980-12-31,344.695
1981-01-01,344.725
1981-01-02,344.764
1981-01-03,344.754
1981-01-04,344.796
1981-01-05,344.840
1981-01-06,344.842
1981-01-07,344.867
1981-01-08,344.858
1981-01-09,344.867
1981-01-10,344.882
1981-01-11,344.901
1981-01-12,344.903
1981-01-13,344.912
1981-01-14,344.930
1981-01-15,344.945
1981-01-16,344.959
1981-01-18,344.951
1981-01-19,344.951
1981-01-20,344.955
1981-01-22,344.983
1981-01-24,344.982
1981-01-25,344.963
1981-01-26,344.981
1981-01-27,344.996
1981-01-28,345.014
1981-01-29,345.012
1981-01-30,345.016
1981-01-31,345.027
1981-02-01,345.043
1981-02-02,345.028
1981-02-03,345.036
1981-02-04,345.053
1981-02-05,345.055
1981-02-06,345.061
1981-02-07,345.048
1981-02-09,345.060
1981-02-10,345.080
1981-02-11,345.153
1981-02-12,345.208
1981-02-13,345.236
1981-02-14,345.250
1981-02-15,345.281
1981-02-16,345.331
1981-02-17,345.372
1981-02-18,345.409
1981-02-19,345.423
1981-02-20,345.472
1981-02-21,345.504
1981-02-22,345.498
1981-02-23,345.520
1981-02-25,345.575
1981-02-26,345.597
1981-02-27,345.595
1981-03-02,345.627
1981-03-03,345.635
1981-03-04,345.653
1981-03-05,345.666
1981-03-06,345.705
1981-03-07,345.835
1981-03-08,346.071
1981-03-09,346.250
1981-03-10,346.383
1981-03-11,346.397
1981-03-12,346.404
1981-03-13,346.400
1981-03-14,346.384
1981-03-15,346.353
1981-03-16,346.346
1981-03-17,346.335
1981-03-18,346.312
1981-03-19,346.296
1981-03-21,346.250
1981-03-22,346.239
1981-03-23,346.211
1981-03-24,346.260
1981-03-25,346.325
1981-03-26,346.372
1981-03-27,346.414
1981-03-28,346.414
1981-03-30,346.407
1981-03-31,346.383
1981-04-03,346.334
1981-04-04,346.311
1981-04-06,346.252
1981-04-07,346.239
1981-04-08,346.202
1981-04-09,346.167
1981-04-10,346.147
1981-04-11,346.127
1981-04-13,346.093
1981-04-15,346.035
1981-04-16,346.019
1981-04-17,346.005
1981-04-18,346.002
1981-04-19,346.000
1981-04-20,345.996
1981-04-21,346.029
1981-04-22,346.027
1981-04-23,346.011
1981-04-24,346.034
1981-04-25,346.055
1981-04-26,346.091
1981-04-27,346.138
1981-04-29,346.130
1981-04-30,346.148
1981-05-01,346.154
1981-05-02,346.151
1981-05-03,346.129
1981-05-06,346.071
1981-05-07,346.054
1981-05-08,346.073
1981-05-09,346.062
1981-05-10,346.047
1981-05-11,346.073
1981-05-12,346.106
1981-05-13,346.110
1981-05-14,346.102
1981-05-15,346.091
1981-05-16,346.080
1981-05-17,346.060
1981-05-18,346.065
1981-05-19,346.085
1981-05-20,346.084
1981-05-21,346.060
1981-05-22,346.039
1981-05-26,345.961
1981-05-29,345.885
1981-06-01,345.807
1981-06-02,345.799
1981-06-03,346.003
1981-06-05,346.074
1981-06-06,346.077
1981-06-09,346.036
1981-06-15,345.923
1981-06-16,345.899
1981-06-18,345.864
1981-06-19,345.853
1981-06-20,345.806
1981-06-21,345.784
1981-06-22,345.761
1981-06-23,345.736
1981-06-24,345.712
1981-06-25,345.681
1981-06-26,345.653
1981-06-27,345.637
1981-06-28,345.598
1981-06-29,345.553
1981-06-30,345.502
1981-07-01,345.446
1981-07-02,345.420
1981-07-03,345.407
1981-07-04,345.394
1981-07-05,345.376
1981-07-06,345.353
1981-07-07,345.335
1981-07-08,345.311
1981-07-09,345.286
1981-07-10,345.265
1981-07-11,345.233
1981-07-12,345.208
1981-07-13,345.174
1981-07-14,345.105
1981-07-15,345.039
1981-07-16,344.971
1981-07-17,344.902
1981-07-18,344.831
1981-07-19,344.763
1981-07-20,344.698
1981-07-21,344.631
1981-07-22,344.555
1981-07-23,344.483
1981-07-24,344.413
1981-07-25,344.355
1981-07-26,344.359
1981-07-27,344.314
1981-07-28,344.253
1981-07-29,344.199
1981-07-30,344.161
1981-07-31,344.134
1981-08-01,344.084
1981-08-02,344.033
1981-08-03,343.975
1981-08-04,343.914
1981-08-05,343.854
1981-08-06,343.787
1981-08-07,343.720
1981-08-08,343.660
1981-08-09,343.601
1981-08-10,343.514
1981-08-11,343.467
1981-08-12,343.399
1981-08-13,343.345
1981-08-14,343.274
1981-08-15,343.211
1981-08-16,343.140
1981-08-17,343.078
1981-08-18,343.005
1981-08-19,342.950
1981-08-20,342.880
1981-08-21,342.768
1981-08-22,342.667
1981-08-23,342.567
1981-08-24,342.444
1981-08-25,342.344
1981-08-26,342.237
1981-08-27,342.148
1981-08-28,342.043
1981-08-29,341.940
1981-08-30,341.842
1981-08-31,341.729
1981-09-01,341.619
1981-09-02,341.515
1981-09-03,341.420
1981-09-04,341.331
1981-09-05,341.220
1981-09-06,341.118
1981-09-07,341.022
1981-09-08,340.923
1981-09-09,340.828
1981-09-10,340.759
1981-09-11,340.721
1981-09-12,340.680
1981-09-13,340.663
1981-09-14,340.630
1981-09-15,340.600
1981-09-16,340.560
1981-09-17,340.528
1981-09-18,340.492
1981-09-19,340.457
1981-09-20,340.418
1981-09-21,340.386
1981-09-22,340.347
1981-09-23,340.312
1981-09-24,340.275
1981-09-25,340.246
1981-09-26,340.238
1981-09-27,340.210
1981-09-28,340.170
1981-09-29,340.130
1981-09-30,340.099
1981-10-01,340.070
1981-10-02,340.039
1981-10-03,340.080
1981-10-04,340.203
1981-10-05,340.383
1981-10-06,340.483
1981-10-07,340.550
1981-10-08,340.612
1981-10-09,340.668
1981-10-10,340.721
1981-10-11,340.763
1981-10-12,340.800
1981-10-13,340.832
1981-10-14,340.875
1981-10-15,340.912
1981-10-16,340.928
1981-10-17,340.969
1981-10-18,341.001
1981-10-19,341.030
1981-10-20,341.060
1981-10-21,341.093
1981-10-22,341.136
1981-10-23,341.252
1981-10-24,341.438
1981-10-25,341.539
1981-10-26,341.618
1981-10-27,341.650
1981-10-28,341.688
1981-10-29,341.725
1981-10-30,341.768
1981-10-31,341.816
1981-11-01,341.850
1981-11-02,341.879
1981-11-03,341.907
1981-11-04,341.938
1981-11-05,341.981
1981-11-06,342.014
1981-11-07,342.077
1981-11-08,342.115
1981-11-09,342.144
1981-11-10,342.169
1981-11-11,342.200
1981-11-12,342.227
1981-11-13,342.254
1981-11-14,342.282
1981-11-15,342.313
1981-11-16,342.358
1981-11-17,342.453
1981-11-18,342.514
1981-11-19,342.555
1981-11-20,342.578
1981-11-21,342.619
1981-11-22,342.646
1981-11-23,342.657
1981-11-24,342.699
1981-11-25,342.726
1981-11-26,342.757
1981-11-27,342.774
1981-11-28,342.786
1981-11-29,342.804
1981-11-30,342.831
1981-12-01,342.866
1981-12-02,342.924
1981-12-03,342.994
1981-12-04,343.016
1981-12-05,343.062
1981-12-06,343.165
1981-12-07,343.254
1981-12-08,343.382
1981-12-09,343.490
1981-12-10,343.564
1981-12-11,343.652
1981-12-12,343.709
1981-12-13,343.768
1981-12-14,343.806
1981-12-15,343.868
1981-12-16,343.918
1981-12-17,343.964
1981-12-18,344.008
1981-12-19,344.041
1981-12-20,344.083
1981-12-21,344.148
1981-12-22,344.192
1981-12-23,344.233
1981-12-24,344.255
1981-12-25,344.286
1981-12-26,344.310
1981-12-27,344.331
1981-12-28,344.352
1981-12-29,344.380
1981-12-30,344.413
1981-12-31,344.451
1982-01-01,344.468
1982-01-02,344.505
1982-01-03,344.521
1982-01-04,344.567
1982-01-05,344.608
1982-01-06,344.640
1982-01-07,344.657
1982-01-08,344.682
1982-01-09,344.719
1982-01-10,344.747
1982-01-11,344.755
1982-01-12,344.782
1982-01-13,344.810
1982-01-14,344.805
1982-01-15,344.822
1982-01-16,344.839
1982-01-17,344.858
1982-01-18,344.892
1982-01-19,344.876
1982-01-20,344.889
1982-01-21,344.913
1982-01-22,344.905
1982-01-23,345.016
1982-01-24,345.042
1982-01-25,345.071
1982-01-26,345.141
1982-01-27,345.337
1982-01-28,345.470
1982-01-29,345.514
1982-01-30,345.542
1982-01-31,345.562
1982-02-01,345.574
1982-02-02,345.598
1982-02-03,345.615
1982-02-04,345.636
1982-02-05,345.656
1982-02-06,345.684
1982-02-07,345.701
1982-02-08,345.725
1982-02-09,345.724
1982-02-10,345.734
1982-02-11,345.751
1982-02-12,345.756
1982-02-13,345.759
1982-02-14,345.762
1982-02-15,345.771
1982-02-16,345.763
1982-02-17,345.772
1982-02-18,345.756
1982-02-19,345.789
1982-02-20,345.792
1982-02-21,345.801
1982-02-22,345.800
1982-02-23,345.787
1982-02-24,345.787
1982-02-25,345.802
1982-02-26,345.802
1982-02-27,345.826
1982-02-28,345.863
1982-03-01,345.932
1982-03-02,346.045
1982-03-03,346.110
1982-03-04,346.135
1982-03-05,346.121
1982-03-06,346.098
1982-03-07,346.071
1982-03-08,346.041
1982-03-09,346.029
1982-03-10,345.993
1982-03-11,346.048
1982-03-12,346.246
1982-03-13,346.284
1982-03-14,346.268
1982-03-15,346.248
1982-03-16,346.219
1982-03-17,346.181
1982-03-18,346.152
1982-03-19,346.098
1982-03-20,346.066
1982-03-21,346.008
1982-03-22,345.972
1982-03-23,345.943
1982-03-24,345.932
1982-03-25,345.926
1982-03-26,345.931
1982-03-27,345.945
1982-03-28,345.958
1982-03-29,345.968
1982-03-30,345.977
1982-03-31,345.986
1982-04-01,345.996
1982-04-02,346.017
1982-04-03,346.040
1982-04-04,346.042
1982-04-05,346.052
1982-04-06,346.062
1982-04-07,346.091
1982-04-08,346.087
1982-04-09,346.104
1982-04-10,346.095
1982-04-11,346.079
1982-04-12,346.057
1982-04-13,346.029
1982-04-14,346.020
1982-04-15,345.995
1982-04-16,345.973
1982-04-17,345.948
1982-04-18,345.929
1982-04-19,345.913
1982-04-20,345.902
1982-04-21,345.890
1982-04-22,345.878
1982-04-23,345.864
1982-04-24,345.850
1982-04-25,345.835
1982-04-26,345.817
1982-04-27,345.798
1982-04-28,345.697
1982-04-29,345.589
1982-04-30,345.507
1982-05-01,345.392
1982-05-02,345.308
1982-05-03,345.187
1982-05-04,345.086
1982-05-05,344.977
1982-05-06,344.863
1982-05-07,344.777
1982-05-08,344.770
1982-05-09,344.715
1982-05-10,344.658
1982-05-11,344.599
1982-05-12,344.519
1982-05-13,344.439
1982-05-14,344.367
1982-05-15,344.248
1982-05-16,344.152
1982-05-17,344.075
1982-05-18,343.993
1982-05-19,343.910
1982-05-20,343.984
1982-05-21,344.206
1982-05-22,344.409
1982-05-23,344.568
1982-05-24,344.652
1982-05-25,344.695
1982-05-26,344.727
1982-05-27,344.757
1982-05-28,344.784
1982-05-29,344.816
1982-05-30,344.840
1982-05-31,344.874
1982-06-01,344.902
1982-06-02,344.921
1982-06-03,344.948
1982-06-04,345.050
1982-06-05,345.103
1982-06-06,345.136
1982-06-07,345.166
1982-06-08,345.186
1982-06-09,345.187
1982-06-10,345.180
1982-06-11,345.158
1982-06-12,345.107
1982-06-13,345.039
1982-06-14,344.939
1982-06-15,344.836
1982-06-16,344.755
1982-06-17,344.653
1982-06-18,344.547
1982-06-19,344.488
1982-06-20,344.436
1982-06-21,344.344
1982-06-22,344.266
1982-06-23,344.190
1982-06-24,344.096
1982-06-25,343.992
1982-06-26,343.903
1982-06-27,343.796
1982-06-28,343.704
1982-06-29,343.605
1982-06-30,343.523
1982-07-01,343.420
1982-07-02,343.320
1982-07-03,343.214
1982-07-04,343.115
1982-07-05,343.019
1982-07-06,342.916
1982-07-07,342.828
1982-07-08,342.730
1982-07-09,342.625
1982-07-10,342.523
1982-07-11,342.433
1982-07-12,342.335
1982-07-13,342.249
1982-07-14,342.142
1982-07-15,342.049
1982-07-16,341.991
1982-07-17,341.930
1982-07-18,341.820
1982-07-19,341.716
1982-07-20,341.596
1982-07-21,341.492
1982-07-22,341.388
1982-07-23,341.284
1982-07-24,341.179
1982-07-25,341.078
1982-07-26,340.969
1982-07-27,340.862
1982-07-28,340.735
1982-07-29,340.647
1982-07-30,340.532
1982-07-31,340.474
1982-08-01,340.421
1982-08-02,340.330
1982-08-03,340.261
1982-08-04,340.177
1982-08-05,340.079
1982-08-06,339.992
1982-08-07,339.906
1982-08-08,339.816
1982-08-09,339.712
1982-08-10,339.616
1982-08-11,339.536
1982-08-12,339.429
1982-08-13,339.369
1982-08-14,339.283
1982-08-15,339.212
1982-08-16,339.127
1982-08-17,339.037
1982-08-18,338.946
1982-08-19,338.851
1982-08-20,338.752
1982-08-21,338.653
1982-08-22,338.554
1982-08-23,338.470
1982-08-24,338.386
1982-08-25,338.288
1982-08-26,338.232
1982-08-27,338.162
1982-08-28,338.072
1982-08-29,337.969
1982-08-30,337.903
1982-08-31,337.853
1982-09-01,337.828
1982-09-02,337.760
1982-09-03,337.703
1982-09-04,337.643
1982-09-05,337.609
1982-09-06,337.554
1982-09-07,337.502
1982-09-08,337.439
1982-09-09,337.395
1982-09-10,337.345
1982-09-11,337.356
1982-09-12,337.404
1982-09-13,337.445
1982-09-14,337.477
1982-09-15,337.502
1982-09-16,337.528
1982-09-17,337.553
1982-09-18,337.583
1982-09-19,337.614
1982-09-20,337.637
1982-09-21,337.663
1982-09-22,337.682
1982-09-23,337.702
1982-09-24,337.732
1982-09-25,337.751
1982-09-26,337.785
1982-09-27,337.808
1982-09-28,337.831
1982-09-29,337.856
1982-09-30,337.870
1982-10-01,337.890
1982-10-02,337.897
1982-10-03,337.914
1982-10-04,337.929
1982-10-05,337.939
1982-10-06,337.899
1982-10-07,337.806
1982-10-08,337.706
1982-10-09,337.617
1982-10-10,337.527
1982-10-11,337.413
1982-10-12,337.323
1982-10-13,337.234
1982-10-14,337.118
1982-10-15,337.112
1982-10-16,337.154
1982-10-17,337.198
1982-10-18,337.206
1982-10-19,337.233
1982-10-20,337.252
1982-10-21,337.278
1982-10-22,337.302
1982-10-23,337.328
1982-10-24,337.359
1982-10-25,337.394
1982-10-26,337.430
1982-10-27,337.467
1982-10-28,337.505
1982-10-29,337.533
1982-10-30,337.582
1982-10-31,337.641
1982-11-01,337.721
1982-11-02,337.771
1982-11-03,337.812
1982-11-04,337.855
1982-11-05,337.907
1982-11-06,337.977
1982-11-07,338.056
1982-11-08,338.139
1982-11-09,338.246
1982-11-10,338.317
1982-11-11,338.408
1982-11-12,338.548
1982-11-13,338.604
1982-11-14,338.671
1982-11-15,338.702
1982-11-16,338.756
1982-11-17,338.807
1982-11-18,338.941
1982-11-19,339.198
1982-11-20,339.370
1982-11-21,339.501
1982-11-22,339.595
1982-11-23,339.675
1982-11-24,339.739
1982-11-25,339.800
1982-11-26,339.994
1982-11-27,340.126
1982-11-28,340.267
1982-11-29,340.353
1982-11-30,340.429
1982-12-01,340.488
1982-12-02,340.549
1982-12-03,340.584
1982-12-04,340.637
1982-12-05,340.677
1982-12-06,340.722
1982-12-07,340.774
1982-12-08,340.810
1982-12-09,340.854
1982-12-10,340.895
1982-12-11,340.968
1982-12-12,341.081
1982-12-13,341.145
1982-12-14,341.196
1982-12-15,341.254
1982-12-16,341.288
1982-12-17,341.338
1982-12-18,341.430
1982-12-19,341.522
1982-12-20,341.603
1982-12-21,341.648
1982-12-22,341.693
1982-12-23,341.734
1982-12-24,341.777
1982-12-25,341.964
1982-12-26,342.111
1982-12-27,342.163
1982-12-28,342.206
1982-12-29,342.249
1982-12-30,342.272
1982-12-31,342.297
1983-01-01,342.330
1983-01-02,342.367
1983-01-03,342.414
1983-01-04,342.442
1983-01-05,342.483
1983-01-06,342.526
1983-01-07,342.580
1983-01-08,342.611
1983-01-09,342.645
1983-01-10,342.733
1983-01-11,342.908
1983-01-12,343.137
1983-01-13,343.477
1983-01-14,343.741
1983-01-15,343.855
1983-01-16,343.971
1983-01-17,344.043
1983-01-18,344.129
1983-01-19,344.208
1983-01-20,344.260
1983-01-21,344.309
1983-01-22,344.385
1983-01-23,344.431
1983-01-24,344.488
1983-01-25,344.522
1983-01-26,344.569
1983-01-27,344.605
1983-01-28,344.657
1983-01-29,344.683
1983-01-30,344.728
1983-01-31,344.740
1983-02-01,344.761
1983-02-02,344.787
1983-02-03,344.821
1983-02-04,344.871
1983-02-05,344.892
1983-02-06,344.919
1983-02-07,344.943
1983-02-08,344.968
1983-02-09,344.980
1983-02-10,344.990
1983-02-11,345.004
1983-02-12,345.027
1983-02-13,345.035
1983-02-14,345.054
1983-02-15,345.075
1983-02-16,345.090
1983-02-17,345.111
1983-02-18,345.132
1983-02-19,345.150
1983-02-20,345.175
1983-02-21,345.189
1983-02-22,345.205
1983-02-23,345.234
1983-02-24,345.244
1983-02-25,345.249
1983-02-26,345.260
1983-02-27,345.278
1983-02-28,345.296
1983-03-01,345.305
1983-03-02,345.328
1983-03-03,345.330
1983-03-04,345.330
1983-03-05,345.341
1983-03-06,345.371
1983-03-07,345.365
1983-03-08,345.381
1983-03-09,345.389
1983-03-10,345.498
1983-03-11,345.635
1983-03-12,345.675
1983-03-13,345.705
1983-03-14,345.738
1983-03-15,345.765
1983-03-16,345.770
1983-03-17,345.782
1983-03-18,345.794
1983-03-19,345.822
1983-03-20,345.835
1983-03-21,345.824
1983-03-22,345.825
1983-03-23,345.842
1983-03-24,345.865
1983-03-25,345.929
1983-03-26,345.997
1983-03-27,346.040
1983-03-28,346.090
1983-03-29,346.116
1983-03-30,346.130
1983-03-31,346.164
1983-04-01,346.176
1983-04-02,346.209
1983-04-03,346.232
1983-04-04,346.236
1983-04-05,346.259
1983-04-06,346.283
1983-04-07,346.373
1983-04-08,346.466
1983-04-09,346.499
1983-04-10,346.527
1983-04-11,346.552
1983-04-12,346.583
1983-04-13,346.592
1983-04-14,346.598
1983-04-15,346.675
1983-04-16,346.733
1983-04-17,346.731
1983-04-18,346.713
1983-04-19,346.679
1983-04-20,346.633
1983-04-21,346.596
1983-04-22,346.550
1983-04-23,346.502
1983-04-24,346.451
1983-04-25,346.387
1983-04-26,346.330
1983-04-27,346.333
1983-04-28,346.298
1983-04-29,346.229
1983-04-30,346.185
1983-05-01,346.116
1983-05-02,346.063
1983-05-03,345.996
1983-05-04,345.976
1983-05-05,346.001
1983-05-06,346.117
1983-05-07,346.124
1983-05-08,346.100
1983-05-09,346.113
1983-05-10,346.211
1983-05-11,346.222
1983-05-12,346.171
1983-05-13,346.116
1983-05-14,346.046
1983-05-15,346.003
1983-05-16,345.977
1983-05-17,346.022
1983-05-18,346.060
1983-05-19,346.041
1983-05-20,346.010
1983-05-21,345.972
1983-05-22,345.944
1983-05-23,345.930
1983-05-24,345.922
1983-05-25,345.923
1983-05-26,345.928
1983-05-27,345.915
1983-05-28,345.914
1983-05-29,345.902
1983-05-30,345.907
1983-05-31,345.924
1983-06-01,345.928
1983-06-02,345.924
1983-06-03,345.921
1983-06-04,345.913
1983-06-05,345.916
1983-06-06,345.921
1983-06-07,345.918
1983-06-08,345.907
1983-06-09,345.895
1983-06-10,345.889
1983-06-11,345.877
1983-06-12,345.868
1983-06-13,345.855
1983-06-14,345.868
1983-06-15,345.886
1983-06-16,345.888
1983-06-17,345.887
1983-06-18,345.888
1983-06-19,345.901
1983-06-20,345.873
1983-06-21,345.822
1983-06-22,345.753
1983-06-23,345.686
1983-06-24,345.619
1983-06-25,345.615
1983-06-26,345.634
1983-06-27,345.698
1983-06-28,345.811
1983-06-29,345.861
1983-06-30,345.872
1983-07-01,345.882
1983-07-02,345.904
1983-07-03,345.923
1983-07-04,345.917
1983-07-05,345.896
1983-07-06,345.871
1983-07-07,345.842
1983-07-08,345.836
1983-07-09,345.891
1983-07-10,345.915
1983-07-11,345.900
1983-07-12,345.854
1983-07-13,345.821
1983-07-14,345.772
1983-07-15,345.721
1983-07-16,345.703
1983-07-17,345.704
1983-07-18,345.712
1983-07-19,345.717
1983-07-20,345.715
1983-07-21,345.707
1983-07-22,345.700
1983-07-23,345.685
1983-07-24,345.671
1983-07-25,345.629
1983-07-26,345.589
1983-07-27,345.550
1983-07-28,345.505
1983-07-29,345.469
1983-07-30,345.421
1983-07-31,345.421
1983-08-01,345.595
1983-08-02,345.708
1983-08-03,345.789
1983-08-04,345.840
1983-08-05,345.891
1983-08-06,345.913
1983-08-07,345.938
1983-08-08,345.934
1983-08-09,345.933
1983-08-10,345.988
1983-08-11,345.966
1983-08-12,345.916
1983-08-13,345.856
1983-08-14,345.808
1983-08-15,345.756
1983-08-16,345.725
1983-08-17,345.671
1983-08-18,345.620
1983-08-19,345.564
1983-08-20,345.510
1983-08-21,345.469
1983-08-22,345.434
1983-08-23,345.381
1983-08-24,345.323
1983-08-25,345.267
1983-08-26,345.208
1983-08-27,345.153
1983-08-28,345.090
1983-08-29,345.022
1983-08-30,344.972
1983-08-31,344.900
1983-09-01,344.851
1983-09-02,344.794
1983-09-03,344.730
1983-09-04,344.663
1983-09-05,344.597
1983-09-06,344.534
1983-09-07,344.485
1983-09-08,344.469
1983-09-09,344.448
1983-09-10,344.395
1983-09-11,344.360
1983-09-12,344.325
1983-09-13,344.336
1983-09-14,344.345
1983-09-15,344.329
1983-09-16,344.316
1983-09-17,344.331
1983-09-18,344.362
1983-09-19,344.374
1983-09-20,344.384
1983-09-21,344.444
1983-09-22,344.579
1983-09-23,344.664
1983-09-24,344.834
1983-09-25,344.940
1983-09-26,345.007
1983-09-27,345.070
1983-09-28,345.119
1983-09-29,345.177
1983-09-30,345.215
1983-10-01,345.293
1983-10-02,345.349
1983-10-03,345.425
1983-10-04,345.515
1983-10-05,345.565
1983-10-06,345.615
1983-10-07,345.705
1983-10-08,345.824
1983-10-09,345.974
1983-10-10,345.999
1983-10-11,345.968
1983-10-12,345.918
1983-10-13,345.861
1983-10-14,345.801
1983-10-15,345.753
1983-10-16,345.712
1983-10-17,345.695
1983-10-18,345.683
1983-10-19,345.688
1983-10-20,345.707
1983-10-21,345.857
1983-10-22,345.958
1983-10-23,345.947
1983-10-24,345.914
1983-10-25,345.883
1983-10-26,345.850
1983-10-27,345.812
1983-10-28,345.771
1983-10-29,345.717
1983-10-30,345.671
1983-10-31,345.658
1983-11-01,345.653
1983-11-02,345.673
1983-11-03,345.668
1983-11-04,345.672
1983-11-05,345.718
1983-11-06,345.744
1983-11-07,345.718
1983-11-08,345.696
1983-11-09,345.671
1983-11-10,345.682
1983-11-11,345.751
1983-11-12,345.742
1983-11-13,345.733
1983-11-14,345.692
1983-11-15,345.659
1983-11-16,345.636
1983-11-17,345.661
1983-11-18,345.830
1983-11-19,345.948
1983-11-20,345.938
1983-11-21,345.876
1983-11-22,345.819
1983-11-23,345.765
1983-11-24,345.687
1983-11-25,345.629
1983-11-26,345.537
1983-11-27,345.474
1983-11-28,345.441
1983-11-29,345.410
1983-11-30,345.405
1983-12-01,345.411
1983-12-02,345.399
1983-12-03,345.398
1983-12-04,345.420
1983-12-05,345.414
1983-12-06,345.407
1983-12-07,345.416
1983-12-08,345.456
1983-12-09,345.563
1983-12-10,345.620
1983-12-11,345.586
1983-12-12,345.534
1983-12-13,345.484
1983-12-14,345.447
1983-12-15,345.425
1983-12-16,345.408
1983-12-17,345.389
1983-12-18,345.391
1983-12-19,345.363
1983-12-20,345.356
1983-12-21,345.364
1983-12-22,345.361
1983-12-23,345.384
1983-12-24,345.383
1983-12-25,345.380
1983-12-26,345.378
1983-12-27,345.375
1983-12-28,345.370
1983-12-29,345.368
1983-12-30,345.376
1983-12-31,345.375
1984-01-01,345.357
1984-01-02,345.346
1984-01-03,345.344
1984-01-04,345.356
1984-01-05,345.350
1984-01-06,345.364
1984-01-07,345.370
1984-01-08,345.381
1984-01-09,345.395
1984-01-10,345.430
1984-01-11,345.651
1984-01-12,345.759
1984-01-13,345.791
1984-01-14,345.786
1984-01-15,345.765
1984-01-16,345.739
1984-01-17,345.712
1984-01-18,345.690
1984-01-19,345.686
1984-01-20,345.699
1984-01-21,345.689
1984-01-22,345.672
1984-01-23,345.649
1984-01-24,345.632
1984-01-25,345.611
1984-01-26,345.604
1984-01-27,345.694
1984-01-28,345.858
1984-01-29,345.853
1984-01-30,345.853
1984-01-31,345.846
1984-02-01,345.841
1984-02-02,345.820
1984-02-03,345.812
1984-02-04,345.797
1984-02-05,345.772
1984-02-06,345.748
1984-02-07,345.726
1984-02-08,345.700
1984-02-09,345.676
1984-02-10,345.668
1984-02-11,345.658
1984-02-12,345.641
1984-02-13,345.620
1984-02-14,345.643
1984-02-15,345.657
1984-02-16,345.644
1984-02-17,345.626
1984-02-18,345.590
1984-02-19,345.563
1984-02-20,345.533
1984-02-21,345.507
1984-02-22,345.489
1984-02-23,345.474
1984-02-24,345.469
1984-02-25,345.461
1984-02-26,345.446
1984-02-27,345.443
1984-02-28,345.454
1984-02-29,345.473
1984-03-01,345.642
1984-03-02,345.828
1984-03-03,345.885
1984-03-04,345.933
1984-03-05,346.000
1984-03-06,346.069
1984-03-07,346.127
1984-03-08,346.139
1984-03-09,346.118
1984-03-10,346.070
1984-03-11,345.999
1984-03-12,345.953
1984-03-13,345.928
1984-03-14,345.923
1984-03-15,345.922
1984-03-16,345.917
1984-03-17,345.918
1984-03-18,345.924
1984-03-19,345.931
1984-03-20,345.933
1984-03-21,345.927
1984-03-22,345.913
1984-03-23,345.911
1984-03-24,345.910
1984-03-25,345.907
1984-03-26,345.909
1984-03-27,345.942
1984-03-28,345.975
1984-03-29,345.952
1984-03-30,345.929
1984-03-31,345.933
1984-04-01,345.934
1984-04-02,345.938
1984-04-03,345.934
1984-04-04,345.934
1984-04-05,345.918
1984-04-06,345.920
1984-04-07,345.936
1984-04-08,345.935
1984-04-09,345.940
1984-04-10,345.932
1984-04-11,345.923
1984-04-12,345.913
1984-04-13,345.900
1984-04-14,345.888
1984-04-15,345.876
1984-04-16,345.862
1984-04-17,345.848
1984-04-18,345.837
1984-04-19,345.828
1984-04-20,345.802
1984-04-21,345.788
1984-04-22,345.771
1984-04-23,345.760
1984-04-24,345.748
1984-04-25,345.739
1984-04-26,345.731
1984-04-27,345.728
1984-04-28,345.767
1984-04-29,345.789
1984-04-30,345.796
1984-05-01,345.791
1984-05-02,345.787
1984-05-03,345.779
1984-05-04,345.774
1984-05-05,345.769
1984-05-06,345.765
1984-05-07,345.776
1984-05-08,345.773
1984-05-09,345.787
1984-05-12,345.789
1984-05-13,345.793
1984-05-14,345.803
1984-05-15,345.786
1984-05-16,345.762
1984-05-17,345.736
1984-05-18,345.721
1984-05-19,345.699
1984-05-20,345.674
1984-05-21,345.645
1984-05-22,345.606
1984-05-23,345.562
1984-05-24,345.538
1984-05-25,345.534
1984-05-26,345.533
1984-05-27,345.527
1984-05-28,345.530
1984-05-29,345.519
1984-05-30,345.478
1984-05-31,345.428
1984-06-01,345.388
1984-06-02,345.345
1984-06-03,345.302
1984-06-04,345.274
1984-06-05,345.230
1984-06-06,345.138
1984-06-07,345.043
1984-06-08,344.956
1984-06-09,344.890
1984-06-10,344.823
1984-06-11,344.747
1984-06-12,344.659
1984-06-13,344.546
1984-06-14,344.456
1984-06-15,344.375
1984-06-16,344.278
1984-06-17,344.187
1984-06-18,344.096
1984-06-19,343.981
1984-06-20,343.892
1984-06-21,343.793
1984-06-22,343.702
1984-06-23,343.656
1984-06-24,343.617
1984-06-25,343.548
1984-06-26,343.445
1984-06-27,343.349
1984-06-28,343.261
1984-06-29,343.175
1984-06-30,343.131
1984-07-01,343.103
1984-07-02,343.018
1984-07-03,342.940
1984-07-04,342.876
1984-07-05,342.836
1984-07-06,342.799
1984-07-07,342.766
1984-07-08,342.730
1984-07-09,342.677
1984-07-10,342.590
1984-07-11,342.491
1984-07-12,342.442
1984-07-13,342.418
1984-07-14,342.390
1984-07-15,342.361
1984-07-16,342.304
1984-07-17,342.210
1984-07-18,342.115
1984-07-19,342.026
1984-07-20,341.935
1984-07-21,341.993
1984-07-22,342.187
1984-07-23,342.281
1984-07-24,342.260
1984-07-25,342.200
1984-07-26,342.130
1984-07-27,342.038
1984-07-28,341.952
1984-07-29,341.863
1984-07-30,341.806
1984-07-31,341.852
1984-08-01,341.924
1984-08-02,341.989
1984-08-03,342.026
1984-08-04,342.053
1984-08-05,342.101
1984-08-06,342.129
1984-08-07,342.170
1984-08-08,342.189
1984-08-09,342.224
1984-08-10,342.246
1984-08-11,342.268
1984-08-12,342.289
1984-08-13,342.306
1984-08-14,342.327
1984-08-15,342.346
1984-08-16,342.361
1984-08-17,342.384
1984-08-18,342.414
1984-08-19,342.442
1984-08-20,342.496
1984-08-21,342.571
1984-08-22,342.636
1984-08-23,342.708
1984-08-24,342.749
1984-08-25,342.779
1984-08-26,342.816
1984-08-27,342.844
1984-08-28,342.873
1984-08-29,342.895
1984-08-30,342.917
1984-08-31,342.937
1984-09-01,342.956
1984-09-02,342.974
1984-09-03,342.995
1984-09-04,343.010
1984-09-05,343.036
1984-09-06,343.044
1984-09-07,343.066
1984-09-08,343.084
1984-09-09,343.104
1984-09-10,343.132
1984-09-11,343.160
1984-09-12,343.196
1984-09-13,343.278
1984-09-14,343.358
1984-09-15,343.382
1984-09-16,343.422
1984-09-17,343.452
1984-09-18,343.466
1984-09-19,343.491
1984-09-20,343.506
1984-09-21,343.524
1984-09-22,343.473
1984-09-23,343.377
1984-09-24,343.288
1984-09-25,343.208
1984-09-26,343.131
1984-09-27,343.042
1984-09-28,342.965
1984-09-29,342.885
1984-09-30,342.812
1984-10-01,342.742
1984-10-02,342.636
1984-10-03,342.550
1984-10-04,342.473
1984-10-05,342.384
1984-10-06,342.320
1984-10-07,342.237
1984-10-08,342.159
1984-10-09,342.069
1984-10-10,341.986
1984-10-11,341.943
1984-10-12,341.876
1984-10-13,341.800
1984-10-14,341.743
1984-10-15,341.704
1984-10-16,341.796
1984-10-17,342.255
1984-10-18,342.551
1984-10-19,342.748
1984-10-20,342.853
1984-10-21,342.963
1984-10-22,343.029
1984-10-23,343.084
1984-10-24,343.146
1984-10-25,343.199
1984-10-26,343.242
1984-10-27,343.273
1984-10-28,343.319
1984-10-29,343.367
1984-10-30,343.398
1984-10-31,343.444
1984-11-01,343.491
1984-11-02,343.525
1984-11-03,343.565
1984-11-04,343.605
1984-11-05,343.651
1984-11-06,343.714
1984-11-07,343.748
1984-11-08,343.784
1984-11-09,343.822
1984-11-10,343.856
1984-11-11,343.893
1984-11-12,343.943
1984-11-13,343.982
1984-11-14,344.035
1984-11-15,344.180
1984-11-16,344.276
1984-11-17,344.362
1984-11-18,344.400
1984-11-19,344.433
1984-11-20,344.469
1984-11-21,344.508
1984-11-22,344.598
1984-11-23,344.822
1984-11-24,344.972
1984-11-25,345.040
1984-11-26,345.091
1984-11-27,345.140
1984-11-28,345.187
1984-11-29,345.226
1984-11-30,345.296
1984-12-01,345.347
1984-12-02,345.392
1984-12-03,345.426
1984-12-04,345.484
1984-12-05,345.591
1984-12-06,345.648
1984-12-07,345.692
1984-12-08,345.741
1984-12-09,345.788
1984-12-10,345.813
1984-12-11,345.840
1984-12-12,345.860
1984-12-13,345.873
1984-12-14,345.889
1984-12-15,345.913
1984-12-16,345.938
1984-12-17,346.029
1984-12-18,346.047
1984-12-19,346.114
1984-12-20,346.280
1984-12-21,346.728
1984-12-22,347.150
1984-12-23,347.280
1984-12-24,347.354
1984-12-25,347.370
1984-12-26,347.348
1984-12-27,347.323
1984-12-28,347.316
1984-12-29,347.271
1984-12-30,347.226
1984-12-31,347.183
1985-01-01,347.130
1985-01-02,347.078
1985-01-03,347.047
1985-01-04,347.034
1985-01-05,347.027
1985-01-06,347.059
1985-01-07,347.067
1985-01-08,347.040
1985-01-09,346.996
1985-01-10,346.986
1985-01-11,347.094
1985-01-12,347.197
1985-01-13,347.243
1985-01-14,347.231
1985-01-15,347.214
1985-01-16,347.173
1985-01-17,347.119
1985-01-18,347.063
1985-01-19,347.005
1985-01-20,346.949
1985-01-21,346.914
1985-01-22,346.864
1985-01-23,346.820
1985-01-24,346.788
1985-01-25,346.739
1985-01-26,346.668
1985-01-27,346.606
1985-01-28,346.555
1985-01-29,346.467
1985-01-30,346.405
1985-01-31,346.338
1985-02-01,346.278
1985-02-02,346.219
1985-02-03,346.147
1985-02-04,346.068
1985-02-05,346.001
1985-02-06,345.926
1985-02-07,345.889
1985-02-08,345.829
1985-02-09,345.803
1985-02-10,345.810
1985-02-11,345.809
1985-02-12,345.786
1985-02-13,345.801
1985-02-14,345.820
1985-02-15,345.803
1985-02-17,345.800
1985-02-18,345.806
1985-02-19,345.797
1985-02-20,345.799
1985-02-21,345.792
1985-02-22,345.789
1985-02-23,345.795
1985-02-24,345.792
1985-02-25,345.782
1985-02-26,345.777
1985-02-27,345.773
1985-02-28,345.781
1985-03-01,345.840
1985-03-02,345.872
1985-03-03,345.882
1985-03-04,345.884
1985-03-05,345.890
1985-03-06,345.908
1985-03-07,345.908
1985-03-09,345.894
1985-03-10,345.887
1985-03-11,345.881
1985-03-12,345.882
1985-03-13,345.864
1985-03-14,345.853
1985-03-15,345.846
1985-03-16,345.842
1985-03-17,345.834
1985-03-18,345.830
1985-03-19,345.819
1985-03-20,345.812
1985-03-21,345.812
1985-03-22,345.817
1985-03-23,345.784
1985-03-24,345.775
1985-03-25,345.740
1985-03-26,345.718
1985-03-27,345.708
1985-03-28,345.698
1985-03-29,345.695
1985-03-30,345.686
1985-03-31,345.668
1985-04-01,345.679
1985-04-02,345.661
1985-04-03,345.645
1985-04-04,345.630
1985-04-05,345.620
1985-04-06,345.606
1985-04-07,345.601
1985-04-08,345.593
1985-04-09,345.582
1985-04-10,345.565
1985-04-11,345.544
1985-04-12,345.520
1985-04-13,345.504
1985-04-14,345.488
1985-04-15,345.474
1985-04-16,345.451
1985-04-17,345.396
1985-04-18,345.322
1985-04-19,345.414
1985-04-20,345.521
1985-04-21,345.702
1985-04-22,345.720
1985-04-23,345.654
1985-04-24,345.640
1985-04-25,345.633
1985-04-26,345.647
1985-04-27,345.660
1985-04-28,345.675
1985-04-29,345.681
1985-04-30,345.690
1985-05-01,345.699
1985-05-02,345.708
1985-05-03,345.715
1985-05-04,345.724
1985-05-05,345.737
1985-05-06,345.750
1985-05-07,345.762
1985-05-08,345.790
1985-05-09,345.901
1985-05-10,345.958
1985-05-11,345.957
1985-05-12,345.950
1985-05-13,345.947
1985-05-14,345.936
1985-05-15,345.929
1985-05-16,345.935
1985-05-17,345.936
1985-05-19,345.934
1985-05-20,345.954
1985-05-21,345.978
1985-05-22,345.945
1985-05-23,345.916
1985-05-24,345.905
1985-05-27,345.901
1985-05-28,345.899
1985-05-30,345.899
1985-05-31,345.905
1985-06-01,345.818
1985-06-02,345.724
1985-06-03,345.625
1985-06-04,345.524
1985-06-05,345.453
1985-06-06,345.415
1985-06-07,345.340
1985-06-08,345.250
1985-06-09,345.168
1985-06-10,345.079
1985-06-11,344.966
1985-06-12,344.902
1985-06-13,344.803
1985-06-14,344.719
1985-06-15,344.631
1985-06-16,344.568
1985-06-17,344.510
1985-06-18,344.538
1985-06-19,344.592
1985-06-20,344.638
1985-06-21,344.694
1985-06-22,344.737
1985-06-23,344.758
1985-06-24,344.786
1985-06-25,344.812
1985-06-26,344.830
1985-06-27,344.848
1985-06-28,344.864
1985-06-29,344.880
1985-06-30,344.895
1985-07-01,344.916
1985-07-02,344.922
1985-07-03,344.938
1985-07-04,344.956
1985-07-05,344.990
1985-07-06,345.042
1985-07-07,345.079
1985-07-08,345.097
1985-07-09,345.117
1985-07-10,345.129
1985-07-11,345.143
1985-07-12,345.158
1985-07-13,345.163
1985-07-14,345.185
1985-07-15,345.198
1985-07-16,345.210
1985-07-17,345.250
1985-07-18,345.342
1985-07-19,345.395
1985-07-20,345.425
1985-07-21,345.454
1985-07-22,345.478
1985-07-23,345.498
1985-07-24,345.518
1985-07-25,345.540
1985-07-26,345.554
1985-07-27,345.564
1985-07-28,345.577
1985-07-29,345.590
1985-07-30,345.604
1985-07-31,345.622
1985-08-01,345.665
1985-08-02,345.637
1985-08-03,345.587
1985-08-04,345.530
1985-08-05,345.465
1985-08-06,345.433
1985-08-07,345.395
1985-08-08,345.361
1985-08-09,345.338
1985-08-10,345.377
1985-08-11,345.392
1985-08-12,345.378
1985-08-13,345.302
1985-08-14,345.213
1985-08-15,345.131
1985-08-16,345.039
1985-08-17,344.957
1985-08-18,344.874
1985-08-19,344.916
1985-08-20,344.995
1985-08-21,345.024
1985-08-22,345.048
1985-08-23,345.054
1985-08-24,345.057
1985-08-25,345.068
1985-08-26,345.091
1985-08-27,345.077
1985-08-28,345.030
1985-08-29,344.945
1985-08-30,344.862
1985-08-31,344.779
1985-09-01,344.703
1985-09-02,344.613
1985-09-03,344.534
1985-09-04,344.554
1985-09-05,344.619
1985-09-06,344.651
1985-09-07,344.673
1985-09-08,344.657
1985-09-09,344.645
1985-09-10,344.619
1985-09-11,344.588
1985-09-12,344.544
1985-09-13,344.484
1985-09-14,344.413
1985-09-15,344.347
1985-09-16,344.256
1985-09-17,344.166
1985-09-18,344.070
1985-09-19,343.990
1985-09-20,343.899
1985-09-21,343.881
1985-09-22,343.899
1985-09-23,343.924
1985-09-24,343.941
1985-09-25,343.959
1985-09-26,343.991
1985-09-27,344.093
1985-09-28,344.174
1985-09-29,344.210
1985-09-30,344.227
1985-10-01,344.255
1985-10-02,344.287
1985-10-03,344.306
1985-10-04,344.323
1985-10-05,344.352
1985-10-06,344.380
1985-10-07,344.406
1985-10-08,344.427
1985-10-09,344.471
1985-10-10,344.477
1985-10-11,344.497
1985-10-12,344.524
1985-10-13,344.550
1985-10-14,344.588
1985-10-15,344.608
1985-10-16,344.631
1985-10-17,344.642
1985-10-18,344.662
1985-10-19,344.685
1985-10-20,344.698
1985-10-21,344.712
1985-10-22,344.707
1985-10-23,344.710
1985-10-24,344.733
1985-10-25,344.748
1985-10-26,344.761
1985-10-27,344.775
1985-10-28,344.793
1985-10-29,344.804
1985-10-30,344.790
1985-10-31,344.789
1985-11-01,344.819
1985-11-02,344.848
1985-11-03,344.859
1985-11-04,344.866
1985-11-05,344.877
1985-11-06,344.892
1985-11-07,344.902
1985-11-08,344.909
1985-11-09,344.920
1985-11-10,344.933
1985-11-11,344.952
1985-11-12,344.979
1985-11-13,345.004
1985-11-14,345.032
1985-11-15,345.062
1985-11-16,345.078
1985-11-17,345.083
1985-11-18,345.154
1985-11-19,345.390
1985-11-20,345.585
1985-11-21,345.727
1985-11-22,345.813
1985-11-23,345.848
1985-11-24,345.860
1985-11-25,345.862
1985-11-26,345.858
1985-11-27,345.854
1985-11-28,345.853
1985-11-29,345.845
1985-11-30,345.838
1985-12-01,345.847
1985-12-02,345.857
1985-12-03,345.860
1985-12-04,345.848
1985-12-05,345.832
1985-12-06,345.792
1985-12-07,345.728
1985-12-08,345.670
1985-12-09,345.603
1985-12-10,345.545
1985-12-11,345.469
1985-12-12,345.401
1985-12-13,345.345
1985-12-14,345.346
1985-12-15,345.347
1985-12-16,345.356
1985-12-17,345.364
1985-12-18,345.369
1985-12-19,345.373
1985-12-20,345.397
1985-12-21,345.438
1985-12-22,345.492
1985-12-23,345.549
1985-12-24,345.617
1985-12-25,345.670
1985-12-26,345.721
1985-12-27,345.759
1985-12-28,345.826
1985-12-29,345.902
1985-12-30,345.852
1985-12-31,345.794
1986-01-01,345.754
1986-01-02,345.747
1986-01-03,345.717
1986-01-04,345.713
1986-01-05,345.684
1986-01-06,345.659
1986-01-07,345.654
1986-01-08,345.656
1986-01-09,345.661
1986-01-10,345.676
1986-01-11,345.684
1986-01-12,345.702
1986-01-13,345.754
1986-01-14,345.786
1986-01-15,345.790
1986-01-16,345.801
1986-01-17,345.815
1986-01-18,345.808
1986-01-19,345.799
1986-01-20,345.803
1986-01-21,345.809
1986-01-22,345.736
1986-01-23,345.682
1986-01-24,345.626
1986-01-25,345.544
1986-01-26,345.467
1986-01-27,345.397
1986-01-28,345.312
1986-01-29,345.207
1986-01-30,345.191
1986-01-31,345.175
1986-02-01,345.144
1986-02-02,345.128
1986-02-03,345.120
1986-02-04,345.099
1986-02-05,345.092
1986-02-06,345.104
1986-02-07,345.127
1986-02-08,345.132
1986-02-09,345.139
1986-02-10,345.156
1986-02-11,345.166
1986-02-12,345.174
1986-02-13,345.172
1986-02-14,345.178
1986-02-15,345.187
1986-02-16,345.193
1986-02-17,345.202
1986-02-18,345.216
1986-02-19,345.237
1986-02-20,345.293
1986-02-21,345.384
1986-02-22,345.436
1986-02-23,345.494
1986-02-24,345.529
1986-02-25,345.573
1986-02-26,345.639
1986-02-27,345.712
1986-02-28,345.763
1986-03-01,345.786
1986-03-02,345.802
1986-03-03,345.815
1986-03-04,345.824
1986-03-05,345.809
1986-03-06,345.793
1986-03-07,345.778
1986-03-08,345.767
1986-03-09,345.737
1986-03-10,345.725
1986-03-11,345.766
1986-03-12,345.833
1986-03-13,345.871
1986-03-14,345.909
1986-03-15,345.901
1986-03-16,345.899
1986-03-17,345.887
1986-03-18,345.874
1986-03-19,345.841
1986-03-20,345.809
1986-03-21,345.788
1986-03-22,345.788
1986-03-23,345.798
1986-03-24,345.806
1986-03-25,345.801
1986-03-26,345.804
1986-03-27,345.816
1986-03-28,345.835
1986-03-29,345.852
1986-03-30,345.868
1986-03-31,345.878
1986-04-01,345.894
1986-04-02,345.897
1986-04-03,345.906
1986-04-04,345.916
1986-04-05,345.920
1986-04-06,345.998
1986-04-07,345.960
1986-04-08,345.911
1986-04-09,345.916
1986-04-10,345.922
1986-04-11,345.902
1986-04-12,345.890
1986-04-13,345.872
1986-04-14,345.858
1986-04-15,345.839
1986-04-16,345.831
1986-04-17,345.823
1986-04-18,345.811
1986-04-19,345.802
1986-04-20,345.801
1986-04-21,345.792
1986-04-22,345.797
1986-04-23,345.792
1986-04-24,345.789
1986-04-25,345.785
1986-04-26,345.814
1986-04-27,345.893
1986-04-28,345.898
1986-04-29,345.884
1986-04-30,345.864
1986-05-01,345.829
1986-05-02,345.814
1986-05-03,345.813
1986-05-04,345.808
1986-05-05,345.796
1986-05-06,345.798
1986-05-07,345.801
1986-05-08,345.803
1986-05-09,345.808
1986-05-10,345.803
1986-05-11,345.807
1986-05-12,345.815
1986-05-13,345.820
1986-05-14,345.811
1986-05-15,345.801
1986-05-16,345.788
1986-05-17,345.780
1986-05-18,345.774
1986-05-19,345.766
1986-05-20,345.756
1986-05-21,345.760
1986-05-22,345.757
1986-05-23,345.749
1986-05-24,345.751
1986-05-25,345.762
1986-05-26,345.773
1986-05-27,345.777
1986-05-28,345.799
1986-05-29,345.807
1986-05-30,345.868
1986-05-31,345.886
1986-06-01,345.831
1986-06-02,345.790
1986-06-03,345.774
1986-06-04,345.771
1986-06-05,345.763
1986-06-06,345.765
1986-06-07,345.748
1986-06-08,345.742
1986-06-09,345.800
1986-06-10,345.866
1986-06-11,345.955
1986-06-12,345.984
1986-06-13,346.020
1986-06-14,345.992
1986-06-15,345.932
1986-06-16,345.896
1986-06-17,345.871
1986-06-18,345.851
1986-06-19,345.833
1986-06-20,345.815
1986-06-21,345.847
1986-06-22,345.891
1986-06-23,345.897
1986-06-24,345.900
1986-06-25,345.885
1986-06-26,345.862
1986-06-27,345.832
1986-06-28,345.838
1986-06-29,345.848
1986-06-30,345.854
1986-07-01,345.856
1986-07-02,345.851
1986-07-03,345.851
1986-07-04,345.850
1986-07-05,345.846
1986-07-06,345.852
1986-07-07,345.855
1986-07-08,345.854
1986-07-09,345.849
1986-07-10,345.845
1986-07-11,345.839
1986-07-12,345.839
1986-07-13,345.830
1986-07-14,345.824
1986-07-15,345.815
1986-07-16,345.807
1986-07-17,345.805
1986-07-18,345.791
1986-07-19,345.783
1986-07-20,345.769
1986-07-21,345.757
1986-07-22,345.679
1986-07-23,345.583
1986-07-24,345.496
1986-07-25,345.449
1986-07-26,345.369
1986-07-27,345.279
1986-07-28,345.205
1986-07-29,345.121
1986-07-30,345.025
1986-07-31,344.946
1986-08-01,344.892
1986-08-02,344.815
1986-08-03,344.726
1986-08-04,344.647
1986-08-05,344.545
1986-08-06,344.453
1986-08-07,344.359
1986-08-08,344.261
1986-08-09,344.190
1986-08-10,344.085
1986-08-11,343.994
1986-08-12,343.914
1986-08-13,343.834
1986-08-14,343.733
1986-08-15,343.632
1986-08-16,343.537
1986-08-17,343.433
1986-08-18,343.340
1986-08-19,343.262
1986-08-20,343.208
1986-08-21,343.131
1986-08-22,343.026
1986-08-23,342.937
1986-08-24,342.840
1986-08-25,342.748
1986-08-26,342.670
1986-08-27,342.544
1986-08-28,342.480
1986-08-29,342.380
1986-08-30,342.272
1986-08-31,342.182
1986-09-01,342.085
1986-09-02,341.998
1986-09-03,341.902
1986-09-04,341.809
1986-09-05,341.721
1986-09-06,341.664
1986-09-07,341.644
1986-09-08,341.615
1986-09-09,341.572
1986-09-10,341.524
1986-09-11,341.487
1986-09-12,341.458
1986-09-13,341.418
1986-09-14,341.393
1986-09-15,341.376
1986-09-16,341.384
1986-09-17,341.390
1986-09-18,341.399
1986-09-19,341.405
1986-09-20,341.410
1986-09-21,341.417
1986-09-22,341.428
1986-09-23,341.442
1986-09-24,341.457
1986-09-25,341.478
1986-09-26,341.499
1986-09-27,341.552
1986-09-28,341.604
1986-09-29,341.655
1986-09-30,341.676
1986-10-01,341.704
1986-10-02,341.732
1986-10-03,341.806
1986-10-04,341.923
1986-10-05,342.031
1986-10-06,342.091
1986-10-07,342.146
1986-10-08,342.183
1986-10-09,342.216
1986-10-10,342.248
1986-10-11,342.276
1986-10-12,342.305
1986-10-13,342.343
1986-10-14,342.376
1986-10-15,342.417
1986-10-16,342.450
1986-10-17,342.485
1986-10-18,342.511
1986-10-19,342.539
1986-10-20,342.572
1986-10-21,342.597
1986-10-22,342.625
1986-10-23,342.654
1986-10-24,342.685
1986-10-25,342.720
1986-10-26,342.746
1986-10-27,342.772
1986-10-28,342.803
1986-10-29,342.824
1986-10-30,342.850
1986-10-31,342.874
1986-11-01,342.912
1986-11-02,342.936
1986-11-03,342.969
1986-11-04,342.996
1986-11-05,343.027
1986-11-06,343.071
1986-11-07,343.131
1986-11-08,343.170
1986-11-09,343.201
1986-11-10,343.236
1986-11-11,343.273
1986-11-12,343.296
1986-11-13,343.320
1986-11-14,343.326
1986-11-15,343.339
1986-11-16,343.362
1986-11-17,343.380
1986-11-18,343.400
1986-11-19,343.431
1986-11-20,343.452
1986-11-21,343.409
1986-11-22,343.330
1986-11-23,343.256
1986-11-24,343.218
1986-11-25,343.180
1986-11-26,343.152
1986-11-27,343.089
1986-11-28,343.025
1986-11-29,343.007
1986-11-30,342.973
1986-12-01,342.941
1986-12-02,342.914
1986-12-03,342.924
1986-12-04,342.942
1986-12-05,342.960
1986-12-06,342.981
1986-12-07,343.000
1986-12-08,343.019
1986-12-09,343.050
1986-12-10,343.070
1986-12-11,343.101
1986-12-12,343.132
1986-12-13,343.165
1986-12-14,343.207
1986-12-15,343.243
1986-12-16,343.179
1986-12-17,343.111
1986-12-18,343.047
1986-12-19,343.015
1986-12-20,343.025
1986-12-21,343.068
1986-12-22,343.124
1986-12-23,343.196
1986-12-24,343.266
1986-12-25,343.324
1986-12-26,343.347
1986-12-27,343.371
1986-12-28,343.407
1986-12-29,343.446
1986-12-30,343.510
1986-12-31,343.548
1987-01-01,343.578
1987-01-02,343.603
1987-01-03,343.625
1987-01-04,343.650
1987-01-05,343.671
1987-01-06,343.694
1987-01-07,343.725
1987-01-08,343.743
1987-01-09,343.758
1987-01-10,343.778
1987-01-11,343.805
1987-01-12,343.828
1987-01-13,343.845
1987-01-14,343.901
1987-01-15,343.995
1987-01-16,344.073
1987-01-17,344.103
1987-01-18,344.174
1987-01-19,344.206
1987-01-20,344.226
1987-01-21,344.264
1987-01-22,344.407
1987-01-23,344.552
1987-01-24,344.635
1987-01-25,344.665
1987-01-26,344.714
1987-01-27,344.752
1987-01-28,344.825
1987-01-29,344.971
1987-01-30,345.012
1987-01-31,345.069
1987-02-01,345.113
1987-02-02,345.171
1987-02-03,345.204
1987-02-04,345.389
1987-02-05,345.542
1987-02-06,345.605
1987-02-07,345.639
1987-02-08,345.673
1987-02-09,345.707
1987-02-10,345.732
1987-02-11,345.752
1987-02-12,345.769
1987-02-13,345.761
1987-02-14,345.773
1987-02-15,345.774
1987-02-16,345.775
1987-02-17,345.775
1987-02-18,345.789
1987-02-19,345.791
1987-02-20,345.788
1987-02-21,345.796
1987-02-22,345.788
1987-02-23,345.812
1987-02-24,345.825
1987-02-25,345.830
1987-02-26,345.833
1987-02-27,345.841
1987-02-28,345.848
1987-03-01,345.849
1987-03-02,345.846
1987-03-03,345.849
1987-03-04,345.862
1987-03-05,345.864
1987-03-06,345.856
1987-03-07,345.851
1987-03-08,345.839
1987-03-09,345.823
1987-03-10,345.928
1987-03-11,346.005
1987-03-12,346.031
1987-03-13,346.000
1987-03-14,345.933
1987-03-15,345.879
1987-03-16,345.796
1987-03-17,345.762
1987-03-18,345.738
1987-03-19,345.730
1987-03-20,345.726
1987-03-21,345.722
1987-03-22,345.721
1987-03-23,345.725
1987-03-24,345.726
1987-03-25,345.740
1987-03-26,345.751
1987-03-27,345.770
1987-03-28,345.770
1987-03-29,345.798
1987-03-30,345.935
1987-03-31,346.252
1987-04-01,346.365
1987-04-02,346.371
1987-04-03,346.322
1987-04-04,346.257
1987-04-05,346.182
1987-04-06,346.117
1987-04-07,346.039
1987-04-08,345.972
1987-04-09,345.955
1987-04-10,345.947
1987-04-11,345.924
1987-04-12,345.900
1987-04-13,345.883
1987-04-14,345.877
1987-04-15,345.869
1987-04-16,345.842
1987-04-18,345.846
1987-04-20,345.851
1987-04-21,345.883
1987-04-22,345.954
1987-04-23,345.927
1987-04-24,345.877
1987-04-25,345.851
1987-04-26,345.852
1987-04-27,345.815
1987-04-28,345.811
1987-04-29,345.799
1987-04-30,345.811
1987-05-01,345.825
1987-05-02,345.827
1987-05-03,345.826
1987-05-04,345.844
1987-05-05,345.824
1987-05-06,345.794
1987-05-07,345.789
1987-05-08,345.790
1987-05-09,345.789
1987-05-10,345.791
1987-05-11,345.790
1987-05-12,345.789
1987-05-13,345.798
1987-05-14,345.783
1987-05-15,345.789
1987-05-16,345.788
1987-05-17,345.797
1987-05-18,345.789
1987-05-19,345.794
1987-05-20,345.787
1987-05-21,345.770
1987-05-22,345.778
1987-05-23,345.784
1987-05-24,345.796
1987-05-25,345.801
1987-05-26,345.833
1987-05-27,345.888
1987-05-28,345.904
1987-05-29,346.045
1987-05-30,346.026
1987-05-31,346.023
1987-06-01,345.991
1987-06-02,345.947
1987-06-03,345.928
1987-06-04,345.982
1987-06-05,345.977
1987-06-06,345.944
1987-06-07,345.919
1987-06-08,345.913
1987-06-09,345.928
1987-06-10,345.943
1987-06-11,345.940
1987-06-12,345.938
1987-06-13,345.929
1987-06-14,346.036
1987-06-15,346.049
1987-06-16,346.003
1987-06-17,345.947
1987-06-18,345.916
1987-06-19,345.898
1987-06-20,345.880
1987-06-21,345.861
1987-06-22,345.850
1987-06-23,345.857
1987-06-24,345.867
1987-06-25,345.898
1987-06-26,345.922
1987-06-27,345.904
1987-06-28,345.873
1987-06-29,345.851
1987-06-30,345.841
1987-07-01,345.833
1987-07-02,345.820
1987-07-03,345.806
1987-07-04,345.798
1987-07-05,345.796
1987-07-06,345.800
1987-07-07,345.810
1987-07-08,345.813
1987-07-09,345.814
1987-07-10,345.795
1987-07-11,345.808
1987-07-12,345.792
1987-07-13,345.793
1987-07-14,345.801
1987-07-15,345.801
1987-07-16,345.783
1987-07-17,345.745
1987-07-18,345.692
1987-07-19,345.618
1987-07-20,345.509
1987-07-21,345.453
1987-07-22,345.376
1987-07-23,345.281
1987-07-24,345.185
1987-07-25,345.078
1987-07-26,344.980
1987-07-27,344.885
1987-07-28,344.791
1987-07-29,344.683
1987-07-30,344.591
1987-07-31,344.495
1987-08-01,344.405
1987-08-02,344.322
1987-08-03,344.241
1987-08-04,344.153
1987-08-05,344.071
1987-08-06,343.999
1987-08-07,343.933
1987-08-08,343.869
1987-08-09,343.782
1987-08-10,343.699
1987-08-11,343.599
1987-08-12,343.519
1987-08-13,343.421
1987-08-14,343.336
1987-08-15,343.242
1987-08-16,343.157
1987-08-17,343.068
1987-08-18,342.975
1987-08-19,342.890
1987-08-20,342.795
1987-08-21,342.705
1987-08-22,342.639
1987-08-23,342.580
1987-08-24,342.495
1987-08-25,342.409
1987-08-26,342.320
1987-08-27,342.254
1987-08-28,342.138
1987-08-29,342.058
1987-08-30,341.955
1987-08-31,341.855
1987-09-01,341.755
1987-09-02,341.643
1987-09-03,341.643
1987-09-04,341.639
1987-09-05,341.602
1987-09-06,341.559
1987-09-07,341.527
1987-09-08,341.505
1987-09-09,341.504
1987-09-10,341.495
1987-09-11,341.514
1987-09-12,341.525
1987-09-13,341.544
1987-09-14,341.574
1987-09-15,341.592
1987-09-16,341.620
1987-09-17,341.643
1987-09-18,341.652
1987-09-19,341.667
1987-09-20,341.682
1987-09-21,341.707
1987-09-22,341.748
1987-09-23,341.781
1987-09-24,341.790
1987-09-25,341.805
1987-09-26,341.821
1987-09-27,341.843
1987-09-28,341.882
1987-09-29,341.889
1987-09-30,341.939
1987-10-01,342.018
1987-10-02,342.049
1987-10-03,342.063
1987-10-04,342.087
1987-10-05,342.113
1987-10-06,342.339
1987-10-07,342.603
1987-10-08,342.776
1987-10-09,342.917
1987-10-10,343.010
1987-10-11,343.091
1987-10-12,343.147
1987-10-13,343.196
1987-10-14,343.265
1987-10-15,343.293
1987-10-16,343.325
1987-10-17,343.359
1987-10-18,343.395
1987-10-19,343.436
1987-10-20,343.462
1987-10-21,343.504
1987-10-22,343.535
1987-10-23,343.572
1987-10-24,343.627
1987-10-25,343.690
1987-10-26,343.728
1987-10-27,343.774
1987-10-28,343.829
1987-10-29,343.929
1987-10-30,344.027
1987-10-31,344.083
1987-11-01,344.147
1987-11-02,344.179
1987-11-03,344.243
1987-11-04,344.318
1987-11-05,344.447
1987-11-06,344.491
1987-11-07,344.529
1987-11-08,344.564
1987-11-09,344.598
1987-11-10,344.630
1987-11-11,344.668
1987-11-12,344.706
1987-11-13,344.731
1987-11-14,344.764
1987-11-15,344.799
1987-11-16,344.814
1987-11-17,344.817
1987-11-18,344.811
1987-11-19,344.802
1987-11-20,344.794
1987-11-21,344.794
1987-11-22,344.794
1987-11-23,344.789
1987-11-24,344.789
1987-11-25,344.798
1987-11-26,344.806
1987-11-27,344.816
1987-11-28,344.816
1987-11-29,344.826
1987-11-30,344.833
1987-12-01,344.851
1987-12-02,344.858
1987-12-03,344.957
1987-12-04,345.027
1987-12-05,345.042
1987-12-06,345.070
1987-12-07,345.092
1987-12-08,345.092
1987-12-09,345.082
1987-12-10,345.075
1987-12-11,345.065
1987-12-12,345.057
1987-12-13,345.052
1987-12-14,345.043
1987-12-15,345.030
1987-12-16,345.012
1987-12-17,345.010
1987-12-18,345.017
1987-12-19,345.008
1987-12-20,344.988
1987-12-21,344.975
1987-12-22,344.953
1987-12-23,344.973
1987-12-24,344.987
1987-12-25,344.993
1987-12-26,345.017
1987-12-27,345.008
1987-12-28,345.014
1987-12-29,344.995
1987-12-30,344.974
1987-12-31,344.955
1988-01-01,344.958
1988-01-02,344.953
1988-01-03,344.946
1988-01-04,344.950
1988-01-05,344.948
1988-01-06,344.976
1988-01-07,344.986
1988-01-08,345.007
1988-01-09,345.000
1988-01-10,345.014
1988-01-11,345.038
1988-01-12,345.050
1988-01-13,345.071
1988-01-14,345.089
1988-01-15,345.123
1988-01-16,345.132
1988-01-17,345.158
1988-01-18,345.172
1988-01-19,345.262
1988-01-20,345.364
1988-01-21,345.365
1988-01-22,345.379
1988-01-23,345.370
1988-01-24,345.362
1988-01-25,345.365
1988-01-26,345.377
1988-01-27,345.376
1988-01-28,345.377
1988-01-29,345.381
1988-01-30,345.399
1988-01-31,345.417
1988-02-01,345.437
1988-02-02,345.425
1988-02-03,345.442
1988-02-04,345.444
1988-02-05,345.445
1988-02-06,345.453
1988-02-07,345.466
1988-02-08,345.479
1988-02-09,345.485
1988-02-10,345.493
1988-02-11,345.503
1988-02-12,345.517
1988-02-13,345.535
1988-02-14,345.554
1988-02-15,345.579
1988-02-16,345.611
1988-02-17,345.647
1988-02-18,345.666
1988-02-19,345.688
1988-02-20,345.712
1988-02-21,345.730
1988-02-22,345.760
1988-02-23,345.831
1988-02-24,345.861
1988-02-25,345.829
1988-02-26,345.834
1988-02-27,345.809
1988-02-28,345.794
1988-02-29,345.779
1988-03-01,345.753
1988-03-02,345.731
1988-03-03,345.726
1988-03-04,345.738
1988-03-05,345.746
1988-03-06,345.749
1988-03-07,345.747
1988-03-08,345.755
1988-03-09,345.768
1988-03-10,345.775
1988-03-11,345.786
1988-03-12,345.808
1988-03-13,345.873
1988-03-14,345.901
1988-03-15,345.948
1988-03-16,345.938
1988-03-17,345.890
1988-03-18,345.865
1988-03-19,345.854
1988-03-20,345.857
1988-03-21,345.866
1988-03-22,345.868
1988-03-23,345.857
1988-03-24,345.861
1988-03-25,345.860
1988-03-26,345.889
1988-03-27,345.879
1988-03-28,345.890
1988-03-29,345.870
1988-03-30,345.872
1988-03-31,345.876
1988-04-01,345.898
1988-04-02,345.867
1988-04-03,345.837
1988-04-04,345.822
1988-04-05,345.831
1988-04-06,345.832
1988-04-07,345.812
1988-04-08,345.819
1988-04-09,345.873
1988-04-10,345.863
1988-04-11,345.841
1988-04-12,345.827
1988-04-13,345.823
1988-04-14,345.828
1988-04-15,345.826
1988-04-16,345.833
1988-04-17,345.828
1988-04-18,345.827
1988-04-19,345.825
1988-04-20,345.820
1988-04-21,345.817
1988-04-24,345.816
1988-04-25,345.814
1988-04-26,345.815
1988-04-27,345.811
1988-04-28,345.808
1988-04-29,345.799
1988-04-30,345.800
1988-05-01,345.800
1988-05-02,345.798
1988-05-03,345.769
1988-05-04,345.728
1988-05-05,345.699
1988-05-06,345.646
1988-05-07,345.598
1988-05-08,345.544
1988-05-09,345.508
1988-05-10,345.463
1988-05-11,345.425
1988-05-12,345.393
1988-05-13,345.350
1988-05-14,345.315
1988-05-15,345.281
1988-05-16,345.227
1988-05-17,345.182
1988-05-18,345.139
1988-05-19,345.145
1988-05-20,345.235
1988-05-21,345.223
1988-05-22,345.200
1988-05-23,345.147
1988-05-24,345.109
1988-05-25,345.076
1988-05-26,345.027
1988-05-27,344.993
1988-05-28,344.947
1988-05-29,344.911
1988-05-30,344.877
1988-05-31,344.830
1988-06-01,344.789
1988-06-02,344.737
1988-06-03,344.697
1988-06-04,344.656
1988-06-05,344.614
1988-06-06,344.575
1988-06-07,344.548
1988-06-08,344.576
1988-06-09,344.587
1988-06-10,344.563
1988-06-11,344.529
1988-06-12,344.499
1988-06-13,344.460
1988-06-14,344.420
1988-06-15,344.378
1988-06-16,344.349
1988-06-17,344.374
1988-06-18,344.368
1988-06-19,344.382
1988-06-20,344.387
1988-06-21,344.370
1988-06-22,344.343
1988-06-23,344.314
1988-06-24,344.284
1988-06-25,344.261
1988-06-26,344.245
1988-06-27,344.256
1988-06-28,344.238
1988-06-29,344.239
1988-06-30,344.260
1988-07-01,344.289
1988-07-02,344.315
1988-07-03,344.322
1988-07-04,344.337
1988-07-05,344.360
1988-07-06,344.370
1988-07-07,344.388
1988-07-08,344.403
1988-07-09,344.415
1988-07-10,344.466
1988-07-11,344.510
1988-07-12,344.525
1988-07-13,344.532
1988-07-14,344.545
1988-07-15,344.559
1988-07-16,344.570
1988-07-17,344.577
1988-07-18,344.590
1988-07-19,344.603
1988-07-20,344.612
1988-07-21,344.619
1988-07-22,344.631
1988-07-23,344.670
1988-07-24,344.850
1988-07-25,344.950
1988-07-26,345.009
1988-07-27,345.093
1988-07-28,345.137
1988-07-29,345.167
1988-07-30,345.159
1988-07-31,345.147
1988-08-01,345.122
1988-08-02,345.062
1988-08-03,344.996
1988-08-04,344.904
1988-08-05,344.823
1988-08-06,344.729
1988-08-07,344.633
1988-08-08,344.563
1988-08-09,344.539
1988-08-10,344.527
1988-08-11,344.514
1988-08-12,344.467
1988-08-13,344.417
1988-08-14,344.317
1988-08-15,344.242
1988-08-16,344.170
1988-08-17,344.101
1988-08-18,344.047
1988-08-19,343.994
1988-08-20,343.900
1988-08-21,343.830
1988-08-22,343.755
1988-08-23,343.711
1988-08-24,343.653
1988-08-25,343.576
1988-08-26,343.575
1988-08-27,343.593
1988-08-28,343.576
1988-08-29,343.553
1988-08-30,343.585
1988-08-31,343.614
1988-09-01,343.636
1988-09-02,343.653
1988-09-03,343.671
1988-09-04,343.690
1988-09-05,343.690
1988-09-06,343.663
1988-09-07,343.632
1988-09-08,343.597
1988-09-09,343.560
1988-09-10,343.521
1988-09-11,343.476
1988-09-12,343.550
1988-09-13,343.879
1988-09-14,344.008
1988-09-15,344.076
1988-09-16,344.122
1988-09-17,344.164
1988-09-18,344.202
1988-09-19,344.247
1988-09-20,344.331
1988-09-21,344.430
1988-09-22,344.499
1988-09-23,344.542
1988-09-24,344.574
1988-09-25,344.620
1988-09-26,344.660
1988-09-27,344.693
1988-09-28,344.721
1988-09-29,344.748
1988-09-30,344.812
1988-10-01,344.887
1988-10-02,344.920
1988-10-03,344.961
1988-10-04,345.002
1988-10-05,345.102
1988-10-06,345.185
1988-10-07,345.261
1988-10-08,345.318
1988-10-09,345.360
1988-10-10,345.410
1988-10-11,345.496
1988-10-12,345.581
1988-10-13,345.671
1988-10-14,345.796
1988-10-15,345.829
1988-10-16,345.943
1988-10-17,345.961
1988-10-18,346.026
1988-10-19,346.056
1988-10-20,346.036
1988-10-21,345.998
1988-10-22,345.962
1988-10-23,345.929
1988-10-24,345.922
1988-10-25,345.928
1988-10-26,345.934
1988-10-27,345.930
1988-10-28,345.955
1988-10-29,346.006
1988-10-30,346.038
1988-10-31,346.095
1988-11-01,346.103
1988-11-02,346.084
1988-11-03,346.047
1988-11-04,346.037
1988-11-05,345.997
1988-11-06,345.950
1988-11-07,345.895
1988-11-08,345.893
1988-11-09,345.897
1988-11-10,345.892
1988-11-11,345.905
1988-11-12,345.910
1988-11-13,345.909
1988-11-14,345.897
1988-11-15,345.891
1988-11-16,345.906
1988-11-17,345.901
1988-11-18,345.896
1988-11-19,345.918
1988-11-20,345.923
1988-11-21,345.913
1988-11-22,345.893
1988-11-23,345.865
1988-11-24,345.844
1988-11-25,345.818
1988-11-26,345.793
1988-11-27,345.810
1988-11-28,345.866
1988-11-29,345.895
1988-11-30,345.860
1988-12-01,345.818
1988-12-02,345.778
1988-12-03,345.762
1988-12-04,345.763
1988-12-05,345.759
1988-12-06,345.784
1988-12-07,345.858
1988-12-08,345.891
1988-12-09,345.843
1988-12-10,345.765
1988-12-11,345.772
1988-12-12,345.840
1988-12-13,345.890
1988-12-14,345.852
1988-12-15,345.829
1988-12-16,345.825
1988-12-17,345.825
1988-12-18,345.845
1988-12-19,345.840
1988-12-20,345.855
1988-12-21,345.867
1988-12-22,345.906
1988-12-23,345.893
1988-12-24,345.863
1988-12-25,345.833
1988-12-26,345.803
1988-12-27,345.783
1988-12-28,345.738
1988-12-29,345.710
1988-12-30,345.723
1988-12-31,345.736
1989-01-01,345.739
1989-01-02,345.741
1989-01-03,345.748
1989-01-04,345.746
1989-01-05,345.739
1989-01-06,345.739
1989-01-07,345.749
1989-01-08,345.759
1989-01-09,345.771
1989-01-10,345.774
1989-01-11,345.775
1989-01-12,345.781
1989-01-13,345.805
1989-01-14,345.811
1989-01-15,345.804
1989-01-16,345.797
1989-01-17,345.788
1989-01-18,345.779
1989-01-19,345.761
1989-01-20,345.734
1989-01-21,345.745
1989-01-22,345.744
1989-01-23,345.745
1989-01-24,345.727
1989-01-25,345.703
1989-01-26,345.701
1989-01-27,345.696
1989-01-28,345.702
1989-01-29,345.711
1989-01-30,345.715
1989-01-31,345.717
1989-02-01,345.721
1989-02-02,345.715
1989-02-03,345.714
1989-02-04,345.745
1989-02-05,345.758
1989-02-06,345.770
1989-02-07,345.774
1989-02-08,345.778
1989-02-09,345.781
1989-02-10,345.802
1989-02-11,345.810
1989-02-12,345.813
1989-02-13,345.819
1989-02-14,345.819
1989-02-15,345.817
1989-02-16,345.819
1989-02-17,345.795
1989-02-18,345.779
1989-02-19,345.766
1989-02-20,345.736
1989-02-21,345.706
1989-02-22,345.742
1989-02-23,345.818
1989-02-24,345.784
1989-02-25,345.740
1989-02-26,345.721
1989-02-27,345.697
1989-02-28,345.669
1989-03-01,345.659
1989-03-02,345.646
1989-03-03,345.632
1989-03-04,345.620
1989-03-05,345.628
1989-03-06,345.636
1989-03-07,345.648
1989-03-08,345.643
1989-03-09,345.654
1989-03-10,345.624
1989-03-11,345.496
1989-03-12,345.553
1989-03-13,345.693
1989-03-14,345.710
1989-03-15,345.828
1989-03-16,345.883
1989-03-17,345.880
1989-03-18,345.896
1989-03-19,345.905
1989-03-20,345.888
1989-03-21,345.869
1989-03-22,345.865
1989-03-23,345.858
1989-03-24,345.867
1989-03-25,345.874
1989-03-26,345.880
1989-03-27,345.868
1989-03-28,345.856
1989-03-29,345.988
1989-03-30,345.981
1989-03-31,345.897
1989-04-01,345.865
1989-04-02,345.839
1989-04-03,345.830
1989-04-04,345.824
1989-04-05,345.813
1989-04-06,345.804
1989-04-07,345.800
1989-04-08,345.789
1989-04-09,345.771
1989-04-10,345.767
1989-04-11,345.751
1989-04-12,345.741
1989-04-13,345.725
1989-04-14,345.709
1989-04-15,345.694
1989-04-16,345.697
1989-04-17,345.701
1989-04-18,345.688
1989-04-19,345.689
1989-04-20,345.677
1989-04-21,345.666
1989-04-22,345.667
1989-04-23,345.661
1989-04-24,345.651
1989-04-25,345.658
1989-04-26,345.670
1989-04-27,345.668
1989-04-28,345.675
1989-04-29,345.684
1989-04-30,345.731
1989-05-01,345.762
1989-05-02,345.782
1989-05-03,345.805
1989-05-04,345.826
1989-05-05,345.834
1989-05-06,345.834
1989-05-07,345.837
1989-05-08,345.823
1989-05-09,345.823
1989-05-10,345.815
1989-05-11,345.816
1989-05-12,345.809
1989-05-13,345.796
1989-05-14,345.791
1989-05-15,345.790
1989-05-16,345.792
1989-05-17,345.785
1989-05-18,345.779
1989-05-19,345.776
1989-05-20,345.774
1989-05-21,345.766
1989-05-22,345.779
1989-05-23,345.786
1989-05-24,345.791
1989-05-25,345.799
1989-05-26,345.794
1989-05-27,345.794
1989-05-28,345.788
1989-05-29,345.778
1989-05-30,345.773
1989-05-31,345.770
1989-06-01,345.763
1989-06-02,345.755
1989-06-03,345.748
1989-06-04,345.747
1989-06-05,345.740
1989-06-06,345.734
1989-06-07,345.763
1989-06-08,345.901
1989-06-09,345.922
1989-06-10,345.909
1989-06-11,345.908
1989-06-12,345.943
1989-06-13,345.952
1989-06-14,345.968
1989-06-15,345.937
1989-06-16,345.966
1989-06-17,345.971
1989-06-18,345.977
1989-06-19,345.971
1989-06-20,345.975
1989-06-21,345.966
1989-06-22,345.961
1989-06-23,345.947
1989-06-24,345.938
1989-06-25,345.947
1989-06-26,345.937
1989-06-27,345.915
1989-06-28,345.879
1989-06-29,345.842
1989-06-30,345.794
1989-07-01,345.760
1989-07-02,345.718
1989-07-03,345.684
1989-07-04,345.640
1989-07-05,345.624
1989-07-06,345.645
1989-07-07,345.621
1989-07-08,345.602
1989-07-09,345.572
1989-07-10,345.558
1989-07-11,345.553
1989-07-12,345.552
1989-07-13,345.553
1989-07-14,345.555
1989-07-15,345.557
1989-07-16,345.549
1989-07-17,345.534
1989-07-18,345.498
1989-07-19,345.449
1989-07-20,345.389
1989-07-21,345.307
1989-07-22,345.219
1989-07-23,345.108
1989-07-24,345.027
1989-07-25,344.923
1989-07-26,344.806
1989-07-27,344.706
1989-07-28,344.615
1989-07-29,344.524
1989-07-30,344.423
1989-07-31,344.322
1989-08-01,344.230
1989-08-02,344.152
1989-08-03,344.067
1989-08-04,343.985
1989-08-05,343.921
1989-08-06,343.867
1989-08-07,343.813
1989-08-08,343.757
1989-08-09,343.696
1989-08-11,343.540
1989-08-12,343.443
1989-08-13,343.347
1989-08-14,343.258
1989-08-15,343.166
1989-08-16,343.072
1989-08-17,342.982
1989-08-18,342.890
1989-08-19,342.793
1989-08-20,342.704
1989-08-21,342.604
1989-08-22,342.509
1989-08-23,342.407
1989-08-24,342.292
1989-08-25,342.205
1989-08-26,342.130
1989-08-27,342.027
1989-08-28,341.929
1989-08-29,341.818
1989-08-30,341.717
1989-08-31,341.616
1989-09-01,341.514
1989-09-02,341.398
1989-09-03,341.297
1989-09-04,341.192
1989-09-05,341.087
1989-09-06,340.980
1989-09-07,340.867
1989-09-08,340.763
1989-09-09,340.662
1989-09-10,340.551
1989-09-11,340.447
1989-09-12,340.350
1989-09-13,340.269
1989-09-14,340.150
1989-09-15,340.046
1989-09-16,339.964
1989-09-17,339.873
1989-09-18,339.776
1989-09-19,339.679
1989-09-20,339.575
1989-09-21,339.463
1989-09-22,339.359
1989-09-23,339.269
1989-09-24,339.163
1989-09-25,339.052
1989-09-26,338.959
1989-09-27,338.870
1989-09-28,338.779
1989-09-29,338.692
1989-09-30,338.626
1989-10-01,338.553
1989-10-02,338.473
1989-10-03,338.444
1989-10-04,338.448
1989-10-05,338.396
1989-10-06,338.320
1989-10-07,338.238
1989-10-08,338.165
1989-10-09,338.096
1989-10-10,338.045
1989-10-11,338.024
1989-10-12,338.025
1989-10-13,338.023
1989-10-14,338.038
1989-10-15,338.053
1989-10-16,338.071
1989-10-17,338.082
1989-10-18,338.091
1989-10-19,338.089
1989-10-20,338.086
1989-10-21,338.077
1989-10-22,338.075
1989-10-23,338.098
1989-10-24,338.103
1989-10-25,338.070
1989-10-26,338.067
1989-10-27,338.075
1989-10-28,338.065
1989-10-29,338.064
1989-10-30,338.084
1989-10-31,338.098
1989-11-01,338.106
1989-11-02,338.093
1989-11-03,338.077
1989-11-05,338.082
1989-11-06,338.091
1989-11-07,338.137
1989-11-08,338.229
1989-11-09,338.380
1989-11-10,338.525
1989-11-11,338.584
1989-11-12,338.632
1989-11-13,338.675
1989-11-14,338.710
1989-11-15,338.731
1989-11-16,338.733
1989-11-17,338.754
1989-11-18,338.781
1989-11-19,338.797
1989-11-20,338.820
1989-11-21,338.842
1989-11-22,338.856
1989-11-23,338.870
1989-11-24,338.894
1989-11-25,338.905
1989-11-26,338.922
1989-11-27,338.938
1989-11-28,338.950
1989-11-29,338.963
1989-11-30,338.986
1989-12-01,339.002
1989-12-02,339.025
1989-12-03,339.070
1989-12-04,339.160
1989-12-05,339.177
1989-12-06,339.194
1989-12-07,339.209
1989-12-08,339.201
1989-12-09,339.162
1989-12-10,339.119
1989-12-11,339.031
1989-12-12,338.939
1989-12-13,338.856
1989-12-14,338.751
1989-12-15,338.968
1989-12-16,339.240
1989-12-17,339.357
1989-12-18,339.429
1989-12-19,339.480
1989-12-20,339.514
1989-12-21,339.547
1989-12-22,339.588
1989-12-23,339.604
1989-12-24,339.623
1989-12-25,339.650
1989-12-26,339.691
1989-12-27,339.786
1989-12-28,340.079
1989-12-29,340.288
1989-12-30,340.374
1989-12-31,340.431
1990-01-01,340.454
1990-01-02,340.510
1990-01-03,340.546
1990-01-04,340.598
1990-01-05,340.686
1990-01-06,340.715
1990-01-07,340.753
1990-01-08,340.791
1990-01-09,340.797
1990-01-10,340.822
1990-01-11,340.842
1990-01-12,340.870
1990-01-13,340.903
1990-01-14,340.914
1990-01-15,340.943
1990-01-16,340.953
1990-01-17,341.037
1990-01-18,341.168
1990-01-19,341.216
1990-01-20,341.230
1990-01-21,341.264
1990-01-22,341.282
1990-01-23,341.312
1990-01-24,341.323
1990-01-25,341.345
1990-01-26,341.357
1990-01-27,341.377
1990-01-28,341.406
1990-01-29,341.425
1990-01-30,341.444
1990-01-31,341.461
1990-02-01,341.472
1990-02-02,341.483
1990-02-03,341.496
1990-02-04,341.520
1990-02-05,341.540
1990-02-06,341.554
1990-02-07,341.563
1990-02-08,341.580
1990-02-09,341.605
1990-02-10,341.621
1990-02-11,341.637
1990-02-12,341.645
1990-02-13,341.655
1990-02-14,341.675
1990-02-15,341.728
1990-02-16,341.755
1990-02-17,341.775
1990-02-18,341.792
1990-02-19,341.812
1990-02-20,341.822
1990-02-21,341.831
1990-02-22,341.838
1990-02-23,341.869
1990-02-24,341.886
1990-02-25,341.908
1990-02-26,341.892
1990-02-27,341.901
1990-02-28,341.930
1990-03-01,341.932
1990-03-02,341.926
1990-03-03,341.930
1990-03-04,341.931
1990-03-05,341.935
1990-03-06,341.956
1990-03-07,341.985
1990-03-08,342.054
1990-03-09,342.147
1990-03-10,342.286
1990-03-11,342.385
1990-03-12,342.432
1990-03-13,342.530
1990-03-14,342.617
1990-03-15,342.666
1990-03-16,342.707
1990-03-17,342.717
1990-03-18,342.741
1990-03-19,342.767
1990-03-20,342.781
1990-03-21,342.795
1990-03-22,342.802
1990-03-23,342.812
1990-03-24,342.823
1990-03-25,342.828
1990-03-26,342.839
1990-03-27,342.846
1990-03-28,342.861
1990-03-29,342.885
1990-03-30,342.891
1990-03-31,342.874
1990-04-01,342.905
1990-04-02,342.927
1990-04-03,342.951
1990-04-04,342.937
1990-04-05,342.948
1990-04-06,342.957
1990-04-07,342.970
1990-04-08,342.981
1990-04-09,342.976
1990-04-10,342.985
1990-04-11,342.989
1990-04-12,342.995
1990-04-13,343.011
1990-04-14,343.005
1990-04-15,343.020
1990-04-16,343.044
1990-04-17,343.090
1990-04-18,343.093
1990-04-19,343.136
1990-04-20,343.144
1990-04-21,343.136
1990-04-22,343.147
1990-04-23,343.167
1990-04-24,343.228
1990-04-25,343.272
1990-04-26,343.323
1990-04-27,343.374
1990-04-28,343.464
1990-04-29,343.575
1990-04-30,343.628
1990-05-01,343.656
1990-05-02,343.704
1990-05-03,343.771
1990-05-04,343.813
1990-05-05,343.849
1990-05-06,343.901
1990-05-07,344.031
1990-05-08,344.089
1990-05-09,344.131
1990-05-10,344.168
1990-05-11,344.204
1990-05-12,344.249
1990-05-13,344.332
1990-05-14,344.458
1990-05-15,344.496
1990-05-16,344.543
1990-05-17,344.575
1990-05-18,344.620
1990-05-19,344.662
1990-05-20,344.819
1990-05-21,344.905
1990-05-22,344.974
1990-05-23,345.084
1990-05-24,345.151
1990-05-25,345.200
1990-05-26,345.253
1990-05-27,345.287
1990-05-28,345.316
1990-05-29,345.353
1990-05-30,345.373
1990-05-31,345.398
1990-06-01,345.419
1990-06-02,345.464
1990-06-03,345.533
1990-06-04,345.582
1990-06-05,345.613
1990-06-06,345.651
1990-06-07,345.672
1990-06-08,345.689
1990-06-09,345.707
1990-06-10,345.724
1990-06-11,345.741
1990-06-12,345.753
1990-06-13,345.764
1990-06-14,345.778
1990-06-15,345.792
1990-06-16,345.813
1990-06-17,345.831
1990-06-18,345.882
1990-06-19,345.894
1990-06-20,345.890
1990-06-21,345.882
1990-06-22,345.868
1990-06-23,345.861
1990-06-24,345.849
1990-06-25,345.837
1990-06-26,345.836
1990-06-27,345.941
1990-06-28,345.947
1990-06-29,345.890
1990-06-30,345.843
1990-07-01,345.800
1990-07-02,345.736
1990-07-03,345.709
1990-07-04,345.693
1990-07-05,345.676
1990-07-06,345.658
1990-07-07,345.646
1990-07-08,345.649
1990-07-09,345.653
1990-07-10,345.640
1990-07-11,345.628
1990-07-12,345.619
1990-07-13,345.620
1990-07-14,345.630
1990-07-15,345.639
1990-07-16,345.653
1990-07-17,345.669
1990-07-18,345.678
1990-07-19,345.687
1990-07-20,345.697
1990-07-21,345.706
1990-07-22,345.718
1990-07-23,345.729
1990-07-24,345.738
1990-07-25,345.754
1990-07-26,345.883
1990-07-27,345.948
1990-07-28,345.898
1990-07-29,345.812
1990-07-30,345.725
1990-07-31,345.650
1990-08-01,345.572
1990-08-02,345.479
1990-08-03,345.389
1990-08-04,345.316
1990-08-05,345.278
1990-08-06,345.280
1990-08-07,345.243
1990-08-08,345.203
1990-08-09,345.141
1990-08-10,345.055
1990-08-11,344.978
1990-08-12,344.906
1990-08-13,344.825
1990-08-14,344.726
1990-08-15,344.639
1990-08-16,344.562
1990-08-17,344.470
1990-08-18,344.370
1990-08-19,344.286
1990-08-20,344.203
1990-08-21,344.102
1990-08-22,344.006
1990-08-23,343.929
1990-08-24,343.836
1990-08-25,343.803
1990-08-26,343.729
1990-08-27,343.647
1990-08-28,343.556
1990-08-29,343.454
1990-08-30,343.359
1990-08-31,343.278
1990-09-01,343.183
1990-09-02,343.081
1990-09-03,342.981
1990-09-04,342.902
1990-09-05,342.814
1990-09-06,342.748
1990-09-07,342.720
1990-09-08,342.697
1990-09-09,342.681
1990-09-10,342.675
1990-09-11,342.680
1990-09-12,342.685
1990-09-13,342.694
1990-09-14,342.705
1990-09-15,342.713
1990-09-16,342.711
1990-09-17,342.717
1990-09-18,342.715
1990-09-19,342.721
1990-09-20,342.725
1990-09-21,342.731
1990-09-22,342.745
1990-09-23,342.746
1990-09-24,342.744
1990-09-25,342.715
1990-09-26,342.675
1990-09-27,342.640
1990-09-28,342.589
1990-09-29,342.540
1990-09-30,342.501
1990-10-01,342.466
1990-10-02,342.428
1990-10-03,342.380
1990-10-04,342.347
1990-10-05,342.308
1990-10-06,342.282
1990-10-07,342.288
1990-10-08,342.268
1990-10-09,342.230
1990-10-10,342.213
1990-10-11,342.229
1990-10-12,342.252
1990-10-13,342.332
1990-10-14,342.564
1990-10-15,342.709
1990-10-16,342.774
1990-10-17,342.833
1990-10-18,342.883
1990-10-19,342.924
1990-10-20,342.958
1990-10-21,342.997
1990-10-22,343.031
1990-10-23,343.053
1990-10-24,343.079
1990-10-25,343.104
1990-10-26,343.132
1990-10-27,343.172
1990-10-28,343.179
1990-10-29,343.224
1990-10-30,343.238
1990-10-31,343.238
1990-11-01,343.252
1990-11-02,343.286
1990-11-03,343.297
1990-11-04,343.317
1990-11-05,343.335
1990-11-06,343.353
1990-11-07,343.371
1990-11-08,343.405
1990-11-09,343.419
1990-11-10,343.445
1990-11-11,343.466
1990-11-12,343.518
1990-11-13,343.567
1990-11-14,343.602
1990-11-15,343.635
1990-11-16,343.665
1990-11-17,343.697
1990-11-18,343.714
1990-11-19,343.727
1990-11-20,343.706
1990-11-21,343.627
1990-11-22,343.531
1990-11-23,343.452
1990-11-24,343.454
1990-11-25,343.477
1990-11-26,343.478
1990-11-27,343.464
1990-11-28,343.480
1990-11-29,343.501
1990-11-30,343.528
1990-12-01,343.547
1990-12-02,343.558
1990-12-03,343.583
1990-12-04,343.581
1990-12-05,343.588
1990-12-06,343.634
1990-12-07,343.623
1990-12-08,343.657
1990-12-09,343.678
1990-12-10,343.728
1990-12-11,343.846
1990-12-12,344.192
1990-12-13,344.409
1990-12-14,344.608
1990-12-15,344.784
1990-12-16,344.907
1990-12-17,344.962
1990-12-18,345.020
1990-12-19,345.078
1990-12-20,345.126
1990-12-21,345.162
1990-12-22,345.200
1990-12-23,345.235
1990-12-24,345.276
1990-12-25,345.339
1990-12-26,345.400
1990-12-27,345.454
1990-12-28,345.505
1990-12-29,345.560
1990-12-30,345.610
1990-12-31,345.635
1991-01-01,345.672
1991-01-02,345.695
1991-01-03,345.718
1991-01-04,345.735
1991-01-05,345.772
1991-01-06,345.769
1991-01-07,345.838
1991-01-08,345.873
1991-01-09,345.833
1991-01-10,345.808
1991-01-11,345.793
1991-01-12,345.781
1991-01-13,345.771
1991-01-14,345.751
1991-01-15,345.748
1991-01-16,345.745
1991-01-17,345.770
1991-01-18,345.776
1991-01-19,345.751
1991-01-20,345.749
1991-01-21,345.738
1991-01-22,345.730
1991-01-23,345.743
1991-01-24,345.793
1991-01-25,345.802
1991-01-26,345.803
1991-01-27,345.796
1991-01-28,345.843
1991-01-29,345.851
1991-01-30,345.814
1991-01-31,345.819
1991-02-01,345.839
1991-02-02,345.832
1991-02-03,345.820
1991-02-04,345.783
1991-02-05,345.747
1991-02-06,345.764
1991-02-07,345.793
1991-02-08,345.789
1991-02-09,345.783
1991-02-10,345.769
1991-02-11,345.735
1991-02-12,345.723
1991-02-13,345.714
1991-02-14,345.712
1991-02-15,345.814
1991-02-16,345.833
1991-02-17,345.803
1991-02-18,345.772
1991-02-19,345.748
1991-02-20,345.713
1991-02-21,345.681
1991-02-22,345.664
1991-02-23,345.670
1991-02-24,345.636
1991-02-25,345.634
1991-02-26,345.653
1991-02-27,345.654
1991-02-28,345.660
1991-03-01,345.686
1991-03-02,345.693
1991-03-03,345.704
1991-03-04,345.723
1991-03-05,345.738
1991-03-06,345.727
1991-03-08,345.730
1991-03-09,345.729
1991-03-10,345.730
1991-03-11,345.730
1991-03-12,345.730
1991-03-13,345.726
1991-03-14,345.722
1991-03-15,345.717
1991-03-16,345.721
1991-03-17,345.730
1991-03-18,345.732
1991-03-19,345.738
1991-03-20,345.749
1991-03-21,345.757
1991-03-22,345.755
1991-03-23,345.731
1991-03-24,345.668
1991-03-25,345.570
1991-03-26,345.481
1991-03-27,345.401
1991-03-28,345.332
1991-03-29,345.298
1991-03-30,345.258
1991-03-31,345.221
1991-04-01,345.184
1991-04-02,345.171
1991-04-03,345.222
1991-04-04,345.219
1991-04-05,345.241
1991-04-06,345.275
1991-04-07,345.320
1991-04-08,345.343
1991-04-09,345.373
1991-04-10,345.389
1991-04-11,345.411
1991-04-12,345.431
1991-04-13,345.448
1991-04-14,345.466
1991-04-15,345.486
1991-04-16,345.538
1991-04-17,345.584
1991-04-18,345.614
1991-04-19,345.645
1991-04-20,345.701
1991-04-21,345.714
1991-04-22,345.721
1991-04-23,345.724
1991-04-24,345.728
1991-04-25,345.730
1991-04-26,345.730
1991-04-27,345.726
1991-04-28,345.720
1991-04-29,345.712
1991-04-30,345.714
1991-05-01,345.721
1991-05-02,345.725
1991-05-03,345.729
1991-05-04,345.724
1991-05-05,345.730
1991-05-06,345.735
1991-05-07,345.737
1991-05-08,345.738
1991-05-09,345.747
1991-05-10,345.753
1991-05-11,345.759
1991-05-12,345.750
1991-05-13,345.743
1991-05-14,345.729
1991-05-15,345.732
1991-05-16,345.735
1991-05-17,345.750
1991-05-18,345.750
1991-05-19,345.768
1991-05-20,345.768
1991-05-21,345.763
1991-05-22,345.755
1991-05-23,345.726
1991-05-24,345.692
1991-05-25,345.658
1991-05-26,345.624
1991-05-27,345.584
1991-05-28,345.541
1991-05-29,345.495
1991-05-30,345.452
1991-05-31,345.423
1991-06-01,345.387
1991-06-02,345.332
1991-06-03,345.290
1991-06-04,345.255
1991-06-05,345.248
1991-06-06,345.229
1991-06-07,345.194
1991-06-08,345.158
1991-06-09,345.112
1991-06-10,345.068
1991-06-11,345.026
1991-06-12,344.988
1991-06-13,344.944
1991-06-14,344.907
1991-06-15,344.868
1991-06-16,344.815
1991-06-17,344.766
1991-06-18,344.697
1991-06-19,344.638
1991-06-20,344.559
1991-06-21,344.481
1991-06-22,344.403
1991-06-23,344.346
1991-06-24,344.280
1991-06-25,344.211
1991-06-26,344.139
1991-06-27,344.073
1991-06-28,344.005
1991-06-29,343.922
1991-06-30,343.848
1991-07-01,343.783
1991-07-02,343.708
1991-07-03,343.627
1991-07-04,343.559
1991-07-05,343.492
1991-07-06,343.409
1991-07-07,343.329
1991-07-08,343.263
1991-07-09,343.197
1991-07-10,343.117
1991-07-11,343.038
1991-07-12,342.971
1991-07-13,342.896
1991-07-14,342.813
1991-07-15,342.734
1991-07-16,342.650
1991-07-17,342.547
1991-07-18,342.442
1991-07-19,342.351
1991-07-20,342.266
1991-07-21,342.162
1991-07-22,342.070
1991-07-23,342.000
1991-07-24,341.892
1991-07-25,341.792
1991-07-26,341.687
1991-07-27,341.597
1991-07-28,341.502
1991-07-29,341.387
1991-07-30,341.272
1991-07-31,341.190
1991-08-01,341.113
1991-08-02,341.007
1991-08-03,340.902
1991-08-04,340.815
1991-08-05,340.708
1991-08-06,340.620
1991-08-07,340.637
1991-08-08,340.621
1991-08-09,340.798
1991-08-10,340.962
1991-08-11,341.029
1991-08-12,341.085
1991-08-13,341.135
1991-08-14,341.224
1991-08-15,341.382
1991-08-16,341.505
1991-08-17,341.765
1991-08-18,341.909
1991-08-19,341.977
1991-08-20,342.027
1991-08-21,342.075
1991-08-22,342.117
1991-08-23,342.157
1991-08-24,342.186
1991-08-25,342.226
1991-08-26,342.282
1991-08-27,342.307
1991-08-28,342.318
1991-08-29,342.315
1991-08-30,342.324
1991-08-31,342.341
1991-09-01,342.347
1991-09-02,342.371
1991-09-03,342.387
1991-09-04,342.385
1991-09-05,342.373
1991-09-06,342.354
1991-09-07,342.332
1991-09-08,342.309
1991-09-09,342.288
1991-09-10,342.273
1991-09-11,342.288
1991-09-12,342.413
1991-09-13,342.758
1991-09-14,342.947
1991-09-15,343.034
1991-09-16,343.103
1991-09-17,343.169
1991-09-18,343.222
1991-09-19,343.259
1991-09-20,343.298
1991-09-21,343.334
1991-09-22,343.339
1991-09-23,343.347
1991-09-24,343.347
1991-09-25,343.336
1991-09-26,343.323
1991-09-27,343.294
1991-09-28,343.255
1991-09-29,343.207
1991-09-30,343.154
1991-10-01,343.096
1991-10-02,343.065
1991-10-03,343.054
1991-10-04,343.046
1991-10-05,343.045
1991-10-06,343.038
1991-10-07,343.057
1991-10-08,343.066
1991-10-09,343.082
1991-10-10,343.092
1991-10-11,343.103
1991-10-12,343.116
1991-10-13,343.132
1991-10-14,343.138
1991-10-15,343.157
1991-10-16,343.166
1991-10-17,343.242
1991-10-18,343.459
1991-10-19,343.548
1991-10-20,343.590
1991-10-21,343.632
1991-10-22,343.680
1991-10-23,343.708
1991-10-24,343.732
1991-10-25,343.764
1991-10-26,343.793
1991-10-27,343.816
1991-10-28,343.861
1991-10-29,343.926
1991-10-30,343.967
1991-10-31,344.000
1991-11-01,344.035
1991-11-02,344.052
1991-11-03,344.067
1991-11-04,344.075
1991-11-05,344.081
1991-11-06,344.078
1991-11-07,344.085
1991-11-08,344.092
1991-11-09,344.103
1991-11-10,344.098
1991-11-11,344.098
1991-11-12,344.109
1991-11-13,344.122
1991-11-14,344.107
1991-11-15,344.104
1991-11-16,344.111
1991-11-17,344.126
1991-11-18,344.137
1991-11-19,344.151
1991-11-20,344.152
1991-11-21,344.159
1991-11-22,344.146
1991-11-23,344.140
1991-11-24,344.139
1991-11-25,344.144
1991-11-26,344.140
1991-11-27,344.152
1991-11-28,344.164
1991-11-29,344.189
1991-11-30,344.216
1991-12-01,344.238
1991-12-02,344.254
1991-12-03,344.271
1991-12-04,344.279
1991-12-05,344.291
1991-12-06,344.298
1991-12-07,344.312
1991-12-08,344.332
1991-12-09,344.346
1991-12-10,344.354
1991-12-11,344.369
1991-12-12,344.377
1991-12-13,344.398
1991-12-14,344.406
1991-12-15,344.413
1991-12-16,344.423
1991-12-17,344.409
1991-12-18,344.383
1991-12-19,344.368
1991-12-20,344.379
1991-12-21,344.421
1991-12-22,344.454
1991-12-23,344.461
1991-12-24,344.454
1991-12-25,344.457
1991-12-26,344.464
1991-12-27,344.489
1991-12-28,344.522
1991-12-29,344.566
1991-12-30,344.630
1991-12-31,344.679
1992-01-01,344.692
1992-01-02,344.705
1992-01-03,344.712
1992-01-04,344.727
1992-01-05,344.732
1992-01-06,344.732
1992-01-07,344.764
1992-01-08,344.827
1992-01-09,344.853
1992-01-10,344.842
1992-01-11,344.825
1992-01-12,344.814
1992-01-13,344.809
1992-01-14,344.793
1992-01-15,344.784
1992-01-16,344.785
1992-01-17,344.793
1992-01-18,344.808
1992-01-19,344.814
1992-01-20,344.815
1992-01-21,344.832
1992-01-22,344.827
1992-01-23,344.825
1992-01-24,344.823
1992-01-25,344.817
1992-01-26,344.821
1992-01-27,344.820
1992-01-28,344.816
1992-01-29,344.827
1992-01-30,344.829
1992-01-31,344.820
1992-02-01,344.849
1992-02-02,344.860
1992-02-03,344.862
1992-02-04,344.871
1992-02-05,344.898
1992-02-06,344.926
1992-02-07,344.944
1992-02-08,344.961
1992-02-09,344.988
1992-02-10,344.998
1992-02-11,345.012
1992-02-12,345.029
1992-02-13,345.048
1992-02-14,345.039
1992-02-15,345.131
1992-02-16,345.163
1992-02-17,345.158
1992-02-18,345.156
1992-02-19,345.131
1992-02-20,345.117
1992-02-21,345.088
1992-02-22,345.070
1992-02-23,345.058
1992-02-24,345.079
1992-02-25,345.090
1992-02-26,345.072
1992-02-27,345.059
1992-02-28,345.026
1992-02-29,344.991
1992-03-01,344.946
1992-03-02,344.947
1992-03-03,344.872
1992-03-04,344.852
1992-03-05,344.843
1992-03-06,344.845
1992-03-07,344.847
1992-03-08,344.847
1992-03-09,344.861
1992-03-10,344.868
1992-03-11,344.870
1992-03-12,344.874
1992-03-13,344.870
1992-03-14,344.881
1992-03-15,344.881
1992-03-16,344.895
1992-03-17,344.905
1992-03-18,344.920
1992-03-19,344.932
1992-03-20,344.907
1992-03-21,344.920
1992-03-22,344.919
1992-03-23,344.925
1992-03-24,344.948
1992-03-25,344.943
1992-03-26,344.907
1992-03-27,344.902
1992-03-28,344.921
1992-03-29,344.976
1992-03-30,344.988
1992-03-31,344.971
1992-04-01,344.981
1992-04-02,345.023
1992-04-03,345.040
1992-04-04,345.054
1992-04-05,345.068
1992-04-06,345.082
1992-04-07,345.101
1992-04-08,345.120
1992-04-09,345.089
1992-04-10,345.107
1992-04-11,345.102
1992-04-12,345.110
1992-04-13,345.118
1992-04-14,345.124
1992-04-15,345.130
1992-04-16,345.139
1992-04-17,345.152
1992-04-18,345.158
1992-04-19,345.159
1992-04-20,345.168
1992-04-21,345.173
1992-04-22,345.161
1992-04-23,345.140
1992-04-24,345.103
1992-04-25,345.080
1992-04-26,345.060
1992-04-27,345.048
1992-04-28,345.031
1992-04-29,345.007
1992-04-30,344.970
1992-05-01,344.929
1992-05-02,344.908
1992-05-03,344.904
1992-05-04,344.881
1992-05-05,344.844
1992-05-06,344.806
1992-05-07,344.764
1992-05-08,344.710
1992-05-09,344.649
1992-05-10,344.603
1992-05-11,344.550
1992-05-12,344.471
1992-05-13,344.408
1992-05-14,344.402
1992-05-15,344.454
1992-05-16,344.485
1992-05-17,344.495
1992-05-18,344.506
1992-05-19,344.520
1992-05-20,344.514
1992-05-21,344.518
1992-05-22,344.512
1992-05-23,344.519
1992-05-24,344.522
1992-05-25,344.523
1992-05-26,344.525
1992-05-27,344.521
1992-05-28,344.509
1992-05-29,344.500
1992-05-30,344.489
1992-05-31,344.477
1992-06-01,344.467
1992-06-02,344.467
1992-06-03,344.446
1992-06-04,344.395
1992-06-05,344.305
1992-06-06,344.205
1992-06-07,344.084
1992-06-08,343.967
1992-06-09,343.868
1992-06-10,343.772
1992-06-11,343.653
1992-06-12,343.537
1992-06-13,343.447
1992-06-14,343.374
1992-06-15,343.259
1992-06-16,343.152
1992-06-17,343.074
1992-06-18,342.968
1992-06-19,342.853
1992-06-20,342.745
1992-06-21,342.649
1992-06-22,342.538
1992-06-23,342.419
1992-06-24,342.317
1992-06-25,342.215
1992-06-26,342.094
1992-06-27,341.974
1992-06-28,341.872
1992-06-29,341.767
1992-06-30,341.648
1992-07-01,341.535
1992-07-02,341.446
1992-07-03,341.345
1992-07-04,341.253
1992-07-05,341.242
1992-07-06,341.291
1992-07-07,341.313
1992-07-08,341.324
1992-07-09,341.338
1992-07-10,341.354
1992-07-11,341.366
1992-07-12,341.372
1992-07-13,341.368
1992-07-14,341.356
1992-07-15,341.345
1992-07-16,341.333
1992-07-17,341.324
1992-07-18,341.313
1992-07-19,341.311
1992-07-20,341.341
1992-07-21,341.371
1992-07-22,341.392
1992-07-23,341.412
1992-07-24,341.429
1992-07-25,341.450
1992-07-26,341.497
1992-07-27,341.533
1992-07-28,341.553
1992-07-29,341.566
1992-07-30,341.661
1992-07-31,341.731
1992-08-01,341.755
1992-08-02,341.795
1992-08-03,341.831
1992-08-04,341.840
1992-08-05,341.860
1992-08-06,341.879
1992-08-07,341.918
1992-08-08,341.980
1992-08-09,342.084
1992-08-10,342.190
1992-08-11,342.244
1992-08-12,342.272
1992-08-13,342.302
1992-08-14,342.337
1992-08-15,342.363
1992-08-16,342.388
1992-08-17,342.399
1992-08-18,342.399
1992-08-19,342.418
1992-08-20,342.428
1992-08-21,342.429
1992-08-22,342.419
1992-08-23,342.397
1992-08-24,342.375
1992-08-25,342.337
1992-08-26,342.278
1992-08-27,342.238
1992-08-28,342.183
1992-08-29,342.118
1992-08-30,342.095
1992-08-31,342.074
1992-09-01,342.048
1992-09-02,341.999
1992-09-03,341.964
1992-09-04,341.937
1992-09-05,341.910
1992-09-06,341.882
1992-09-07,341.846
1992-09-08,341.814
1992-09-09,341.780
1992-09-10,341.746
1992-09-11,341.710
1992-09-12,341.673
1992-09-13,341.627
1992-09-14,341.592
1992-09-15,341.553
1992-09-16,341.501
1992-09-17,341.435
1992-09-18,341.375
1992-09-19,341.315
1992-09-20,341.255
1992-09-21,341.201
1992-09-22,341.159
1992-09-23,341.104
1992-09-24,341.055
1992-09-25,341.011
1992-09-26,340.974
1992-09-27,340.922
1992-09-28,340.863
1992-09-29,340.814
1992-09-30,340.764
1992-10-01,340.700
1992-10-02,340.642
1992-10-03,340.596
1992-10-04,340.549
1992-10-05,340.489
1992-10-06,340.435
1992-10-07,340.382
1992-10-08,340.341
1992-10-09,340.322
1992-10-10,340.311
1992-10-11,340.343
1992-10-12,340.406
1992-10-13,340.449
1992-10-14,340.476
1992-10-15,340.502
1992-10-16,340.525
1992-10-17,340.546
1992-10-18,340.575
1992-10-19,340.585
1992-10-20,340.819
1992-10-21,341.208
1992-10-22,341.353
1992-10-23,341.451
1992-10-24,341.532
1992-10-25,341.601
1992-10-26,341.654
1992-10-27,341.707
1992-10-28,341.755
1992-10-29,341.794
1992-10-30,341.828
1992-10-31,341.874
1992-11-01,341.929
1992-11-02,341.974
1992-11-03,342.052
1992-11-04,342.130
1992-11-05,342.172
1992-11-06,342.206
1992-11-07,342.235
1992-11-08,342.275
1992-11-09,342.325
1992-11-10,342.394
1992-11-11,342.456
1992-11-12,342.513
1992-11-13,342.586
1992-11-14,342.722
1992-11-15,342.882
1992-11-16,342.975
1992-11-17,343.032
1992-11-18,343.083
1992-11-19,343.133
1992-11-20,343.166
1992-11-21,343.195
1992-11-22,343.230
1992-11-23,343.264
1992-11-24,343.297
1992-11-25,343.331
1992-11-26,343.369
1992-11-27,343.423
1992-11-28,343.465
1992-11-29,343.482
1992-11-30,343.515
1992-12-01,343.551
1992-12-02,343.575
1992-12-03,343.612
1992-12-04,343.654
1992-12-05,343.702
1992-12-06,343.728
1992-12-07,343.762
1992-12-08,343.795
1992-12-09,343.812
1992-12-10,343.837
1992-12-11,343.873
1992-12-12,343.905
1992-12-13,343.919
1992-12-14,343.952
1992-12-15,343.983
1992-12-16,343.981
1992-12-17,344.009
1992-12-18,344.022
1992-12-19,344.032
1992-12-20,344.044
1992-12-21,344.055
1992-12-22,344.073
1992-12-23,344.079
1992-12-24,344.099
1992-12-25,344.115
1992-12-26,344.145
1992-12-27,344.214
1992-12-28,344.241
1992-12-29,344.280
1992-12-30,344.342
1992-12-31,344.355
1993-01-01,344.347
1993-01-02,344.350
1993-01-03,344.366
1993-01-04,344.379
1993-01-05,344.401
1993-01-06,344.428
1993-01-07,344.431
1993-01-08,344.421
1993-01-09,344.412
1993-01-10,344.401
1993-01-11,344.454
1993-01-12,344.486
1993-01-13,344.506
1993-01-14,344.554
1993-01-15,344.606
1993-01-16,344.637
1993-01-17,344.677
1993-01-18,344.735
1993-01-19,344.905
1993-01-20,344.972
1993-01-21,344.995
1993-01-22,345.040
1993-01-23,345.084
1993-01-24,345.111
1993-01-25,345.165
1993-01-26,345.245
1993-01-27,345.284
1993-01-28,345.308
1993-01-29,345.332
1993-01-30,345.330
1993-01-31,345.323
1993-02-01,345.324
1993-02-02,345.307
1993-02-03,345.304
1993-02-04,345.321
1993-02-05,345.397
1993-02-06,345.430
1993-02-07,345.447
1993-02-08,345.459
1993-02-09,345.448
1993-02-10,345.433
1993-02-11,345.443
1993-02-12,345.452
1993-02-13,345.445
1993-02-14,345.429
1993-02-15,345.424
1993-02-16,345.418
1993-02-17,345.409
1993-02-18,345.398
1993-02-19,345.390
1993-02-20,345.381
1993-02-21,345.373
1993-02-22,345.365
1993-02-23,345.359
1993-02-24,345.355
1993-02-25,345.331
1993-02-26,345.309
1993-02-27,345.282
1993-02-28,345.267
1993-03-01,345.252
1993-03-02,345.254
1993-03-03,345.302
1993-03-04,345.396
1993-03-05,345.427
1993-03-06,345.441
1993-03-07,345.453
1993-03-08,345.461
1993-03-09,345.472
1993-03-10,345.482
1993-03-11,345.497
1993-03-12,345.502
1993-03-13,345.489
1993-03-14,345.453
1993-03-15,345.425
1993-03-16,345.406
1993-03-17,345.390
1993-03-18,345.356
1993-03-19,345.327
1993-03-20,345.301
1993-03-21,345.265
1993-03-22,345.230
1993-03-23,345.192
1993-03-24,345.185
1993-03-25,345.178
1993-03-26,345.193
1993-03-27,345.158
1993-03-28,345.103
1993-03-29,345.055
1993-03-30,345.025
1993-03-31,345.046
1993-04-01,345.018
1993-04-02,344.991
1993-04-03,344.966
1993-04-04,344.933
1993-04-05,344.930
1993-04-06,344.915
1993-04-07,344.909
1993-04-08,344.958
1993-04-09,345.047
1993-04-10,345.096
1993-04-11,345.119
1993-04-12,345.141
1993-04-13,345.149
1993-04-14,345.165
1993-04-15,345.179
1993-04-16,345.188
1993-04-17,345.198
1993-04-18,345.215
1993-04-19,345.209
1993-04-20,345.223
1993-04-21,345.216
1993-04-22,345.208
1993-04-23,345.189
1993-04-24,345.157
1993-04-25,345.122
1993-04-26,345.083
1993-04-27,345.050
1993-04-28,345.022
1993-04-29,344.993
1993-04-30,344.962
1993-05-01,344.923
1993-05-02,344.864
1993-05-03,344.810
1993-05-04,344.759
1993-05-05,344.755
1993-05-06,344.722
1993-05-07,344.678
1993-05-08,344.640
1993-05-09,344.599
1993-05-10,344.560
1993-05-11,344.534
1993-05-12,344.621
1993-05-13,344.668
1993-05-14,344.700
1993-05-15,344.739
1993-05-16,344.854
1993-05-17,344.917
1993-05-18,344.972
1993-05-19,345.001
1993-05-20,345.030
1993-05-21,345.053
1993-05-22,345.074
1993-05-23,345.090
1993-05-24,345.111
1993-05-25,345.133
1993-05-26,345.170
1993-05-27,345.188
1993-05-28,345.208
1993-05-29,345.224
1993-05-30,345.242
1993-05-31,345.267
1993-06-01,345.372
1993-06-02,345.466
1993-06-03,345.500
1993-06-04,345.568
1993-06-05,345.659
1993-06-06,345.694
1993-06-07,345.720
1993-06-08,345.760
1993-06-09,345.804
1993-06-10,345.814
1993-06-11,345.843
1993-06-12,345.905
1993-06-13,346.070
1993-06-14,346.131
1993-06-15,346.112
1993-06-16,346.069
1993-06-17,346.003
1993-06-18,345.949
1993-06-19,345.916
1993-06-20,345.946
1993-06-21,345.965
1993-06-22,345.983
1993-06-23,345.955
1993-06-24,345.955
1993-06-25,345.943
1993-06-26,345.918
1993-06-27,345.894
1993-06-28,345.862
1993-06-29,345.826
1993-06-30,345.785
1993-07-01,345.744
1993-07-02,345.697
1993-07-03,345.647
1993-07-04,345.603
1993-07-05,345.571
1993-07-06,345.539
1993-07-07,345.460
1993-07-08,345.385
1993-07-09,345.303
1993-07-10,345.208
1993-07-11,345.117
1993-07-12,345.041
1993-07-13,344.957
1993-07-14,344.863
1993-07-15,344.787
1993-07-16,344.709
1993-07-17,344.618
1993-07-18,344.531
1993-07-19,344.466
1993-07-20,344.460
1993-07-21,344.428
1993-07-22,344.371
1993-07-23,344.318
1993-07-24,344.248
1993-07-25,344.172
1993-07-26,344.104
1993-07-27,344.107
1993-07-28,344.103
1993-07-29,344.072
1993-07-30,344.035
1993-07-31,343.996
1993-08-01,343.953
1993-08-02,343.911
1993-08-03,343.873
1993-08-04,343.824
1993-08-05,343.765
1993-08-06,343.693
1993-08-07,343.649
1993-08-08,343.611
1993-08-09,343.552
1993-08-10,343.477
1993-08-11,343.404
1993-08-12,343.335
1993-08-13,343.257
1993-08-14,343.181
1993-08-15,343.145
1993-08-16,343.090
1993-08-17,343.015
1993-08-18,342.926
1993-08-19,342.848
1993-08-20,342.757
1993-08-21,342.645
1993-08-22,342.534
1993-08-23,342.445
1993-08-24,342.353
1993-08-25,342.244
1993-08-26,342.138
1993-08-27,342.041
1993-08-28,341.971
1993-08-29,341.878
1993-08-30,341.779
1993-08-31,341.689
1993-09-01,341.587
1993-09-02,341.485
1993-09-03,341.403
1993-09-04,341.357
1993-09-05,341.277
1993-09-06,341.186
1993-09-07,341.103
1993-09-08,341.017
1993-09-09,340.921
1993-09-10,340.810
1993-09-11,340.726
1993-09-12,340.636
1993-09-13,340.541
1993-09-14,340.447
1993-09-15,340.358
1993-09-16,340.259
1993-09-17,340.154
1993-09-18,340.112
1993-09-19,340.090
1993-09-20,340.065
1993-09-21,340.041
1993-09-22,340.021
1993-09-23,340.002
1993-09-24,339.979
1993-09-25,339.961
1993-09-26,339.935
1993-09-27,339.913
1993-09-28,339.888
1993-09-29,339.847
1993-09-30,339.798
1993-10-01,339.751
1993-10-02,339.702
1993-10-03,339.654
1993-10-04,339.642
1993-10-05,339.792
1993-10-06,340.139
1993-10-07,340.286
1993-10-08,340.365
1993-10-09,340.420
1993-10-10,340.483
1993-10-11,340.600
1993-10-12,340.659
1993-10-13,340.691
1993-10-14,340.702
1993-10-15,340.684
1993-10-16,340.680
1993-10-17,340.697
1993-10-18,340.703
1993-10-19,340.725
1993-10-20,340.805
1993-10-21,340.889
1993-10-22,340.936
1993-10-23,340.965
1993-10-24,340.957
1993-10-25,340.971
1993-10-26,341.003
1993-10-27,341.031
1993-10-28,341.049
1993-10-29,341.074
1993-10-30,341.107
1993-10-31,341.157
1993-11-01,341.222
1993-11-02,341.261
1993-11-03,341.287
1993-11-04,341.316
1993-11-05,341.340
1993-11-06,341.363
1993-11-07,341.391
1993-11-08,341.428
1993-11-09,341.452
1993-11-10,341.462
1993-11-11,341.474
1993-11-12,341.493
1993-11-13,341.508
1993-11-14,341.532
1993-11-15,341.555
1993-11-16,341.572
1993-11-17,341.584
1993-11-18,341.586
1993-11-19,341.607
1993-11-20,341.618
1993-11-21,341.639
1993-11-22,341.672
1993-11-23,341.692
1993-11-24,341.700
1993-11-25,341.720
1993-11-26,341.738
1993-11-27,341.762
1993-11-28,341.792
1993-11-29,341.801
1993-11-30,341.841
1993-12-01,341.864
1993-12-02,341.884
1993-12-03,341.912
1993-12-04,341.955
1993-12-05,341.986
1993-12-06,342.007
1993-12-07,342.041
1993-12-08,342.059
1993-12-09,342.079
1993-12-10,342.099
1993-12-11,342.126
1993-12-12,342.152
1993-12-13,342.184
1993-12-14,342.204
1993-12-15,342.229
1993-12-16,342.257
1993-12-17,342.279
1993-12-18,342.321
1993-12-19,342.368
1993-12-20,342.402
1993-12-21,342.409
1993-12-22,342.460
1993-12-23,342.517
1993-12-24,342.578
1993-12-25,342.607
1993-12-26,342.637
1993-12-27,342.670
1993-12-28,342.700
1993-12-29,342.772
1993-12-30,342.855
1993-12-31,342.906
1994-01-01,342.940
1994-01-02,342.967
1994-01-03,343.005
1994-01-04,343.041
1994-01-05,343.128
1994-01-06,343.224
1994-01-07,343.274
1994-01-08,343.364
1994-01-09,343.940
1994-01-10,344.641
1994-01-11,344.806
1994-01-12,344.900
1994-01-13,344.964
1994-01-14,345.043
1994-01-15,345.124
1994-01-16,345.206
1994-01-17,345.254
1994-01-18,345.315
1994-01-19,345.354
1994-01-20,345.388
1994-01-21,345.454
1994-01-22,345.776
1994-01-23,345.997
1994-01-24,346.064
1994-01-25,346.094
1994-01-26,346.059
1994-01-27,346.022
1994-01-28,345.967
1994-01-29,345.935
1994-01-30,345.908
1994-01-31,345.881
1994-02-01,345.880
1994-02-02,345.895
1994-02-03,345.876
1994-02-04,345.893
1994-02-05,345.904
1994-02-06,345.921
1994-02-07,345.941
1994-02-08,345.950
1994-02-09,345.937
1994-02-10,345.889
1994-02-11,345.819
1994-02-12,345.754
1994-02-13,345.668
1994-02-14,345.582
1994-02-15,345.493
1994-02-16,345.415
1994-02-17,345.322
1994-02-18,345.221
1994-02-19,345.156
1994-02-20,345.163
1994-02-21,345.238
1994-02-22,345.272
1994-02-23,345.290
1994-02-24,345.294
1994-02-25,345.318
1994-02-26,345.327
1994-02-27,345.338
1994-02-28,345.355
1994-03-01,345.377
1994-03-02,345.399
1994-03-03,345.414
1994-03-04,345.434
1994-03-05,345.447
1994-03-06,345.481
1994-03-07,345.489
1994-03-08,345.507
1994-03-09,345.510
1994-03-10,345.509
1994-03-11,345.509
1994-03-12,345.501
1994-03-13,345.495
1994-03-14,345.502
1994-03-15,345.523
1994-03-16,345.581
1994-03-17,345.632
1994-03-18,345.645
1994-03-19,345.739
1994-03-20,345.832
1994-03-21,345.879
1994-03-22,345.895
1994-03-23,345.901
1994-03-24,345.889
1994-03-25,345.889
1994-03-26,345.876
1994-03-27,345.874
1994-03-28,345.865
1994-03-29,345.862
1994-03-30,345.860
1994-03-31,345.844
1994-04-01,345.795
1994-04-02,345.733
1994-04-03,345.675
1994-04-04,345.626
1994-04-05,345.567
1994-04-06,345.502
1994-04-07,345.439
1994-04-08,345.382
1994-04-09,345.317
1994-04-10,345.260
1994-04-11,345.207
1994-04-12,345.151
1994-04-13,345.102
1994-04-14,345.050
1994-04-15,345.007
1994-04-16,345.015
1994-04-17,344.973
1994-04-18,344.928
1994-04-19,344.900
1994-04-20,344.913
1994-04-21,344.910
1994-04-22,344.880
1994-04-23,344.814
1994-04-24,344.764
1994-04-25,344.697
1994-04-26,344.644
1994-04-27,344.565
1994-04-28,344.502
1994-04-29,344.471
1994-04-30,344.467
1994-05-01,344.475
1994-05-02,344.493
1994-05-03,344.523
1994-05-04,344.536
1994-05-05,344.551
1994-05-06,344.548
1994-05-07,344.531
1994-05-08,344.523
1994-05-09,344.530
1994-05-10,344.538
1994-05-11,344.546
1994-05-12,344.549
1994-05-13,344.506
1994-05-14,344.453
1994-05-15,344.409
1994-05-16,344.365
1994-05-17,344.302
1994-05-18,344.247
1994-05-19,344.238
1994-05-20,344.289
1994-05-21,344.321
1994-05-22,344.346
1994-05-23,344.343
1994-05-24,344.284
1994-05-25,344.230
1994-05-26,344.208
1994-05-27,344.246
1994-05-28,344.321
1994-05-29,344.398
1994-05-30,344.455
1994-05-31,344.488
1994-06-01,344.520
1994-06-02,344.547
1994-06-03,344.567
1994-06-04,344.589
1994-06-05,344.603
1994-06-06,344.619
1994-06-07,344.631
1994-06-08,344.647
1994-06-09,344.658
1994-06-10,344.680
1994-06-11,344.704
1994-06-12,344.718
1994-06-13,344.736
1994-06-14,344.706
1994-06-15,344.665
1994-06-16,344.626
1994-06-17,344.586
1994-06-18,344.545
1994-06-19,344.546
1994-06-20,344.540
1994-06-21,344.502
1994-06-22,344.461
1994-06-23,344.422
1994-06-24,344.393
1994-06-25,344.534
1994-06-26,344.635
1994-06-27,344.669
1994-06-28,344.652
1994-06-29,344.625
1994-06-30,344.599
1994-07-01,344.568
1994-07-02,344.528
1994-07-03,344.491
1994-07-04,344.461
1994-07-05,344.452
1994-07-06,344.483
1994-07-07,344.523
1994-07-08,344.528
1994-07-09,344.549
1994-07-10,344.584
1994-07-11,344.581
1994-07-12,344.529
1994-07-13,344.463
1994-07-14,344.389
1994-07-15,344.322
1994-07-16,344.263
1994-07-17,344.226
1994-07-18,344.166
1994-07-19,344.103
1994-07-20,344.047
1994-07-21,343.979
1994-07-22,343.933
1994-07-23,343.889
1994-07-24,343.834
1994-07-25,343.764
1994-07-26,343.688
1994-07-27,343.627
1994-07-28,343.575
1994-07-29,343.508
1994-07-30,343.462
1994-07-31,343.428
1994-08-01,343.385
1994-08-02,343.351
1994-08-03,343.342
1994-08-04,343.336
1994-08-05,343.312
1994-08-06,343.277
1994-08-07,343.245
1994-08-08,343.227
1994-08-09,343.203
1994-08-10,343.169
1994-08-11,343.134
1994-08-12,343.101
1994-08-13,343.073
1994-08-14,343.174
1994-08-15,343.252
1994-08-16,343.249
1994-08-17,343.234
1994-08-18,343.204
1994-08-19,343.181
1994-08-20,343.175
1994-08-21,343.173
1994-08-22,343.140
1994-08-23,343.102
1994-08-24,343.075
1994-08-25,343.049
1994-08-26,343.012
1994-08-27,342.983
1994-08-28,342.957
1994-08-29,342.933
1994-08-30,342.913
1994-08-31,342.867
1994-09-01,342.822
1994-09-02,342.757
1994-09-03,342.705
1994-09-04,342.656
1994-09-05,342.599
1994-09-06,342.526
1994-09-07,342.510
1994-09-08,342.479
1994-09-09,342.420
1994-09-10,342.353
1994-09-11,342.296
1994-09-12,342.233
1994-09-13,342.159
1994-09-14,342.085
1994-09-15,342.024
1994-09-16,341.989
1994-09-17,342.025
1994-09-18,342.070
1994-09-19,342.120
1994-09-20,342.184
1994-09-21,342.227
1994-09-22,342.232
1994-09-23,342.195
1994-09-24,342.137
1994-09-25,342.071
1994-09-26,342.013
1994-09-27,341.965
1994-09-28,341.899
1994-09-29,341.827
1994-09-30,341.767
1994-10-01,341.723
1994-10-02,341.713
1994-10-03,341.669
1994-10-04,341.602
1994-10-05,341.546
1994-10-06,341.479
1994-10-07,341.410
1994-10-08,341.358
1994-10-09,341.303
1994-10-10,341.238
1994-10-11,341.178
1994-10-12,341.125
1994-10-13,341.075
1994-10-14,340.999
1994-10-15,340.929
1994-10-16,340.869
1994-10-17,340.810
1994-10-18,340.737
1994-10-19,340.681
1994-10-20,340.626
1994-10-21,340.558
1994-10-22,340.482
1994-10-23,340.420
1994-10-24,340.367
1994-10-25,340.333
1994-10-26,340.299
1994-10-27,340.272
1994-10-28,340.260
1994-10-29,340.242
1994-10-30,340.282
1994-10-31,340.279
1994-11-01,340.259
1994-11-02,340.232
1994-11-03,340.212
1994-11-04,340.203
1994-11-05,340.234
1994-11-06,340.409
1994-11-07,340.905
1994-11-08,341.178
1994-11-09,341.351
1994-11-10,341.509
1994-11-11,341.614
1994-11-12,341.699
1994-11-13,341.821
1994-11-14,341.916
1994-11-15,342.002
1994-11-16,342.088
1994-11-17,342.167
1994-11-18,342.263
1994-11-19,342.311
1994-11-20,342.370
1994-11-21,342.483
1994-11-22,342.665
1994-11-23,342.772
1994-11-24,342.826
1994-11-25,342.884
1994-11-26,342.950
1994-11-27,343.005
1994-11-28,343.069
1994-11-29,343.161
1994-11-30,343.265
1994-12-01,343.351
1994-12-02,343.428
1994-12-03,343.514
1994-12-04,343.577
1994-12-05,343.629
1994-12-06,343.687
1994-12-07,343.755
1994-12-08,343.839
1994-12-09,343.886
1994-12-10,343.964
1994-12-11,344.024
1994-12-12,344.079
1994-12-13,344.104
1994-12-14,344.147
1994-12-15,344.201
1994-12-16,344.244
1994-12-17,344.285
1994-12-18,344.343
1994-12-19,344.395
1994-12-20,344.439
1994-12-21,344.489
1994-12-22,344.515
1994-12-23,344.526
1994-12-24,344.556
1994-12-25,344.568
1994-12-26,344.577
1994-12-27,344.594
1994-12-28,344.623
1994-12-29,344.655
1994-12-30,344.720
1994-12-31,344.763
1995-01-01,344.775
1995-01-02,344.770
1995-01-03,344.778
1995-01-04,344.764
1995-01-05,344.747
1995-01-06,344.714
1995-01-07,344.691
1995-01-08,344.723
1995-01-09,344.764
1995-01-10,344.805
1995-01-11,344.841
1995-01-12,344.870
1995-01-13,344.898
1995-01-14,344.942
1995-01-15,344.977
1995-01-16,345.015
1995-01-17,345.014
1995-01-18,345.012
1995-01-19,344.974
1995-01-20,344.945
1995-01-21,344.916
1995-01-22,344.924
1995-01-23,344.979
1995-01-24,345.008
1995-01-25,345.043
1995-01-26,345.053
1995-01-27,345.075
1995-01-28,345.094
1995-01-29,345.118
1995-01-30,345.119
1995-01-31,345.116
1995-02-01,345.084
1995-02-02,345.051
1995-02-03,345.017
1995-02-04,345.021
1995-02-05,345.047
1995-02-06,345.070
1995-02-07,345.074
1995-02-08,345.036
1995-02-09,344.976
1995-02-10,344.887
1995-02-11,344.796
1995-02-12,344.720
1995-02-13,344.647
1995-02-14,344.557
1995-02-15,344.475
1995-02-16,344.406
1995-02-17,344.328
1995-02-18,344.241
1995-02-19,344.153
1995-02-20,344.087
1995-02-21,344.007
1995-02-22,343.908
1995-02-23,343.815
1995-02-24,343.718
1995-02-25,343.618
1995-02-26,343.513
1995-02-27,343.409
1995-02-28,343.322
1995-03-01,343.222
1995-03-02,343.127
1995-03-03,343.101
1995-03-04,343.082
1995-03-05,343.062
1995-03-06,343.037
1995-03-07,343.008
1995-03-08,342.990
1995-03-09,342.984
1995-03-10,342.975
1995-03-11,342.995
1995-03-12,342.994
1995-03-13,342.988
1995-03-14,342.999
1995-03-15,343.031
1995-03-16,343.024
1995-03-17,343.034
1995-03-18,343.053
1995-03-19,343.171
1995-03-20,343.297
1995-03-21,343.434
1995-03-22,343.575
1995-03-23,343.684
1995-03-24,343.778
1995-03-25,343.941
1995-03-26,344.197
1995-03-27,344.284
1995-03-28,344.344
1995-03-29,344.392
1995-03-30,344.438
1995-03-31,344.468
1995-04-01,344.494
1995-04-02,344.526
1995-04-03,344.545
1995-04-04,344.560
1995-04-05,344.579
1995-04-06,344.602
1995-04-07,344.656
1995-04-08,344.759
1995-04-09,344.857
1995-04-10,344.970
1995-04-11,345.090
1995-04-12,345.168
1995-04-13,345.220
1995-04-14,345.249
1995-04-15,345.282
1995-04-16,345.310
1995-04-17,345.333
1995-04-18,345.354
1995-04-19,345.382
1995-04-20,345.455
1995-04-21,345.522
1995-04-22,345.550
1995-04-23,345.577
1995-04-24,345.601
1995-04-25,345.626
1995-04-26,345.649
1995-04-27,345.666
1995-04-28,345.677
1995-04-29,345.694
1995-04-30,345.706
1995-05-01,345.689
1995-05-02,345.601
1995-05-03,345.507
1995-05-04,345.423
1995-05-05,345.344
1995-05-06,345.309
1995-05-07,345.298
1995-05-08,345.284
1995-05-09,345.259
1995-05-10,345.232
1995-05-11,345.168
1995-05-12,345.138
1995-05-13,345.136
1995-05-14,345.161
1995-05-15,345.190
1995-05-16,345.257
1995-05-17,345.308
1995-05-18,345.331
1995-05-19,345.352
1995-05-20,345.366
1995-05-21,345.370
1995-05-22,345.383
1995-05-23,345.397
1995-05-24,345.412
1995-05-25,345.419
1995-05-26,345.437
1995-05-27,345.454
1995-05-28,345.516
1995-05-29,345.559
1995-05-30,345.611
1995-05-31,345.640
1995-06-01,345.668
1995-06-02,345.689
1995-06-03,345.688
1995-06-04,345.678
1995-06-05,345.668
1995-06-06,345.658
1995-06-07,345.643
1995-06-08,345.629
1995-06-09,345.618
1995-06-10,345.569
1995-06-11,345.505
1995-06-12,345.417
1995-06-13,345.317
1995-06-14,345.213
1995-06-15,345.123
1995-06-16,345.034
1995-06-17,344.950
1995-06-18,344.876
1995-06-19,344.806
1995-06-20,344.733
1995-06-21,344.656
1995-06-22,344.569
1995-06-23,344.505
1995-06-24,344.427
1995-06-25,344.350
1995-06-26,344.288
1995-06-27,344.223
1995-06-28,344.148
1995-06-29,344.087
1995-06-30,344.040
1995-07-01,343.994
1995-07-02,343.937
1995-07-03,343.880
1995-07-04,343.834
1995-07-05,343.791
1995-07-06,343.758
1995-07-07,343.713
1995-07-08,343.687
1995-07-09,343.672
1995-07-10,343.650
1995-07-11,343.628
1995-07-12,343.613
1995-07-13,343.598
1995-07-14,343.579
1995-07-15,343.504
1995-07-16,343.419
1995-07-17,343.312
1995-07-18,343.254
1995-07-19,343.218
1995-07-20,343.158
1995-07-21,343.111
1995-07-22,343.120
1995-07-23,343.135
1995-07-24,343.118
1995-07-25,343.093
1995-07-26,343.046
1995-07-27,343.002
1995-07-28,342.950
1995-07-29,342.910
1995-07-30,342.885
1995-07-31,342.839
1995-08-01,342.762
1995-08-02,342.649
1995-08-03,342.536
1995-08-04,342.441
1995-08-05,342.344
1995-08-06,342.235
1995-08-07,342.130
1995-08-08,342.046
1995-08-09,341.963
1995-08-10,341.908
1995-08-11,341.889
1995-08-12,341.892
1995-08-13,341.903
1995-08-14,341.894
1995-08-15,341.880
1995-08-16,341.841
1995-08-17,341.761
1995-08-18,341.796
1995-08-19,341.865
1995-08-20,341.902
1995-08-21,341.931
1995-08-22,341.969
1995-08-23,342.010
1995-08-24,342.034
1995-08-25,342.070
1995-08-26,342.096
1995-08-27,342.120
1995-08-28,342.198
1995-08-29,342.292
1995-08-30,342.339
1995-08-31,342.382
1995-09-01,342.399
1995-09-02,342.550
1995-09-03,342.647
1995-09-04,342.679
1995-09-05,342.726
1995-09-06,342.881
1995-09-07,342.996
1995-09-08,343.058
1995-09-09,343.057
1995-09-10,343.016
1995-09-11,342.966
1995-09-12,342.927
1995-09-13,342.898
1995-09-14,342.885
1995-09-15,342.964
1995-09-16,343.116
1995-09-17,343.240
1995-09-18,343.311
1995-09-19,343.360
1995-09-20,343.416
1995-09-21,343.470
1995-09-22,343.592
1995-09-23,343.731
1995-09-24,343.809
1995-09-25,343.944
1995-09-26,344.023
1995-09-27,344.098
1995-09-28,344.322
1995-09-29,344.509
1995-09-30,344.618
1995-10-01,344.692
1995-10-02,344.767
1995-10-03,344.835
1995-10-04,344.895
1995-10-05,345.024
1995-10-06,345.159
1995-10-07,345.254
1995-10-08,345.314
1995-10-09,345.371
1995-10-10,345.434
1995-10-11,345.494
1995-10-12,345.554
1995-10-13,345.613
1995-10-14,345.675
1995-10-15,345.748
1995-10-16,345.791
1995-10-17,345.829
1995-10-18,345.870
1995-10-19,345.896
1995-10-20,345.926
1995-10-21,345.901
1995-10-22,345.905
1995-10-23,345.889
1995-10-24,345.876
1995-10-25,345.886
1995-10-26,345.892
1995-10-27,345.894
1995-10-28,345.895
1995-10-29,345.893
1995-10-30,345.905
1995-10-31,345.942
1995-11-01,345.909
1995-11-02,345.850
1995-11-03,345.780
1995-11-04,345.716
1995-11-05,345.635
1995-11-06,345.600
1995-11-07,345.622
1995-11-08,345.651
1995-11-09,345.707
1995-11-10,345.812
1995-11-11,345.895
1995-11-12,345.911
1995-11-13,345.901
1995-11-14,345.886
1995-11-15,345.869
1995-11-16,345.856
1995-11-17,345.830
1995-11-18,345.814
1995-11-19,345.813
1995-11-20,345.807
1995-11-21,345.763
1995-11-22,345.684
1995-11-23,345.615
1995-11-24,345.536
1995-11-25,345.500
1995-11-26,345.544
1995-11-27,345.629
1995-11-28,345.684
1995-11-29,345.706
1995-11-30,345.700
1995-12-01,345.707
1995-12-02,345.779
1995-12-03,345.849
1995-12-04,345.889
1995-12-05,345.892
1995-12-06,345.862
1995-12-07,345.876
1995-12-08,345.898
1995-12-09,345.862
1995-12-10,345.811
1995-12-11,345.746
1995-12-12,345.864
1995-12-13,346.434
1995-12-14,346.995
1995-12-15,347.156
1995-12-16,347.226
1995-12-17,347.238
1995-12-18,347.226
1995-12-19,347.189
1995-12-20,347.139
1995-12-21,347.091
1995-12-22,347.101
1995-12-23,347.135
1995-12-24,347.119
1995-12-25,347.075
1995-12-26,347.014
1995-12-27,346.957
1995-12-28,347.047
1995-12-29,347.215
1995-12-30,347.200
1995-12-31,347.154
1996-01-01,347.112
1996-01-02,347.070
1996-01-03,347.008
1996-01-04,346.932
1996-01-05,346.887
1996-01-06,346.825
1996-01-07,346.752
1996-01-08,346.685
1996-01-09,346.614
1996-01-10,346.524
1996-01-11,346.438
1996-01-12,346.367
1996-01-13,346.305
1996-01-14,346.237
1996-01-15,346.158
1996-01-16,346.100
1996-01-17,346.013
1996-01-18,345.920
1996-01-19,345.832
1996-01-20,345.757
1996-01-21,345.722
1996-01-22,345.690
1996-01-23,345.679
1996-01-24,345.675
1996-01-25,345.690
1996-01-26,345.709
1996-01-27,345.726
1996-01-28,345.742
1996-01-29,345.757
1996-01-30,345.761
1996-01-31,345.758
1996-02-01,345.759
1996-02-02,345.772
1996-02-03,345.796
1996-02-04,345.874
1996-02-05,345.832
1996-02-06,345.772
1996-02-07,345.718
1996-02-08,345.666
1996-02-09,345.632
1996-02-10,345.643
1996-02-11,345.615
1996-02-12,345.623
1996-02-13,345.685
1996-02-14,345.724
1996-02-15,345.751
1996-02-16,345.776
1996-02-17,345.793
1996-02-18,345.788
1996-02-19,345.786
1996-02-20,345.787
1996-02-21,345.788
1996-02-22,345.784
1996-02-23,345.764
1996-02-24,345.780
1996-02-25,345.790
1996-02-26,345.798
1996-02-27,345.775
1996-02-28,345.675
1996-02-29,345.598
1996-03-01,345.579
1996-03-02,345.584
1996-03-03,345.640
1996-03-04,345.609
1996-03-05,345.624
1996-03-06,345.608
1996-03-07,345.536
1996-03-08,345.514
1996-03-09,345.483
1996-03-10,345.445
1996-03-11,345.411
1996-03-12,345.397
1996-03-13,345.390
1996-03-14,345.397
1996-03-15,345.384
1996-03-16,345.409
1996-03-17,345.429
1996-03-18,345.477
1996-03-19,345.531
1996-03-20,345.584
1996-03-21,345.615
1996-03-22,345.629
1996-03-23,345.634
1996-03-24,345.640
1996-03-25,345.637
1996-03-26,345.627
1996-03-27,345.600
1996-03-28,345.571
1996-03-29,345.561
1996-03-30,345.547
1996-03-31,345.538
1996-04-01,345.534
1996-04-02,345.529
1996-04-03,345.546
1996-04-04,345.574
1996-04-05,345.606
1996-04-06,345.626
1996-04-07,345.649
1996-04-08,345.678
1996-04-09,345.739
1996-04-10,345.817
1996-04-11,345.816
1996-04-12,345.819
1996-04-13,345.820
1996-04-14,345.924
1996-04-15,346.043
1996-04-16,346.046
1996-04-17,345.992
1996-04-18,345.937
1996-04-19,345.877
1996-04-20,345.820
1996-04-21,345.770
1996-04-22,345.712
1996-04-23,345.660
1996-04-24,345.602
1996-04-25,345.572
1996-04-26,345.574
1996-04-27,345.567
1996-04-28,345.559
1996-04-29,345.625
1996-04-30,345.615
1996-05-01,345.560
1996-05-02,345.480
1996-05-03,345.444
1996-05-04,345.439
1996-05-05,345.386
1996-05-06,345.312
1996-05-07,345.235
1996-05-08,345.175
1996-05-09,345.103
1996-05-10,345.034
1996-05-11,344.964
1996-05-12,344.917
1996-05-13,344.877
1996-05-14,344.791
1996-05-15,344.727
1996-05-16,344.634
1996-05-17,344.559
1996-05-18,344.485
1996-05-19,344.393
1996-05-20,344.377
1996-05-21,344.391
1996-05-22,344.400
1996-05-23,344.425
1996-05-24,344.460
1996-05-25,344.493
1996-05-26,344.540
1996-05-27,344.550
1996-05-28,344.539
1996-05-29,344.532
1996-05-30,344.554
1996-05-31,344.588
1996-06-01,344.556
1996-06-02,344.532
1996-06-03,344.495
1996-06-04,344.461
1996-06-05,344.460
1996-06-06,344.483
1996-06-07,344.523
1996-06-08,344.555
1996-06-09,344.592
1996-06-10,344.621
1996-06-11,344.647
1996-06-12,344.666
1996-06-13,344.677
1996-06-14,344.681
1996-06-15,344.707
1996-06-16,344.722
1996-06-17,344.733
1996-06-18,344.724
1996-06-19,344.683
1996-06-20,344.626
1996-06-21,344.574
1996-06-22,344.516
1996-06-23,344.452
1996-06-24,344.384
1996-06-25,344.333
1996-06-26,344.281
1996-06-27,344.219
1996-06-28,344.138
1996-06-29,344.056
1996-06-30,343.963
1996-07-01,343.867
1996-07-02,343.785
1996-07-03,343.713
1996-07-04,343.629
1996-07-05,343.552
1996-07-06,343.473
1996-07-07,343.379
1996-07-08,343.298
1996-07-09,343.235
1996-07-10,343.149
1996-07-11,343.039
1996-07-12,342.947
1996-07-13,342.863
1996-07-14,342.764
1996-07-15,342.649
1996-07-16,342.561
1996-07-17,342.479
1996-07-18,342.379
1996-07-19,342.267
1996-07-20,342.205
1996-07-21,342.195
1996-07-22,342.175
1996-07-23,342.095
1996-07-24,342.041
1996-07-25,341.995
1996-07-26,341.942
1996-07-27,341.898
1996-07-28,341.854
1996-07-29,341.806
1996-07-30,341.752
1996-07-31,341.709
1996-08-01,341.663
1996-08-02,341.610
1996-08-03,341.575
1996-08-04,341.561
1996-08-05,341.577
1996-08-06,341.572
1996-08-07,341.553
1996-08-08,341.531
1996-08-09,341.514
1996-08-10,341.489
1996-08-11,341.464
1996-08-12,341.435
1996-08-13,341.397
1996-08-14,341.362
1996-08-15,341.321
1996-08-16,341.288
1996-08-17,341.271
1996-08-18,341.277
1996-08-19,341.257
1996-08-20,341.241
1996-08-21,341.237
1996-08-22,341.231
1996-08-23,341.216
1996-08-24,341.200
1996-08-25,341.180
1996-08-26,341.166
1996-08-27,341.154
1996-08-28,341.131
1996-08-29,341.081
1996-08-30,341.029
1996-08-31,341.001
1996-09-01,340.986
1996-09-02,340.960
1996-09-03,340.914
1996-09-04,340.921
1996-09-05,340.952
1996-09-06,340.966
1996-09-07,340.968
1996-09-08,340.982
1996-09-09,340.978
1996-09-10,340.974
1996-09-11,340.952
1996-09-12,340.936
1996-09-13,340.944
1996-09-14,340.967
1996-09-15,341.007
1996-09-16,341.001
1996-09-17,340.986
1996-09-18,340.978
1996-09-19,341.007
1996-09-20,341.048
1996-09-21,341.075
1996-09-22,341.089
1996-09-23,341.091
1996-09-24,341.082
1996-09-25,341.075
1996-09-26,341.073
1996-09-27,341.072
1996-09-28,341.105
1996-09-29,341.100
1996-09-30,341.096
1996-10-01,341.098
1996-10-02,341.293
1996-10-03,341.384
1996-10-04,341.442
1996-10-05,341.499
1996-10-06,341.556
1996-10-07,341.758
1996-10-08,342.003
1996-10-09,342.115
1996-10-10,342.179
1996-10-11,342.230
1996-10-12,342.290
1996-10-13,342.425
1996-10-14,342.514
1996-10-15,342.568
1996-10-16,342.621
1996-10-17,342.678
1996-10-18,342.712
1996-10-19,342.797
1996-10-20,342.970
1996-10-21,343.161
1996-10-22,343.327
1996-10-23,343.443
1996-10-24,343.519
1996-10-25,343.575
1996-10-26,343.617
1996-10-27,343.654
1996-10-28,343.731
1996-10-29,343.828
1996-10-30,343.886
1996-10-31,343.937
1996-11-01,343.972
1996-11-02,344.003
1996-11-03,344.034
1996-11-04,344.068
1996-11-05,344.097
1996-11-06,344.132
1996-11-07,344.156
1996-11-08,344.171
1996-11-09,344.191
1996-11-10,344.210
1996-11-11,344.242
1996-11-12,344.258
1996-11-13,344.197
1996-11-14,344.118
1996-11-15,344.025
1996-11-16,343.931
1996-11-17,343.860
1996-11-18,343.775
1996-11-19,343.754
1996-11-20,343.788
1996-11-21,343.805
1996-11-22,343.814
1996-11-23,343.766
1996-11-24,343.709
1996-11-25,343.639
1996-11-26,343.606
1996-11-27,343.596
1996-11-28,343.589
1996-11-29,343.583
1996-11-30,343.551
1996-12-01,343.471
1996-12-02,343.417
1996-12-03,343.346
1996-12-04,343.292
1996-12-05,343.242
1996-12-06,343.200
1996-12-07,343.158
1996-12-08,343.175
1996-12-09,343.194
1996-12-10,343.208
1996-12-11,343.225
1996-12-12,343.234
1996-12-13,343.231
1996-12-14,343.248
1996-12-15,343.264
1996-12-16,343.282
1996-12-17,343.319
1996-12-18,343.376
1996-12-19,343.417
1996-12-20,343.461
1996-12-21,343.539
1996-12-22,343.608
1996-12-23,343.653
1996-12-24,343.679
1996-12-25,343.729
1996-12-26,343.770
1996-12-27,343.805
1996-12-28,343.850
1996-12-29,343.888
1996-12-30,343.924
1996-12-31,343.947
1997-01-01,343.988
1997-01-02,344.015
1997-01-03,344.045
1997-01-04,344.052
1997-01-05,344.069
1997-01-06,344.078
1997-01-07,344.096
1997-01-08,344.118
1997-01-09,344.143
1997-01-10,344.170
1997-01-11,344.206
1997-01-12,344.249
1997-01-13,344.276
1997-01-14,344.300
1997-01-15,344.319
1997-01-16,344.322
1997-01-17,344.315
1997-01-18,344.298
1997-01-19,344.278
1997-01-20,344.238
1997-01-21,344.179
1997-01-22,344.094
1997-01-23,344.005
1997-01-24,343.975
1997-01-25,343.978
1997-01-26,343.983
1997-01-27,343.998
1997-01-28,343.984
1997-01-29,343.940
1997-01-30,343.883
1997-01-31,343.824
1997-02-01,343.805
1997-02-02,343.778
1997-02-03,343.698
1997-02-04,343.630
1997-02-05,343.562
1997-02-06,343.491
1997-02-07,343.410
1997-02-08,343.390
1997-02-09,343.376
1997-02-10,343.369
1997-02-11,343.432
1997-02-12,343.457
1997-02-13,343.473
1997-02-14,343.488
1997-02-15,343.505
1997-02-16,343.524
1997-02-17,343.529
1997-02-18,343.537
1997-02-19,343.551
1997-02-20,343.564
1997-02-21,343.590
1997-02-22,343.599
1997-02-23,343.599
1997-02-24,343.603
1997-02-25,343.613
1997-02-26,343.641
1997-02-27,343.728
1997-02-28,343.750
1997-03-01,343.767
1997-03-02,343.786
1997-03-03,343.778
1997-03-04,343.787
1997-03-05,343.811
1997-03-06,343.831
1997-03-07,343.839
1997-03-08,343.850
1997-03-09,343.871
1997-03-10,343.876
1997-03-11,343.868
1997-03-12,343.865
1997-03-13,343.881
1997-03-14,343.884
1997-03-15,343.888
1997-03-16,343.941
1997-03-17,343.959
1997-03-18,343.954
1997-03-19,343.966
1997-03-20,343.972
1997-03-21,343.965
1997-03-22,343.974
1997-03-23,343.985
1997-03-24,343.999
1997-03-25,343.999
1997-03-26,343.994
1997-03-27,343.995
1997-03-28,343.999
1997-03-29,344.011
1997-03-30,344.012
1997-03-31,344.018
1997-04-01,344.021
1997-04-02,344.028
1997-04-03,344.038
1997-04-04,344.048
1997-04-05,344.087
1997-04-06,344.160
1997-04-07,344.194
1997-04-08,344.369
1997-04-09,344.569
1997-04-10,344.623
1997-04-11,344.650
1997-04-12,344.678
1997-04-13,344.702
1997-04-14,344.722
1997-04-15,344.740
1997-04-16,344.748
1997-04-17,344.784
1997-04-18,344.811
1997-04-19,344.932
1997-04-20,344.984
1997-04-21,345.016
1997-04-22,345.039
1997-04-23,345.048
1997-04-24,345.070
1997-04-25,345.099
1997-04-26,345.147
1997-04-27,345.172
1997-04-28,345.201
1997-04-29,345.216
1997-04-30,345.234
1997-05-01,345.250
1997-05-02,345.267
1997-05-03,345.281
1997-05-04,345.292
1997-05-05,345.302
1997-05-06,345.305
1997-05-07,345.287
1997-05-08,345.261
1997-05-09,345.186
1997-05-10,345.145
1997-05-11,345.106
1997-05-12,345.072
1997-05-13,345.041
1997-05-14,344.949
1997-05-15,344.853
1997-05-16,344.788
1997-05-17,344.744
1997-05-18,344.682
1997-05-19,344.613
1997-05-20,344.546
1997-05-21,344.604
1997-05-22,344.592
1997-05-23,344.546
1997-05-24,344.530
1997-05-25,344.540
1997-05-26,344.534
1997-05-27,344.504
1997-05-28,344.430
1997-05-29,344.361
1997-05-30,344.289
1997-05-31,344.229
1997-06-01,344.193
1997-06-02,344.188
1997-06-03,344.143
1997-06-04,344.065
1997-06-05,343.976
1997-06-06,343.887
1997-06-07,343.812
1997-06-08,343.739
1997-06-09,343.639
1997-06-10,343.534
1997-06-11,343.451
1997-06-12,343.357
1997-06-13,343.251
1997-06-14,343.145
1997-06-15,343.059
1997-06-16,342.966
1997-06-17,342.863
1997-06-18,342.760
1997-06-19,342.673
1997-06-20,342.568
1997-06-21,342.454
1997-06-22,342.347
1997-06-23,342.255
1997-06-24,342.142
1997-06-25,342.026
1997-06-26,341.926
1997-06-27,341.829
1997-06-28,341.713
1997-06-29,341.592
1997-06-30,341.488
1997-07-01,341.393
1997-07-02,341.325
1997-07-03,341.262
1997-07-04,341.177
1997-07-05,341.077
1997-07-06,340.957
1997-07-07,340.842
1997-07-08,340.747
1997-07-09,340.635
1997-07-10,340.595
1997-07-11,340.526
1997-07-12,340.440
1997-07-13,340.334
1997-07-14,340.220
1997-07-15,340.132
1997-07-16,340.045
1997-07-17,339.915
1997-07-18,339.815
1997-07-19,339.714
1997-07-20,339.615
1997-07-21,339.496
1997-07-22,339.377
1997-07-23,339.281
1997-07-24,339.172
1997-07-25,339.051
1997-07-26,339.020
1997-07-27,339.024
1997-07-28,338.996
1997-07-29,338.929
1997-07-30,338.894
1997-07-31,338.865
1997-08-01,338.824
1997-08-02,338.803
1997-08-03,338.762
1997-08-04,338.676
1997-08-05,338.560
1997-08-06,338.443
1997-08-07,338.403
1997-08-08,338.373
1997-08-09,338.323
1997-08-10,338.405
1997-08-11,338.541
1997-08-12,338.601
1997-08-13,338.794
1997-08-14,338.941
1997-08-15,339.012
1997-08-16,339.055
1997-08-17,339.113
1997-08-18,339.209
1997-08-19,339.313
1997-08-20,339.365
1997-08-21,339.414
1997-08-22,339.454
1997-08-23,339.483
1997-08-24,339.508
1997-08-25,339.537
1997-08-26,339.577
1997-08-27,339.647
1997-08-28,339.691
1997-08-29,339.732
1997-08-30,339.754
1997-08-31,339.777
1997-09-01,339.803
1997-09-02,339.825
1997-09-03,339.845
1997-09-04,339.865
1997-09-05,339.878
1997-09-06,339.899
1997-09-07,339.914
1997-09-08,339.929
1997-09-09,339.943
1997-09-10,339.964
1997-09-11,339.985
1997-09-12,340.012
1997-09-13,340.034
1997-09-14,340.052
1997-09-15,340.066
1997-09-16,340.080
1997-09-17,340.090
1997-09-18,340.104
1997-09-19,340.118
1997-09-20,340.131
1997-09-21,340.148
1997-09-22,340.157
1997-09-23,340.163
1997-09-24,340.175
1997-09-25,340.188
1997-09-26,340.199
1997-09-27,340.210
1997-09-28,340.235
1997-09-29,340.271
1997-09-30,340.299
1997-10-01,340.323
1997-10-02,340.349
1997-10-03,340.386
1997-10-04,340.457
1997-10-05,340.503
1997-10-06,340.540
1997-10-07,340.568
1997-10-08,340.591
1997-10-09,340.606
1997-10-10,340.621
1997-10-11,340.650
1997-10-12,340.690
1997-10-13,340.821
1997-10-14,340.896
1997-10-15,340.946
1997-10-16,340.975
1997-10-17,341.010
1997-10-18,341.062
1997-10-19,341.094
1997-10-20,341.120
1997-10-21,341.150
1997-10-22,341.177
1997-10-23,341.199
1997-10-24,341.229
1997-10-25,341.244
1997-10-26,341.247
1997-10-27,341.270
1997-10-28,341.297
1997-10-29,341.327
1997-10-30,341.391
1997-10-31,341.453
1997-11-01,341.504
1997-11-02,341.580
1997-11-03,341.637
1997-11-04,341.685
1997-11-05,341.694
1997-11-06,341.718
1997-11-07,341.759
1997-11-08,341.803
1997-11-09,341.825
1997-11-10,341.847
1997-11-11,341.881
1997-11-12,341.919
1997-11-13,341.976
1997-11-14,342.018
1997-11-15,342.140
1997-11-16,342.263
1997-11-17,342.332
1997-11-18,342.401
1997-11-19,342.470
1997-11-20,342.549
1997-11-21,342.640
1997-11-22,342.704
1997-11-23,342.746
1997-11-24,342.800
1997-11-25,342.870
1997-11-26,342.937
1997-11-27,342.990
1997-11-28,343.060
1997-11-29,343.186
1997-11-30,343.249
1997-12-01,343.305
1997-12-02,343.347
1997-12-03,343.463
1997-12-04,343.548
1997-12-05,343.608
1997-12-06,343.643
1997-12-07,343.679
1997-12-08,343.708
1997-12-09,343.736
1997-12-10,343.768
1997-12-11,343.793
1997-12-12,343.837
1997-12-13,343.849
1997-12-14,343.887
1997-12-15,343.934
1997-12-16,344.038
1997-12-17,344.124
1997-12-18,344.189
1997-12-19,344.256
1997-12-20,344.292
1997-12-21,344.368
1997-12-22,344.411
1997-12-23,344.525
1997-12-24,344.647
1997-12-25,344.700
1997-12-26,344.747
1997-12-27,344.798
1997-12-28,344.841
1997-12-29,344.888
1997-12-30,344.930
1997-12-31,344.959
1998-01-01,344.986
1998-01-02,345.024
1998-01-03,345.046
1998-01-04,345.040
1998-01-05,345.039
1998-01-06,345.049
1998-01-07,345.029
1998-01-08,345.018
1998-01-09,344.945
1998-01-10,344.895
1998-01-11,344.853
1998-01-12,344.799
1998-01-13,344.753
1998-01-14,344.713
1998-01-15,344.683
1998-01-16,344.776
1998-01-17,344.815
1998-01-18,344.842
1998-01-19,344.840
1998-01-20,344.829
1998-01-21,344.827
1998-01-22,344.828
1998-01-23,344.849
1998-01-24,344.916
1998-01-25,344.947
1998-01-26,344.959
1998-01-27,344.970
1998-01-28,345.025
1998-01-29,345.110
1998-01-30,345.174
1998-01-31,345.235
1998-02-01,345.249
1998-02-02,345.267
1998-02-03,345.274
1998-02-04,345.277
1998-02-05,345.283
1998-02-06,345.290
1998-02-07,345.291
1998-02-08,345.308
1998-02-09,345.362
1998-02-10,345.415
1998-02-11,345.438
1998-02-12,345.441
1998-02-13,345.447
1998-02-14,345.522
1998-02-15,345.533
1998-02-16,345.525
1998-02-17,345.546
1998-02-18,345.699
1998-02-19,345.770
1998-02-20,345.783
1998-02-21,345.785
1998-02-22,345.781
1998-02-23,345.872
1998-02-24,345.941
1998-02-25,345.956
1998-02-26,345.955
1998-02-27,345.947
1998-02-28,345.948
1998-03-01,345.942
1998-03-02,345.898
1998-03-03,345.853
1998-03-04,345.807
1998-03-05,345.756
1998-03-06,345.768
1998-03-07,345.862
1998-03-08,345.962
1998-03-09,346.000
1998-03-10,345.983
1998-03-11,345.940
1998-03-12,345.879
1998-03-13,345.804
1998-03-14,345.739
1998-03-15,345.699
1998-03-16,345.649
1998-03-17,345.571
1998-03-18,345.494
1998-03-19,345.504
1998-03-20,345.524
1998-03-21,345.530
1998-03-22,345.566
1998-03-23,345.587
1998-03-24,345.605
1998-03-25,345.602
1998-03-26,345.600
1998-03-27,345.599
1998-03-28,345.596
1998-03-29,345.626
1998-03-30,345.667
1998-03-31,345.674
1998-04-01,345.706
1998-04-02,345.784
1998-04-03,345.824
1998-04-04,345.875
1998-04-05,345.887
1998-04-06,345.872
1998-04-07,345.873
1998-04-08,345.878
1998-04-09,345.894
1998-04-10,345.889
1998-04-11,345.875
1998-04-12,345.868
1998-04-13,345.861
1998-04-14,345.896
1998-04-15,345.913
1998-04-16,345.885
1998-04-17,345.876
1998-04-18,345.871
1998-04-19,345.870
1998-04-20,345.862
1998-04-21,345.855
1998-04-22,345.846
1998-04-23,345.862
1998-04-24,345.901
1998-04-25,345.903
1998-04-26,345.899
1998-04-27,345.898
1998-04-28,345.926
1998-04-29,345.936
1998-04-30,345.940
1998-05-01,345.942
1998-05-02,345.942
1998-05-03,345.941
1998-05-04,345.915
1998-05-05,345.875
1998-05-06,345.847
1998-05-07,345.869
1998-05-08,345.921
1998-05-09,345.907
1998-05-10,345.874
1998-05-11,345.842
1998-05-12,345.808
1998-05-13,345.758
1998-05-14,345.710
1998-05-15,345.676
1998-05-16,345.643
1998-05-17,345.587
1998-05-18,345.541
1998-05-19,345.499
1998-05-20,345.455
1998-05-21,345.405
1998-05-22,345.373
1998-05-23,345.360
1998-05-24,345.345
1998-05-25,345.311
1998-05-26,345.277
1998-05-27,345.263
1998-05-28,345.267
1998-05-29,345.231
1998-05-30,345.217
1998-05-31,345.216
1998-06-01,345.218
1998-06-02,345.230
1998-06-03,345.227
1998-06-04,345.203
1998-06-05,345.148
1998-06-06,345.090
1998-06-07,345.044
1998-06-08,345.003
1998-06-09,344.977
1998-06-10,344.953
1998-06-11,344.931
1998-06-12,344.901
1998-06-13,344.860
1998-06-14,344.793
1998-06-15,344.728
1998-06-16,344.647
1998-06-17,344.563
1998-06-18,344.485
1998-06-19,344.404
1998-06-20,344.305
1998-06-21,344.200
1998-06-22,344.120
1998-06-23,344.146
1998-06-24,344.179
1998-06-25,344.207
1998-06-26,344.319
1998-06-27,344.416
1998-06-28,344.472
1998-06-29,344.514
1998-06-30,344.548
1998-07-01,344.584
1998-07-02,344.622
1998-07-03,344.583
1998-07-04,344.515
1998-07-05,344.488
1998-07-06,344.467
1998-07-07,344.411
1998-07-08,344.379
1998-07-09,344.339
1998-07-10,344.275
1998-07-11,344.235
1998-07-12,344.190
1998-07-13,344.132
1998-07-14,344.053
1998-07-15,343.969
1998-07-16,343.884
1998-07-17,343.795
1998-07-18,343.712
1998-07-19,343.670
1998-07-20,343.661
1998-07-21,343.602
1998-07-22,343.676
1998-07-23,343.980
1998-07-24,344.097
1998-07-25,344.172
1998-07-26,344.226
1998-07-27,344.264
1998-07-28,344.297
1998-07-29,344.379
1998-07-30,344.493
1998-07-31,344.552
1998-08-01,344.613
1998-08-02,344.656
1998-08-03,344.688
1998-08-04,344.724
1998-08-05,344.751
1998-08-06,344.828
1998-08-07,344.909
1998-08-08,344.953
1998-08-09,344.993
1998-08-10,345.027
1998-08-11,345.061
1998-08-12,345.063
1998-08-13,345.032
1998-08-14,344.974
1998-08-15,344.909
1998-08-16,344.851
1998-08-17,344.781
1998-08-18,344.707
1998-08-19,344.644
1998-08-20,344.575
1998-08-21,344.503
1998-08-22,344.429
1998-08-23,344.367
1998-08-24,344.349
1998-08-25,344.286
1998-08-26,344.221
1998-08-27,344.167
1998-08-28,344.109
1998-08-29,344.042
1998-08-30,343.974
1998-08-31,343.908
1998-09-01,343.880
1998-09-02,343.867
1998-09-03,343.824
1998-09-04,343.768
1998-09-05,343.673
1998-09-06,343.603
1998-09-07,343.542
1998-09-08,343.499
1998-09-09,343.446
1998-09-10,343.402
1998-09-11,343.350
1998-09-12,343.310
1998-09-13,343.277
1998-09-14,343.250
1998-09-15,343.249
1998-09-16,343.297
1998-09-17,343.372
1998-09-18,343.397
1998-09-19,343.399
1998-09-20,343.399
1998-09-21,343.396
1998-09-22,343.392
1998-09-23,343.391
1998-09-24,343.393
1998-09-25,343.422
1998-09-26,343.472
1998-09-27,343.593
1998-09-28,343.708
1998-09-29,343.771
1998-09-30,343.819
1998-10-01,343.867
1998-10-02,343.899
1998-10-03,343.922
1998-10-04,343.933
1998-10-05,343.951
1998-10-06,343.944
1998-10-07,343.924
1998-10-08,344.087
1998-10-09,344.290
1998-10-10,344.411
1998-10-11,344.487
1998-10-12,344.534
1998-10-13,344.582
1998-10-14,344.611
1998-10-15,344.608
1998-10-16,344.608
1998-10-17,344.585
1998-10-18,344.547
1998-10-19,344.565
1998-10-20,344.592
1998-10-21,344.597
1998-10-22,344.574
1998-10-23,344.536
1998-10-24,344.474
1998-10-25,344.406
1998-10-26,344.359
1998-10-27,344.413
1998-10-28,344.448
1998-10-29,344.488
1998-10-30,344.527
1998-10-31,344.539
1998-11-01,344.540
1998-11-02,344.539
1998-11-03,344.534
1998-11-04,344.544
1998-11-05,344.562
1998-11-06,344.594
1998-11-07,344.599
1998-11-08,344.611
1998-11-09,344.627
1998-11-10,344.625
1998-11-11,344.627
1998-11-12,344.653
1998-11-13,344.655
1998-11-14,344.678
1998-11-15,344.696
1998-11-16,344.726
1998-11-17,344.743
1998-11-18,344.760
1998-11-19,344.770
1998-11-20,344.786
1998-11-21,344.803
1998-11-22,344.818
1998-11-23,344.839
1998-11-24,344.850
1998-11-25,344.853
1998-11-26,344.853
1998-11-27,344.865
1998-11-28,344.861
1998-11-29,344.845
1998-11-30,344.808
1998-12-01,344.792
1998-12-02,344.817
1998-12-03,344.833
1998-12-04,344.841
1998-12-05,344.860
1998-12-06,344.876
1998-12-07,344.893
1998-12-08,344.903
1998-12-09,344.924
1998-12-10,344.919
1998-12-11,344.915
1998-12-12,344.929
1998-12-13,344.967
1998-12-14,344.986
1998-12-15,345.005
1998-12-16,345.007
1998-12-17,344.995
1998-12-18,344.980
1998-12-19,344.995
1998-12-20,345.019
1998-12-21,345.024
1998-12-22,345.021
1998-12-23,345.008
1998-12-24,344.987
1998-12-25,344.975
1998-12-26,344.972
1998-12-27,344.979
1998-12-28,344.991
1998-12-29,345.009
1998-12-30,345.005
1998-12-31,345.005
1999-01-01,344.991
1999-01-02,344.976
1999-01-03,344.964
1999-01-04,344.955
1999-01-05,344.942
1999-01-06,344.949
1999-01-07,344.962
1999-01-08,344.953
1999-01-09,344.951
1999-01-10,344.950
1999-01-11,344.949
1999-01-12,344.959
1999-01-13,344.961
1999-01-14,344.963
1999-01-15,344.964
1999-01-16,344.981
1999-01-17,344.976
1999-01-18,344.976
1999-01-19,344.970
1999-01-20,344.962
1999-01-21,344.932
1999-01-22,344.887
1999-01-23,344.837
1999-01-24,344.791
1999-01-25,344.732
1999-01-26,344.677
1999-01-27,344.597
1999-01-28,344.540
1999-01-29,344.475
1999-01-30,344.412
1999-01-31,344.379
1999-02-01,344.386
1999-02-02,344.361
1999-02-03,344.295
1999-02-04,344.240
1999-02-05,344.187
1999-02-06,344.144
1999-02-07,344.112
1999-02-08,344.050
1999-02-09,343.964
1999-02-10,343.932
1999-02-11,343.926
1999-02-12,343.919
1999-02-13,343.898
1999-02-14,343.866
1999-02-15,343.832
1999-02-16,343.804
1999-02-17,343.785
1999-02-18,343.741
1999-02-19,343.726
1999-02-20,343.739
1999-02-21,343.737
1999-02-22,343.712
1999-02-23,343.672
1999-02-24,343.650
1999-02-25,343.611
1999-02-26,343.580
1999-02-27,343.605
1999-02-28,343.644
1999-03-01,343.611
1999-03-02,343.587
1999-03-03,343.540
1999-03-04,343.514
1999-03-05,343.483
1999-03-06,343.463
1999-03-07,343.449
1999-03-08,343.414
1999-03-09,343.542
1999-03-10,343.615
1999-03-11,343.637
1999-03-12,343.642
1999-03-13,343.644
1999-03-14,343.642
1999-03-15,343.643
1999-03-16,343.623
1999-03-17,343.575
1999-03-18,343.532
1999-03-19,343.497
1999-03-20,343.457
1999-03-21,343.435
1999-03-22,343.417
1999-03-23,343.380
1999-03-24,343.412
1999-03-25,343.387
1999-03-26,343.348
1999-03-27,343.348
1999-03-28,343.361
1999-03-29,343.417
1999-03-30,343.518
1999-03-31,343.574
1999-04-01,343.596
1999-04-02,343.622
1999-04-03,343.639
1999-04-04,343.658
1999-04-05,343.674
1999-04-06,343.691
1999-04-07,343.710
1999-04-08,343.754
1999-04-09,343.812
1999-04-10,343.826
1999-04-11,343.840
1999-04-12,343.854
1999-04-13,343.833
1999-04-14,343.789
1999-04-15,343.835
1999-04-16,343.920
1999-04-17,343.972
1999-04-18,344.006
1999-04-19,344.029
1999-04-20,344.067
1999-04-21,344.071
1999-04-22,344.185
1999-04-23,344.281
1999-04-24,344.353
1999-04-25,344.398
1999-04-26,344.426
1999-04-27,344.439
1999-04-28,344.448
1999-04-29,344.453
1999-04-30,344.463
1999-05-01,344.478
1999-05-02,344.492
1999-05-03,344.503
1999-05-04,344.504
1999-05-05,344.473
1999-05-06,344.437
1999-05-07,344.374
1999-05-08,344.286
1999-05-09,344.192
1999-05-10,344.080
1999-05-11,343.991
1999-05-12,343.896
1999-05-13,343.784
1999-05-14,343.766
1999-05-15,343.764
1999-05-16,343.866
1999-05-17,344.125
1999-05-18,344.184
1999-05-19,344.224
1999-05-20,344.255
1999-05-21,344.281
1999-05-22,344.302
1999-05-23,344.321
1999-05-24,344.340
1999-05-25,344.327
1999-05-26,344.310
1999-05-27,344.332
1999-05-28,344.364
1999-05-29,344.405
1999-05-30,344.414
1999-05-31,344.433
1999-06-01,344.491
1999-06-02,344.550
1999-06-03,344.581
1999-06-04,344.607
1999-06-05,344.629
1999-06-06,344.647
1999-06-07,344.637
1999-06-08,344.611
1999-06-09,344.577
1999-06-10,344.521
1999-06-11,344.464
1999-06-12,344.392
1999-06-13,344.372
1999-06-14,344.366
1999-06-15,344.334
1999-06-16,344.294
1999-06-17,344.234
1999-06-18,344.176
1999-06-19,344.141
1999-06-20,344.118
1999-06-21,344.031
1999-06-22,343.947
1999-06-23,343.854
1999-06-24,343.749
1999-06-25,343.642
1999-06-26,343.570
1999-06-27,343.505
1999-06-28,343.404
1999-06-29,343.291
1999-06-30,343.198
1999-07-01,343.111
1999-07-02,343.009
1999-07-03,343.053
1999-07-04,343.051
1999-07-05,343.014
1999-07-06,342.964
1999-07-07,342.937
1999-07-08,342.932
1999-07-09,342.955
1999-07-10,342.977
1999-07-11,343.000
1999-07-12,342.957
1999-07-13,342.874
1999-07-14,342.773
1999-07-15,342.685
1999-07-16,342.590
1999-07-17,342.531
1999-07-18,342.504
1999-07-19,342.455
1999-07-20,342.363
1999-07-21,342.254
1999-07-22,342.144
1999-07-23,342.052
1999-07-24,341.986
1999-07-25,341.910
1999-07-26,341.802
1999-07-27,341.709
1999-07-28,341.616
1999-07-29,341.502
1999-07-30,341.388
1999-07-31,341.295
1999-08-01,341.197
1999-08-02,341.084
1999-08-03,340.975
1999-08-04,340.880
1999-08-05,340.770
1999-08-06,340.691
1999-08-07,340.636
1999-08-08,340.587
1999-08-09,340.531
1999-08-10,340.489
1999-08-11,340.433
1999-08-12,340.370
1999-08-13,340.297
1999-08-14,340.223
1999-08-15,340.158
1999-08-16,340.106
1999-08-17,340.039
1999-08-18,339.967
1999-08-19,339.906
1999-08-20,339.887
1999-08-21,339.881
1999-08-22,339.887
1999-08-23,339.886
1999-08-24,339.841
1999-08-25,339.769
1999-08-26,339.719
1999-08-27,339.685
1999-08-28,339.663
1999-08-29,339.640
1999-08-30,339.604
1999-08-31,339.560
1999-09-01,339.572
1999-09-02,339.575
1999-09-03,339.584
1999-09-04,339.605
1999-09-05,339.616
1999-09-06,339.648
1999-09-07,339.820
1999-09-08,339.904
1999-09-09,339.951
1999-09-10,339.986
1999-09-11,340.008
1999-09-12,340.027
1999-09-13,340.051
1999-09-14,340.081
1999-09-15,340.102
1999-09-16,340.118
1999-09-17,340.141
1999-09-18,340.166
1999-09-19,340.197
1999-09-20,340.221
1999-09-21,340.247
1999-09-22,340.264
1999-09-23,340.280
1999-09-24,340.300
1999-09-25,340.318
1999-09-26,340.336
1999-09-27,340.345
1999-09-28,340.358
1999-09-29,340.376
1999-09-30,340.392
1999-10-01,340.397
1999-10-02,340.419
1999-10-03,340.434
1999-10-04,340.450
1999-10-05,340.460
1999-10-06,340.470
1999-10-07,340.475
1999-10-08,340.484
1999-10-09,340.491
1999-10-10,340.508
1999-10-11,340.511
1999-10-12,340.544
1999-10-13,340.580
1999-10-14,340.606
1999-10-15,340.623
1999-10-16,340.637
1999-10-17,340.652
1999-10-18,340.672
1999-10-19,340.692
1999-10-20,340.702
1999-10-21,340.786
1999-10-22,340.884
1999-10-23,340.974
1999-10-24,341.076
1999-10-25,341.129
1999-10-26,341.170
1999-10-27,341.232
1999-10-28,341.332
1999-10-29,341.403
1999-10-30,341.584
1999-10-31,341.706
1999-11-01,341.842
1999-11-02,342.162
1999-11-03,342.274
1999-11-04,342.335
1999-11-05,342.384
1999-11-06,342.458
1999-11-07,342.562
1999-11-08,342.638
1999-11-09,342.685
1999-11-10,342.768
1999-11-11,342.879
1999-11-12,342.965
1999-11-13,343.034
1999-11-14,343.095
1999-11-15,343.191
1999-11-16,343.507
1999-11-17,344.293
1999-11-18,344.759
1999-11-19,344.932
1999-11-20,345.052
1999-11-21,345.162
1999-11-22,345.252
1999-11-23,345.327
1999-11-24,345.365
1999-11-25,345.410
1999-11-26,345.466
1999-11-27,345.492
1999-11-28,345.504
1999-11-29,345.491
1999-11-30,345.472
1999-12-01,345.450
1999-12-02,345.431
1999-12-03,345.382
1999-12-04,345.310
1999-12-05,345.231
1999-12-06,345.142
1999-12-07,345.043
1999-12-08,344.962
1999-12-09,344.895
1999-12-10,344.828
1999-12-11,344.716
1999-12-12,344.631
1999-12-13,344.541
1999-12-14,344.460
1999-12-15,344.405
1999-12-16,344.369
1999-12-17,344.346
1999-12-18,344.317
1999-12-19,344.277
1999-12-20,344.212
1999-12-21,344.170
1999-12-22,344.076
1999-12-23,344.017
1999-12-24,344.001
1999-12-25,343.998
1999-12-26,344.003
1999-12-27,344.006
1999-12-28,344.015
1999-12-29,344.022
1999-12-30,344.023
1999-12-31,344.025
2000-01-01,344.029
2000-01-02,344.032
2000-01-03,344.045
2000-01-04,344.042
2000-01-05,344.028
2000-01-06,344.003
2000-01-07,343.990
2000-01-08,343.981
2000-01-09,343.983
2000-01-10,343.979
2000-01-11,343.982
2000-01-12,343.986
2000-01-13,343.989
2000-01-14,343.990
2000-01-15,343.992
2000-01-16,344.007
2000-01-17,344.007
2000-01-18,343.995
2000-01-19,343.998
2000-01-20,344.005
2000-01-21,344.004
2000-01-22,344.034
2000-01-23,344.072
2000-01-24,344.150
2000-01-25,344.267
2000-01-26,344.309
2000-01-27,344.340
2000-01-28,344.360
2000-01-29,344.380
2000-01-30,344.452
2000-01-31,344.514
2000-02-01,344.556
2000-02-02,344.573
2000-02-03,344.599
2000-02-04,344.632
2000-02-05,344.635
2000-02-06,344.671
2000-02-07,344.702
2000-02-08,344.704
2000-02-09,344.727
2000-02-10,344.719
2000-02-11,344.712
2000-02-12,344.707
2000-02-13,344.713
2000-02-14,344.720
2000-02-15,344.749
2000-02-16,344.788
2000-02-17,344.826
2000-02-18,344.846
2000-02-19,344.861
2000-02-20,344.882
2000-02-21,344.904
2000-02-22,344.890
2000-02-23,344.907
2000-02-24,344.928
2000-02-25,344.911
2000-02-26,344.915
2000-02-27,344.943
2000-02-28,344.931
2000-02-29,344.928
2000-03-01,344.923
2000-03-02,344.916
2000-03-03,344.909
2000-03-04,344.907
2000-03-05,344.907
2000-03-06,344.914
2000-03-07,344.892
2000-03-08,344.887
2000-03-09,344.874
2000-03-10,344.865
2000-03-11,344.864
2000-03-12,344.848
2000-03-13,344.841
2000-03-14,344.886
2000-03-15,344.899
2000-03-16,344.895
2000-03-17,344.899
2000-03-18,344.910
2000-03-19,344.916
2000-03-20,344.900
2000-03-21,344.922
2000-03-22,344.940
2000-03-23,344.938
2000-03-24,344.935
2000-03-25,344.923
2000-03-26,344.905
2000-03-27,344.887
2000-03-28,344.882
2000-03-29,344.880
2000-03-30,344.853
2000-03-31,344.841
2000-04-01,344.826
2000-04-02,344.805
2000-04-03,344.795
2000-04-04,344.808
2000-04-05,344.819
2000-04-06,344.827
2000-04-07,344.911
2000-04-08,344.957
2000-04-09,344.985
2000-04-10,345.003
2000-04-11,345.010
2000-04-12,345.031
2000-04-13,345.027
2000-04-14,345.030
2000-04-15,345.043
2000-04-16,345.043
2000-04-17,345.043
2000-04-18,345.052
2000-04-19,345.078
2000-04-20,345.091
2000-04-21,345.107
2000-04-22,345.116
2000-04-23,345.135
2000-04-24,345.154
2000-04-25,345.167
2000-04-26,345.174
2000-04-27,345.182
2000-04-28,345.184
2000-04-29,345.189
2000-04-30,345.202
2000-05-01,345.203
2000-05-02,345.197
2000-05-03,345.159
2000-05-04,345.149
2000-05-05,345.126
2000-05-06,345.137
2000-05-07,345.175
2000-05-08,345.266
2000-05-09,345.296
2000-05-10,345.304
2000-05-11,345.306
2000-05-12,345.303
2000-05-13,345.290
2000-05-14,345.277
2000-05-15,345.281
2000-05-16,345.298
2000-05-17,345.315
2000-05-18,345.322
2000-05-19,345.343
2000-05-20,345.329
2000-05-21,345.401
2000-05-22,345.453
2000-05-23,345.494
2000-05-24,345.519
2000-05-25,345.526
2000-05-26,345.524
2000-05-27,345.511
2000-05-28,345.491
2000-05-29,345.505
2000-05-30,345.629
2000-05-31,345.743
2000-06-01,345.876
2000-06-02,345.888
2000-06-03,345.847
2000-06-04,345.789
2000-06-05,345.753
2000-06-06,345.712
2000-06-07,345.672
2000-06-08,345.644
2000-06-09,345.641
2000-06-10,345.675
2000-06-11,345.728
2000-06-12,345.726
2000-06-13,345.697
2000-06-14,345.642
2000-06-15,345.563
2000-06-16,345.498
2000-06-17,345.480
2000-06-18,345.522
2000-06-19,345.559
2000-06-20,345.576
2000-06-21,345.550
2000-06-22,345.483
2000-06-23,345.435
2000-06-24,345.617
2000-06-25,346.009
2000-06-26,346.267
2000-06-27,346.290
2000-06-28,346.271
2000-06-29,346.240
2000-06-30,346.215
2000-07-01,346.174
2000-07-02,346.119
2000-07-03,346.041
2000-07-04,345.965
2000-07-05,345.886
2000-07-06,345.815
2000-07-07,345.729
2000-07-08,345.634
2000-07-09,345.557
2000-07-10,345.476
2000-07-11,345.387
2000-07-12,345.316
2000-07-13,345.250
2000-07-14,345.164
2000-07-15,345.069
2000-07-16,344.988
2000-07-17,344.904
2000-07-18,344.825
2000-07-19,344.755
2000-07-20,344.689
2000-07-21,344.652
2000-07-22,344.642
2000-07-23,344.633
2000-07-24,344.589
2000-07-25,344.522
2000-07-26,344.460
2000-07-27,344.626
2000-07-28,344.762
2000-07-29,344.821
2000-07-30,344.853
2000-07-31,344.837
2000-08-01,344.815
2000-08-02,344.788
2000-08-03,344.737
2000-08-04,344.685
2000-08-05,344.621
2000-08-06,344.552
2000-08-07,344.480
2000-08-08,344.423
2000-08-09,344.362
2000-08-10,344.294
2000-08-11,344.258
2000-08-12,344.207
2000-08-13,344.144
2000-08-14,344.065
2000-08-15,343.987
2000-08-16,343.895
2000-08-17,343.789
2000-08-18,343.690
2000-08-19,343.615
2000-08-20,343.562
2000-08-21,343.465
2000-08-22,343.362
2000-08-23,343.273
2000-08-24,343.185
2000-08-25,343.075
2000-08-26,342.978
2000-08-27,342.895
2000-08-28,342.797
2000-08-29,342.691
2000-08-30,342.603
2000-08-31,342.514
2000-09-01,342.412
2000-09-02,342.310
2000-09-03,342.225
2000-09-04,342.137
2000-09-05,342.029
2000-09-06,341.930
2000-09-07,341.870
2000-09-08,341.829
2000-09-09,341.829
2000-09-10,341.844
2000-09-11,341.876
2000-09-12,341.880
2000-09-13,341.852
2000-09-14,341.814
2000-09-15,341.777
2000-09-16,341.730
2000-09-17,341.689
2000-09-18,341.632
2000-09-19,341.617
2000-09-20,341.650
2000-09-21,341.721
2000-09-22,341.778
2000-09-23,341.832
2000-09-24,341.860
2000-09-25,341.889
2000-09-26,341.910
2000-09-27,341.934
2000-09-28,341.958
2000-09-29,341.993
2000-09-30,342.040
2000-10-01,342.123
2000-10-02,342.211
2000-10-03,342.287
2000-10-04,342.354
2000-10-05,342.438
2000-10-06,342.524
2000-10-07,342.629
2000-10-08,342.714
2000-10-09,342.814
2000-10-10,342.875
2000-10-11,342.911
2000-10-12,342.957
2000-10-13,342.995
2000-10-14,343.033
2000-10-15,343.064
2000-10-16,343.177
2000-10-17,343.246
2000-10-18,343.288
2000-10-19,343.332
2000-10-20,343.376
2000-10-21,343.410
2000-10-22,343.432
2000-10-23,343.449
2000-10-24,343.471
2000-10-25,343.489
2000-10-26,343.501
2000-10-27,343.503
2000-10-28,343.479
2000-10-29,343.462
2000-10-30,343.461
2000-10-31,343.470
2000-11-01,343.443
2000-11-02,343.408
2000-11-03,343.374
2000-11-04,343.332
2000-11-05,343.288
2000-11-06,343.253
2000-11-07,343.203
2000-11-08,343.189
2000-11-09,343.163
2000-11-10,343.127
2000-11-11,343.088
2000-11-12,343.043
2000-11-13,343.007
2000-11-14,342.977
2000-11-15,342.925
2000-11-16,342.883
2000-11-17,342.844
2000-11-18,342.789
2000-11-19,342.749
2000-11-20,342.745
2000-11-21,342.737
2000-11-22,342.718
2000-11-23,342.705
2000-11-24,342.724
2000-11-25,342.755
2000-11-26,342.784
2000-11-27,342.796
2000-11-28,342.793
2000-11-29,342.813
2000-11-30,342.841
2000-12-01,342.869
2000-12-02,342.891
2000-12-03,342.921
2000-12-04,342.964
2000-12-05,342.976
2000-12-06,342.992
2000-12-07,342.994
2000-12-08,342.980
2000-12-09,342.973
2000-12-10,342.961
2000-12-11,342.951
2000-12-12,342.952
2000-12-13,342.973
2000-12-14,343.028
2000-12-15,343.080
2000-12-16,343.123
2000-12-17,343.148
2000-12-18,343.175
2000-12-19,343.211
2000-12-20,343.246
2000-12-21,343.270
2000-12-22,343.279
2000-12-23,343.326
2000-12-24,343.358
2000-12-25,343.468
2000-12-26,343.578
2000-12-27,343.773
2000-12-28,344.077
2000-12-29,344.200
2000-12-30,344.328
2000-12-31,344.418
2001-01-01,344.480
2001-01-02,344.527
2001-01-03,344.581
2001-01-04,344.618
2001-01-05,344.652
2001-01-06,344.685
2001-01-07,344.725
2001-01-08,344.764
2001-01-09,344.790
2001-01-10,344.828
2001-01-11,344.867
2001-01-12,344.903
2001-01-13,344.913
2001-01-14,344.931
2001-01-15,344.963
2001-01-16,345.003
2001-01-17,345.054
2001-01-18,345.040
2001-01-19,344.994
2001-01-20,344.939
2001-01-21,344.905
2001-01-22,344.840
2001-01-23,344.783
2001-01-24,344.708
2001-01-25,344.623
2001-01-26,344.524
2001-01-27,344.430
2001-01-28,344.399
2001-01-29,344.328
2001-01-30,344.278
2001-01-31,344.225
2001-02-01,344.150
2001-02-02,344.075
2001-02-03,344.040
2001-02-04,344.055
2001-02-05,344.060
2001-02-06,344.062
2001-02-07,344.068
2001-02-08,344.057
2001-02-09,344.044
2001-02-10,344.039
2001-02-11,343.964
2001-02-12,343.896
2001-02-13,343.850
2001-02-14,343.813
2001-02-15,343.776
2001-02-16,343.806
2001-02-17,343.794
2001-02-18,343.781
2001-02-19,343.746
2001-02-20,343.688
2001-02-21,343.595
2001-02-22,343.496
2001-02-23,343.433
2001-02-24,343.404
2001-02-25,343.331
2001-02-26,343.316
2001-02-27,343.308
2001-02-28,343.279
2001-03-01,343.221
2001-03-02,343.134
2001-03-03,343.071
2001-03-04,342.984
2001-03-05,342.892
2001-03-06,342.804
2001-03-07,342.725
2001-03-08,342.649
2001-03-09,342.545
2001-03-10,342.531
2001-03-11,342.518
2001-03-12,342.499
2001-03-13,342.504
2001-03-14,342.500
2001-03-15,342.485
2001-03-16,342.468
2001-03-17,342.453
2001-03-18,342.438
2001-03-19,342.404
2001-03-20,342.305
2001-03-21,342.194
2001-03-22,342.083
2001-03-23,341.986
2001-03-24,341.893
2001-03-25,341.847
2001-03-26,341.816
2001-03-27,341.781
2001-03-28,341.804
2001-03-29,341.849
2001-03-30,341.863
2001-03-31,341.872
2001-04-01,341.871
2001-04-02,341.860
2001-04-03,341.834
2001-04-04,341.776
2001-04-05,341.772
2001-04-06,341.766
2001-04-07,341.739
2001-04-08,341.729
2001-04-09,341.721
2001-04-10,341.726
2001-04-11,341.705
2001-04-12,341.678
2001-04-13,341.632
2001-04-14,341.614
2001-04-15,341.609
2001-04-16,341.580
2001-04-17,341.509
2001-04-18,341.455
2001-04-19,341.411
2001-04-20,341.380
2001-04-21,341.351
2001-04-22,341.314
2001-04-23,341.260
2001-04-24,341.204
2001-04-25,341.137
2001-04-26,341.105
2001-04-27,341.090
2001-04-28,341.088
2001-04-29,341.095
2001-04-30,341.092
2001-05-01,341.060
2001-05-02,341.021
2001-05-03,340.984
2001-05-04,340.955
2001-05-05,340.881
2001-05-06,340.771
2001-05-07,340.697
2001-05-08,340.672
2001-05-09,340.659
2001-05-10,340.654
2001-05-11,340.659
2001-05-12,340.659
2001-05-13,340.696
2001-05-14,340.709
2001-05-15,340.712
2001-05-16,340.713
2001-05-17,340.720
2001-05-18,340.750
2001-05-19,340.796
2001-05-20,340.834
2001-05-21,340.840
2001-05-22,340.844
2001-05-23,340.837
2001-05-24,340.838
2001-05-25,340.852
2001-05-26,340.866
2001-05-27,340.870
2001-05-28,340.876
2001-05-29,340.882
2001-05-30,340.887
2001-05-31,340.875
2001-06-01,340.848
2001-06-02,340.820
2001-06-03,340.800
2001-06-04,340.777
2001-06-05,340.753
2001-06-06,340.741
2001-06-07,340.696
2001-06-08,340.598
2001-06-09,340.555
2001-06-10,340.608
2001-06-11,340.637
2001-06-12,340.599
2001-06-13,340.572
2001-06-14,340.602
2001-06-15,340.728
2001-06-16,340.844
2001-06-17,340.913
2001-06-18,340.953
2001-06-19,340.974
2001-06-20,340.985
2001-06-21,340.982
2001-06-22,341.001
2001-06-23,341.042
2001-06-24,341.075
2001-06-25,341.100
2001-06-26,341.101
2001-06-27,341.110
2001-06-28,341.170
2001-06-29,341.194
2001-06-30,341.195
2001-07-01,341.193
2001-07-02,341.178
2001-07-03,341.098
2001-07-04,341.005
2001-07-05,340.911
2001-07-06,340.798
2001-07-07,340.683
2001-07-08,340.589
2001-07-09,340.491
2001-07-10,340.375
2001-07-11,340.266
2001-07-12,340.171
2001-07-13,340.063
2001-07-14,339.943
2001-07-15,339.832
2001-07-16,339.736
2001-07-17,339.657
2001-07-18,339.593
2001-07-19,339.534
2001-07-20,339.481
2001-07-21,339.453
2001-07-22,339.447
2001-07-23,339.421
2001-07-24,339.382
2001-07-25,339.334
2001-07-26,339.291
2001-07-27,339.249
2001-07-28,339.241
2001-07-29,339.273
2001-07-30,339.324
2001-07-31,339.342
2001-08-01,339.358
2001-08-02,339.393
2001-08-03,339.424
2001-08-04,339.441
2001-08-05,339.459
2001-08-06,339.467
2001-08-07,339.480
2001-08-08,339.490
2001-08-09,339.492
2001-08-10,339.495
2001-08-11,339.501
2001-08-12,339.506
2001-08-13,339.507
2001-08-14,339.501
2001-08-15,339.500
2001-08-16,339.498
2001-08-17,339.492
2001-08-18,339.485
2001-08-19,339.483
2001-08-20,339.484
2001-08-21,339.484
2001-08-22,339.516
2001-08-23,339.534
2001-08-24,339.538
2001-08-25,339.487
2001-08-26,339.478
2001-08-27,339.488
2001-08-28,339.505
2001-08-29,339.512
2001-08-30,339.517
2001-08-31,339.520
2001-09-01,339.523
2001-09-02,339.525
2001-09-03,339.527
2001-09-04,339.529
2001-09-05,339.531
2001-09-06,339.538
2001-09-07,339.545
2001-09-08,339.552
2001-09-09,339.552
2001-09-10,339.547
2001-09-11,339.550
2001-09-12,339.558
2001-09-13,339.569
2001-09-14,339.581
2001-09-15,339.591
2001-09-16,339.618
2001-09-17,339.656
2001-09-18,339.689
2001-09-19,339.703
2001-09-20,339.717
2001-09-21,339.735
2001-09-22,339.764
2001-09-23,339.773
2001-09-24,339.785
2001-09-25,339.805
2001-09-26,339.818
2001-09-27,339.832
2001-09-28,339.860
2001-09-29,339.888
2001-09-30,339.909
2001-10-01,339.933
2001-10-02,339.969
2001-10-03,339.992
2001-10-04,340.024
2001-10-05,340.042
2001-10-06,340.105
2001-10-07,340.199
2001-10-08,340.232
2001-10-09,340.254
2001-10-10,340.274
2001-10-11,340.289
2001-10-12,340.309
2001-10-13,340.329
2001-10-14,340.347
2001-10-15,340.363
2001-10-16,340.393
2001-10-17,340.425
2001-10-18,340.460
2001-10-19,340.481
2001-10-20,340.514
2001-10-21,340.562
2001-10-22,340.593
2001-10-23,340.615
2001-10-24,340.632
2001-10-25,340.660
2001-10-26,340.673
2001-10-27,340.685
2001-10-28,340.695
2001-10-29,340.716
2001-10-30,340.750
2001-10-31,340.771
2001-11-01,340.795
2001-11-02,340.830
2001-11-03,340.856
2001-11-04,340.870
2001-11-05,340.892
2001-11-06,340.907
2001-11-07,340.925
2001-11-08,340.944
2001-11-09,340.958
2001-11-10,340.985
2001-11-11,341.018
2001-11-12,341.031
2001-11-13,341.058
2001-11-14,341.100
2001-11-15,341.128
2001-11-16,341.163
2001-11-17,341.168
2001-11-18,341.203
2001-11-19,341.289
2001-11-20,341.464
2001-11-21,341.531
2001-11-22,341.570
2001-11-23,341.603
2001-11-24,341.630
2001-11-25,341.661
2001-11-26,341.692
2001-11-27,341.712
2001-11-28,341.762
2001-11-29,341.835
2001-11-30,341.884
2001-12-01,341.964
2001-12-02,342.095
2001-12-03,342.211
2001-12-04,342.295
2001-12-05,342.441
2001-12-06,342.762
2001-12-07,343.005
2001-12-08,343.118
2001-12-09,343.199
2001-12-10,343.280
2001-12-11,343.363
2001-12-12,343.529
2001-12-13,343.624
2001-12-14,343.708
2001-12-15,343.774
2001-12-16,343.830
2001-12-17,343.865
2001-12-18,343.907
2001-12-19,343.949
2001-12-20,343.978
2001-12-21,344.002
2001-12-22,344.030
2001-12-23,344.055
2001-12-24,344.076
2001-12-25,344.108
2001-12-26,344.138
2001-12-27,344.186
2001-12-28,344.219
2001-12-29,344.245
2001-12-30,344.274
2001-12-31,344.304
2002-01-01,344.336
2002-01-02,344.483
2002-01-03,344.657
2002-01-04,344.991
2002-01-05,345.084
2002-01-06,345.151
2002-01-07,345.207
2002-01-08,345.245
2002-01-09,345.290
2002-01-10,345.343
2002-01-11,345.384
2002-01-12,345.409
2002-01-13,345.444
2002-01-14,345.480
2002-01-15,345.516
2002-01-16,345.554
2002-01-17,345.577
2002-01-18,345.525
2002-01-19,345.493
2002-01-20,345.491
2002-01-21,345.498
2002-01-22,345.474
2002-01-23,345.427
2002-01-24,345.362
2002-01-25,345.252
2002-01-26,345.229
2002-01-27,345.243
2002-01-28,345.247
2002-01-29,345.260
2002-01-30,345.269
2002-01-31,345.286
2002-02-01,345.274
2002-02-02,345.269
2002-02-03,345.268
2002-02-04,345.267
2002-02-05,345.262
2002-02-06,345.279
2002-02-07,345.282
2002-02-08,345.288
2002-02-09,345.297
2002-02-10,345.304
2002-02-11,345.327
2002-02-12,345.317
2002-02-13,345.321
2002-02-14,345.333
2002-02-15,345.341
2002-02-16,345.345
2002-02-17,345.353
2002-02-18,345.361
2002-02-19,345.348
2002-02-20,345.336
2002-02-21,345.338
2002-02-22,345.342
2002-02-23,345.340
2002-02-24,345.324
2002-02-25,345.302
2002-02-26,345.281
2002-02-27,345.276
2002-02-28,345.264
2002-03-01,345.265
2002-03-02,345.272
2002-03-03,345.297
2002-03-04,345.292
2002-03-05,345.266
2002-03-06,345.257
2002-03-07,345.250
2002-03-08,345.232
2002-03-09,345.216
2002-03-10,345.215
2002-03-11,345.204
2002-03-12,345.191
2002-03-13,345.169
2002-03-14,345.147
2002-03-15,345.149
2002-03-16,345.134
2002-03-17,345.134
2002-03-18,345.120
2002-03-19,345.146
2002-03-20,345.128
2002-03-21,345.145
2002-03-22,345.202
2002-03-23,345.219
2002-03-24,345.228
2002-03-25,345.242
2002-03-26,345.253
2002-03-27,345.270
2002-03-28,345.290
2002-03-29,345.297
2002-03-30,345.317
2002-03-31,345.313
2002-04-01,345.294
2002-04-02,345.287
2002-04-03,345.295
2002-04-04,345.272
2002-04-05,345.257
2002-04-06,345.279
2002-04-07,345.253
2002-04-08,345.210
2002-04-09,345.142
2002-04-10,345.064
2002-04-11,344.973
2002-04-12,344.863
2002-04-13,344.779
2002-04-14,344.755
2002-04-15,344.689
2002-04-16,344.588
2002-04-17,344.524
2002-04-18,344.481
2002-04-19,344.432
2002-04-20,344.391
2002-04-21,344.334
2002-04-22,344.286
2002-04-23,344.257
2002-04-24,344.214
2002-04-25,344.166
2002-04-26,344.111
2002-04-27,344.082
2002-04-28,344.069
2002-04-29,344.067
2002-04-30,344.046
2002-05-01,343.988
2002-05-02,343.906
2002-05-03,343.846
2002-05-04,343.819
2002-05-05,343.797
2002-05-06,343.760
2002-05-07,343.671
2002-05-08,343.645
2002-05-09,343.631
2002-05-10,343.615
2002-05-11,343.595
2002-05-12,343.570
2002-05-13,343.549
2002-05-14,343.520
2002-05-15,343.465
2002-05-16,343.423
2002-05-17,343.394
2002-05-18,343.368
2002-05-19,343.348
2002-05-20,343.304
2002-05-21,343.270
2002-05-22,343.260
2002-05-23,343.231
2002-05-24,343.208
2002-05-25,343.180
2002-05-26,343.163
2002-05-27,343.148
2002-05-28,343.089
2002-05-29,342.983
2002-05-30,342.878
2002-05-31,342.783
2002-06-01,342.700
2002-06-02,342.641
2002-06-03,342.590
2002-06-04,342.541
2002-06-05,342.489
2002-06-06,342.431
2002-06-07,342.386
2002-06-08,342.334
2002-06-09,342.314
2002-06-10,342.292
2002-06-11,342.275
2002-06-12,342.303
2002-06-13,342.329
2002-06-14,342.394
2002-06-15,342.516
2002-06-16,342.590
2002-06-17,342.644
2002-06-18,342.694
2002-06-19,342.717
2002-06-20,342.717
2002-06-21,342.708
2002-06-22,342.708
2002-06-23,342.714
2002-06-24,342.726
2002-06-25,342.749
2002-06-26,342.782
2002-06-27,342.879
2002-06-28,342.966
2002-06-29,342.999
2002-06-30,342.961
2002-07-01,342.931
2002-07-02,342.897
2002-07-03,342.845
2002-07-04,342.783
2002-07-05,342.710
2002-07-06,342.622
2002-07-07,342.542
2002-07-08,342.480
2002-07-09,342.389
2002-07-10,342.278
2002-07-11,342.177
2002-07-12,342.081
2002-07-13,342.001
2002-07-14,341.916
2002-07-15,341.828
2002-07-16,341.736
2002-07-17,341.631
2002-07-18,341.540
2002-07-19,341.457
2002-07-20,341.387
2002-07-21,341.291
2002-07-22,341.257
2002-07-23,341.203
2002-07-24,341.128
2002-07-25,341.036
2002-07-26,340.945
2002-07-27,340.865
2002-07-28,340.785
2002-07-29,340.672
2002-07-30,340.548
2002-07-31,340.452
2002-08-01,340.355
2002-08-02,340.238
2002-08-03,340.121
2002-08-04,340.048
2002-08-05,339.965
2002-08-06,339.858
2002-08-07,339.755
2002-08-08,339.661
2002-08-09,339.576
2002-08-10,339.575
2002-08-11,339.586
2002-08-12,339.539
2002-08-13,339.578
2002-08-14,339.885
2002-08-15,340.036
2002-08-16,340.098
2002-08-17,340.149
2002-08-18,340.192
2002-08-19,340.221
2002-08-20,340.245
2002-08-21,340.266
2002-08-22,340.285
2002-08-23,340.302
2002-08-24,340.322
2002-08-25,340.378
2002-08-26,340.404
2002-08-27,340.423
2002-08-28,340.443
2002-08-29,340.458
2002-08-30,340.456
2002-08-31,340.437
2002-09-01,340.416
2002-09-02,340.393
2002-09-03,340.389
2002-09-04,340.416
2002-09-05,340.445
2002-09-06,340.471
2002-09-07,340.492
2002-09-08,340.523
2002-09-09,340.574
2002-09-10,340.659
2002-09-11,340.729
2002-09-12,340.767
2002-09-13,340.798
2002-09-14,340.814
2002-09-15,340.803
2002-09-16,340.803
2002-09-17,340.834
2002-09-18,340.942
2002-09-19,341.382
2002-09-20,341.762
2002-09-21,341.924
2002-09-22,342.033
2002-09-23,342.114
2002-09-24,342.178
2002-09-25,342.228
2002-09-26,342.288
2002-09-27,342.332
2002-09-28,342.382
2002-09-29,342.430
2002-09-30,342.494
2002-10-01,342.551
2002-10-02,342.606
2002-10-03,342.649
2002-10-04,342.693
2002-10-05,342.720
2002-10-06,342.749
2002-10-07,342.782
2002-10-08,342.812
2002-10-09,342.840
2002-10-10,342.864
2002-10-11,342.887
2002-10-12,342.908
2002-10-13,342.921
2002-10-14,342.942
2002-10-15,342.962
2002-10-16,342.984
2002-10-17,343.013
2002-10-18,343.058
2002-10-19,343.100
2002-10-20,343.128
2002-10-21,343.177
2002-10-22,343.207
2002-10-23,343.230
2002-10-24,343.245
2002-10-25,343.280
2002-10-26,343.355
2002-10-27,343.396
2002-10-28,343.420
2002-10-29,343.448
2002-10-30,343.459
2002-10-31,343.426
2002-11-01,343.424
2002-11-02,343.414
2002-11-03,343.411
2002-11-04,343.417
2002-11-05,343.411
2002-11-06,343.437
2002-11-07,343.449
2002-11-08,343.466
2002-11-09,343.493
2002-11-10,343.562
2002-11-11,343.584
2002-11-12,343.594
2002-11-13,343.602
2002-11-14,343.621
2002-11-15,343.626
2002-11-16,343.628
2002-11-17,343.631
2002-11-18,343.644
2002-11-19,343.643
2002-11-20,343.628
2002-11-21,343.592
2002-11-22,343.591
2002-11-23,343.613
2002-11-24,343.629
2002-11-25,343.652
2002-11-26,343.684
2002-11-27,343.699
2002-11-28,343.737
2002-11-29,343.784
2002-11-30,343.828
2002-12-01,343.856
2002-12-02,343.887
2002-12-03,343.937
2002-12-04,344.005
2002-12-05,344.044
2002-12-06,344.070
2002-12-07,344.102
2002-12-08,344.109
2002-12-09,344.142
2002-12-10,344.207
2002-12-11,344.290
2002-12-12,344.361
2002-12-13,344.530
2002-12-14,344.660
2002-12-15,344.721
2002-12-16,344.754
2002-12-17,344.778
2002-12-18,344.806
2002-12-19,344.812
2002-12-20,344.819
2002-12-21,344.820
2002-12-22,344.828
2002-12-23,344.858
2002-12-24,344.915
2002-12-25,344.913
2002-12-26,344.940
2002-12-27,344.941
2002-12-28,344.922
2002-12-29,344.913
2002-12-30,344.902
2002-12-31,344.885
2003-01-01,344.865
2003-01-02,344.852
2003-01-03,344.841
2003-01-04,344.826
2003-01-05,344.820
2003-01-06,344.792
2003-01-07,344.749
2003-01-08,344.710
2003-01-09,344.659
2003-01-10,344.610
2003-01-11,344.588
2003-01-12,344.588
2003-01-13,344.623
2003-01-14,344.627
2003-01-15,344.596
2003-01-16,344.543
2003-01-17,344.486
2003-01-18,344.406
2003-01-19,344.336
2003-01-20,344.273
2003-01-21,344.197
2003-01-22,344.128
2003-01-23,344.072
2003-01-24,343.987
2003-01-25,343.889
2003-01-26,343.810
2003-01-27,343.729
2003-01-28,343.659
2003-01-29,343.554
2003-01-30,343.460
2003-01-31,343.402
2003-02-01,343.395
2003-02-02,343.416
2003-02-03,343.426
2003-02-04,343.431
2003-02-05,343.446
2003-02-06,343.436
2003-02-07,343.408
2003-02-08,343.424
2003-02-09,343.438
2003-02-10,343.448
2003-02-11,343.468
2003-02-12,343.451
2003-02-13,343.431
2003-02-14,343.430
2003-02-15,343.460
2003-02-16,343.474
2003-02-17,343.496
2003-02-18,343.582
2003-02-19,343.677
2003-02-20,343.723
2003-02-21,343.735
2003-02-22,343.761
2003-02-23,343.788
2003-02-24,343.804
2003-02-25,343.822
2003-02-26,343.833
2003-02-27,343.842
2003-02-28,343.850
2003-03-01,343.859
2003-03-02,343.887
2003-03-03,343.959
2003-03-04,344.006
2003-03-05,344.023
2003-03-06,344.037
2003-03-07,344.054
2003-03-08,344.071
2003-03-09,344.088
2003-03-10,344.100
2003-03-11,344.107
2003-03-12,344.114
2003-03-13,344.110
2003-03-14,344.079
2003-03-15,344.015
2003-03-16,343.992
2003-03-17,343.991
2003-03-18,343.969
2003-03-19,343.946
2003-03-20,343.918
2003-03-21,343.864
2003-03-22,343.797
2003-03-23,343.758
2003-03-24,343.734
2003-03-25,343.720
2003-03-26,343.712
2003-03-27,343.688
2003-03-28,343.643
2003-03-29,343.605
2003-03-30,343.592
2003-03-31,343.589
2003-04-01,343.588
2003-04-02,343.589
2003-04-03,343.577
2003-04-04,343.543
2003-04-05,343.540
2003-04-06,343.541
2003-04-07,343.545
2003-04-08,343.551
2003-04-09,343.532
2003-04-10,343.494
2003-04-11,343.451
2003-04-12,343.345
2003-04-13,343.269
2003-04-14,343.229
2003-04-15,343.188
2003-04-16,343.089
2003-04-17,343.016
2003-04-18,342.992
2003-04-19,342.967
2003-04-20,342.933
2003-04-21,342.891
2003-04-22,342.851
2003-04-23,342.814
2003-04-24,342.755
2003-04-25,342.702
2003-04-26,342.660
2003-04-27,342.621
2003-04-28,342.569
2003-04-29,342.494
2003-04-30,342.451
2003-05-01,342.408
2003-05-02,342.443
2003-05-03,342.448
2003-05-04,342.437
2003-05-05,342.414
2003-05-06,342.379
2003-05-07,342.348
2003-05-08,342.309
2003-05-09,342.267
2003-05-10,342.270
2003-05-11,342.307
2003-05-12,342.305
2003-05-13,342.299
2003-05-14,342.272
2003-05-15,342.240
2003-05-16,342.184
2003-05-17,342.114
2003-05-18,342.040
2003-05-19,341.983
2003-05-20,341.971
2003-05-21,342.122
2003-05-22,342.174
2003-05-23,342.184
2003-05-24,342.172
2003-05-25,342.155
2003-05-26,342.113
2003-05-27,342.065
2003-05-28,342.002
2003-05-29,341.938
2003-05-30,341.877
2003-05-31,341.847
2003-06-01,341.832
2003-06-02,341.798
2003-06-03,341.790
2003-06-04,341.732
2003-06-05,341.643
2003-06-06,341.559
2003-06-07,341.535
2003-06-08,341.534
2003-06-09,341.576
2003-06-10,341.540
2003-06-11,341.461
2003-06-12,341.391
2003-06-13,341.306
2003-06-14,341.231
2003-06-15,341.190
2003-06-16,341.164
2003-06-17,341.106
2003-06-18,341.024
2003-06-19,340.958
2003-06-20,340.876
2003-06-21,340.801
2003-06-22,340.729
2003-06-23,340.678
2003-06-24,340.700
2003-06-25,340.679
2003-06-26,340.636
2003-06-27,340.582
2003-06-28,340.519
2003-06-29,340.561
2003-06-30,340.706
2003-07-01,340.845
2003-07-02,340.933
2003-07-03,340.985
2003-07-04,341.007
2003-07-05,341.009
2003-07-06,340.989
2003-07-07,340.948
2003-07-08,340.893
2003-07-09,340.819
2003-07-10,340.733
2003-07-11,340.656
2003-07-12,340.578
2003-07-13,340.487
2003-07-14,340.386
2003-07-15,340.303
2003-07-16,340.244
2003-07-17,340.242
2003-07-18,340.232
2003-07-19,340.184
2003-07-20,340.103
2003-07-21,339.993
2003-07-22,339.882
2003-07-23,339.787
2003-07-24,339.692
2003-07-25,339.575
2003-07-26,339.462
2003-07-27,339.364
2003-07-28,339.272
2003-07-29,339.159
2003-07-30,339.046
2003-07-31,338.952
2003-08-01,338.855
2003-08-02,338.741
2003-08-03,338.626
2003-08-04,338.532
2003-08-05,338.432
2003-08-06,338.321
2003-08-07,338.241
2003-08-08,338.208
2003-08-09,338.202
2003-08-10,338.206
2003-08-11,338.208
2003-08-12,338.210
2003-08-13,338.217
2003-08-14,338.223
2003-08-15,338.239
2003-08-16,338.251
2003-08-17,338.253
2003-08-18,338.249
2003-08-19,338.253
2003-08-20,338.246
2003-08-21,338.251
2003-08-22,338.250
2003-08-23,338.255
2003-08-24,338.262
2003-08-25,338.269
2003-08-26,338.281
2003-08-27,338.317
2003-08-28,338.349
2003-08-29,338.369
2003-08-30,338.382
2003-08-31,338.378
2003-09-01,338.365
2003-09-02,338.342
2003-09-03,338.331
2003-09-04,338.338
2003-09-05,338.356
2003-09-06,338.375
2003-09-07,338.392
2003-09-08,338.407
2003-09-09,338.419
2003-09-10,338.432
2003-09-11,338.447
2003-09-12,338.459
2003-09-13,338.486
2003-09-14,338.505
2003-09-15,338.522
2003-09-16,338.539
2003-09-17,338.593
2003-09-18,338.656
2003-09-19,338.701
2003-09-20,338.742
2003-09-21,338.805
2003-09-22,338.857
2003-09-23,338.893
2003-09-24,338.921
2003-09-25,339.009
2003-09-26,339.123
2003-09-27,339.232
2003-09-28,339.297
2003-09-29,339.359
2003-09-30,339.403
2003-10-01,339.436
2003-10-02,339.481
2003-10-03,339.520
2003-10-04,339.577
2003-10-05,339.601
2003-10-06,339.633
2003-10-07,339.665
2003-10-08,339.684
2003-10-09,339.717
2003-10-10,339.796
2003-10-11,339.839
2003-10-12,339.869
2003-10-13,339.893
2003-10-14,339.924
2003-10-15,339.951
2003-10-16,339.988
2003-10-17,340.021
2003-10-18,340.057
2003-10-19,340.089
2003-10-20,340.134
2003-10-21,340.188
2003-10-22,340.231
2003-10-23,340.290
2003-10-24,340.357
2003-10-25,340.407
2003-10-26,340.449
2003-10-27,340.478
2003-10-28,340.506
2003-10-29,340.538
2003-10-30,340.580
2003-10-31,340.631
2003-11-01,340.667
2003-11-02,340.719
2003-11-03,340.782
2003-11-04,340.814
2003-11-05,340.842
2003-11-06,340.877
2003-11-07,340.984
2003-11-08,341.069
2003-11-09,341.119
2003-11-10,341.176
2003-11-11,341.219
2003-11-12,341.258
2003-11-13,341.305
2003-11-14,341.353
2003-11-15,341.383
2003-11-16,341.423
2003-11-17,341.504
2003-11-18,341.558
2003-11-19,341.594
2003-11-20,341.628
2003-11-21,341.684
2003-11-22,341.788
2003-11-23,341.861
2003-11-24,341.887
2003-11-25,341.925
2003-11-26,341.958
2003-11-27,341.985
2003-11-28,342.025
2003-11-29,342.055
2003-11-30,342.079
2003-12-01,342.114
2003-12-02,342.146
2003-12-03,342.174
2003-12-04,342.217
2003-12-05,342.249
2003-12-06,342.384
2003-12-07,342.485
2003-12-08,342.529
2003-12-09,342.558
2003-12-10,342.593
2003-12-11,342.633
2003-12-12,342.672
2003-12-13,342.705
2003-12-14,342.811
2003-12-15,342.886
2003-12-16,342.902
2003-12-17,342.929
2003-12-18,342.957
2003-12-19,342.991
2003-12-20,343.031
2003-12-21,343.075
2003-12-22,343.089
2003-12-23,343.128
2003-12-24,343.164
2003-12-25,343.193
2003-12-26,343.235
2003-12-27,343.265
2003-12-28,343.280
2003-12-29,343.302
2003-12-30,343.329
2003-12-31,343.361
2004-01-01,343.390
2004-01-02,343.408
2004-01-03,343.427
2004-01-04,343.447
2004-01-05,343.480
2004-01-06,343.470
2004-01-07,343.467
2004-01-08,343.488
2004-01-09,343.733
2004-01-10,343.934
2004-01-11,343.985
2004-01-12,344.021
2004-01-13,344.045
2004-01-14,344.089
2004-01-15,344.127
2004-01-16,344.151
2004-01-17,344.174
2004-01-18,344.238
2004-01-19,344.302
2004-01-20,344.328
2004-01-21,344.358
2004-01-22,344.387
2004-01-23,344.419
2004-01-24,344.425
2004-01-25,344.440
2004-01-26,344.545
2004-01-27,344.726
2004-01-28,344.786
2004-01-29,344.834
2004-01-30,344.885
2004-01-31,344.940
2004-02-01,345.003
2004-02-02,345.104
2004-02-03,345.163
2004-02-04,345.225
2004-02-05,345.259
2004-02-06,345.310
2004-02-07,345.337
2004-02-08,345.346
2004-02-09,345.372
2004-02-10,345.432
2004-02-11,345.470
2004-02-12,345.468
2004-02-13,345.475
2004-02-14,345.479
2004-02-15,345.485
2004-02-16,345.497
2004-02-17,345.507
2004-02-18,345.477
2004-02-19,345.466
2004-02-20,345.497
2004-02-21,345.558
2004-02-22,345.628
2004-02-23,345.658
2004-02-24,345.700
2004-02-25,345.720
2004-02-26,345.726
2004-02-27,345.738
2004-02-28,345.735
2004-02-29,345.787
2004-03-01,345.794
2004-03-02,345.808
2004-03-03,345.775
2004-03-04,345.732
2004-03-05,345.690
2004-03-06,345.658
2004-03-07,345.644
2004-03-08,345.652
2004-03-09,345.651
2004-03-10,345.681
2004-03-11,345.764
2004-03-12,345.726
2004-03-13,345.717
2004-03-14,345.688
2004-03-15,345.667
2004-03-16,345.690
2004-03-17,345.709
2004-03-18,345.724
2004-03-19,345.734
2004-03-20,345.740
2004-03-21,345.758
2004-03-22,345.795
2004-03-23,345.806
2004-03-24,345.791
2004-03-25,345.790
2004-03-26,345.781
2004-03-27,345.749
2004-03-28,345.726
2004-03-29,345.692
2004-03-30,345.696
2004-03-31,345.712
2004-04-01,345.729
2004-04-02,345.745
2004-04-03,345.779
2004-04-04,345.780
2004-04-05,345.786
2004-04-06,345.721
2004-04-07,345.659
2004-04-08,345.609
2004-04-09,345.573
2004-04-10,345.551
2004-04-11,345.508
2004-04-12,345.462
2004-04-13,345.411
2004-04-14,345.364
2004-04-15,345.373
2004-04-16,345.356
2004-04-17,345.356
2004-04-18,345.349
2004-04-19,345.346
2004-04-20,345.344
2004-04-21,345.344
2004-04-22,345.329
2004-04-23,345.324
2004-04-24,345.328
2004-04-25,345.312
2004-04-26,345.278
2004-04-27,345.233
2004-04-28,345.199
2004-04-29,345.163
2004-04-30,345.107
2004-05-01,345.032
2004-05-02,344.989
2004-05-03,345.019
2004-05-04,345.076
2004-05-05,345.220
2004-05-06,345.357
2004-05-07,345.407
2004-05-08,345.431
2004-05-09,345.442
2004-05-10,345.450
2004-05-11,345.463
2004-05-12,345.521
2004-05-13,345.582
2004-05-14,345.621
2004-05-15,345.645
2004-05-16,345.653
2004-05-17,345.644
2004-05-18,345.639
2004-05-19,345.645
2004-05-20,345.627
2004-05-21,345.569
2004-05-22,345.492
2004-05-23,345.402
2004-05-24,345.295
2004-05-25,345.214
2004-05-26,345.126
2004-05-27,345.020
2004-05-28,344.917
2004-05-29,344.862
2004-05-30,344.798
2004-05-31,344.695
2004-06-01,344.608
2004-06-02,344.525
2004-06-03,344.455
2004-06-04,344.379
2004-06-05,344.327
2004-06-06,344.265
2004-06-07,344.202
2004-06-08,344.114
2004-06-09,344.030
2004-06-10,343.943
2004-06-11,343.839
2004-06-12,343.733
2004-06-13,343.641
2004-06-14,343.562
2004-06-15,343.464
2004-06-16,343.472
2004-06-17,343.482
2004-06-18,343.474
2004-06-19,343.501
2004-06-20,343.550
2004-06-21,343.652
2004-06-22,343.707
2004-06-23,343.745
2004-06-24,343.783
2004-06-25,343.804
2004-06-26,343.860
2004-06-27,343.974
2004-06-28,344.116
2004-06-29,344.183
2004-06-30,344.228
2004-07-01,344.269
2004-07-02,344.299
2004-07-03,344.328
2004-07-04,344.353
2004-07-05,344.381
2004-07-06,344.404
2004-07-07,344.429
2004-07-08,344.448
2004-07-09,344.464
2004-07-10,344.477
2004-07-11,344.491
2004-07-12,344.484
2004-07-13,344.455
2004-07-14,344.411
2004-07-15,344.381
2004-07-16,344.344
2004-07-17,344.322
2004-07-18,344.300
2004-07-19,344.296
2004-07-20,344.279
2004-07-21,344.245
2004-07-22,344.170
2004-07-23,344.088
2004-07-24,344.001
2004-07-25,343.909
2004-07-26,343.803
2004-07-27,343.711
2004-07-28,343.625
2004-07-29,343.535
2004-07-30,343.428
2004-07-31,343.346
2004-08-01,343.274
2004-08-02,343.177
2004-08-03,343.067
2004-08-04,342.974
2004-08-05,342.888
2004-08-06,342.786
2004-08-07,342.704
2004-08-08,342.643
2004-08-09,342.573
2004-08-10,342.472
2004-08-11,342.384
2004-08-12,342.323
2004-08-13,342.334
2004-08-14,342.370
2004-08-15,342.413
2004-08-16,342.399
2004-08-17,342.321
2004-08-18,342.232
2004-08-19,342.156
2004-08-20,342.075
2004-08-21,341.979
2004-08-22,341.896
2004-08-23,341.825
2004-08-24,341.743
2004-08-25,341.645
2004-08-26,341.547
2004-08-27,341.460
2004-08-28,341.364
2004-08-29,341.256
2004-08-30,341.163
2004-08-31,341.071
2004-09-01,341.003
2004-09-02,340.977
2004-09-03,340.938
2004-09-04,340.893
2004-09-05,340.825
2004-09-06,340.744
2004-09-07,340.657
2004-09-08,340.562
2004-09-09,340.459
2004-09-10,340.370
2004-09-11,340.314
2004-09-12,340.282
2004-09-13,340.249
2004-09-14,340.210
2004-09-15,340.161
2004-09-16,340.098
2004-09-17,340.041
2004-09-18,339.989
2004-09-19,339.921
2004-09-20,339.843
2004-09-21,339.749
2004-09-22,339.655
2004-09-23,339.560
2004-09-24,339.478
2004-09-25,339.390
2004-09-26,339.312
2004-09-27,339.227
2004-09-28,339.141
2004-09-29,339.062
2004-09-30,338.979
2004-10-01,338.880
2004-10-02,338.836
2004-10-03,338.819
2004-10-04,338.782
2004-10-05,338.754
2004-10-06,338.734
2004-10-07,338.700
2004-10-08,338.663
2004-10-09,338.666
2004-10-10,338.658
2004-10-11,338.636
2004-10-12,338.596
2004-10-13,338.615
2004-10-14,338.666
2004-10-15,338.713
2004-10-16,338.751
2004-10-17,338.790
2004-10-18,338.815
2004-10-19,338.845
2004-10-20,338.867
2004-10-21,338.889
2004-10-22,338.908
2004-10-23,338.931
2004-10-24,338.958
2004-10-25,339.000
2004-10-26,339.038
2004-10-27,339.077
2004-10-28,339.116
2004-10-29,339.158
2004-10-30,339.206
2004-10-31,339.248
2004-11-01,339.279
2004-11-02,339.308
2004-11-03,339.318
2004-11-04,339.330
2004-11-05,339.384
2004-11-06,339.437
2004-11-07,339.505
2004-11-08,339.562
2004-11-09,339.625
2004-11-10,339.669
2004-11-11,339.734
2004-11-12,339.789
2004-11-13,339.828
2004-11-14,339.890
2004-11-15,339.997
2004-11-16,340.105
2004-11-17,340.154
2004-11-18,340.179
2004-11-19,340.217
2004-11-20,340.309
2004-11-21,340.472
2004-11-22,340.552
2004-11-23,340.590
2004-11-24,340.635
2004-11-25,340.680
2004-11-26,340.701
2004-11-27,340.736
2004-11-28,340.769
2004-11-29,340.798
2004-11-30,340.822
2004-12-01,340.838
2004-12-02,340.875
2004-12-03,340.908
2004-12-04,340.925
2004-12-05,340.957
2004-12-06,340.992
2004-12-07,341.027
2004-12-08,341.060
2004-12-09,341.077
2004-12-10,341.096
2004-12-11,341.113
2004-12-12,341.139
2004-12-13,341.162
2004-12-14,341.170
2004-12-15,341.185
2004-12-16,341.208
2004-12-17,341.242
2004-12-18,341.259
2004-12-19,341.275
2004-12-20,341.288
2004-12-21,341.310
2004-12-22,341.330
2004-12-23,341.352
2004-12-24,341.368
2004-12-25,341.381
2004-12-26,341.419
2004-12-27,341.423
2004-12-28,341.439
2004-12-29,341.540
2004-12-30,341.830
2004-12-31,342.031
2005-01-01,342.132
2005-01-02,342.204
2005-01-03,342.264
2005-01-04,342.322
2005-01-05,342.375
2005-01-06,342.419
2005-01-07,342.469
2005-01-08,342.510
2005-01-09,342.560
2005-01-10,342.604
2005-01-11,342.649
2005-01-12,342.688
2005-01-13,342.738
2005-01-14,342.757
2005-01-15,342.797
2005-01-16,342.829
2005-01-17,342.908
2005-01-18,342.998
2005-01-19,343.024
2005-01-20,343.072
2005-01-21,343.084
2005-01-22,343.105
2005-01-23,343.142
2005-01-24,343.170
2005-01-25,343.196
2005-01-26,343.225
2005-01-27,343.253
2005-01-28,343.273
2005-01-29,343.297
2005-01-30,343.324
2005-01-31,343.345
2005-02-01,343.364
2005-02-02,343.385
2005-02-03,343.407
2005-02-04,343.421
2005-02-05,343.432
2005-02-06,343.444
2005-02-07,343.470
2005-02-08,343.468
2005-02-09,343.456
2005-02-10,343.379
2005-02-11,343.276
2005-02-12,343.303
2005-02-13,343.341
2005-02-14,343.352
2005-02-15,343.388
2005-02-16,343.408
2005-02-17,343.426
2005-02-18,343.446
2005-02-19,343.463
2005-02-20,343.469
2005-02-21,343.460
2005-02-22,343.426
2005-02-23,343.418
2005-02-24,343.423
2005-02-25,343.409
2005-02-26,343.398
2005-02-27,343.409
2005-02-28,343.383
2005-03-01,343.349
2005-03-02,343.313
2005-03-03,343.225
2005-03-04,343.213
2005-03-05,343.225
2005-03-06,343.303
2005-03-07,343.397
2005-03-08,343.452
2005-03-09,343.517
2005-03-10,343.589
2005-03-11,343.671
2005-03-12,343.701
2005-03-13,343.730
2005-03-14,343.751
2005-03-15,343.768
2005-03-16,343.784
2005-03-17,343.797
2005-03-18,343.809
2005-03-19,343.819
2005-03-20,343.833
2005-03-21,343.843
2005-03-22,343.852
2005-03-23,343.860
2005-03-24,343.867
2005-03-25,343.881
2005-03-26,343.933
2005-03-27,343.971
2005-03-28,343.992
2005-03-29,343.996
2005-03-30,344.006
2005-03-31,344.018
2005-04-01,344.030
2005-04-02,344.040
2005-04-03,344.036
2005-04-04,344.060
2005-04-05,344.070
2005-04-06,344.084
2005-04-07,344.091
2005-04-08,344.084
2005-04-09,344.095
2005-04-10,344.105
2005-04-11,344.110
2005-04-12,344.119
2005-04-13,344.114
2005-04-14,344.120
2005-04-15,344.116
2005-04-16,344.124
2005-04-17,344.123
2005-04-18,344.122
2005-04-19,344.130
2005-04-20,344.140
2005-04-21,344.127
2005-04-22,344.129
2005-04-23,344.132
2005-04-24,344.123
2005-04-25,344.097
2005-04-26,344.053
2005-04-27,343.956
2005-04-28,343.841
2005-04-29,343.757
2005-04-30,343.730
2005-05-01,343.728
2005-05-02,343.723
2005-05-03,343.705
2005-05-04,343.641
2005-05-05,343.560
2005-05-06,343.484
2005-05-07,343.446
2005-05-08,343.421
2005-05-09,343.361
2005-05-10,343.281
2005-05-11,343.213
2005-05-12,343.204
2005-05-13,343.187
2005-05-14,343.181
2005-05-15,343.173
2005-05-16,343.164
2005-05-17,343.112
2005-05-18,343.033
2005-05-19,342.965
2005-05-20,342.890
2005-05-21,342.866
2005-05-22,342.844
2005-05-23,342.773
2005-05-24,342.694
2005-05-25,342.605
2005-05-26,342.517
2005-05-27,342.464
2005-05-28,342.435
2005-05-29,342.433
2005-05-30,342.419
2005-05-31,342.374
2005-06-01,342.272
2005-06-02,342.188
2005-06-03,342.118
2005-06-04,342.053
2005-06-05,341.981
2005-06-06,341.947
2005-06-07,341.898
2005-06-08,341.795
2005-06-09,341.682
2005-06-10,341.586
2005-06-11,341.535
2005-06-12,341.473
2005-06-13,341.393
2005-06-14,341.287
2005-06-15,341.189
2005-06-16,341.093
2005-06-17,340.974
2005-06-18,340.936
2005-06-19,340.933
2005-06-20,340.870
2005-06-21,340.804
2005-06-22,340.732
2005-06-23,340.649
2005-06-24,340.543
2005-06-25,340.510
2005-06-26,340.475
2005-06-27,340.408
2005-06-28,340.333
2005-06-29,340.248
2005-06-30,340.184
2005-07-01,340.120
2005-07-02,340.043
2005-07-03,339.961
2005-07-04,339.889
2005-07-05,339.815
2005-07-06,339.707
2005-07-07,339.598
2005-07-08,339.514
2005-07-09,339.464
2005-07-10,339.430
2005-07-11,339.359
2005-07-12,339.258
2005-07-13,339.163
2005-07-14,339.112
2005-07-15,339.069
2005-07-16,339.053
2005-07-17,339.049
2005-07-18,339.007
2005-07-19,338.961
2005-07-20,338.915
2005-07-21,338.854
2005-07-22,338.799
2005-07-23,338.784
2005-07-24,338.779
2005-07-25,338.758
2005-07-26,338.740
2005-07-27,338.736
2005-07-28,338.755
2005-07-29,338.769
2005-07-30,338.784
2005-07-31,338.795
2005-08-01,338.808
2005-08-02,338.806
2005-08-03,338.798
2005-08-04,338.792
2005-08-05,338.785
2005-08-06,338.776
2005-08-07,338.768
2005-08-08,338.761
2005-08-09,338.755
2005-08-10,338.754
2005-08-11,338.745
2005-08-12,338.800
2005-08-13,338.868
2005-08-14,338.906
2005-08-15,338.929
2005-08-16,338.954
2005-08-17,339.019
2005-08-18,339.070
2005-08-19,339.109
2005-08-20,339.132
2005-08-21,339.152
2005-08-22,339.176
2005-08-23,339.214
2005-08-24,339.278
2005-08-25,339.325
2005-08-26,339.352
2005-08-27,339.369
2005-08-28,339.391
2005-08-29,339.409
2005-08-30,339.424
2005-08-31,339.438
2005-09-01,339.462
2005-09-02,339.492
2005-09-03,339.548
2005-09-04,339.599
2005-09-05,339.758
2005-09-06,339.987
2005-09-07,340.181
2005-09-08,340.269
2005-09-09,340.346
2005-09-10,340.403
2005-09-11,340.442
2005-09-12,340.475
2005-09-13,340.510
2005-09-14,340.540
2005-09-15,340.569
2005-09-16,340.595
2005-09-17,340.617
2005-09-18,340.630
2005-09-19,340.646
2005-09-20,340.663
2005-09-21,340.674
2005-09-22,340.661
2005-09-23,340.654
2005-09-24,340.663
2005-09-25,340.680
2005-09-26,340.695
2005-09-27,340.713
2005-09-28,340.731
2005-09-29,340.752
2005-09-30,340.773
2005-10-01,340.835
2005-10-02,340.877
2005-10-03,340.908
2005-10-04,340.948
2005-10-05,340.996
2005-10-06,341.031
2005-10-07,341.060
2005-10-08,341.082
2005-10-09,341.065
2005-10-10,341.002
2005-10-11,340.988
2005-10-12,341.006
2005-10-13,341.018
2005-10-14,341.033
2005-10-15,341.053
2005-10-16,341.060
2005-10-17,341.070
2005-10-18,341.080
2005-10-19,341.097
2005-10-20,341.106
2005-10-21,341.111
2005-10-22,341.125
2005-10-23,341.137
2005-10-24,341.149
2005-10-25,341.165
2005-10-26,341.180
2005-10-27,341.198
2005-10-28,341.208
2005-10-29,341.254
2005-10-30,341.303
2005-10-31,341.308
2005-11-01,341.292
2005-11-02,341.296
2005-11-03,341.291
2005-11-04,341.277
2005-11-05,341.318
2005-11-06,341.330
2005-11-07,341.357
2005-11-08,341.372
2005-11-09,341.363
2005-11-10,341.387
2005-11-11,341.402
2005-11-12,341.419
2005-11-13,341.453
2005-11-14,341.481
2005-11-15,341.507
2005-11-16,341.531
2005-11-17,341.540
2005-11-18,341.552
2005-11-19,341.571
2005-11-20,341.591
2005-11-21,341.635
2005-11-22,341.682
2005-11-23,341.703
2005-11-24,341.716
2005-11-25,341.727
2005-11-26,341.743
2005-11-27,341.751
2005-11-28,341.760
2005-11-29,341.772
2005-11-30,341.782
2005-12-01,341.798
2005-12-02,341.815
2005-12-03,341.839
2005-12-04,341.857
2005-12-05,341.868
2005-12-06,341.884
2005-12-07,341.908
2005-12-08,341.933
2005-12-09,341.954
2005-12-10,341.977
2005-12-11,341.995
2005-12-12,342.008
2005-12-13,342.024
2005-12-14,342.039
2005-12-15,342.062
2005-12-16,342.087
2005-12-17,342.096
2005-12-18,342.113
2005-12-19,342.133
2005-12-20,342.178
2005-12-21,342.249
2005-12-22,342.272
2005-12-23,342.296
2005-12-24,342.316
2005-12-25,342.342
2005-12-26,342.356
2005-12-27,342.357
2005-12-28,342.370
2005-12-29,342.388
2005-12-30,342.405
2005-12-31,342.413
2006-01-01,342.417
2006-01-02,342.487
2006-01-03,342.538
2006-01-04,342.582
2006-01-05,342.620
2006-01-06,342.632
2006-01-07,342.659
2006-01-08,342.676
2006-01-09,342.680
2006-01-10,342.698
2006-01-11,342.738
2006-01-12,342.849
2006-01-13,342.943
2006-01-14,342.986
2006-01-15,343.015
2006-01-16,343.036
2006-01-17,343.056
2006-01-18,343.067
2006-01-19,343.098
2006-01-20,343.113
2006-01-21,343.139
2006-01-22,343.151
2006-01-23,343.151
2006-01-24,343.162
2006-01-25,343.163
2006-01-26,343.175
2006-01-27,343.184
2006-01-28,343.192
2006-01-29,343.203
2006-01-30,343.219
2006-01-31,343.233
2006-02-01,343.218
2006-02-02,343.226
2006-02-03,343.225
2006-02-04,343.236
2006-02-05,343.227
2006-02-06,343.234
2006-02-07,343.246
2006-02-08,343.230
2006-02-09,343.232
2006-02-10,343.231
2006-02-11,343.245
2006-02-12,343.258
2006-02-13,343.262
2006-02-14,343.267
2006-02-15,343.274
2006-02-16,343.278
2006-02-17,343.281
2006-02-18,343.286
2006-02-19,343.290
2006-02-20,343.299
2006-02-21,343.304
2006-02-22,343.321
2006-02-23,343.304
2006-02-24,343.302
2006-02-25,343.291
2006-02-26,343.265
2006-02-27,343.231
2006-02-28,343.237
2006-03-01,343.265
2006-03-02,343.257
2006-03-03,343.233
2006-03-04,343.211
2006-03-05,343.202
2006-03-06,343.206
2006-03-07,343.212
2006-03-08,343.231
2006-03-09,343.199
2006-03-10,343.216
2006-03-11,343.248
2006-03-12,343.236
2006-03-13,343.249
2006-03-14,343.229
2006-03-15,343.153
2006-03-16,343.073
2006-03-17,343.016
2006-03-18,342.996
2006-03-19,342.971
2006-03-20,342.938
2006-03-21,342.851
2006-03-22,342.765
2006-03-23,342.672
2006-03-24,342.550
2006-03-25,342.530
2006-03-26,342.511
2006-03-27,342.470
2006-03-28,342.392
2006-03-29,342.354
2006-03-30,342.323
2006-03-31,342.283
2006-04-01,342.248
2006-04-02,342.214
2006-04-03,342.181
2006-04-04,342.190
2006-04-05,342.184
2006-04-06,342.132
2006-04-07,342.094
2006-04-08,342.093
2006-04-09,342.107
2006-04-10,342.104
2006-04-11,342.082
2006-04-12,342.054
2006-04-13,342.014
2006-04-14,341.966
2006-04-15,341.920
2006-04-16,341.887
2006-04-17,341.863
2006-04-18,341.838
2006-04-19,341.826
2006-04-20,341.812
2006-04-21,341.795
2006-04-22,341.807
2006-04-23,341.886
2006-04-24,341.958
2006-04-25,341.997
2006-04-26,342.060
2006-04-27,342.115
2006-04-28,342.152
2006-04-29,342.181
2006-04-30,342.201
2006-05-01,342.220
2006-05-02,342.227
2006-05-03,342.233
2006-05-04,342.241
2006-05-05,342.250
2006-05-06,342.259
2006-05-07,342.268
2006-05-08,342.275
2006-05-09,342.282
2006-05-10,342.291
2006-05-11,342.301
2006-05-12,342.318
2006-05-13,342.333
2006-05-14,342.350
2006-05-15,342.369
2006-05-16,342.377
2006-05-17,342.388
2006-05-18,342.401
2006-05-19,342.393
2006-05-20,342.383
2006-05-21,342.388
2006-05-22,342.413
2006-05-23,342.441
2006-05-24,342.457
2006-05-25,342.447
2006-05-26,342.502
2006-05-27,342.643
2006-05-28,342.718
2006-05-29,342.758
2006-05-30,342.786
2006-05-31,342.805
2006-06-01,342.823
2006-06-02,342.837
2006-06-03,342.850
2006-06-04,342.870
2006-06-05,342.892
2006-06-06,342.905
2006-06-07,342.895
2006-06-08,342.880
2006-06-09,342.869
2006-06-10,342.855
2006-06-11,342.842
2006-06-12,342.929
2006-06-13,342.947
2006-06-14,342.929
2006-06-15,342.874
2006-06-16,342.855
2006-06-17,342.886
2006-06-18,342.909
2006-06-19,342.901
2006-06-20,342.833
2006-06-21,342.742
2006-06-22,342.670
2006-06-23,342.605
2006-06-24,342.532
2006-06-25,342.452
2006-06-26,342.382
2006-06-27,342.294
2006-06-28,342.181
2006-06-29,342.072
2006-06-30,341.982
2006-07-01,341.915
2006-07-02,341.859
2006-07-03,341.746
2006-07-04,341.652
2006-07-05,341.560
2006-07-06,341.451
2006-07-07,341.342
2006-07-08,341.287
2006-07-09,341.266
2006-07-10,341.174
2006-07-11,341.077
2006-07-12,341.047
2006-07-13,341.031
2006-07-14,340.983
2006-07-15,340.920
2006-07-16,340.871
2006-07-17,340.815
2006-07-18,340.733
2006-07-19,340.660
2006-07-20,340.572
2006-07-21,340.464
2006-07-22,340.387
2006-07-23,340.339
2006-07-24,340.255
2006-07-25,340.148
2006-07-26,340.053
2006-07-27,339.972
2006-07-28,339.888
2006-07-29,339.858
2006-07-30,339.847
2006-07-31,339.806
2006-08-01,339.747
2006-08-02,339.670
2006-08-03,339.597
2006-08-04,339.531
2006-08-05,339.509
2006-08-06,339.503
2006-08-07,339.471
2006-08-08,339.397
2006-08-09,339.290
2006-08-10,339.172
2006-08-11,339.064
2006-08-12,339.030
2006-08-13,339.024
2006-08-14,339.007
2006-08-15,338.987
2006-08-16,338.967
2006-08-17,338.927
2006-08-18,338.894
2006-08-19,338.921
2006-08-20,338.955
2006-08-21,338.974
2006-08-22,338.988
2006-08-23,338.970
2006-08-24,338.929
2006-08-25,338.877
2006-08-26,338.866
2006-08-27,338.872
2006-08-28,338.875
2006-08-29,338.843
2006-08-30,338.830
2006-08-31,338.840
2006-09-01,338.850
2006-09-02,338.883
2006-09-03,338.945
2006-09-04,338.974
2006-09-05,339.032
2006-09-06,339.101
2006-09-07,339.136
2006-09-08,339.157
2006-09-09,339.178
2006-09-10,339.200
2006-09-11,339.216
2006-09-12,339.229
2006-09-13,339.244
2006-09-14,339.263
2006-09-15,339.279
2006-09-16,339.296
2006-09-17,339.314
2006-09-18,339.327
2006-09-19,339.344
2006-09-20,339.368
2006-09-21,339.421
2006-09-22,339.474
2006-09-23,339.504
2006-09-24,339.583
2006-09-25,339.685
2006-09-26,339.799
2006-09-27,339.872
2006-09-28,339.926
2006-09-29,339.966
2006-09-30,339.996
2006-10-01,340.039
2006-10-02,340.108
2006-10-03,340.151
2006-10-04,340.181
2006-10-05,340.209
2006-10-06,340.240
2006-10-07,340.280
2006-10-08,340.313
2006-10-09,340.377
2006-10-10,340.427
2006-10-11,340.471
2006-10-12,340.500
2006-10-13,340.531
2006-10-14,340.572
2006-10-15,340.736
2006-10-16,340.834
2006-10-17,340.895
2006-10-18,340.951
2006-10-19,340.998
2006-10-20,341.040
2006-10-21,341.074
2006-10-22,341.106
2006-10-23,341.132
2006-10-24,341.155
2006-10-25,341.188
2006-10-26,341.213
2006-10-27,341.249
2006-10-28,341.270
2006-10-29,341.331
2006-10-30,341.416
2006-10-31,341.461
2006-11-01,341.490
2006-11-02,341.522
2006-11-03,341.558
2006-11-04,341.577
2006-11-05,341.603
2006-11-06,341.633
2006-11-07,341.679
2006-11-08,341.714
2006-11-09,341.745
2006-11-10,341.773
2006-11-11,341.800
2006-11-12,341.838
2006-11-13,341.864
2006-11-14,342.020
2006-11-15,342.177
2006-11-16,342.235
2006-11-17,342.302
2006-11-18,342.496
2006-11-19,342.617
2006-11-20,342.691
2006-11-21,342.759
2006-11-22,342.817
2006-11-23,342.874
2006-11-24,342.942
2006-11-25,343.015
2006-11-26,343.052
2006-11-27,343.081
2006-11-28,343.121
2006-11-29,343.182
2006-11-30,343.526
2006-12-01,343.668
2006-12-02,343.746
2006-12-03,343.828
2006-12-04,343.873
2006-12-05,343.918
2006-12-06,343.968
2006-12-07,344.028
2006-12-08,344.055
2006-12-09,344.083
2006-12-10,344.114
2006-12-11,344.152
2006-12-12,344.199
2006-12-13,344.226
2006-12-14,344.261
2006-12-15,344.296
2006-12-16,344.322
2006-12-17,344.357
2006-12-18,344.392
2006-12-19,344.431
2006-12-20,344.445
2006-12-21,344.472
2006-12-22,344.489
2006-12-23,344.513
2006-12-24,344.537
2006-12-25,344.552
2006-12-26,344.598
2006-12-27,344.704
2006-12-28,344.780
2006-12-29,344.824
2006-12-30,344.868
2006-12-31,344.897
2007-01-01,344.928
2007-01-02,344.953
2007-01-03,344.977
2007-01-04,345.003
2007-01-05,345.040
2007-01-06,345.066
2007-01-07,345.079
2007-01-08,345.112
2007-01-09,345.116
2007-01-10,345.105
2007-01-11,345.113
2007-01-12,345.112
2007-01-13,345.113
2007-01-14,345.158
2007-01-15,345.192
2007-01-16,345.185
2007-01-17,345.181
2007-01-18,345.180
2007-01-19,345.171
2007-01-20,345.169
2007-01-21,345.165
2007-01-22,345.165
2007-01-23,345.161
2007-01-24,345.163
2007-01-25,345.149
2007-01-26,345.118
2007-01-27,345.103
2007-01-28,345.088
2007-01-29,345.083
2007-01-30,345.068
2007-01-31,345.065
2007-02-01,345.137
2007-02-02,345.129
2007-02-03,345.129
2007-02-04,345.135
2007-02-05,345.146
2007-02-06,345.156
2007-02-07,345.160
2007-02-08,345.161
2007-02-09,345.166
2007-02-10,345.173
2007-02-11,345.172
2007-02-12,345.158
2007-02-13,345.143
2007-02-14,345.131
2007-02-15,345.132
2007-02-16,345.132
2007-02-17,345.139
2007-02-18,345.148
2007-02-19,345.155
2007-02-20,345.164
2007-02-21,345.170
2007-02-22,345.186
2007-02-23,345.170
2007-02-24,345.185
2007-02-25,345.196
2007-02-26,345.203
2007-02-27,345.187
2007-02-28,345.191
2007-03-01,345.188
2007-03-02,345.155
2007-03-03,345.137
2007-03-04,345.126
2007-03-05,345.108
2007-03-06,345.070
2007-03-07,345.034
2007-03-08,345.045
2007-03-09,345.021
2007-03-10,344.959
2007-03-11,344.933
2007-03-12,344.920
2007-03-13,344.939
2007-03-14,344.934
2007-03-15,344.908
2007-03-16,344.890
2007-03-17,344.898
2007-03-18,344.910
2007-03-19,344.928
2007-03-20,344.928
2007-03-21,344.929
2007-03-22,344.880
2007-03-23,344.846
2007-03-24,344.817
2007-03-25,344.770
2007-03-26,344.711
2007-03-27,344.667
2007-03-28,344.606
2007-03-29,344.537
2007-03-30,344.479
2007-03-31,344.428
2007-04-01,344.400
2007-04-02,344.371
2007-04-03,344.336
2007-04-04,344.278
2007-04-05,344.217
2007-04-06,344.176
2007-04-07,344.161
2007-04-08,344.155
2007-04-09,344.146
2007-04-10,344.144
2007-04-11,344.110
2007-04-12,344.075
2007-04-13,344.013
2007-04-14,344.003
2007-04-15,343.997
2007-04-16,343.966
2007-04-17,343.918
2007-04-18,343.869
2007-04-19,343.790
2007-04-20,343.696
2007-04-21,343.595
2007-04-22,343.514
2007-04-23,343.429
2007-04-24,343.321
2007-04-25,343.219
2007-04-26,343.128
2007-04-27,343.040
2007-04-28,342.962
2007-04-29,342.922
2007-04-30,342.879
2007-05-01,342.784
2007-05-02,342.666
2007-05-03,342.574
2007-05-04,342.480
2007-05-05,342.387
2007-05-06,342.349
2007-05-07,342.308
2007-05-08,342.235
2007-05-09,342.137
2007-05-10,342.066
2007-05-11,342.030
2007-05-12,341.985
2007-05-13,341.929
2007-05-14,341.847
2007-05-15,341.754
2007-05-16,341.675
2007-05-17,341.581
2007-05-18,341.511
2007-05-19,341.476
2007-05-20,341.459
2007-05-21,341.490
2007-05-22,341.450
2007-05-23,341.450
2007-05-24,341.522
2007-05-25,341.563
2007-05-26,341.597
2007-05-27,341.608
2007-05-28,341.621
2007-05-29,341.611
2007-05-30,341.578
2007-05-31,341.572
2007-06-01,341.715
2007-06-02,341.875
2007-06-03,341.931
2007-06-04,341.964
2007-06-05,342.005
2007-06-06,342.020
2007-06-07,342.036
2007-06-08,342.042
2007-06-09,342.058
2007-06-10,342.057
2007-06-11,342.035
2007-06-12,342.005
2007-06-13,341.971
2007-06-14,341.924
2007-06-15,341.884
2007-06-16,341.835
2007-06-17,341.782
2007-06-18,341.728
2007-06-19,341.661
2007-06-20,341.578
2007-06-21,341.476
2007-06-22,341.389
2007-06-23,341.300
2007-06-24,341.197
2007-06-25,341.076
2007-06-26,340.983
2007-06-27,340.887
2007-06-28,340.769
2007-06-29,340.674
2007-06-30,340.731
2007-07-01,340.860
2007-07-02,340.993
2007-07-03,341.060
2007-07-04,341.079
2007-07-05,341.130
2007-07-06,341.157
2007-07-07,341.166
2007-07-08,341.178
2007-07-09,341.190
2007-07-10,341.186
2007-07-11,341.170
2007-07-12,341.121
2007-07-13,341.049
2007-07-14,340.968
2007-07-15,340.892
2007-07-16,340.811
2007-07-17,340.707
2007-07-18,340.593
2007-07-19,340.500
2007-07-20,340.406
2007-07-21,340.323
2007-07-22,340.234
2007-07-23,340.149
2007-07-24,340.052
2007-07-25,339.946
2007-07-26,339.845
2007-07-27,339.779
2007-07-28,339.718
2007-07-29,339.643
2007-07-30,339.551
2007-07-31,339.464
2007-08-01,339.386
2007-08-02,339.300
2007-08-03,339.211
2007-08-04,339.136
2007-08-05,339.060
2007-08-06,338.973
2007-08-07,338.898
2007-08-08,338.825
2007-08-09,338.762
2007-08-10,338.725
2007-08-11,338.783
2007-08-12,338.950
2007-08-13,339.002
2007-08-14,339.016
2007-08-15,339.021
2007-08-16,339.021
2007-08-17,339.020
2007-08-18,339.018
2007-08-19,339.014
2007-08-20,339.007
2007-08-21,339.008
2007-08-22,339.018
2007-08-23,339.027
2007-08-24,339.034
2007-08-25,339.049
2007-08-26,339.050
2007-08-27,339.051
2007-08-28,339.051
2007-08-29,339.051
2007-08-30,339.043
2007-08-31,339.046
2007-09-01,339.008
2007-09-02,338.972
2007-09-03,338.925
2007-09-04,338.901
2007-09-05,338.893
2007-09-06,338.878
2007-09-07,338.863
2007-09-08,338.846
2007-09-09,338.823
2007-09-10,338.803
2007-09-11,338.780
2007-09-12,338.762
2007-09-13,338.741
2007-09-14,338.764
2007-09-15,338.775
2007-09-16,338.776
2007-09-17,338.799
2007-09-18,338.820
2007-09-19,338.835
2007-09-20,338.851
2007-09-21,338.867
2007-09-22,338.879
2007-09-23,338.877
2007-09-24,338.875
2007-09-25,338.873
2007-09-26,338.882
2007-09-27,338.894
2007-09-28,338.914
2007-09-29,338.933
2007-09-30,339.014
2007-10-01,339.115
2007-10-02,339.197
2007-10-03,339.256
2007-10-04,339.305
2007-10-05,339.362
2007-10-06,339.441
2007-10-07,339.537
2007-10-08,339.617
2007-10-09,339.668
2007-10-10,339.711
2007-10-11,339.750
2007-10-12,339.786
2007-10-13,339.825
2007-10-14,339.879
2007-10-15,339.925
2007-10-16,339.963
2007-10-17,340.061
2007-10-18,340.130
2007-10-19,340.174
2007-10-20,340.224
2007-10-21,340.262
2007-10-22,340.288
2007-10-23,340.334
2007-10-24,340.361
2007-10-25,340.408
2007-10-26,340.433
2007-10-27,340.453
2007-10-28,340.483
2007-10-29,340.511
2007-10-30,340.547
2007-10-31,340.592
2007-11-01,340.645
2007-11-02,340.682
2007-11-04,340.749
2007-11-05,340.768
2007-11-06,340.790
2007-11-07,340.813
2007-11-08,340.832
2007-11-09,340.849
2007-11-10,340.869
2007-11-11,340.894
2007-11-12,340.924
2007-11-13,340.939
2007-11-14,340.964
2007-11-15,340.985
2007-11-16,340.998
2007-11-17,341.014
2007-11-18,341.033
2007-11-19,341.053
2007-11-20,341.080
2007-11-21,341.120
2007-11-22,341.162
2007-11-23,341.191
2007-11-24,341.209
2007-11-25,341.247
2007-11-26,341.267
2007-11-27,341.275
2007-11-28,341.284
2007-11-29,341.310
2007-11-30,341.308
2007-12-01,341.321
2007-12-02,341.320
2007-12-03,341.332
2007-12-04,341.355
2007-12-05,341.382
2007-12-06,341.380
2007-12-07,341.400
2007-12-08,341.419
2007-12-09,341.438
2007-12-10,341.461
2007-12-11,341.550
2007-12-12,341.637
2007-12-13,341.678
2007-12-14,341.707
2007-12-15,341.744
2007-12-16,341.783
2007-12-17,341.880
2007-12-18,341.983
2007-12-19,342.041
2007-12-20,342.068
2007-12-21,342.099
2007-12-22,342.126
2007-12-23,342.159
2007-12-24,342.183
2007-12-25,342.225
2007-12-26,342.243
2007-12-27,342.281
2007-12-28,342.323
2007-12-29,342.361
2007-12-30,342.383
2007-12-31,342.388
2008-01-01,342.413
2008-01-02,342.439
2008-01-03,342.450
2008-01-04,342.442
2008-01-05,342.459
2008-01-06,342.465
2008-01-07,342.488
2008-01-08,342.501
2008-01-09,342.523
2008-01-10,342.528
2008-01-11,342.548
2008-01-12,342.571
2008-01-13,342.570
2008-01-14,342.589
2008-01-15,342.618
2008-01-16,342.631
2008-01-17,342.660
2008-01-18,342.677
2008-01-19,342.694
2008-01-20,342.703
2008-01-21,342.719
2008-01-22,342.848
2008-01-23,342.999
2008-01-24,343.022
2008-01-25,343.038
2008-01-26,343.056
2008-01-27,343.069
2008-01-28,343.094
2008-01-29,343.095
2008-01-30,343.102
2008-01-31,343.115
2008-02-01,343.115
2008-02-02,343.107
2008-02-03,343.116
2008-02-04,343.099
2008-02-05,343.065
2008-02-06,343.032
2008-02-07,343.011
2008-02-08,342.993
2008-02-09,342.957
2008-02-10,342.936
2008-02-11,342.932
2008-02-12,342.900
2008-02-13,342.877
2008-02-14,342.851
2008-02-15,342.866
2008-02-16,342.880
2008-02-17,342.891
2008-02-18,342.881
2008-02-19,342.866
2008-02-20,342.849
2008-02-21,342.813
2008-02-22,342.786
2008-02-23,342.792
2008-02-24,342.854
2008-02-25,342.897
2008-02-26,342.908
2008-02-27,342.897
2008-02-28,342.876
2008-02-29,342.879
2008-03-01,342.941
2008-03-02,343.062
2008-03-03,343.107
2008-03-04,343.132
2008-03-05,343.145
2008-03-06,343.162
2008-03-07,343.186
2008-03-08,343.191
2008-03-09,343.187
2008-03-10,343.193
2008-03-11,343.212
2008-03-12,343.208
2008-03-13,343.209
2008-03-14,343.216
2008-03-15,343.233
2008-03-16,343.228
2008-03-17,343.223
2008-03-18,343.205
2008-03-19,343.195
2008-03-20,343.171
2008-03-21,343.171
2008-03-22,343.165
2008-03-23,343.185
2008-03-24,343.188
2008-03-25,343.194
2008-03-26,343.171
2008-03-27,343.129
2008-03-28,343.071
2008-03-29,343.037
2008-03-30,343.012
2008-03-31,343.009
2008-04-01,342.971
2008-04-02,342.922
2008-04-03,342.885
2008-04-04,342.839
2008-04-05,342.785
2008-04-06,342.756
2008-04-07,342.733
2008-04-08,342.659
2008-04-09,342.570
2008-04-10,342.531
2008-04-11,342.502
2008-04-12,342.473
2008-04-13,342.413
2008-04-14,342.362
2008-04-15,342.326
2008-04-16,342.279
2008-04-17,342.238
2008-04-18,342.191
2008-04-19,342.093
2008-04-20,342.024
2008-04-21,341.958
2008-04-22,341.867
2008-04-23,341.795
2008-04-24,341.750
2008-04-25,341.704
2008-04-26,341.678
2008-04-27,341.647
2008-04-28,341.634
2008-04-29,341.677
2008-04-30,341.716
2008-05-01,341.669
2008-05-02,341.620
2008-05-03,341.599
2008-05-04,341.540
2008-05-05,341.459
2008-05-06,341.361
2008-05-07,341.300
2008-05-08,341.249
2008-05-09,341.224
2008-05-10,341.238
2008-05-11,341.237
2008-05-12,341.236
2008-05-13,341.198
2008-05-14,341.153
2008-05-15,341.106
2008-05-16,341.050
2008-05-17,341.010
2008-05-18,340.985
2008-05-19,340.932
2008-05-20,340.875
2008-05-21,340.828
2008-05-22,340.771
2008-05-23,340.729
2008-05-24,340.700
2008-05-25,340.675
2008-05-26,340.650
2008-05-27,340.598
2008-05-28,340.535
2008-05-29,340.483
2008-05-30,340.433
2008-05-31,340.332
2008-06-01,340.215
2008-06-02,340.129
2008-06-03,340.077
2008-06-04,340.011
2008-06-05,339.920
2008-06-06,339.835
2008-06-07,339.724
2008-06-08,339.614
2008-06-09,339.521
2008-06-10,339.433
2008-06-11,339.322
2008-06-12,339.230
2008-06-13,339.156
2008-06-14,339.181
2008-06-15,339.206
2008-06-16,339.230
2008-06-17,339.177
2008-06-18,339.091
2008-06-19,338.984
2008-06-20,338.897
2008-06-21,338.807
2008-06-22,338.691
2008-06-23,338.596
2008-06-24,338.506
2008-06-25,338.421
2008-06-26,338.316
2008-06-27,338.202
2008-06-28,338.157
2008-06-29,338.160
2008-06-30,338.171
2008-07-01,338.164
2008-07-02,338.144
2008-07-03,338.159
2008-07-04,338.193
2008-07-05,338.203
2008-07-06,338.202
2008-07-07,338.199
2008-07-08,338.185
2008-07-09,338.178
2008-07-10,338.134
2008-07-11,338.096
2008-07-12,338.185
2008-07-13,338.235
2008-07-14,338.265
2008-07-15,338.284
2008-07-16,338.301
2008-07-17,338.306
2008-07-18,338.316
2008-07-19,338.335
2008-07-20,338.358
2008-07-21,338.379
2008-07-22,338.396
2008-07-23,338.385
2008-07-24,338.311
2008-07-25,338.272
2008-07-26,338.255
2008-07-27,338.255
2008-07-28,338.246
2008-07-29,338.228
2008-07-30,338.209
2008-07-31,338.214
2008-08-01,338.228
2008-08-02,338.242
2008-08-03,338.252
2008-08-04,338.258
2008-08-05,338.266
2008-08-06,338.267
2008-08-07,338.248
2008-08-08,338.222
2008-08-09,338.220
2008-08-10,338.222
2008-08-11,338.221
2008-08-12,338.223
2008-08-13,338.232
2008-08-14,338.239
2008-08-15,338.241
2008-08-16,338.228
2008-08-17,338.209
2008-08-18,338.192
2008-08-19,338.175
2008-08-20,338.128
2008-08-21,338.116
2008-08-22,338.130
2008-08-23,338.141
2008-08-24,338.145
2008-08-25,338.146
2008-08-26,338.154
2008-08-27,338.162
2008-08-28,338.170
2008-08-29,338.177
2008-08-30,338.187
2008-08-31,338.195
2008-09-01,338.215
2008-09-02,338.305
2008-09-03,338.515
2008-09-04,338.728
2008-09-05,338.824
2008-09-06,338.877
2008-09-07,338.911
2008-09-08,338.940
2008-09-09,338.982
2008-09-10,339.020
2008-09-11,339.045
2008-09-12,339.071
2008-09-13,339.100
2008-09-14,339.124
2008-09-15,339.148
2008-09-16,339.185
2008-09-17,339.221
2008-09-18,339.267
2008-09-19,339.297
2008-09-20,339.328
2008-09-21,339.370
2008-09-22,339.411
2008-09-23,339.449
2008-09-24,339.722
2008-09-25,339.823
2008-09-26,339.877
2008-09-27,339.941
2008-09-28,340.006
2008-09-29,340.041
2008-09-30,340.093
2008-10-01,340.143
2008-10-02,340.185
2008-10-03,340.224
2008-10-04,340.303
2008-10-05,340.437
2008-10-06,340.496
2008-10-07,340.540
2008-10-08,340.603
2008-10-09,340.647
2008-10-10,340.683
2008-10-11,340.709
2008-10-12,340.742
2008-10-13,340.779
2008-10-14,340.818
2008-10-15,340.833
2008-10-16,340.891
2008-10-17,340.944
2008-10-18,340.970
2008-10-19,341.003
2008-10-20,341.037
2008-10-21,341.049
2008-10-22,341.064
2008-10-23,341.083
2008-10-24,341.101
2008-10-25,341.115
2008-10-26,341.134
2008-10-27,341.159
2008-10-28,341.189
2008-10-29,341.230
2008-10-30,341.251
2008-10-31,341.273
2008-11-01,341.292
2008-11-02,341.308
2008-11-03,341.333
2008-11-04,341.352
2008-11-05,341.376
2008-11-06,341.398
2008-11-07,341.409
2008-11-08,341.425
2008-11-09,341.445
2008-11-10,341.524
2008-11-11,341.587
2008-11-12,341.622
2008-11-13,341.646
2008-11-14,341.674
2008-11-15,341.714
2008-11-16,341.755
2008-11-17,341.866
2008-11-18,341.921
2008-11-19,341.964
2008-11-20,341.978
2008-11-21,341.998
2008-11-22,342.044
2008-11-23,342.101
2008-11-24,342.188
2008-11-25,342.476
2008-11-26,342.637
2008-11-27,342.712
2008-11-28,342.758
2008-11-29,342.805
2008-11-30,342.832
2008-12-01,342.874
2008-12-02,342.909
2008-12-03,342.943
2008-12-04,343.061
2008-12-05,343.232
2008-12-06,343.263
2008-12-07,343.297
2008-12-08,343.345
2008-12-09,343.421
2008-12-10,343.473
2008-12-11,343.522
2008-12-12,343.559
2008-12-13,343.596
2008-12-14,343.621
2008-12-15,343.664
2008-12-16,343.745
2008-12-17,343.837
2008-12-18,343.912
2008-12-19,343.945
2008-12-20,344.042
2008-12-21,344.170
2008-12-22,344.248
2008-12-23,344.305
2008-12-24,344.335
2008-12-25,344.364
2008-12-26,344.408
2008-12-27,344.441
2008-12-28,344.469
2008-12-29,344.478
2008-12-30,344.498
2008-12-31,344.524
2009-01-01,344.599
2009-01-02,344.646
2009-01-03,344.733
2009-01-04,344.759
2009-01-05,344.772
2009-01-06,344.802
2009-01-07,344.852
2009-01-08,344.906
2009-01-09,344.936
2009-01-10,344.986
2009-01-11,345.016
2009-01-12,345.038
2009-01-13,345.051
2009-01-14,345.067
2009-01-15,345.085
2009-01-16,345.105
2009-01-17,345.185
2009-01-18,345.248
2009-01-19,345.277
2009-01-20,345.282
2009-01-21,345.296
2009-01-22,345.304
2009-01-23,345.308
2009-01-24,345.296
2009-01-25,345.302
2009-01-26,345.292
2009-01-27,345.283
2009-01-28,345.294
2009-01-29,345.301
2009-01-30,345.307
2009-01-31,345.303
2009-02-01,345.321
2009-02-02,345.327
2009-02-03,345.341
2009-02-04,345.340
2009-02-05,345.348
2009-02-06,345.366
2009-02-07,345.364
2009-02-08,345.369
2009-02-09,345.369
2009-02-10,345.351
2009-02-11,345.365
2009-02-12,345.367
2009-02-13,345.370
2009-02-14,345.372
2009-02-15,345.388
2009-02-16,345.374
2009-02-17,345.376
2009-02-18,345.378
2009-02-19,345.383
2009-02-20,345.384
2009-02-21,345.406
2009-02-22,345.499
2009-02-23,345.557
2009-02-24,345.592
2009-02-25,345.607
2009-02-26,345.612
2009-02-27,345.613
2009-02-28,345.612
2009-03-01,345.631
2009-03-02,345.645
2009-03-03,345.638
2009-03-04,345.643
2009-03-05,345.634
2009-03-06,345.659
2009-03-07,345.705
2009-03-08,345.708
2009-03-09,345.699
2009-03-10,345.693
2009-03-11,345.669
2009-03-12,345.660
2009-03-13,345.642
2009-03-14,345.641
2009-03-15,345.641
2009-03-16,345.639
2009-03-17,345.637
2009-03-18,345.635
2009-03-19,345.628
2009-03-20,345.594
2009-03-21,345.560
2009-03-22,345.525
2009-03-23,345.506
2009-03-24,345.469
2009-03-25,345.443
2009-03-26,345.429
2009-03-27,345.425
2009-03-28,345.442
2009-03-29,345.440
2009-03-30,345.422
2009-03-31,345.388
2009-04-01,345.355
2009-04-02,345.287
2009-04-03,345.232
2009-04-04,345.216
2009-04-05,345.168
2009-04-06,345.143
2009-04-07,345.242
2009-04-08,345.302
2009-04-09,345.329
2009-04-10,345.345
2009-04-11,345.365
2009-04-12,345.374
2009-04-13,345.400
2009-04-14,345.405
2009-04-15,345.420
2009-04-16,345.445
2009-04-17,345.457
2009-04-18,345.454
2009-04-19,345.447
2009-04-20,345.429
2009-04-21,345.440
2009-04-22,345.414
2009-04-23,345.361
2009-04-24,345.308
2009-04-25,345.284
2009-04-26,345.321
2009-04-27,345.448
2009-04-28,345.759
2009-04-29,345.853
2009-04-30,345.896
2009-05-01,345.915
2009-05-02,345.905
2009-05-03,345.882
2009-05-04,345.859
2009-05-05,345.838
2009-05-06,345.809
2009-05-07,345.787
2009-05-08,345.776
2009-05-09,345.772
2009-05-10,345.755
2009-05-11,345.746
2009-05-12,345.712
2009-05-13,345.663
2009-05-14,345.625
2009-05-15,345.650
2009-05-16,345.786
2009-05-17,346.216
2009-05-18,346.316
2009-05-19,346.333
2009-05-20,346.299
2009-05-21,346.249
2009-05-22,346.181
2009-05-23,346.123
2009-05-24,346.065
2009-05-25,346.002
2009-05-26,345.945
2009-05-27,345.877
2009-05-28,345.811
2009-05-29,345.754
2009-05-30,345.726
2009-05-31,345.693
2009-06-01,345.659
2009-06-02,345.623
2009-06-03,345.612
2009-06-04,345.609
2009-06-05,345.606
2009-06-06,345.588
2009-06-07,345.568
2009-06-08,345.533
2009-06-09,345.482
2009-06-10,345.450
2009-06-11,345.424
2009-06-12,345.383
2009-06-13,345.345
2009-06-14,345.315
2009-06-15,345.269
2009-06-16,345.202
2009-06-17,345.115
2009-06-18,345.021
2009-06-19,344.945
2009-06-20,344.852
2009-06-21,344.752
2009-06-22,344.666
2009-06-23,344.580
2009-06-24,344.476
2009-06-25,344.375
2009-06-26,344.290
2009-06-27,344.203
2009-06-28,344.096
2009-06-29,343.985
2009-06-30,343.901
2009-07-01,343.819
2009-07-02,343.711
2009-07-03,343.614
2009-07-04,343.530
2009-07-05,343.439
2009-07-06,343.339
2009-07-07,343.231
2009-07-08,343.140
2009-07-09,343.050
2009-07-10,342.940
2009-07-11,342.839
2009-07-12,342.748
2009-07-13,342.646
2009-07-14,342.537
2009-07-15,342.454
2009-07-16,342.389
2009-07-17,342.322
2009-07-18,342.298
2009-07-19,342.290
2009-07-20,342.249
2009-07-21,342.187
2009-07-22,342.115
2009-07-23,342.074
2009-07-24,342.057
2009-07-25,342.019
2009-07-26,341.969
2009-07-27,341.911
2009-07-28,341.832
2009-07-29,341.752
2009-07-30,341.680
2009-07-31,341.619
2009-08-01,341.616
2009-08-02,341.620
2009-08-03,341.603
2009-08-04,341.579
2009-08-05,341.571
2009-08-06,341.539
2009-08-07,341.504
2009-08-08,341.474
2009-08-09,341.428
2009-08-10,341.361
2009-08-11,341.309
2009-08-12,341.306
2009-08-13,341.340
2009-08-14,341.330
2009-08-15,341.334
2009-08-16,341.353
2009-08-17,341.373
2009-08-18,341.388
2009-08-19,341.392
2009-08-20,341.395
2009-08-21,341.390
2009-08-22,341.377
2009-08-23,341.352
2009-08-24,341.297
2009-08-25,341.281
2009-08-26,341.520
2009-08-27,341.646
2009-08-28,341.740
2009-08-29,341.859
2009-08-30,341.947
2009-08-31,342.056
2009-09-01,342.144
2009-09-02,342.212
2009-09-03,342.249
2009-09-04,342.282
2009-09-05,342.316
2009-09-06,342.350
2009-09-07,342.374
2009-09-08,342.398
2009-09-09,342.415
2009-09-10,342.440
2009-09-11,342.461
2009-09-12,342.496
2009-09-13,342.543
2009-09-14,342.589
2009-09-15,342.608
2009-09-16,342.642
2009-09-17,342.664
2009-09-18,342.684
2009-09-19,342.701
2009-09-20,342.709
2009-09-21,342.716
2009-09-22,342.717
2009-09-23,342.710
2009-09-24,342.688
2009-09-25,342.670
2009-09-26,342.657
2009-09-27,342.639
2009-09-28,342.627
2009-09-29,342.613
2009-09-30,342.595
2009-10-01,342.581
2009-10-02,342.583
2009-10-03,342.607
2009-10-04,342.606
2009-10-05,342.601
2009-10-06,342.580
2009-10-07,342.563
2009-10-08,342.544
2009-10-09,342.525
2009-10-10,342.508
2009-10-11,342.486
2009-10-12,342.487
2009-10-13,342.498
2009-10-14,342.508
2009-10-15,342.526
2009-10-16,342.526
2009-10-17,342.520
2009-10-18,342.510
2009-10-19,342.502
2009-10-20,342.486
2009-10-21,342.481
2009-10-22,342.455
2009-10-23,342.435
2009-10-24,342.421
2009-10-25,342.409
2009-10-26,342.382
2009-10-27,342.372
2009-10-28,342.354
2009-10-29,342.336
2009-10-30,342.315
2009-10-31,342.296
2009-11-01,342.287
2009-11-02,342.286
2009-11-03,342.295
2009-11-04,342.326
2009-11-05,342.325
2009-11-06,342.328
2009-11-07,342.336
2009-11-08,342.331
2009-11-09,342.330
2009-11-10,342.330
2009-11-11,342.285
2009-11-12,342.232
2009-11-13,342.164
2009-11-14,342.085
2009-11-15,342.016
2009-11-16,341.940
2009-11-17,341.907
2009-11-18,341.910
2009-11-19,341.925
2009-11-20,341.956
2009-11-21,341.983
2009-11-22,342.030
2009-11-23,342.086
2009-11-24,342.119
2009-11-25,342.168
2009-11-26,342.190
2009-11-27,342.238
2009-11-28,342.249
2009-11-29,342.286
2009-11-30,342.304
2009-12-01,342.332
2009-12-02,342.348
2009-12-03,342.387
2009-12-04,342.414
2009-12-05,342.439
2009-12-06,342.457
2009-12-07,342.486
2009-12-08,342.517
2009-12-09,342.622
2009-12-10,342.872
2009-12-11,342.969
2009-12-12,343.091
2009-12-13,343.170
2009-12-14,343.215
2009-12-15,343.251
2009-12-16,343.282
2009-12-17,343.311
2009-12-18,343.351
2009-12-19,343.407
2009-12-20,343.465
2009-12-21,343.485
2009-12-22,343.519
2009-12-23,343.553
2009-12-24,343.575
2009-12-25,343.600
2009-12-26,343.625
2009-12-27,343.700
2009-12-28,343.753
2009-12-29,343.785
2009-12-30,343.802
2009-12-31,343.823
2010-01-01,343.855
2010-01-02,343.903
2010-01-03,343.992
2010-01-04,344.116
2010-01-05,344.153
2010-01-06,344.204
2010-01-07,344.329
2010-01-08,344.383
2010-01-09,344.430
2010-01-10,344.507
2010-01-11,344.612
2010-01-12,344.653
2010-01-13,344.688
2010-01-14,344.720
2010-01-15,344.758
2010-01-16,344.782
2010-01-17,344.809
2010-01-18,344.834
2010-01-19,344.865
2010-01-20,344.883
2010-01-21,344.899
2010-01-22,344.899
2010-01-23,344.908
2010-01-24,344.910
2010-01-25,344.901
2010-01-26,344.896
2010-01-27,344.890
2010-01-28,344.871
2010-01-29,344.853
2010-01-30,344.862
2010-01-31,344.859
2010-02-01,344.867
2010-02-02,344.882
2010-02-03,344.878
2010-02-04,344.871
2010-02-05,344.870
2010-02-06,344.855
2010-02-07,344.844
2010-02-08,344.830
2010-02-09,344.829
2010-02-10,344.820
2010-02-11,344.800
2010-02-12,344.777
2010-02-13,344.748
2010-02-14,344.725
2010-02-15,344.681
2010-02-16,344.652
2010-02-17,344.610
2010-02-18,344.545
2010-02-19,344.533
2010-02-20,344.534
2010-02-21,344.530
2010-02-22,344.527
2010-02-23,344.515
2010-02-24,344.507
2010-02-25,344.497
2010-02-26,344.481
2010-02-27,344.485
2010-02-28,344.487
2010-03-01,344.483
2010-03-02,344.484
2010-03-03,344.469
2010-03-04,344.439
2010-03-05,344.404
2010-03-07,344.397
2010-03-08,344.387
2010-03-09,344.384
2010-03-10,344.389
2010-03-11,344.381
2010-03-12,344.362
2010-03-13,344.324
2010-03-14,344.303
2010-03-15,344.295
2010-03-16,344.300
2010-03-17,344.267
2010-03-18,344.231
2010-03-19,344.193
2010-03-20,344.188
2010-03-21,344.178
2010-03-22,344.256
2010-03-23,344.315
2010-03-24,344.417
2010-03-25,344.454
2010-03-26,344.465
2010-03-27,344.457
2010-03-28,344.452
2010-03-29,344.447
2010-03-30,344.421
2010-03-31,344.418
2010-04-01,344.411
2010-04-02,344.407
2010-04-03,344.399
2010-04-04,344.416
2010-04-05,344.441
2010-04-07,344.450
2010-04-08,344.457
2010-04-09,344.439
2010-04-10,344.406
2010-04-11,344.377
2010-04-12,344.374
2010-04-13,344.366
2010-04-14,344.400
2010-04-15,344.411
2010-04-16,344.398
2010-04-17,344.390
2010-04-18,344.379
2010-04-19,344.355
2010-04-20,344.306
2010-04-21,344.261
2010-04-22,344.217
2010-04-23,344.179
2010-04-24,344.151
2010-04-25,344.191
2010-04-26,344.310
2010-04-27,344.484
2010-04-28,344.680
2010-04-29,344.826
2010-04-30,344.997
2010-05-01,345.099
2010-05-02,345.165
2010-05-03,345.219
2010-05-04,345.241
2010-05-05,345.268
2010-05-06,345.299
2010-05-07,345.331
2010-05-08,345.388
2010-05-09,345.416
2010-05-10,345.423
2010-05-11,345.435
2010-05-12,345.450
2010-05-13,345.498
2010-05-14,345.548
2010-05-15,345.578
2010-05-16,345.591
2010-05-17,345.607
2010-05-18,345.628
2010-05-19,345.643
2010-05-20,345.657
2010-05-21,345.668
2010-05-22,345.674
2010-05-23,345.676
2010-05-24,345.673
2010-05-25,345.673
2010-05-26,345.677
2010-05-27,345.680
2010-05-28,345.686
2010-05-29,345.695
2010-05-31,345.691
2010-06-01,345.645
2010-06-02,345.590
2010-06-03,345.532
2010-06-04,345.480
2010-06-05,345.417
2010-06-06,345.355
2010-06-07,345.338
2010-06-08,345.328
2010-06-09,345.300
2010-06-10,345.216
2010-06-11,345.139
2010-06-12,345.066
2010-06-13,345.003
2010-06-14,344.927
2010-06-15,344.847
2010-06-16,344.759
2010-06-17,344.653
2010-06-18,344.566
2010-06-19,344.545
2010-06-20,344.563
2010-06-21,344.518
2010-06-22,344.465
2010-06-23,344.401
2010-06-24,344.314
2010-06-25,344.219
2010-06-26,344.137
2010-06-27,344.053
2010-06-28,343.952
2010-06-29,343.851
2010-06-30,343.765
2010-07-01,343.678
2010-07-02,343.571
2010-07-03,343.469
2010-07-04,343.379
2010-07-05,343.292
2010-07-06,343.184
2010-07-07,343.076
2010-07-08,342.983
2010-07-09,342.891
2010-07-10,342.784
2010-07-11,342.693
2010-07-12,342.609
2010-07-13,342.505
2010-07-14,342.392
2010-07-15,342.289
2010-07-16,342.197
2010-07-17,342.092
2010-07-18,341.981
2010-07-19,341.904
2010-07-20,341.816
2010-07-21,341.710
2010-07-22,341.602
2010-07-23,341.510
2010-07-24,341.445
2010-07-25,341.366
2010-07-26,341.268
2010-07-27,341.171
2010-07-28,341.090
2010-07-29,340.999
2010-07-30,340.899
2010-07-31,340.807
2010-08-01,340.838
2010-08-02,341.036
2010-08-03,341.098
2010-08-04,341.106
2010-08-05,341.055
2010-08-06,340.984
2010-08-07,340.942
2010-08-08,340.934
2010-08-09,340.925
2010-08-10,340.877
2010-08-11,340.792
2010-08-12,340.704
2010-08-13,340.704
2010-08-14,340.813
2010-08-15,340.858
2010-08-16,340.881
2010-08-17,340.901
2010-08-18,340.917
2010-08-19,340.928
2010-08-20,340.911
2010-08-21,340.876
2010-08-22,340.865
2010-08-24,340.863
2010-08-25,340.858
2010-08-26,340.864
2010-08-27,340.856
2010-08-28,340.828
2010-08-29,340.805
2010-08-30,340.807
2010-08-31,340.805
2010-09-01,340.800
2010-09-02,340.799
2010-09-03,340.790
2010-09-04,340.779
2010-09-05,340.787
2010-09-06,340.888
2010-09-07,340.990
2010-09-08,341.039
2010-09-09,341.080
2010-09-10,341.117
2010-09-11,341.145
2010-09-12,341.171
2010-09-13,341.208
2010-09-14,341.249
2010-09-15,341.280
2010-09-16,341.311
2010-09-17,341.351
2010-09-18,341.379
2010-09-19,341.394
2010-09-20,341.417
2010-09-21,341.433
2010-09-22,341.460
2010-09-23,341.469
2010-09-24,341.506
2010-09-25,341.550
2010-09-26,341.593
2010-09-27,341.636
2010-09-28,341.672
2010-09-29,341.782
2010-09-30,341.905
2010-10-01,342.000
2010-10-02,342.059
2010-10-03,342.101
2010-10-04,342.137
2010-10-05,342.170
2010-10-06,342.211
2010-10-07,342.235
2010-10-08,342.263
2010-10-09,342.295
2010-10-10,342.333
2010-10-11,342.366
2010-10-12,342.385
2010-10-13,342.405
2010-10-14,342.428
2010-10-15,342.451
2010-10-16,342.482
2010-10-17,342.540
2010-10-18,342.610
2010-10-19,342.644
2010-10-20,342.681
2010-10-21,342.695
2010-10-22,342.721
2010-10-23,342.749
2010-10-24,342.777
2010-10-25,342.799
2010-10-26,342.835
2010-10-27,342.877
2010-10-28,342.907
2010-10-29,342.932
2010-10-30,342.960
2010-10-31,342.990
2010-11-01,343.019
2010-11-02,343.061
2010-11-03,343.100
2010-11-04,343.124
2010-11-05,343.147
2010-11-06,343.162
2010-11-07,343.172
2010-11-08,343.180
2010-11-09,343.177
2010-11-10,343.169
2010-11-11,343.169
2010-11-12,343.174
2010-11-13,343.178
2010-11-14,343.179
2010-11-15,343.195
2010-11-16,343.223
2010-11-17,343.241
2010-11-18,343.281
2010-11-19,343.308
2010-11-20,343.338
2010-11-21,343.353
2010-11-22,343.357
2010-11-23,343.351
2010-11-24,343.340
2010-11-25,343.329
2010-11-26,343.319
2010-11-27,343.312
2010-11-28,343.316
2010-11-29,343.318
2010-11-30,343.301
2010-12-01,343.272
2010-12-02,343.224
2010-12-03,343.220
2010-12-04,343.220
2010-12-05,343.227
2010-12-06,343.202
2010-12-07,343.170
2010-12-08,343.153
2010-12-09,343.141
2010-12-10,343.136
2010-12-11,343.129
2010-12-12,343.125
2010-12-13,343.114
2010-12-14,343.129
2010-12-15,343.138
2010-12-16,343.134
2010-12-17,343.120
2010-12-18,343.130
2010-12-19,343.138
2010-12-20,343.187
2010-12-21,343.274
2010-12-22,343.522
2010-12-23,343.696
2010-12-24,343.800
2010-12-25,343.864
2010-12-26,343.905
2010-12-27,344.021
2010-12-28,344.478
2010-12-29,344.700
2010-12-30,344.820
2010-12-31,344.870
2011-01-01,344.909
2011-01-02,344.974
2011-01-03,345.199
2011-01-04,345.345
2011-01-05,345.411
2011-01-06,345.522
2011-01-07,345.676
2011-01-08,345.727
2011-01-09,345.773
2011-01-10,345.810
2011-01-11,345.844
2011-01-12,345.857
2011-01-13,345.869
2011-01-14,345.874
2011-01-15,345.889
2011-01-16,345.881
2011-01-17,345.876
2011-01-18,345.868
2011-01-19,345.887
2011-01-20,345.859
2011-01-21,345.851
2011-01-22,345.850
2011-01-23,345.848
2011-01-24,345.849
2011-01-25,345.844
2011-01-26,345.837
2011-01-27,345.862
2011-01-28,345.860
2011-01-29,345.838
2011-01-30,345.841
2011-01-31,345.875
2011-02-01,345.893
2011-02-02,345.828
2011-02-03,345.756
2011-02-04,345.712
2011-02-05,345.678
2011-02-06,345.718
2011-02-07,345.998
2011-02-08,346.066
2011-02-09,346.014
2011-02-10,345.947
2011-02-11,345.864
2011-02-12,345.808
2011-02-13,345.724
2011-02-14,345.689
2011-02-15,345.635
2011-02-16,345.619
2011-02-17,345.621
2011-02-18,345.626
2011-02-19,345.617
2011-02-20,345.618
2011-02-21,345.622
2011-02-22,345.647
2011-02-23,345.678
2011-02-24,345.700
2011-02-25,345.695
2011-02-26,345.702
2011-02-27,345.711
2011-02-28,345.715
2011-03-01,345.708
2011-03-02,345.752
2011-03-03,345.756
2011-03-04,345.761
2011-03-05,345.781
2011-03-06,345.819
2011-03-07,345.829
2011-03-08,345.835
2011-03-09,345.843
2011-03-10,345.843
2011-03-11,345.841
2011-03-12,345.844
2011-03-13,345.848
2011-03-14,345.864
2011-03-15,345.869
2011-03-16,345.879
2011-03-17,345.948
2011-03-18,345.974
2011-03-19,345.926
2011-03-20,345.871
2011-03-21,345.855
2011-03-22,345.862
2011-03-23,345.859
2011-03-24,345.842
2011-03-25,345.822
2011-03-26,345.838
2011-03-27,345.842
2011-03-28,345.847
2011-03-29,345.828
2011-03-30,345.802
2011-03-31,345.779
2011-04-01,345.742
2011-04-02,345.692
2011-04-03,345.643
2011-04-04,345.600
2011-04-05,345.574
2011-04-06,345.530
2011-04-07,345.481
2011-04-08,345.444
2011-04-09,345.396
2011-04-10,345.358
2011-04-11,345.320
2011-04-12,345.276
2011-04-13,345.258
2011-04-14,345.222
2011-04-15,345.177
2011-04-16,345.134
2011-04-17,345.073
2011-04-18,345.017
2011-04-19,344.952
2011-04-20,344.858
2011-04-21,344.786
2011-04-22,344.724
2011-04-23,344.702
2011-04-24,344.709
2011-04-25,344.682
2011-04-26,344.637
2011-04-27,344.614
2011-04-28,344.622
2011-04-29,344.571
2011-04-30,344.500
2011-05-01,344.415
2011-05-02,344.325
2011-05-03,344.256
2011-05-04,344.191
2011-05-05,344.130
2011-05-06,344.074
2011-05-07,344.038
2011-05-08,344.074
2011-05-09,344.133
2011-05-10,344.127
2011-05-11,344.082
2011-05-12,344.089
2011-05-13,344.050
2011-05-14,344.041
2011-05-15,344.083
2011-05-16,344.109
2011-05-17,344.109
2011-05-18,344.080
2011-05-19,344.042
2011-05-20,344.010
2011-05-21,343.980
2011-05-22,343.970
2011-05-23,343.941
2011-05-24,343.901
2011-05-25,343.908
2011-05-26,343.893
2011-05-27,343.858
2011-05-28,343.818
2011-05-29,343.778
2011-05-30,343.740
2011-05-31,343.697
2011-06-01,343.642
2011-06-02,343.551
2011-06-03,343.468
2011-06-04,343.424
2011-06-05,343.468
2011-06-06,343.522
2011-06-07,343.541
2011-06-08,343.550
2011-06-09,343.556
2011-06-10,343.550
2011-06-11,343.553
2011-06-12,343.572
2011-06-13,343.555
2011-06-14,343.509
2011-06-15,343.455
2011-06-16,343.392
2011-06-17,343.322
2011-06-18,343.259
2011-06-19,343.220
2011-06-20,343.163
2011-06-21,343.093
2011-06-22,343.008
2011-06-23,342.943
2011-06-24,342.876
2011-06-25,342.793
2011-06-26,342.720
2011-06-27,342.664
2011-06-28,342.579
2011-06-29,342.473
2011-06-30,342.387
2011-07-01,342.293
2011-07-02,342.205
2011-07-03,342.158
2011-07-04,342.124
2011-07-05,342.085
2011-07-06,342.041
2011-07-07,342.012
2011-07-08,342.000
2011-07-09,341.976
2011-07-10,341.960
2011-07-11,341.957
2011-07-12,341.963
2011-07-13,341.955
2011-07-14,341.946
2011-07-15,341.931
2011-07-16,341.912
2011-07-17,341.870
2011-07-18,341.832
2011-07-19,341.798
2011-07-20,341.778
2011-07-21,341.743
2011-07-22,341.707
2011-07-23,341.674
2011-07-24,341.629
2011-07-25,341.549
2011-07-26,341.447
2011-07-27,341.359
2011-07-28,341.297
2011-07-29,341.234
2011-07-30,341.192
2011-07-31,341.154
2011-08-01,341.107
2011-08-02,341.068
2011-08-03,341.050
2011-08-04,341.045
2011-08-05,341.043
2011-08-06,341.015
2011-08-07,341.003
2011-08-08,340.992
2011-08-09,340.975
2011-08-10,340.972
2011-08-11,340.976
2011-08-12,340.978
2011-08-13,340.967
2011-08-14,340.921
2011-08-15,340.875
2011-08-16,340.789
2011-08-17,340.685
2011-08-18,340.575
2011-08-19,340.505
2011-08-20,340.484
2011-08-21,340.476
2011-08-22,340.469
2011-08-23,340.442
2011-08-24,340.370
2011-08-25,340.297
2011-08-26,340.246
2011-08-27,340.230
2011-08-28,340.236
2011-08-29,340.234
2011-08-30,340.241
2011-08-31,340.253
2011-09-01,340.253
2011-09-02,340.243
2011-09-03,340.221
2011-09-04,340.199
2011-09-05,340.190
2011-09-06,340.194
2011-09-07,340.205
2011-09-08,340.218
2011-09-09,340.239
2011-09-10,340.266
2011-09-11,340.319
2011-09-12,340.362
2011-09-13,340.393
2011-09-14,340.419
2011-09-15,340.436
2011-09-16,340.455
2011-09-17,340.468
2011-09-18,340.482
2011-09-19,340.484
2011-09-20,340.493
2011-09-21,340.502
2011-09-22,340.509
2011-09-23,340.521
2011-09-24,340.536
2011-09-25,340.545
2011-09-26,340.555
2011-09-27,340.548
2011-09-28,340.533
2011-09-29,340.532
2011-09-30,340.539
2011-10-01,340.552
2011-10-02,340.595
2011-10-03,340.628
2011-10-04,340.646
2011-10-05,340.656
2011-10-06,340.662
2011-10-07,340.651
2011-10-08,340.630
2011-10-09,340.618
2011-10-10,340.601
2011-10-11,340.599
2011-10-12,340.625
2011-10-13,340.658
2011-10-14,340.652
2011-10-15,340.667
2011-10-16,340.686
2011-10-17,340.693
2011-10-18,340.727
2011-10-19,340.779
2011-10-20,340.814
2011-10-21,340.857
2011-10-22,340.907
2011-10-23,340.938
2011-10-24,340.983
2011-10-25,341.046
2011-10-26,341.333
2011-10-27,341.450
2011-10-28,341.513
2011-10-29,341.574
2011-10-30,341.629
2011-10-31,341.690
2011-11-01,341.752
2011-11-02,341.837
2011-11-03,341.934
2011-11-04,341.977
2011-11-05,342.003
2011-11-06,342.022
2011-11-07,342.053
2011-11-08,342.084
2011-11-09,342.121
2011-11-10,342.161
2011-11-11,342.199
2011-11-12,342.211
2011-11-13,342.243
2011-11-14,342.285
2011-11-15,342.324
2011-11-16,342.352
2011-11-17,342.374
2011-11-18,342.385
2011-11-19,342.398
2011-11-20,342.430
2011-11-21,342.520
2011-11-22,342.644
2011-11-23,342.683
2011-11-24,342.719
2011-11-25,342.770
2011-11-26,342.780
2011-11-27,342.810
2011-11-28,342.859
2011-11-29,342.915
2011-11-30,342.963
2011-12-01,343.002
2011-12-02,343.017
2011-12-03,343.038
2011-12-04,343.061
2011-12-05,343.087
2011-12-06,343.107
2011-12-07,343.139
2011-12-08,343.158
2011-12-09,343.178
2011-12-10,343.205
2011-12-11,343.230
2011-12-12,343.260
2011-12-13,343.274
2011-12-14,343.313
2011-12-15,343.374
2011-12-16,343.427
2011-12-17,343.459
2011-12-18,343.481
2011-12-19,343.503
2011-12-20,343.524
2011-12-21,343.540
2011-12-22,343.553
2011-12-23,343.570
2011-12-24,343.581
2011-12-25,343.593
2011-12-26,343.610
2011-12-27,343.627
2011-12-28,343.633
2011-12-29,343.631
2011-12-30,343.595
2011-12-31,343.587
2012-01-01,343.568
2012-01-02,343.546
2012-01-03,343.543
2012-01-04,343.556
2012-01-05,343.560
2012-01-06,343.526
2012-01-07,343.530
2012-01-08,343.531
2012-01-09,343.533
2012-01-10,343.517
2012-01-11,343.491
2012-01-12,343.472
2012-01-13,343.481
2012-01-14,343.525
2012-01-15,343.541
2012-01-16,343.541
2012-01-17,343.541
2012-01-18,343.544
2012-01-19,343.568
2012-01-20,343.537
2012-01-21,343.508
2012-01-22,343.462
2012-01-23,343.438
2012-01-24,343.413
2012-01-25,343.404
2012-01-26,343.420
2012-01-27,343.430
2012-01-28,343.450
2012-01-29,343.412
2012-01-30,343.403
2012-01-31,343.401
2012-02-01,343.372
2012-02-02,343.382
2012-02-03,343.382
2012-02-04,343.381
2012-02-05,343.375
2012-02-06,343.371
2012-02-07,343.367
2012-02-08,343.360
2012-02-09,343.342
2012-02-10,343.297
2012-02-11,343.262
2012-02-12,343.228
2012-02-13,343.185
2012-02-14,343.150
2012-02-15,343.127
2012-02-16,343.113
2012-02-17,343.109
2012-02-18,343.101
2012-02-19,343.070
2012-02-20,343.067
2012-02-21,343.053
2012-02-22,343.041
2012-02-23,343.089
2012-02-24,343.168
2012-02-25,343.182
2012-02-26,343.191
2012-02-27,343.200
2012-02-28,343.207
2012-02-29,343.212
2012-03-01,343.238
2012-03-02,343.253
2012-03-03,343.260
2012-03-04,343.275
2012-03-05,343.290
2012-03-06,343.299
2012-03-07,343.299
2012-03-08,343.317
2012-03-09,343.319
2012-03-10,343.322
2012-03-11,343.345
2012-03-12,343.400
2012-03-13,343.408
2012-03-14,343.433
2012-03-15,343.428
2012-03-16,343.432
2012-03-17,343.450
2012-03-18,343.443
2012-03-19,343.443
2012-03-20,343.453
2012-03-21,343.451
2012-03-22,343.448
2012-03-23,343.447
2012-03-24,343.457
2012-03-25,343.507
2012-03-26,343.517
2012-03-27,343.510
2012-03-28,343.478
2012-03-29,343.463
2012-03-30,343.441
2012-03-31,343.422
2012-04-01,343.396
2012-04-02,343.367
2012-04-03,343.332
2012-04-04,343.300
2012-04-05,343.258
2012-04-06,343.243
2012-04-07,343.236
2012-04-08,343.232
2012-04-09,343.218
2012-04-10,343.218
2012-04-11,343.184
2012-04-12,343.133
2012-04-13,343.085
2012-04-14,343.040
2012-04-15,342.999
2012-04-16,342.950
2012-04-17,342.896
2012-04-18,342.855
2012-04-19,342.815
2012-04-20,342.777
2012-04-21,342.716
2012-04-22,342.641
2012-04-23,342.560
2012-04-24,342.498
2012-04-25,342.461
2012-04-26,342.415
2012-04-27,342.371
2012-04-28,342.356
2012-04-29,342.324
2012-04-30,342.298
2012-05-01,342.259
2012-05-02,342.222
2012-05-03,342.171
2012-05-04,342.082
2012-05-05,341.973
2012-05-06,341.903
2012-05-07,341.862
2012-05-08,341.813
2012-05-09,341.778
2012-05-10,341.774
2012-05-11,341.766
2012-05-12,341.752
2012-05-13,341.717
2012-05-14,341.699
2012-05-15,341.697
2012-05-16,341.687
2012-05-17,341.675
2012-05-18,341.648
2012-05-19,341.617
2012-05-20,341.583
2012-05-21,341.560
2012-05-22,341.541
2012-05-23,341.521
2012-05-24,341.495
2012-05-25,341.443
2012-05-26,341.409
2012-05-27,341.434
2012-05-28,341.550
2012-05-29,341.566
2012-05-30,341.581
2012-05-31,341.577
2012-06-01,341.569
2012-06-02,341.568
2012-06-03,341.571
2012-06-04,341.573
2012-06-05,341.577
2012-06-06,341.529
2012-06-07,341.488
2012-06-08,341.454
2012-06-09,341.401
2012-06-10,341.375
2012-06-11,341.336
2012-06-12,341.300
2012-06-13,341.264
2012-06-14,341.208
2012-06-15,341.145
2012-06-16,341.082
2012-06-17,341.012
2012-06-18,340.934
2012-06-19,340.864
2012-06-20,340.812
2012-06-21,340.749
2012-06-22,340.655
2012-06-23,340.684
2012-06-24,340.807
2012-06-25,340.826
2012-06-26,340.793
2012-06-27,340.720
2012-06-28,340.635
2012-06-29,340.555
2012-06-30,340.457
2012-07-01,340.401
2012-07-02,340.360
2012-07-03,340.305
2012-07-04,340.251
2012-07-05,340.205
2012-07-06,340.159
2012-07-07,340.118
2012-07-08,340.080
2012-07-09,340.052
2012-07-10,340.011
2012-07-11,339.953
2012-07-12,339.892
2012-07-13,339.812
2012-07-14,339.898
2012-07-15,340.001
2012-07-16,340.095
2012-07-17,340.133
2012-07-18,340.169
2012-07-19,340.193
2012-07-20,340.197
2012-07-21,340.192
2012-07-22,340.172
2012-07-23,340.144
2012-07-24,340.109
2012-07-25,340.066
2012-07-26,340.017
2012-07-27,339.965
2012-07-28,339.923
2012-07-29,339.880
2012-07-30,339.821
2012-07-31,339.763
2012-08-01,339.707
2012-08-02,339.620
2012-08-03,339.518
2012-08-04,339.459
2012-08-05,339.411
2012-08-06,339.340
2012-08-07,339.248
2012-08-08,339.170
2012-08-09,339.098
2012-08-10,339.026
2012-08-11,339.004
2012-08-12,338.999
2012-08-13,338.984
2012-08-14,338.937
2012-08-15,338.895
2012-08-16,338.855
2012-08-17,338.802
2012-08-18,338.782
2012-08-19,338.777
2012-08-20,338.756
2012-08-21,338.705
2012-08-22,338.665
2012-08-23,338.636
2012-08-24,338.607
2012-08-25,338.588
2012-08-26,338.594
2012-08-27,338.592
2012-08-28,338.571
2012-08-29,338.546
2012-08-30,338.523
2012-08-31,338.498
2012-09-01,338.491
2012-09-02,338.586
2012-09-03,338.748
2012-09-04,338.829
2012-09-05,338.884
2012-09-06,338.917
2012-09-07,339.047
2012-09-08,339.209
2012-09-09,339.394
2012-09-10,339.482
2012-09-11,339.528
2012-09-12,339.575
2012-09-13,339.625
2012-09-14,339.657
2012-09-15,339.703
2012-09-16,339.780
2012-09-17,339.830
2012-09-18,339.867
2012-09-19,339.896
2012-09-20,339.923
2012-09-21,339.952
2012-09-22,339.974
2012-09-23,339.992
2012-09-24,340.014
2012-09-25,340.044
2012-09-26,340.123
2012-09-27,340.208
2012-09-28,340.256
2012-09-29,340.292
2012-09-30,340.324
2012-10-01,340.381
2012-10-02,340.439
2012-10-03,340.483
2012-10-04,340.511
2012-10-05,340.569
2012-10-06,340.624
2012-10-07,340.662
2012-10-08,340.689
2012-10-09,340.726
2012-10-10,340.769
2012-10-11,340.800
2012-10-12,340.840
2012-10-13,340.970
2012-10-14,341.077
2012-10-15,341.133
2012-10-16,341.192
2012-10-17,341.247
2012-10-18,341.322
2012-10-19,341.374
2012-10-20,341.437
2012-10-21,341.499
2012-10-22,341.540
2012-10-23,341.591
2012-10-24,341.647
2012-10-25,341.695
2012-10-26,341.738
2012-10-27,341.788
2012-10-28,341.867
2012-10-29,341.916
2012-10-30,341.963
2012-10-31,342.023
2012-11-01,342.081
2012-11-02,342.160
2012-11-03,342.231
2012-11-04,342.315
2012-11-05,342.355
2012-11-06,342.386
2012-11-07,342.423
2012-11-08,342.462
2012-11-09,342.495
2012-11-10,342.524
2012-11-11,342.569
2012-11-12,342.612
2012-11-13,342.656
2012-11-14,342.682
2012-11-15,342.706
2012-11-16,342.745
2012-11-17,342.776
2012-11-18,342.827
2012-11-19,342.864
2012-11-20,342.893
2012-11-21,342.917
2012-11-22,342.955
2012-11-23,342.993
2012-11-24,343.009
2012-11-25,343.047
2012-11-26,343.076
2012-11-27,343.109
2012-11-28,343.141
2012-11-29,343.149
2012-11-30,343.165
2012-12-01,343.201
2012-12-02,343.230
2012-12-03,343.261
2012-12-04,343.294
2012-12-05,343.365
2012-12-06,343.465
2012-12-07,343.520
2012-12-08,343.565
2012-12-09,343.571
2012-12-10,343.596
2012-12-11,343.592
2012-12-12,343.611
2012-12-13,343.637
2012-12-14,343.682
2012-12-15,343.700
2012-12-16,343.727
2012-12-17,343.756
2012-12-18,343.788
2012-12-19,343.831
2012-12-20,343.857
2012-12-21,343.885
2012-12-22,343.908
2012-12-23,343.927
2012-12-24,343.947
2012-12-25,343.974
2012-12-26,343.997
2012-12-27,344.019
2012-12-28,344.045
2012-12-29,344.065
2012-12-30,344.127
2012-12-31,344.185
2013-01-01,344.240
2013-01-02,344.519
2013-01-03,344.774
2013-01-04,344.814
2013-01-05,344.823
2013-01-06,344.817
2013-01-07,344.812
2013-01-08,344.782
2013-01-09,344.809
2013-01-10,345.158
2013-01-11,345.349
2013-01-12,345.423
2013-01-13,345.468
2013-01-14,345.527
2013-01-15,345.544
2013-01-16,345.568
2013-01-17,345.580
2013-01-18,345.598
2013-01-19,345.621
2013-01-20,345.624
2013-01-21,345.611
2013-01-22,345.619
2013-01-23,345.634
2013-01-24,345.628
2013-01-25,345.651
2013-01-26,345.670
2013-01-27,345.689
2013-01-28,345.706
2013-01-29,345.723
2013-01-30,345.742
2013-01-31,345.755
2013-02-01,345.760
2013-02-02,345.762
2013-02-03,345.763
2013-02-04,345.797
2013-02-05,345.874
2013-02-06,345.878
2013-02-07,345.871
2013-02-08,345.863
2013-02-09,345.856
2013-02-10,345.855
2013-02-11,345.858
2013-02-12,345.858
2013-02-13,345.861
2013-02-14,345.873
2013-02-15,345.863
2013-02-16,345.867
2013-02-17,345.869
2013-02-18,345.857
2013-02-19,345.849
2013-02-20,345.854
2013-02-21,345.804
2013-02-22,345.726
2013-02-23,345.663
2013-02-24,345.603
2013-02-25,345.530
2013-02-26,345.452
2013-02-27,345.392
2013-02-28,345.329
2013-03-01,345.255
2013-03-02,345.197
2013-03-03,345.143
2013-03-04,345.094
2013-03-05,345.002
2013-03-06,344.899
2013-03-07,344.805
2013-03-08,344.707
2013-03-09,344.661
2013-03-10,344.620
2013-03-11,344.548
2013-03-12,344.462
2013-03-13,344.358
2013-03-14,344.270
2013-03-15,344.213
2013-03-16,344.165
2013-03-17,344.099
2013-03-18,344.047
2013-03-19,343.969
2013-03-20,343.872
2013-03-21,343.766
2013-03-22,343.682
2013-03-23,343.595
2013-03-24,343.485
2013-03-25,343.398
2013-03-26,343.392
2013-03-27,343.374
2013-03-28,343.362
2013-03-29,343.369
2013-03-30,343.354
2013-03-31,343.349
2013-04-01,343.358
2013-04-02,343.343
2013-04-03,343.324
2013-04-04,343.298
2013-04-05,343.239
2013-04-06,343.160
2013-04-07,343.109
2013-04-08,343.059
2013-04-09,343.002
2013-04-10,342.972
2013-04-11,342.944
2013-04-12,342.898
2013-04-13,342.871
2013-04-14,342.856
2013-04-15,342.822
2013-04-16,342.768
2013-04-17,342.706
2013-04-18,342.658
2013-04-19,342.605
2013-04-20,342.555
2013-04-21,342.537
2013-04-22,342.503
2013-04-23,342.464
2013-04-24,342.434
2013-04-25,342.379
2013-04-26,342.338
2013-04-27,342.326
2013-04-28,342.291
2013-04-29,342.281
2013-04-30,342.274
2013-05-01,342.235
2013-05-02,342.207
2013-05-03,342.222
2013-05-04,342.221
2013-05-05,342.287
2013-05-06,342.352
2013-05-07,342.352
2013-05-08,342.318
2013-05-09,342.274
2013-05-10,342.243
2013-05-11,342.236
2013-05-12,342.236
2013-05-13,342.221
2013-05-14,342.178
2013-05-15,342.129
2013-05-16,342.085
2013-05-17,342.041
2013-05-18,342.020
2013-05-19,342.005
2013-05-20,341.972
2013-05-21,341.915
2013-05-22,341.858
2013-05-23,341.807
2013-05-24,341.763
2013-05-25,341.745
2013-05-26,341.738
2013-05-27,341.714
2013-05-28,341.658
2013-05-29,341.591
2013-05-30,341.529
2013-05-31,341.477
2013-06-01,341.424
2013-06-02,341.544
2013-06-03,341.871
2013-06-04,342.031
2013-06-05,342.111
2013-06-06,342.159
2013-06-07,342.191
2013-06-08,342.223
2013-06-09,342.245
2013-06-10,342.270
2013-06-11,342.274
2013-06-12,342.258
2013-06-13,342.206
2013-06-14,342.149
2013-06-15,342.102
2013-06-16,342.066
2013-06-17,342.071
2013-06-18,342.101
2013-06-19,342.120
2013-06-20,342.145
2013-06-21,342.132
2013-06-22,342.102
2013-06-23,342.045
2013-06-24,341.962
2013-06-25,341.862
2013-06-26,341.777
2013-06-27,341.688
2013-06-28,341.583
2013-06-29,341.478
2013-06-30,341.395
2013-07-01,341.315
2013-07-02,341.289
2013-07-03,341.503
2013-07-04,341.641
2013-07-05,341.721
2013-07-06,341.991
2013-07-07,342.193
2013-07-08,342.277
2013-07-09,342.335
2013-07-10,342.388
2013-07-11,342.428
2013-07-12,342.458
2013-07-13,342.488
2013-07-14,342.511
2013-07-15,342.536
2013-07-16,342.555
2013-07-17,342.585
2013-07-18,342.603
2013-07-19,342.620
2013-07-20,342.630
2013-07-21,342.638
2013-07-22,342.659
2013-07-23,342.681
2013-07-24,342.680
2013-07-25,342.650
2013-07-26,342.607
2013-07-27,342.565
2013-07-28,342.527
2013-07-29,342.485
2013-07-30,342.407
2013-07-31,342.328
2013-08-01,342.295
2013-08-02,342.276
2013-08-03,342.248
2013-08-04,342.219
2013-08-05,342.144
2013-08-06,342.045
2013-08-07,341.957
2013-08-08,341.904
2013-08-09,341.832
2013-08-10,341.760
2013-08-11,341.695
2013-08-12,341.633
2013-08-13,341.535
2013-08-14,341.442
2013-08-15,341.356
2013-08-16,341.278
2013-08-17,341.207
2013-08-18,341.143
2013-08-19,341.079
2013-08-20,341.014
2013-08-21,340.915
2013-08-22,340.817
2013-08-23,340.741
2013-08-24,340.658
2013-08-25,340.554
2013-08-26,340.453
2013-08-27,340.365
2013-08-28,340.277
2013-08-29,340.184
2013-08-30,340.088
2013-08-31,340.020
2013-09-01,339.990
2013-09-02,339.974
2013-09-03,339.958
2013-09-04,339.938
2013-09-05,339.920
2013-09-06,339.862
2013-09-07,339.798
2013-09-08,339.760
2013-09-09,339.743
2013-09-10,339.761
2013-09-11,339.972
2013-09-12,340.108
2013-09-13,340.185
2013-09-14,340.226
2013-09-15,340.253
2013-09-16,340.280
2013-09-17,340.305
2013-09-18,340.331
2013-09-19,340.348
2013-09-20,340.369
2013-09-21,340.425
2013-09-22,340.473
2013-09-23,340.502
2013-09-24,340.530
2013-09-25,340.556
2013-09-26,340.583
2013-09-27,340.609
2013-09-28,340.651
2013-09-29,340.693
2013-09-30,340.721
2013-10-01,340.755
2013-10-02,340.785
2013-10-03,340.838
2013-10-04,340.884
2013-10-05,340.915
2013-10-06,340.990
2013-10-07,341.053
2013-10-08,341.091
2013-10-09,341.121
2013-10-10,341.163
2013-10-11,341.190
2013-10-12,341.209
2013-10-13,341.235
2013-10-14,341.369
2013-10-15,341.578
2013-10-16,341.637
2013-10-17,341.688
2013-10-18,341.827
2013-10-19,341.986
2013-10-20,342.041
2013-10-21,342.111
2013-10-22,342.291
2013-10-23,342.401
2013-10-24,342.545
2013-10-25,342.778
2013-10-26,342.916
2013-10-27,343.047
2013-10-28,343.110
2013-10-29,343.179
2013-10-30,343.243
2013-10-31,343.294
2013-11-01,343.329
2013-11-02,343.371
2013-11-03,343.396
2013-11-04,343.422
2013-11-05,343.447
2013-11-06,343.477
2013-11-07,343.514
2013-11-08,343.540
2013-11-09,343.570
2013-11-10,343.618
2013-11-11,343.641
2013-11-12,343.668
2013-11-13,343.704
2013-11-14,343.734
2013-11-15,343.769
2013-11-16,343.800
2013-11-17,343.820
2013-11-18,343.846
2013-11-19,343.870
2013-11-20,343.898
2013-11-21,343.924
2013-11-22,343.949
2013-11-23,343.972
2013-11-24,344.005
2013-11-25,344.011
2013-11-26,344.026
2013-11-27,344.040
2013-11-28,344.057
2013-11-29,344.101
2013-11-30,344.206
2013-12-01,344.240
2013-12-02,344.252
2013-12-03,344.261
2013-12-04,344.264
2013-12-05,344.271
2013-12-06,344.268
2013-12-07,344.294
2013-12-08,344.322
2013-12-09,344.350
2013-12-10,344.370
2013-12-11,344.373
2013-12-12,344.359
2013-12-13,344.369
2013-12-14,344.383
2013-12-15,344.393
2013-12-16,344.438
2013-12-17,344.449
2013-12-18,344.475
2013-12-19,344.463
2013-12-20,344.464
2013-12-21,344.480
2013-12-22,344.478
2013-12-23,344.492
2013-12-24,344.518
2013-12-25,344.580
2013-12-26,344.608
2013-12-27,344.634
2013-12-28,344.642
2013-12-29,344.651
2013-12-30,344.681
2013-12-31,344.711
2014-01-01,344.707
2014-01-02,344.739
2014-01-03,345.013
2014-01-04,345.150
2014-01-05,345.211
2014-01-06,345.263
2014-01-07,345.300
2014-01-08,345.353
2014-01-09,345.395
2014-01-10,345.432
2014-01-11,345.468
2014-01-12,345.521
2014-01-13,345.579
2014-01-14,345.604
2014-01-15,345.634
2014-01-16,345.667
2014-01-17,345.664
2014-01-18,345.691
2014-01-19,345.713
2014-01-20,345.719
2014-01-21,345.736
2014-01-22,345.763
2014-01-23,345.783
2014-01-24,345.770
2014-01-25,345.762
2014-01-26,345.775
2014-01-27,345.821
2014-01-28,345.830
2014-01-29,345.831
2014-01-30,345.821
2014-01-31,345.810
2014-02-01,345.802
2014-02-02,345.801
2014-02-03,345.780
2014-02-04,345.732
2014-02-05,345.657
2014-02-06,345.583
2014-02-07,345.499
2014-02-08,345.426
2014-02-09,345.365
2014-02-10,345.289
2014-02-11,345.192
2014-02-12,345.099
2014-02-13,345.015
2014-02-14,344.914
2014-02-15,344.818
2014-02-16,344.749
2014-02-17,344.675
2014-02-18,344.573
2014-02-19,344.480
2014-02-20,344.398
2014-02-21,344.304
2014-02-22,344.225
2014-02-23,344.137
2014-02-24,344.070
2014-02-25,343.958
2014-02-26,343.921
2014-02-27,343.856
2014-02-28,343.760
2014-03-01,343.654
2014-03-02,343.567
2014-03-03,343.472
2014-03-04,343.410
2014-03-05,343.323
2014-03-06,343.220
2014-03-07,343.149
2014-03-08,343.129
2014-03-09,343.128
2014-03-10,343.117
2014-03-11,343.112
2014-03-12,343.113
2014-03-13,343.102
2014-03-14,343.083
2014-03-15,343.064
2014-03-16,343.026
2014-03-17,342.948
2014-03-18,342.894
2014-03-19,342.860
2014-03-20,342.821
2014-03-21,342.805
2014-03-22,342.797
2014-03-23,342.791
2014-03-24,342.783
2014-03-25,342.763
2014-03-26,342.746
2014-03-27,342.710
2014-03-28,342.682
2014-03-29,342.646
2014-03-30,342.610
2014-03-31,342.531
2014-04-01,342.454
2014-04-02,342.428
2014-04-03,342.399
2014-04-04,342.369
2014-04-05,342.355
2014-04-06,342.348
2014-04-07,342.338
2014-04-08,342.323
2014-04-09,342.296
2014-04-10,342.251
2014-04-11,342.195
2014-04-12,342.088
2014-04-13,341.978
2014-04-14,341.886
2014-04-15,341.823
2014-04-16,341.810
2014-04-17,341.783
2014-04-18,341.785
2014-04-19,341.796
2014-04-20,341.817
2014-04-21,341.819
2014-04-22,341.809
2014-04-23,341.804
2014-04-24,341.733
2014-04-25,341.727
2014-04-26,341.751
2014-04-27,341.758
2014-04-28,341.779
2014-04-29,341.784
2014-04-30,341.744
2014-05-01,341.678
2014-05-02,341.602
2014-05-03,341.562
2014-05-04,341.556
2014-05-05,341.591
2014-05-06,341.737
2014-05-07,341.842
2014-05-08,341.901
2014-05-09,341.943
2014-05-10,341.973
2014-05-11,341.993
2014-05-12,342.017
2014-05-13,342.040
2014-05-14,342.003
2014-05-15,341.957
2014-05-16,341.908
2014-05-17,341.847
2014-05-18,341.778
2014-05-19,341.730
2014-05-20,341.693
2014-05-21,341.785
2014-05-22,341.894
2014-05-23,341.986
2014-05-24,342.137
2014-05-25,342.238
2014-05-26,342.299
2014-05-27,342.348
2014-05-28,342.399
2014-05-29,342.485
2014-05-30,342.577
2014-05-31,342.622
2014-06-01,342.664
2014-06-02,342.696
2014-06-03,342.720
2014-06-04,342.742
2014-06-05,342.774
2014-06-06,342.837
2014-06-07,342.897
2014-06-08,342.933
2014-06-09,342.972
2014-06-10,343.004
2014-06-11,343.015
2014-06-12,343.020
2014-06-13,343.004
2014-06-14,342.928
2014-06-15,342.850
2014-06-16,342.766
2014-06-17,342.719
2014-06-18,342.718
2014-06-19,342.682
2014-06-20,342.624
2014-06-21,342.571
2014-06-22,342.497
2014-06-23,342.426
2014-06-24,342.339
2014-06-25,342.396
2014-06-26,342.526
2014-06-27,342.584
2014-06-28,342.619
2014-06-29,342.601
2014-06-30,342.594
2014-07-01,342.672
2014-07-02,342.730
2014-07-03,342.768
2014-07-04,342.795
2014-07-05,342.768
2014-07-06,342.734
2014-07-07,342.697
2014-07-08,342.660
2014-07-09,342.592
2014-07-10,342.503
2014-07-11,342.455
2014-07-12,342.451
2014-07-13,342.472
2014-07-14,342.477
2014-07-15,342.484
2014-07-16,342.458
2014-07-17,342.387
2014-07-18,342.305
2014-07-19,342.249
2014-07-20,342.175
2014-07-21,342.075
2014-07-22,341.975
2014-07-23,341.890
2014-07-24,341.805
2014-07-25,341.701
2014-07-26,341.595
2014-07-27,341.508
2014-07-28,341.421
2014-07-29,341.323
2014-07-30,341.245
2014-07-31,341.233
2014-08-01,341.305
2014-08-02,341.512
2014-08-03,341.733
2014-08-04,341.812
2014-08-05,341.872
2014-08-06,341.936
2014-08-07,341.989
2014-08-08,342.019
2014-08-09,342.055
2014-08-10,342.094
2014-08-11,342.154
2014-08-12,342.213
2014-08-13,342.256
2014-08-14,342.291
2014-08-15,342.318
2014-08-16,342.323
2014-08-17,342.259
2014-08-18,342.205
2014-08-19,342.136
2014-08-20,342.057
2014-08-21,341.953
2014-08-22,341.851
2014-08-23,341.764
2014-08-24,341.676
2014-08-25,341.570
2014-08-26,341.463
2014-08-27,341.375
2014-08-28,341.284
2014-08-29,341.174
2014-08-30,341.072
2014-08-31,340.984
2014-09-01,340.942
2014-09-02,340.922
2014-09-03,340.902
2014-09-04,340.885
2014-09-05,340.865
2014-09-06,340.843
2014-09-07,340.826
2014-09-08,340.797
2014-09-09,340.744
2014-09-10,340.697
2014-09-11,340.650
2014-09-12,340.603
2014-09-13,340.638
2014-09-14,340.646
2014-09-15,340.643
2014-09-16,340.644
2014-09-17,340.638
2014-09-18,340.626
2014-09-19,340.627
2014-09-20,340.620
2014-09-21,340.612
2014-09-22,340.593
2014-09-23,340.585
2014-09-24,340.571
2014-09-25,340.560
2014-09-26,340.542
2014-09-27,340.529
2014-09-28,340.514
2014-09-29,340.504
2014-09-30,340.488
2014-10-01,340.476
2014-10-02,340.460
2014-10-03,340.444
2014-10-04,340.429
2014-10-05,340.420
2014-10-06,340.444
2014-10-07,340.470
2014-10-08,340.487
2014-10-09,340.506
2014-10-10,340.509
2014-10-11,340.508
2014-10-12,340.506
2014-10-13,340.507
2014-10-14,340.508
2014-10-15,340.511
2014-10-16,340.538
2014-10-17,340.623
2014-10-18,340.728
2014-10-19,340.776
2014-10-20,340.807
2014-10-21,340.824
2014-10-22,340.844
2014-10-23,340.880
2014-10-24,340.876
2014-10-25,340.893
2014-10-26,340.909
2014-10-27,340.907
2014-10-28,340.922
2014-10-29,340.958
2014-10-30,340.970
2014-10-31,341.000
2014-11-01,341.032
2014-11-02,341.071
2014-11-03,341.217
2014-11-04,341.268
2014-11-05,341.305
2014-11-06,341.341
2014-11-07,341.375
2014-11-08,341.402
2014-11-09,341.433
2014-11-10,341.459
2014-11-11,341.510
2014-11-12,341.536
2014-11-13,341.561
2014-11-14,341.582
2014-11-15,341.603
2014-11-16,341.606
2014-11-17,341.610
2014-11-18,341.618
2014-11-19,341.623
2014-11-20,341.629
2014-11-21,341.654
2014-11-22,341.790
2014-11-23,341.918
2014-11-24,341.962
2014-11-25,342.014
2014-11-26,342.136
2014-11-27,342.209
2014-11-28,342.258
2014-11-29,342.313
2014-11-30,342.339
2014-12-01,342.356
2014-12-02,342.381
2014-12-03,342.396
2014-12-04,342.394
2014-12-05,342.381
2014-12-06,342.398
2014-12-07,342.430
2014-12-08,342.456
2014-12-09,342.485
2014-12-10,342.483
2014-12-11,342.497
2014-12-12,342.507
2014-12-13,342.520
2014-12-14,342.533
2014-12-15,342.551
2014-12-16,342.555
2014-12-17,342.549
2014-12-18,342.540
2014-12-19,342.552
2014-12-20,342.625
2014-12-21,342.729
2014-12-22,342.787
2014-12-23,342.811
2014-12-24,342.841
2014-12-25,342.856
2014-12-26,342.882
2014-12-27,342.906
2014-12-28,342.913
2014-12-29,342.932
2014-12-30,342.950
2014-12-31,342.995
2015-01-01,343.070
2015-01-02,343.113
2015-01-03,343.118
2015-01-04,343.132
2015-01-05,343.136
2015-01-06,343.132
2015-01-07,343.119
2015-01-08,343.110
2015-01-09,343.102
2015-01-10,343.080
2015-01-11,343.072
2015-01-12,343.067
2015-01-13,343.068
2015-01-14,343.052
2015-01-15,343.041
2015-01-16,343.043
2015-01-17,343.019
2015-01-18,343.032
2015-01-19,343.058
2015-01-20,343.086
2015-01-21,343.081
2015-01-22,343.072
2015-01-23,343.060
2015-01-24,343.046
2015-01-25,343.024
2015-01-26,343.014
2015-01-27,342.980
2015-01-28,342.959
2015-01-29,342.935
2015-01-30,342.905
2015-01-31,342.863
2015-02-01,342.829
2015-02-02,342.803
2015-02-03,342.855
2015-02-04,342.880
2015-02-05,342.872
2015-02-06,342.843
2015-02-07,342.842
2015-02-08,342.845
2015-02-09,342.828
2015-02-10,342.842
2015-02-11,342.849
2015-02-12,342.853
2015-02-13,342.813
2015-02-14,342.749
2015-02-15,342.693
2015-02-16,342.632
2015-02-17,342.549
2015-02-18,342.463
2015-02-19,342.392
2015-02-20,342.316
2015-02-21,342.250
2015-02-22,342.197
2015-02-23,342.134
2015-02-24,342.046
2015-02-25,341.921
2015-02-26,341.813
2015-02-27,341.717
2015-02-28,341.629
2015-03-01,341.588
2015-03-02,341.600
2015-03-03,341.624
2015-03-04,341.616
2015-03-05,341.602
2015-03-06,341.605
2015-03-07,341.615
2015-03-08,341.630
2015-03-09,341.628
2015-03-10,341.627
2015-03-11,341.625
2015-03-12,341.623
2015-03-13,341.604
2015-03-14,341.569
2015-03-15,341.549
2015-03-16,341.510
2015-03-17,341.493
2015-03-18,341.480
2015-03-19,341.460
2015-03-20,341.416
2015-03-21,341.345
2015-03-22,341.295
2015-03-23,341.248
2015-03-24,341.177
2015-03-25,341.106
2015-03-26,341.046
2015-03-27,341.010
2015-03-28,340.957
2015-03-29,340.933
2015-03-30,340.889
2015-03-31,340.826
2015-04-01,340.752
2015-04-02,340.738
2015-04-03,340.705
2015-04-04,340.676
2015-04-05,340.650
2015-04-06,340.634
2015-04-07,340.621
2015-04-08,340.586
2015-04-09,340.546
2015-04-10,340.505
2015-04-11,340.473
2015-04-12,340.455
2015-04-13,340.426
2015-04-14,340.364
2015-04-15,340.273
2015-04-16,340.160
2015-04-17,340.076
2015-04-18,340.039
2015-04-19,340.028
2015-04-20,340.006
2015-04-21,339.997
2015-04-22,339.998
2015-04-23,340.002
2015-04-24,340.006
2015-04-25,340.017
2015-04-26,340.080
2015-04-27,340.259
2015-04-28,340.389
2015-04-29,340.453
2015-04-30,340.469
2015-05-01,340.494
2015-05-02,340.514
2015-05-03,340.529
2015-05-04,340.544
2015-05-05,340.552
2015-05-06,340.612
2015-05-07,340.779
2015-05-08,340.852
2015-05-09,340.933
2015-05-10,341.022
2015-05-11,341.097
2015-05-12,341.277
2015-05-13,341.430
2015-05-14,341.544
2015-05-15,341.608
2015-05-16,341.663
2015-05-17,341.711
2015-05-18,341.759
2015-05-19,341.773
2015-05-20,341.801
2015-05-21,341.841
2015-05-22,341.869
2015-05-23,341.894
2015-05-24,341.903
2015-05-25,341.925
2015-05-26,341.940
2015-05-27,341.949
2015-05-28,341.944
2015-05-29,341.920
2015-05-30,341.876
2015-05-31,341.829
2015-06-01,341.733
2015-06-02,341.660
2015-06-03,341.648
2015-06-04,341.649
2015-06-05,341.658
2015-06-06,341.643
2015-06-07,341.597
2015-06-08,341.551
2015-06-09,341.545
2015-06-10,341.721
2015-06-11,341.785
2015-06-12,341.833
2015-06-13,341.873
2015-06-14,341.895
2015-06-15,341.908
2015-06-16,341.931
2015-06-17,341.950
2015-06-18,341.971
2015-06-19,342.054
2015-06-20,342.134
2015-06-21,342.184
2015-06-22,342.208
2015-06-23,342.220
2015-06-24,342.166
2015-06-25,342.073
2015-06-26,341.988
2015-06-27,341.918
2015-06-28,341.836
2015-06-29,341.771
2015-06-30,341.734
2015-07-01,341.705
2015-07-02,341.652
2015-07-03,341.641
2015-07-04,341.655
2015-07-05,341.666
2015-07-06,341.661
2015-07-07,341.607
2015-07-08,341.534
2015-07-09,341.452
2015-07-10,341.353
2015-07-11,341.253
2015-07-12,341.166
2015-07-13,341.065
2015-07-14,340.962
2015-07-15,340.889
2015-07-16,340.847
2015-07-17,340.782
2015-07-18,340.707
2015-07-19,340.652
2015-07-20,340.569
2015-07-21,340.467
2015-07-22,340.360
2015-07-23,340.283
2015-07-24,340.182
2015-07-25,340.075
2015-07-26,339.992
2015-07-27,339.923
2015-07-28,339.849
2015-07-29,339.762
2015-07-30,339.661
2015-07-31,339.582
2015-08-01,339.560
2015-08-02,339.574
2015-08-03,339.547
2015-08-04,339.554
2015-08-05,339.545
2015-08-06,339.486
2015-08-07,339.428
2015-08-08,339.411
2015-08-09,339.383
2015-08-10,339.297
2015-08-11,339.201
2015-08-12,339.114
2015-08-13,339.011
2015-08-14,338.949
2015-08-15,338.959
2015-08-16,338.973
2015-08-17,338.984
2015-08-18,338.978
2015-08-19,339.007
2015-08-20,339.013
2015-08-21,338.996
2015-08-22,338.969
2015-08-23,338.957
2015-08-24,338.936
2015-08-25,338.901
2015-08-26,338.852
2015-08-27,338.803
2015-08-28,338.743
2015-08-29,338.706
2015-08-30,338.713
2015-08-31,338.694
2015-09-01,338.673
2015-09-02,338.681
2015-09-03,338.697
2015-09-04,338.714
2015-09-05,338.746
2015-09-06,338.761
2015-09-07,338.777
2015-09-08,338.794
2015-09-09,338.802
2015-09-10,338.805
2015-09-11,338.823
2015-09-12,338.837
2015-09-13,338.848
2015-09-14,338.861
2015-09-15,338.878
2015-09-16,338.896
2015-09-17,338.917
2015-09-18,338.968
2015-09-19,338.997
2015-09-20,339.019
2015-09-21,339.044
2015-09-22,339.048
2015-09-23,339.040
2015-09-24,339.026
2015-09-25,339.011
2015-09-26,338.995
2015-09-27,338.986
2015-09-28,338.971
2015-09-29,338.957
2015-09-30,338.945
2015-10-01,338.935
2015-10-02,338.944
2015-10-03,338.953
2015-10-04,338.973
2015-10-05,339.008
2015-10-06,339.045
2015-10-07,339.055
2015-10-08,339.070
2015-10-09,339.096
2015-10-10,339.123
2015-10-11,339.154
2015-10-12,339.176
2015-10-13,339.246
2015-10-14,339.317
2015-10-15,339.357
2015-10-16,339.401
2015-10-17,339.449
2015-10-18,339.573
2015-10-19,339.622
2015-10-20,339.651
2015-10-21,339.694
2015-10-22,339.785
2015-10-23,339.846
2015-10-24,339.879
2015-10-25,339.908
2015-10-26,339.937
2015-10-27,339.952
2015-10-28,339.991
2015-10-29,340.020
2015-10-30,340.045
2015-10-31,340.067
2015-11-01,340.085
2015-11-02,340.121
2015-11-03,340.132
2015-11-04,340.157
2015-11-05,340.186
2015-11-06,340.209
2015-11-07,340.231
2015-11-08,340.227
2015-11-09,340.223
2015-11-10,340.239
2015-11-11,340.225
2015-11-12,340.217
2015-11-13,340.220
2015-11-14,340.235
2015-11-15,340.214
2015-11-16,340.211
2015-11-17,340.216
2015-11-18,340.209
2015-11-19,340.230
2015-11-20,340.259
2015-11-21,340.289
2015-11-22,340.315
2015-11-23,340.332
2015-11-24,340.380
2015-11-25,340.461
2015-11-26,340.530
2015-11-27,340.672
2015-11-28,340.862
2015-11-29,340.933
2015-11-30,340.986
2015-12-01,341.020
2015-12-02,341.062
2015-12-03,341.203
2015-12-04,341.340
2015-12-05,341.396
2015-12-06,341.415
2015-12-07,341.452
2015-12-08,341.470
2015-12-09,341.494
2015-12-10,341.539
2015-12-11,341.546
2015-12-12,341.569
2015-12-13,341.618
2015-12-14,341.651
2015-12-15,341.667
2015-12-16,341.675
2015-12-17,341.691
2015-12-18,341.709
2015-12-19,341.724
2015-12-20,341.753
2015-12-21,341.785
2015-12-22,341.802
2015-12-23,341.811
2015-12-24,341.810
2015-12-25,341.820
2015-12-26,341.828
2015-12-27,341.840
2015-12-28,341.846
2015-12-29,341.848
2015-12-30,341.845
2015-12-31,341.845
2016-01-01,341.854
2016-01-02,341.860
2016-01-03,341.848
2016-01-04,341.847
2016-01-05,341.849
2016-01-06,341.855
2016-01-07,341.863
2016-01-08,341.862
2016-01-09,341.868
2016-01-10,341.845
2016-01-11,341.841
2016-01-12,341.855
2016-01-13,341.828
2016-01-14,341.840
2016-01-15,341.843
2016-01-16,341.865
2016-01-17,341.869
2016-01-18,341.880
2016-01-19,341.876
2016-01-20,341.876
2016-01-21,341.865
2016-01-22,341.853
2016-01-23,341.848
2016-01-24,341.861
2016-01-25,341.947
2016-01-26,342.021
2016-01-27,342.044
2016-01-28,342.057
2016-01-29,342.065
2016-01-30,342.061
2016-01-31,342.063
2016-02-01,342.076
2016-02-02,342.090
2016-02-03,342.098
2016-02-04,342.118
2016-02-05,342.124
2016-02-06,342.117
2016-02-07,342.118
2016-02-08,342.121
2016-02-09,342.126
2016-02-10,342.135
2016-02-11,342.136
2016-02-12,342.120
2016-02-13,342.103
2016-02-14,342.067
2016-02-15,342.027
2016-02-16,341.969
2016-02-17,341.935
2016-02-18,341.993
2016-02-19,342.158
2016-02-20,342.231
2016-02-21,342.254
2016-02-22,342.274
2016-02-23,342.272
2016-02-24,342.287
2016-02-25,342.302
2016-02-26,342.321
2016-02-27,342.347
2016-02-28,342.364
2016-02-29,342.347
2016-03-01,342.354
2016-03-02,342.358
2016-03-03,342.373
2016-03-04,342.368
2016-03-05,342.370
2016-03-06,342.368
2016-03-07,342.373
2016-03-08,342.398
2016-03-09,342.410
2016-03-10,342.432
2016-03-11,342.421
2016-03-12,342.438
2016-03-13,342.443
2016-03-14,342.445
2016-03-15,342.434
2016-03-16,342.444
2016-03-17,342.431
2016-03-18,342.407
2016-03-19,342.417
2016-03-20,342.504
2016-03-21,342.547
2016-03-22,342.570
2016-03-23,342.580
2016-03-24,342.589
2016-03-25,342.601
2016-03-26,342.619
2016-03-27,342.638
2016-03-28,342.639
2016-03-29,342.649
2016-03-30,342.644
2016-03-31,342.630
2016-04-01,342.626
2016-04-02,342.629
2016-04-03,342.613
2016-04-04,342.562
2016-04-05,342.466
2016-04-06,342.372
2016-04-07,342.290
2016-04-08,342.205
2016-04-09,342.120
2016-04-10,342.063
2016-04-11,342.041
2016-04-12,342.044
2016-04-13,342.038
2016-04-14,342.003
2016-04-15,341.936
2016-04-16,341.862
2016-04-17,341.774
2016-04-18,341.705
2016-04-19,341.617
2016-04-20,341.581
2016-04-21,341.500
2016-04-22,341.410
2016-04-23,341.317
2016-04-24,341.230
2016-04-25,341.130
2016-04-26,341.036
2016-04-27,340.918
2016-04-28,340.805
2016-04-29,340.734
2016-04-30,340.665
2016-05-01,340.566
2016-05-02,340.460
2016-05-03,340.384
2016-05-04,340.293
2016-05-05,340.277
2016-05-06,340.251
2016-05-07,340.253
2016-05-08,340.254
2016-05-09,340.209
2016-05-10,340.156
2016-05-11,340.116
2016-05-12,340.223
2016-05-13,340.451
2016-05-14,340.547
2016-05-15,340.640
2016-05-16,340.796
2016-05-17,340.963
2016-05-18,341.044
2016-05-19,341.099
2016-05-20,341.144
2016-05-21,341.187
2016-05-22,341.219
2016-05-23,341.247
2016-05-24,341.279
2016-05-25,341.305
2016-05-26,341.328
2016-05-27,341.319
2016-05-28,341.306
2016-05-29,341.317
2016-05-30,341.318
2016-05-31,341.320
2016-06-01,341.306
2016-06-02,341.273
2016-06-03,341.226
2016-06-04,341.167
2016-06-05,341.122
2016-06-06,341.078
2016-06-07,340.994
2016-06-08,340.892
2016-06-09,340.813
2016-06-10,340.862
2016-06-11,341.012
2016-06-12,341.084
2016-06-13,341.130
2016-06-14,341.167
2016-06-15,341.186
2016-06-16,341.196
2016-06-17,341.196
2016-06-18,341.192
2016-06-19,341.162
2016-06-20,341.127
2016-06-21,341.098
2016-06-22,341.105
2016-06-23,341.184
2016-06-24,341.220
2016-06-25,341.248
2016-06-26,341.262
2016-06-27,341.219
2016-06-28,341.163
2016-06-29,341.088
2016-06-30,340.986
2016-07-01,340.886
2016-07-02,340.799
2016-07-03,340.704
2016-07-04,340.603
2016-07-05,340.500
2016-07-06,340.418
2016-07-07,340.316
2016-07-08,340.205
2016-07-09,340.116
2016-07-10,340.029
2016-07-11,339.969
2016-07-12,339.963
2016-07-13,339.998
2016-07-14,340.223
2016-07-15,340.331
2016-07-16,340.374
2016-07-17,340.411
2016-07-18,340.425
2016-07-19,340.448
2016-07-20,340.467
2016-07-21,340.442
2016-07-22,340.420
2016-07-23,340.390
2016-07-24,340.445
2016-07-25,340.456
2016-07-26,340.453
2016-07-27,340.423
2016-07-28,340.417
2016-07-29,340.405
2016-07-30,340.397
2016-07-31,340.384
2016-08-01,340.357
2016-08-02,340.314
2016-08-03,340.258
2016-08-04,340.222
2016-08-05,340.209
2016-08-06,340.216
2016-08-07,340.234
2016-08-08,340.237
2016-08-09,340.210
2016-08-10,340.166
2016-08-11,340.139
2016-08-12,340.116
2016-08-13,340.059
2016-08-14,339.979
2016-08-15,339.910
2016-08-16,339.846
2016-08-17,339.762
2016-08-18,339.667
2016-08-19,339.571
2016-08-20,339.517
2016-08-21,339.467
2016-08-22,339.398
2016-08-23,339.334
2016-08-24,339.269
2016-08-25,339.177
2016-08-26,339.158
2016-08-27,339.101
2016-08-28,339.000
2016-08-29,338.892
2016-08-30,338.801
2016-08-31,338.708
2016-09-01,338.678
2016-09-02,338.662
2016-09-03,338.663
2016-09-04,338.674
2016-09-05,338.732
2016-09-06,338.770
2016-09-07,338.795
2016-09-08,338.805
2016-09-09,338.796
2016-09-10,338.783
2016-09-11,338.772
2016-09-12,338.762
2016-09-13,338.750
2016-09-14,338.755
2016-09-15,338.751
2016-09-16,338.761
2016-09-17,338.804
2016-09-18,338.823
2016-09-19,338.832
2016-09-20,338.840
2016-09-21,338.845
2016-09-22,338.849
2016-09-23,338.843
2016-09-24,338.830
2016-09-25,338.823
2016-09-26,338.819
2016-09-27,338.813
2016-09-28,338.808
2016-09-29,338.805
2016-09-30,338.802
2016-10-01,338.799
2016-10-02,338.803
2016-10-03,338.812
2016-10-04,338.819
2016-10-05,338.831
2016-10-06,338.837
2016-10-07,338.827
2016-10-08,338.821
2016-10-09,338.795
2016-10-10,338.783
2016-10-11,338.777
2016-10-12,338.884
2016-10-13,338.954
2016-10-14,339.002
2016-10-15,339.042
2016-10-16,339.100
2016-10-17,339.151
2016-10-18,339.204
2016-10-19,339.258
2016-10-20,339.347
2016-10-21,339.424
2016-10-22,339.467
2016-10-23,339.512
2016-10-24,339.552
2016-10-25,339.580
2016-10-26,339.592
2016-10-27,339.610
2016-10-28,339.649
2016-10-29,339.698
2016-10-30,339.727
2016-10-31,339.761
2016-11-01,339.775
2016-11-02,339.777
2016-11-03,339.778
2016-11-04,339.792
2016-11-05,339.806
2016-11-06,339.820
2016-11-07,339.856
2016-11-08,339.893
2016-11-09,339.967
2016-11-10,340.042
2016-11-11,340.091
2016-11-12,340.123
2016-11-13,340.163
2016-11-14,340.190
2016-11-15,340.297
2016-11-16,340.411
2016-11-17,340.460
2016-11-18,340.512
2016-11-19,340.569
2016-11-20,340.596
2016-11-21,340.632
2016-11-22,340.660
2016-11-23,340.691
2016-11-24,340.722
2016-11-25,340.783
2016-11-26,340.868
2016-11-27,340.946
2016-11-28,340.980
2016-11-29,341.028
2016-11-30,341.066
2016-12-01,341.104
2016-12-02,341.132
2016-12-03,341.168
2016-12-04,341.179
2016-12-05,341.207
2016-12-06,341.238
2016-12-07,341.276
2016-12-08,341.354
2016-12-09,341.404
2016-12-10,341.457
2016-12-11,341.493
2016-12-12,341.521
2016-12-13,341.557
2016-12-14,341.583
2016-12-15,341.670
2016-12-16,341.732
2016-12-17,341.751
2016-12-18,341.798
2016-12-19,341.850
2016-12-20,341.862
2016-12-21,341.894
2016-12-22,342.003
2016-12-23,342.069
2016-12-24,342.104
2016-12-25,342.130
2016-12-26,342.165
2016-12-27,342.213
2016-12-28,342.227
2016-12-29,342.240
2016-12-30,342.262
2016-12-31,342.291
2017-01-01,342.330
2017-01-02,342.340
2017-01-03,342.368
2017-01-04,342.381
2017-01-05,342.392
2017-01-06,342.411
2017-01-07,342.400
2017-01-08,342.402
2017-01-09,342.390
2017-01-10,342.398
2017-01-11,342.401
2017-01-12,342.442
2017-01-13,342.465
2017-01-14,342.481
2017-01-15,342.485
2017-01-16,342.474
2017-01-17,342.483
2017-01-18,342.532
2017-01-19,342.687
2017-01-20,342.742
2017-01-21,342.770
2017-01-22,342.812
2017-01-23,342.849
2017-01-24,342.885
2017-01-25,342.945
2017-01-26,342.995
2017-01-27,343.053
2017-01-28,343.086
2017-01-29,343.132
2017-01-30,343.150
2017-01-31,343.197
2017-02-01,343.310
2017-02-02,343.396
2017-02-03,343.448
2017-02-04,343.468
2017-02-05,343.482
2017-02-06,343.511
2017-02-07,343.543
2017-02-08,343.562
2017-02-09,343.584
2017-02-10,343.615
2017-02-11,343.625
2017-02-12,343.646
2017-02-13,343.677
2017-02-14,343.759
2017-02-15,343.788
2017-02-16,343.795
2017-02-17,343.816
2017-02-18,343.835
2017-02-19,343.851
2017-02-20,343.863
2017-02-21,343.864
2017-02-22,343.831
2017-02-23,343.778
2017-02-24,343.736
2017-02-25,343.700
2017-02-26,343.640
2017-02-27,343.590
2017-02-28,343.536
2017-03-01,343.440
2017-03-02,343.339
2017-03-03,343.274
2017-03-04,343.183
2017-03-05,343.171
2017-03-06,343.142
2017-03-07,343.098
2017-03-08,343.051
2017-03-09,342.993
2017-03-10,342.930
2017-03-11,342.885
2017-03-12,342.850
2017-03-13,342.804
2017-03-14,342.743
2017-03-15,342.653
2017-03-16,342.540
2017-03-17,342.437
2017-03-18,342.389
2017-03-19,342.398
2017-03-20,342.418
2017-03-21,342.394
2017-03-22,342.383
2017-03-23,342.348
2017-03-24,342.260
2017-03-25,342.165
2017-03-26,342.135
2017-03-27,342.072
2017-03-28,341.970
2017-03-29,341.855
2017-03-30,341.786
2017-03-31,341.758
2017-04-01,341.704
2017-04-02,341.649
2017-04-03,341.584
2017-04-04,341.517
2017-04-05,341.416
2017-04-06,341.306
2017-04-07,341.214
2017-04-08,341.149
2017-04-09,341.121
2017-04-10,341.077
2017-04-11,340.996
2017-04-12,340.962
2017-04-13,340.925
2017-04-14,340.927
2017-04-15,340.940
2017-04-16,340.935
2017-04-17,340.918
2017-04-18,340.867
2017-04-19,340.795
2017-04-20,340.695
2017-04-21,340.606
2017-04-22,340.571
2017-04-23,340.544
2017-04-24,340.480
2017-04-25,340.393
2017-04-26,340.325
2017-04-27,340.249
2017-04-28,340.167
2017-04-29,340.122
2017-04-30,340.092
2017-05-01,340.060
2017-05-02,340.009
2017-05-03,339.990
2017-05-04,340.055
2017-05-05,340.077
2017-05-06,340.079
2017-05-07,340.063
2017-05-08,340.027
2017-05-09,339.985
2017-05-10,339.968
2017-05-11,339.955
2017-05-12,339.941
2017-05-13,339.916
2017-05-14,339.890
2017-05-15,339.866
2017-05-16,339.818
2017-05-17,339.768
2017-05-18,339.744
2017-05-19,339.736
2017-05-20,339.720
2017-05-21,339.708
2017-05-22,339.680
2017-05-23,339.644
2017-05-24,339.611
2017-05-25,339.575
2017-05-26,339.536
2017-05-27,339.523
2017-05-28,339.517
2017-05-29,339.493
2017-05-30,339.463
2017-05-31,339.433
2017-06-01,339.407
2017-06-02,339.387
2017-06-03,339.377
2017-06-04,339.364
2017-06-05,339.351
2017-06-06,339.313
2017-06-07,339.257
2017-06-08,339.195
2017-06-09,339.154
2017-06-10,339.122
2017-06-11,339.110
2017-06-12,339.064
2017-06-13,339.019
2017-06-14,338.940
2017-06-15,338.909
2017-06-16,338.856
2017-06-17,338.832
2017-06-18,338.833
2017-06-19,338.834
2017-06-20,338.838
2017-06-21,338.848
2017-06-22,338.853
2017-06-23,338.878
2017-06-24,338.891
2017-06-25,338.899
2017-06-26,338.893
2017-06-27,338.865
2017-06-28,338.826
2017-06-29,338.787
2017-06-30,338.755
2017-07-01,338.778
2017-07-02,338.822
2017-07-03,338.828
2017-07-04,338.821
2017-07-05,338.808
2017-07-06,338.792
2017-07-07,338.772
2017-07-08,338.770
2017-07-09,338.772
2017-07-10,338.762
2017-07-11,338.727
2017-07-12,338.697
2017-07-13,338.637
2017-07-14,338.566
2017-07-15,338.531
2017-07-16,338.517
2017-07-17,338.526
2017-07-18,338.538
2017-07-19,338.538
2017-07-20,338.536
2017-07-21,338.526
2017-07-22,338.557
2017-07-23,338.572
2017-07-24,338.583
2017-07-25,338.587
2017-07-26,338.585
2017-07-27,338.584
2017-07-28,338.560
2017-07-29,338.551
2017-07-30,338.555
2017-07-31,338.556
2017-08-01,338.554
2017-08-02,338.550
2017-08-03,338.542
2017-08-04,338.528
2017-08-05,338.522
2017-08-06,338.545
2017-08-07,338.569
2017-08-08,338.572
2017-08-09,338.591
2017-08-10,338.619
2017-08-11,338.641
2017-08-12,338.687
2017-08-13,338.733
2017-08-14,338.760
2017-08-15,338.769
2017-08-16,338.771
2017-08-17,338.835
2017-08-18,338.953
2017-08-19,339.007
2017-08-20,339.044
2017-08-21,339.074
2017-08-22,339.084
2017-08-23,339.101
2017-08-24,339.103
2017-08-25,339.097
2017-08-26,339.094
2017-08-27,339.112
2017-08-28,339.128
2017-08-29,339.156
2017-08-30,339.179
2017-08-31,339.195
2017-09-01,339.213
2017-09-02,339.233
2017-09-03,339.248
2017-09-04,339.261
2017-09-05,339.271
2017-09-06,339.304
2017-09-07,339.344
2017-09-08,339.371
2017-09-09,339.408
2017-09-10,339.427
2017-09-11,339.444
2017-09-12,339.456
2017-09-13,339.472
2017-09-14,339.505
2017-09-15,339.618
2017-09-16,339.805
2017-09-17,339.892
2017-09-18,339.958
2017-09-19,340.011
2017-09-20,340.050
2017-09-21,340.091
2017-09-22,340.127
2017-09-23,340.162
2017-09-24,340.197
2017-09-25,340.358
2017-09-26,340.507
2017-09-27,340.558
2017-09-28,340.611
2017-09-29,340.665
2017-09-30,340.688
2017-10-01,340.715
2017-10-02,340.755
2017-10-03,340.780
2017-10-04,340.809
2017-10-05,340.814
2017-10-06,340.839
2017-10-07,340.860
2017-10-08,340.875
2017-10-09,340.893
2017-10-10,340.920
2017-10-11,340.937
2017-10-12,340.947
2017-10-13,340.961
2017-10-14,340.978
2017-10-15,341.001
2017-10-16,341.007
2017-10-17,341.022
2017-10-18,341.034
2017-10-19,341.049
2017-10-20,341.072
2017-10-21,341.100
2017-10-22,341.131
2017-10-23,341.147
2017-10-24,341.162
2017-10-25,341.181
2017-10-26,341.190
2017-10-27,341.189
2017-10-28,341.187
2017-10-29,341.183
2017-10-30,341.183
2017-10-31,341.177
2017-11-01,341.175
2017-11-02,341.179
2017-11-03,341.211
2017-11-04,341.272
2017-11-05,341.312
2017-11-06,341.321
2017-11-07,341.329
2017-11-08,341.388
2017-11-09,341.446
2017-11-10,341.455
2017-11-11,341.469
2017-11-12,341.481
2017-11-13,341.493
2017-11-14,341.495
2017-11-15,341.494
2017-11-16,341.494
2017-11-17,341.475
2017-11-18,341.465
2017-11-19,341.464
2017-11-20,341.455
2017-11-21,341.453
2017-11-22,341.450
2017-11-23,341.451
2017-11-24,341.453
2017-11-25,341.449
2017-11-26,341.449
2017-11-27,341.448
2017-11-28,341.445
2017-11-29,341.435
2017-11-30,341.434
2017-12-01,341.431
2017-12-02,341.440
2017-12-03,341.416
2017-12-04,341.379
2017-12-05,341.326
2017-12-06,341.226
2017-12-07,341.132
2017-12-08,341.058
2017-12-09,341.018
2017-12-10,341.046
2017-12-11,341.046
2017-12-12,341.023
2017-12-13,341.015
2017-12-14,341.008
2017-12-15,341.004
2017-12-16,340.976
2017-12-17,340.986
2017-12-18,340.986
2017-12-19,341.005
2017-12-20,340.985
2017-12-21,340.976
2017-12-22,340.931
2017-12-23,340.928
2017-12-24,340.944
2017-12-25,340.957
2017-12-26,340.946
2017-12-27,340.941
2017-12-28,340.941
2017-12-29,340.932
2017-12-30,340.942
2017-12-31,340.949
2018-01-01,340.945
2018-01-02,340.944
2018-01-03,340.931
2018-01-04,340.929
2018-01-05,340.929
2018-01-06,340.921
2018-01-07,340.911
2018-01-08,340.906
2018-01-09,340.905
2018-01-10,340.897
2018-01-11,340.887
2018-01-12,340.892
2018-01-13,340.898
2018-01-14,340.905
2018-01-15,340.905
2018-01-16,340.900
2018-01-17,340.890
2018-01-18,340.889
2018-01-19,340.881
2018-01-20,340.877
2018-01-21,340.845
2018-01-22,340.838
2018-01-23,340.853
2018-01-24,340.851
2018-01-25,340.835
2018-01-26,340.817
2018-01-27,340.814
2018-01-28,340.818
2018-01-29,340.825
2018-01-30,340.831
2018-01-31,340.841
2018-02-01,340.907
2018-02-02,341.213
2018-02-03,341.274
2018-02-04,341.317
2018-02-05,341.342
2018-02-06,341.336
2018-02-07,341.341
2018-02-08,341.356
2018-02-09,341.367
2018-02-10,341.367
2018-02-11,341.373
2018-02-12,341.411
2018-02-13,341.390
2018-02-14,341.379
2018-02-15,341.394
2018-02-16,341.396
2018-02-17,341.391
2018-02-18,341.419
2018-02-19,341.417
2018-02-20,341.423
2018-02-21,341.488
2018-02-22,341.536
2018-02-23,341.564
2018-02-24,341.591
2018-02-25,341.635
2018-02-26,341.711
2018-02-27,341.748
2018-02-28,341.773
2018-03-01,341.800
2018-03-02,341.829
2018-03-03,341.866
2018-03-04,341.895
2018-03-05,341.927
2018-03-06,341.943
2018-03-07,341.964
2018-03-08,341.980
2018-03-09,341.987
2018-03-10,342.001
2018-03-11,342.013
2018-03-12,342.015
2018-03-13,342.020
2018-03-14,342.009
2018-03-15,341.998
2018-03-16,342.005
2018-03-17,342.017
2018-03-18,342.015
2018-03-19,342.005
2018-03-20,341.981
2018-03-21,341.931
2018-03-22,341.936
2018-03-23,341.952
2018-03-24,341.957
2018-03-25,341.963
2018-03-26,341.971
2018-03-27,341.990
2018-03-28,342.041
2018-03-29,342.049
2018-03-30,342.067
2018-03-31,342.096
2018-04-01,342.106
2018-04-02,342.131
2018-04-03,342.154
2018-04-04,342.179
2018-04-05,342.163
2018-04-06,342.128
2018-04-07,342.118
2018-04-08,342.132
2018-04-09,342.119
2018-04-10,342.083
2018-04-11,342.016
2018-04-12,341.924
2018-04-13,341.818
2018-04-14,341.749
2018-04-15,341.688
2018-04-16,341.688
2018-04-17,341.754
2018-04-18,341.812
2018-04-19,341.851
2018-04-20,341.890
2018-04-21,341.934
2018-04-22,341.956
2018-04-23,341.962
2018-04-24,341.958
2018-04-25,341.922
2018-04-26,341.884
2018-04-27,341.843
2018-04-28,341.853
2018-04-29,341.905
2018-04-30,341.940
2018-05-01,341.976
2018-05-02,342.001
2018-05-03,342.024
2018-05-04,342.026
2018-05-05,342.032
2018-05-06,342.070
2018-05-07,342.103
2018-05-08,342.100
2018-05-09,342.108
2018-05-10,342.084
2018-05-11,342.090
2018-05-12,342.131
2018-05-13,342.163
2018-05-14,342.166
2018-05-15,342.143
2018-05-16,342.093
2018-05-17,342.058
2018-05-18,342.036
2018-05-19,341.989
2018-05-20,341.953
2018-05-21,341.978
2018-05-22,342.031
2018-05-23,342.102
2018-05-24,342.161
2018-05-25,342.180
2018-05-26,342.176
2018-05-27,342.175
2018-05-28,342.162
2018-05-29,342.101
2018-05-30,342.015
2018-05-31,341.936
2018-06-01,341.841
2018-06-02,341.775
2018-06-03,341.736
2018-06-04,341.679
2018-06-05,341.585
2018-06-06,341.477
2018-06-07,341.386
2018-06-08,341.296
2018-06-09,341.198
2018-06-10,341.135
2018-06-11,341.063
2018-06-12,340.992
2018-06-13,340.889
2018-06-14,340.785
2018-06-15,340.718
2018-06-16,340.676
2018-06-17,340.626
2018-06-18,340.571
2018-06-19,340.508
2018-06-20,340.417
2018-06-21,340.306
2018-06-22,340.200
2018-06-23,340.111
2018-06-24,340.062
2018-06-25,340.008
2018-06-26,339.912
2018-06-27,339.820
2018-06-28,339.704
2018-06-29,339.606
2018-06-30,339.551
2018-07-01,339.501
2018-07-02,339.426
2018-07-03,339.316
2018-07-04,339.237
2018-07-05,339.150
2018-07-06,339.045
2018-07-07,339.136
2018-07-08,339.231
2018-07-09,339.320
2018-07-10,339.399
2018-07-11,339.442
2018-07-12,339.464
2018-07-13,339.494
2018-07-14,339.512
2018-07-15,339.533
2018-07-16,339.549
2018-07-17,339.574
2018-07-18,339.587
2018-07-19,339.599
2018-07-20,339.617
2018-07-21,339.648
2018-07-22,339.733
2018-07-23,339.757
2018-07-24,339.780
2018-07-25,339.805
2018-07-26,339.830
2018-07-27,339.860
2018-07-28,339.885
2018-07-29,339.905
2018-07-30,339.931
2018-07-31,339.962
2018-08-01,339.993
2018-08-02,340.029
2018-08-03,340.061
2018-08-04,340.084
2018-08-05,340.102
2018-08-06,340.121
2018-08-07,340.134
2018-08-08,340.132
2018-08-09,340.111
2018-08-10,340.047
2018-08-11,339.964
2018-08-12,339.881
2018-08-13,339.822
2018-08-14,339.789
2018-08-15,339.747
2018-08-16,339.703
2018-08-17,339.673
2018-08-18,339.654
2018-08-19,339.636
2018-08-20,339.603
2018-08-21,339.550
2018-08-22,339.472
2018-08-23,339.393
2018-08-24,339.322
2018-08-25,339.275
2018-08-26,339.270
2018-08-27,339.236
2018-08-28,339.140
2018-08-29,339.029
2018-08-30,338.922
2018-08-31,338.828
2018-09-01,338.776
2018-09-02,338.752
2018-09-03,338.734
2018-09-04,338.712
2018-09-05,338.673
2018-09-06,338.620
2018-09-07,338.575
2018-09-08,338.529
2018-09-09,338.475
2018-09-10,338.423
2018-09-11,338.398
2018-09-12,338.380
2018-09-13,338.372
2018-09-14,338.384
2018-09-15,338.394
2018-09-16,338.423
2018-09-17,338.513
2018-09-18,338.591
2018-09-19,338.627
2018-09-20,338.655
2018-09-21,338.679
2018-09-22,338.701
2018-09-23,338.714
2018-09-24,338.725
2018-09-25,338.752
2018-09-26,338.755
2018-09-27,338.746
2018-09-28,338.735
2018-09-29,338.738
2018-09-30,338.766
2018-10-01,338.824
2018-10-02,338.869
2018-10-03,338.899
2018-10-04,338.924
2018-10-05,338.933
2018-10-06,338.959
2018-10-07,338.979
2018-10-08,339.001
2018-10-09,339.020
2018-10-10,339.045
2018-10-11,339.102
2018-10-12,339.144
2018-10-13,339.181
2018-10-14,339.214
2018-10-15,339.241
2018-10-16,339.250
2018-10-17,339.244
2018-10-18,339.235
2018-10-19,339.260
2018-10-20,339.286
2018-10-21,339.306
2018-10-22,339.345
2018-10-23,339.386
2018-10-24,339.432
2018-10-25,339.502
2018-10-26,339.581
2018-10-27,339.618
2018-10-28,339.637
2018-10-29,339.663
2018-10-30,339.697
2018-10-31,339.732
2018-11-01,339.751
2018-11-02,339.778
2018-11-03,339.816
2018-11-04,339.910
2018-11-05,339.950
2018-11-06,339.983
2018-11-07,340.024
2018-11-08,340.143
2018-11-09,340.443
2018-11-10,340.607
2018-11-11,340.689
2018-11-12,340.736
2018-11-13,340.783
2018-11-14,340.830
2018-11-15,340.872
2018-11-16,340.905
2018-11-17,340.941
2018-11-18,340.986
2018-11-19,341.015
2018-11-20,341.067
2018-11-21,341.130
2018-11-22,341.180
2018-11-23,341.233
2018-11-24,341.276
2018-11-25,341.328
2018-11-26,341.383
2018-11-27,341.433
2018-11-28,341.471
2018-11-29,341.517
2018-11-30,341.559
2018-12-01,341.591
2018-12-02,341.619
2018-12-03,341.663
2018-12-04,341.721
2018-12-05,341.778
2018-12-06,341.808
2018-12-07,341.843
2018-12-08,341.872
2018-12-09,341.898
2018-12-10,341.911
2018-12-11,341.939
2018-12-12,341.967
2018-12-13,341.992
2018-12-14,342.020
2018-12-15,342.045
2018-12-16,342.064
2018-12-17,342.099
2018-12-18,342.150
2018-12-19,342.208
2018-12-20,342.256
2018-12-21,342.286
2018-12-22,342.316
2018-12-23,342.337
2018-12-24,342.361
2018-12-25,342.377
2018-12-26,342.389
2018-12-27,342.407
2018-12-28,342.426
2018-12-29,342.450
2018-12-30,342.470
2018-12-31,342.499
2019-01-01,342.511
2019-01-02,342.561
2019-01-03,342.602
2019-01-04,342.594
2019-01-05,342.621
2019-01-06,342.651
2019-01-07,342.754
2019-01-08,342.777
2019-01-09,342.800
2019-01-10,342.848
2019-01-11,342.862
2019-01-12,342.874
2019-01-13,342.898
2019-01-14,342.903
2019-01-15,342.916
2019-01-16,342.927
2019-01-17,342.943
2019-01-18,342.950
2019-01-19,342.997
2019-01-20,343.054
2019-01-21,343.071
2019-01-22,343.091
2019-01-23,343.099
2019-01-24,343.143
2019-01-25,343.168
2019-01-26,343.204
2019-01-27,343.209
2019-01-28,343.256
2019-01-29,343.287
2019-01-30,343.308
2019-01-31,343.312
2019-02-01,343.346
2019-02-02,343.354
2019-02-03,343.357
2019-02-04,343.357
2019-02-05,343.328
2019-02-06,343.261
2019-02-07,343.231
2019-02-08,343.211
2019-02-09,343.186
2019-02-10,343.143
2019-02-11,343.078
2019-02-12,343.008
2019-02-13,342.914
2019-02-14,342.816
2019-02-15,342.747
2019-02-16,342.680
2019-02-17,342.628
2019-02-18,342.557
2019-02-19,342.484
2019-02-20,342.489
2019-02-21,342.507
2019-02-22,342.505
2019-02-23,342.466
2019-02-24,342.420
2019-02-25,342.389
2019-02-26,342.360
2019-02-27,342.342
2019-02-28,342.291
2019-03-01,342.252
2019-03-02,342.220
2019-03-03,342.208
2019-03-04,342.167
2019-03-05,342.056
2019-03-06,341.937
2019-03-07,341.844
2019-03-08,341.823
2019-03-09,341.826
2019-03-10,341.822
2019-03-11,341.773
2019-03-12,341.700
2019-03-13,341.613
2019-03-14,341.527
2019-03-15,341.457
2019-03-16,341.481
2019-03-17,341.509
2019-03-18,341.472
2019-03-19,341.423
2019-03-20,341.362
2019-03-21,341.295
2019-03-22,341.238
2019-03-23,341.189
2019-03-24,341.139
2019-03-25,341.076
2019-03-26,341.233
2019-03-27,341.588
2019-03-28,341.693
2019-03-29,341.745
2019-03-30,341.772
2019-03-31,341.803
2019-04-01,341.879
2019-04-02,341.925
2019-04-03,341.950
2019-04-04,341.964
2019-04-05,341.975
2019-04-06,341.995
2019-04-07,342.006
2019-04-08,341.990
2019-04-09,341.962
2019-04-10,341.960
2019-04-11,342.131
2019-04-12,342.211
2019-04-13,342.251
2019-04-14,342.273
2019-04-15,342.292
2019-04-16,342.311
2019-04-17,342.331
2019-04-18,342.344
2019-04-19,342.358
2019-04-20,342.387
2019-04-21,342.421
2019-04-22,342.447
2019-04-23,342.429
2019-04-24,342.410
2019-04-25,342.395
2019-04-26,342.385
2019-04-27,342.446
2019-04-28,342.554
2019-04-29,342.665
2019-04-30,342.736
2019-05-01,342.773
2019-05-02,342.799
2019-05-03,342.807
2019-05-04,342.830
2019-05-05,342.851
2019-05-06,342.854
2019-05-07,342.824
2019-05-08,342.789
2019-05-09,342.752
2019-05-10,342.752
2019-05-11,342.747
2019-05-12,342.751
2019-05-13,342.845
2019-05-14,342.917
2019-05-15,342.992
2019-05-16,343.023
2019-05-17,343.010
2019-05-18,342.983
2019-05-19,342.940
2019-05-20,342.932
2019-05-21,342.888
2019-05-22,342.840
2019-05-23,342.788
2019-05-24,342.722
2019-05-25,342.647
2019-05-26,342.578
2019-05-27,342.618
2019-05-28,342.772
2019-05-29,342.892
2019-05-30,343.103
2019-05-31,343.309
2019-06-01,343.417
2019-06-02,343.494
2019-06-03,343.542
2019-06-04,343.579
2019-06-05,343.613
2019-06-06,343.654
2019-06-07,343.684
2019-06-08,343.707
2019-06-09,343.739
2019-06-10,343.755
2019-06-11,343.741
2019-06-12,343.721
2019-06-13,343.704
2019-06-14,343.679
2019-06-15,343.660
2019-06-16,343.637
2019-06-17,343.598
2019-06-18,343.512
2019-06-19,343.429
2019-06-20,343.325
2019-06-21,343.232
2019-06-22,343.144
2019-06-23,343.054
2019-06-24,342.949
2019-06-25,342.841
2019-06-26,342.751
2019-06-27,342.657
2019-06-28,342.544
2019-06-29,342.439
2019-06-30,342.339
2019-07-01,342.248
2019-07-02,342.133
2019-07-03,342.070
2019-07-04,342.012
2019-07-05,341.941
2019-07-06,341.851
2019-07-07,341.758
2019-07-08,341.662
2019-07-09,341.569
2019-07-10,341.459
2019-07-11,341.361
2019-07-12,341.281
2019-07-13,341.214
2019-07-14,341.281
2019-07-15,341.329
2019-07-16,341.320
2019-07-17,341.281
2019-07-18,341.234
2019-07-19,341.185
2019-07-20,341.137
2019-07-21,341.085
2019-07-22,341.033
2019-07-23,340.975
2019-07-24,340.907
2019-07-25,340.803
2019-07-26,340.700
2019-07-27,340.631
2019-07-28,340.554
2019-07-29,340.447
2019-07-30,340.347
2019-07-31,340.274
2019-08-01,340.185
2019-08-02,340.073
2019-08-03,339.969
2019-08-04,339.876
2019-08-05,339.786
2019-08-06,339.675
2019-08-07,339.578
2019-08-08,339.486
2019-08-09,339.415
2019-08-10,339.371
2019-08-11,339.340
2019-08-12,339.290
2019-08-13,339.236
2019-08-14,339.177
2019-08-15,339.133
2019-08-16,339.082
2019-08-17,339.008
2019-08-18,338.966
2019-08-19,338.901
2019-08-20,338.812
2019-08-21,338.707
2019-08-22,338.661
2019-08-23,338.653
2019-08-24,338.646
2019-08-25,338.634
2019-08-26,338.613
2019-08-27,338.592
2019-08-28,338.569
2019-08-29,338.527
2019-08-30,338.524
2019-08-31,338.527
2019-09-01,338.535
2019-09-02,338.535
2019-09-03,338.538
2019-09-04,338.541
2019-09-05,338.544
2019-09-06,338.546
2019-09-07,338.548
2019-09-08,338.549
2019-09-09,338.539
2019-09-10,338.519
2019-09-11,338.499
2019-09-12,338.492
2019-09-13,338.469
2019-09-14,338.482
2019-09-15,338.493
2019-09-16,338.505
2019-09-17,338.508
2019-09-18,338.514
2019-09-19,338.513
2019-09-20,338.514
2019-09-21,338.518
2019-09-22,338.533
2019-09-23,338.545
2019-09-24,338.545
2019-09-25,338.549
2019-09-26,338.543
2019-09-27,338.528
2019-09-28,338.523
2019-09-29,338.516
2019-09-30,338.531
2019-10-01,338.527
2019-10-02,338.484
2019-10-03,338.422
2019-10-04,338.375
2019-10-05,338.334
2019-10-06,338.327
2019-10-07,338.334
2019-10-08,338.341
2019-10-09,338.401
2019-10-10,338.648
2019-10-11,338.750
2019-10-12,338.801
2019-10-13,338.843
2019-10-14,338.885
2019-10-15,338.920
2019-10-16,338.947
2019-10-17,338.973
2019-10-18,339.003
2019-10-19,339.047
2019-10-20,339.081
2019-10-21,339.121
2019-10-22,339.151
2019-10-23,339.175
2019-10-24,339.171
2019-10-25,339.160
2019-10-26,339.157
2019-10-27,339.176
2019-10-28,339.241
2019-10-29,339.291
2019-10-30,339.323
2019-10-31,339.341
2019-11-01,339.355
2019-11-02,339.371
2019-11-03,339.399
2019-11-04,339.426
2019-11-05,339.447
2019-11-06,339.461
2019-11-07,339.480
2019-11-08,339.568
2019-11-09,339.712
2019-11-10,339.915
2019-11-11,340.051
2019-11-12,340.128
2019-11-13,340.210
2019-11-14,340.394
2019-11-15,340.486
2019-11-16,340.584
2019-11-17,340.767
2019-11-18,340.906
2019-11-19,340.996
2019-11-20,341.075
2019-11-21,341.161
2019-11-22,341.235
2019-11-23,341.270
2019-11-24,341.355
2019-11-25,341.435
2019-11-26,341.503
2019-11-27,341.555
2019-11-28,341.664
2019-11-29,341.756
2019-11-30,341.825
2019-12-01,341.899
2019-12-02,342.005
2019-12-03,342.366
2019-12-04,342.771
2019-12-05,343.073
2019-12-06,343.343
2019-12-07,343.686
2019-12-08,343.910
2019-12-09,344.104
2019-12-10,344.242
2019-12-11,344.347
2019-12-12,344.418
2019-12-13,344.501
2019-12-14,344.580
2019-12-15,344.645
2019-12-16,344.707
2019-12-17,344.766
2019-12-18,344.863
2019-12-19,344.947
2019-12-20,345.040
2019-12-21,345.086
2019-12-22,345.127
2019-12-23,345.122
2019-12-24,345.132
2019-12-25,345.145
2019-12-26,345.163
2019-12-27,345.178
2019-12-28,345.180
2019-12-29,345.185
2019-12-30,345.175
2019-12-31,345.193
2020-01-01,345.214
2020-01-02,345.272
2020-01-03,345.315
2020-01-04,345.332
2020-01-05,345.357
2020-01-06,345.347
2020-01-07,345.346
2020-01-08,345.357
2020-01-09,345.377
2020-01-10,345.369
2020-01-11,345.406
2020-01-12,345.427
2020-01-13,345.436
2020-01-14,345.442
2020-01-15,345.457
2020-01-16,345.471
2020-01-17,345.487
2020-01-18,345.498
2020-01-19,345.511
2020-01-20,345.522
2020-01-21,345.526
2020-01-22,345.525
2020-01-23,345.512
2020-01-24,345.505
2020-01-25,345.507
2020-01-26,345.513
2020-01-27,345.528
2020-01-28,345.533
2020-01-29,345.533
2020-01-30,345.536
2020-01-31,345.515
2020-02-01,345.510
2020-02-02,345.514
2020-02-03,345.572
2020-02-04,345.686
2020-02-05,345.951
2020-02-06,346.016
2020-02-07,345.976
2020-02-08,345.940
2020-02-09,345.917
2020-02-10,345.920
2020-02-11,345.925
2020-02-12,345.934
2020-02-13,345.929
2020-02-14,345.930
2020-02-15,345.934
2020-02-16,345.954
2020-02-17,345.936
2020-02-18,345.927
2020-02-19,345.939
2020-02-20,345.933
2020-02-21,345.967
2020-02-22,345.929
2020-02-23,345.913
2020-02-24,345.919
2020-02-25,345.919
2020-02-26,345.920
2020-02-27,345.940
2020-02-28,345.985
2020-02-29,346.027
2020-03-01,345.971
2020-03-02,345.916
2020-03-03,345.911
2020-03-04,345.926
2020-03-05,345.931
2020-03-06,345.931
2020-03-07,345.920
2020-03-08,345.893
2020-03-09,345.920
2020-03-10,345.906
2020-03-11,345.906
2020-03-12,345.916
2020-03-13,345.921
2020-03-14,345.923
2020-03-15,345.922
2020-03-16,345.922
2020-03-17,345.903
2020-03-18,345.856
2020-03-19,345.813
2020-03-20,345.743
2020-03-21,345.692
2020-03-22,345.671
2020-03-23,345.625
2020-03-24,345.551
2020-03-25,345.476
2020-03-26,345.462
2020-03-27,345.462
2020-03-28,345.460
2020-03-29,345.438
2020-03-30,345.395
2020-03-31,345.360
2020-04-01,345.319
2020-04-02,345.274
2020-04-03,345.238
2020-04-04,345.203
2020-04-05,345.136
2020-04-06,345.033
2020-04-07,344.958
2020-04-08,344.875
2020-04-09,344.772
2020-04-10,344.704
2020-04-11,344.639
2020-04-12,344.549
2020-04-13,344.572
2020-04-14,344.558
2020-04-15,344.482
2020-04-16,344.405
2020-04-17,344.353
2020-04-18,344.337
2020-04-19,344.362
2020-04-20,344.376
2020-04-21,344.378
2020-04-22,344.382
2020-04-23,344.392
2020-04-24,344.384
2020-04-25,344.375
2020-04-26,344.369
2020-04-27,344.381
2020-04-28,344.409
2020-04-29,344.413
2020-04-30,344.425
2020-05-01,344.414
2020-05-02,344.430
2020-05-03,344.540
2020-05-04,344.628
2020-05-05,344.688
2020-05-06,344.716
2020-05-07,344.731
2020-05-08,344.728
2020-05-09,344.733
2020-05-10,344.732
2020-05-11,344.711
2020-05-12,344.678
2020-05-13,344.601
2020-05-14,344.526
2020-05-15,344.466
2020-05-16,344.385
2020-05-17,344.292
2020-05-18,344.208
2020-05-19,344.127
2020-05-20,344.023
2020-05-21,343.944
2020-05-22,343.872
2020-05-23,343.825
2020-05-24,343.755
2020-05-25,343.663
2020-05-26,343.584
2020-05-27,343.491
2020-05-28,343.389
2020-05-29,343.299
2020-05-30,343.209
2020-05-31,343.100
2020-06-01,342.989
2020-06-02,342.899
2020-06-03,342.809
2020-06-04,342.703
2020-06-05,342.620
2020-06-06,342.527
2020-06-07,342.424
2020-06-08,342.312
2020-06-09,342.224
2020-06-10,342.137
2020-06-11,342.033
2020-06-12,341.912
2020-06-13,341.826
2020-06-14,341.730
2020-06-15,341.622
2020-06-16,341.520
2020-06-17,341.431
2020-06-18,341.379
2020-06-19,341.356
2020-06-20,341.344
2020-06-21,341.337
2020-06-22,341.294
2020-06-23,341.236
2020-06-24,341.189
2020-06-25,341.143
2020-06-26,341.082
2020-06-27,340.973
2020-06-28,340.884
2020-06-29,340.809
2020-06-30,340.700
2020-07-01,340.598
2020-07-02,340.509
2020-07-03,340.404
2020-07-04,340.301
2020-07-05,340.353
2020-07-06,340.438
2020-07-07,340.473
2020-07-08,340.440
2020-07-09,340.400
2020-07-10,340.355
2020-07-11,340.339
2020-07-12,340.365
2020-07-13,340.398
2020-07-14,340.410
2020-07-15,340.374
2020-07-16,340.329
2020-07-17,340.287
2020-07-18,340.257
2020-07-19,340.245
2020-07-20,340.239
2020-07-21,340.362
2020-07-22,340.462
2020-07-23,340.500
2020-07-24,340.497
2020-07-25,340.503
2020-07-26,340.511
2020-07-27,340.480
2020-07-28,340.420
2020-07-29,340.365
2020-07-30,340.300
2020-07-31,340.263
2020-08-01,340.282
2020-08-02,340.330
2020-08-03,340.364
2020-08-04,340.390
2020-08-05,340.404
2020-08-06,340.425
2020-08-07,340.459
2020-08-08,340.458
2020-08-09,340.439
2020-08-10,340.428
2020-08-11,340.361
2020-08-12,340.278
2020-08-13,340.188
2020-08-14,340.104
2020-08-15,340.047
2020-08-16,339.965
2020-08-17,339.859
2020-08-18,339.746
2020-08-19,339.656
2020-08-20,339.585
2020-08-21,339.485
2020-08-22,339.393
2020-08-23,339.341
2020-08-24,339.276
2020-08-25,339.191
2020-08-26,339.114
2020-08-27,339.052
2020-08-28,339.000
2020-08-29,338.959
2020-08-30,338.930
2020-08-31,338.896
2020-09-01,338.873
2020-09-02,338.879
2020-09-03,338.856
2020-09-04,338.837
2020-09-05,338.826
2020-09-06,338.800
2020-09-07,338.780
2020-09-08,338.754
2020-09-09,338.731
2020-09-10,338.699
2020-09-11,338.672
2020-09-12,338.646
2020-09-13,338.619
2020-09-14,338.630
2020-09-15,338.773
2020-09-16,338.852
2020-09-17,338.955
2020-09-18,339.094
2020-09-19,339.147
2020-09-20,339.200
2020-09-21,339.250
2020-09-22,339.282
2020-09-23,339.365
2020-09-24,339.462
2020-09-25,339.553
2020-09-26,339.614
2020-09-27,339.746
2020-09-28,339.881
2020-09-29,339.934
2020-09-30,339.981
2020-10-01,340.027
2020-10-02,340.073
2020-10-03,340.133
2020-10-04,340.192
2020-10-05,340.256
2020-10-06,340.314
2020-10-07,340.376
2020-10-08,340.410
2020-10-09,340.451
2020-10-10,340.480
2020-10-11,340.592
2020-10-12,340.853
2020-10-13,340.973
2020-10-14,341.020
2020-10-15,341.065
2020-10-16,341.123
2020-10-17,341.151
2020-10-18,341.182
2020-10-19,341.212
2020-10-20,341.271
2020-10-21,341.307
2020-10-22,341.329
2020-10-23,341.354
2020-10-24,341.386
2020-10-25,341.423
2020-10-26,341.560
2020-10-27,341.722
2020-10-28,341.795
2020-10-29,341.839
2020-10-30,341.890
2020-10-31,342.034
2020-11-01,342.172
2020-11-02,342.211
2020-11-03,342.250
2020-11-04,342.300
2020-11-05,342.370
2020-11-06,342.430
2020-11-07,342.484
2020-11-08,342.511
2020-11-09,342.544
2020-11-10,342.566
2020-11-11,342.594
2020-11-12,342.623
2020-11-13,342.653
2020-11-14,342.684
2020-11-15,342.697
2020-11-16,342.723
2020-11-17,342.773
2020-11-18,342.798
2020-11-19,342.824
2020-11-20,342.857
2020-11-21,342.879
2020-11-22,342.843
2020-11-23,342.834
2020-11-24,342.819
2020-11-25,342.810
2020-11-26,342.804
2020-11-27,342.797
2020-11-28,342.798
2020-11-29,342.793
2020-11-30,342.786
2020-12-01,342.799
2020-12-02,342.825
2020-12-03,342.839
2020-12-04,342.857
2020-12-05,342.872
2020-12-06,342.879
2020-12-07,342.871
2020-12-08,342.868
2020-12-09,342.859
2020-12-10,342.840
2020-12-11,342.844
2020-12-12,342.840
2020-12-13,342.826
2020-12-14,342.824
2020-12-15,342.826
2020-12-16,342.824
2020-12-17,342.821
2020-12-18,342.843
2020-12-19,342.861
2020-12-20,342.855
2020-12-21,342.867
2020-12-22,342.873
2020-12-23,342.869
2020-12-24,342.908
2020-12-25,342.933
2020-12-26,342.942
2020-12-27,342.945
2020-12-28,342.942
2020-12-29,342.949
2020-12-30,342.938
2020-12-31,342.934
2021-01-01,342.931
2021-01-02,342.961
2021-01-03,343.000
2021-01-04,343.022
2021-01-05,343.030
2021-01-06,343.075
2021-01-07,343.106
2021-01-08,343.132
2021-01-09,343.154
2021-01-10,343.174
2021-01-11,343.162
2021-01-12,343.173
2021-01-13,343.178
2021-01-14,343.164
2021-01-15,343.165
2021-01-16,343.163
2021-01-17,343.168
2021-01-18,343.192
2021-01-19,343.251
2021-01-20,343.361
2021-01-21,343.379
2021-01-22,343.418
2021-01-23,343.462
2021-01-24,343.490
2021-01-25,343.501
2021-01-26,343.520
2021-01-27,343.532
2021-01-28,343.535
2021-01-29,343.547
2021-01-30,343.562
2021-01-31,343.570
2021-02-01,343.537
2021-02-02,343.522
2021-02-03,343.501
2021-02-04,343.491
2021-02-05,343.493
2021-02-06,343.492
2021-02-07,343.485
2021-02-08,343.465
2021-02-09,343.467
2021-02-10,343.498
2021-02-11,343.535
2021-02-12,343.532
2021-02-13,343.533
2021-02-14,343.513
2021-02-15,343.479
2021-02-16,343.430
2021-02-17,343.393
2021-02-18,343.386
2021-02-19,343.385
2021-02-20,343.364
2021-02-21,343.312
2021-02-22,343.257
2021-02-23,343.225
2021-02-24,343.168
2021-02-25,343.110
2021-02-26,343.059
2021-02-27,343.027
2021-02-28,342.998
2021-03-01,342.956
2021-03-02,342.912
2021-03-03,342.901
2021-03-04,342.901
2021-03-05,342.914
2021-03-06,343.005
2021-03-07,343.036
2021-03-08,343.049
2021-03-09,343.064
2021-03-10,343.052
2021-03-11,343.041
2021-03-12,343.027
2021-03-13,343.022
2021-03-14,343.026
2021-03-15,343.008
2021-03-16,343.023
2021-03-17,343.010
2021-03-18,342.996
2021-03-19,342.977
2021-03-20,342.959
2021-03-21,342.917
2021-03-22,342.866
2021-03-23,342.811
2021-03-24,342.739
2021-03-25,342.671
2021-03-26,342.622
2021-03-27,342.602
2021-03-28,342.612
2021-03-29,342.612
2021-03-30,342.591
2021-03-31,342.562
2021-04-01,342.536
2021-04-02,342.524
2021-04-03,342.518
2021-04-04,342.525
2021-04-05,342.498
2021-04-06,342.456
2021-04-07,342.427
2021-04-08,342.401
2021-04-09,342.348
2021-04-10,342.299
2021-04-11,342.294
2021-04-12,342.274
2021-04-13,342.363
2021-04-14,342.399
2021-04-15,342.394
2021-04-16,342.393
2021-04-17,342.400
2021-04-18,342.406
2021-04-19,342.390
2021-04-20,342.384
2021-04-21,342.390
2021-04-22,342.403
2021-04-23,342.423
2021-04-24,342.449
2021-04-25,342.479
2021-04-26,342.499
2021-04-27,342.506
2021-04-28,342.505
2021-04-29,342.475
2021-04-30,342.454
2021-05-01,342.426
2021-05-02,342.411
2021-05-03,342.395
2021-05-04,342.377
2021-05-05,342.375
2021-05-06,342.356
2021-05-07,342.337
2021-05-08,342.321
2021-05-09,342.393
2021-05-10,342.486
2021-05-11,342.528
2021-05-12,342.626
2021-05-13,342.679
2021-05-14,342.713
2021-05-15,342.759
2021-05-16,342.791
2021-05-17,342.808
2021-05-18,342.834
2021-05-19,342.842
2021-05-20,342.837
2021-05-21,342.822
2021-05-22,342.804
2021-05-23,342.782
2021-05-24,342.752
2021-05-25,342.716
2021-05-26,342.671
2021-05-27,342.626
2021-05-28,342.567
2021-05-29,342.506
2021-05-30,342.468
2021-05-31,342.467
2021-06-01,342.449
2021-06-02,342.419
2021-06-03,342.386
2021-06-04,342.347
2021-06-05,342.305
2021-06-06,342.310
2021-06-07,342.301
2021-06-08,342.266
2021-06-09,342.221
2021-06-10,342.171
2021-06-11,342.128
2021-06-12,342.083
2021-06-13,342.075
2021-06-14,342.176
2021-06-15,342.241
2021-06-16,342.302
2021-06-17,342.345
2021-06-18,342.378
2021-06-19,342.398
2021-06-20,342.417
2021-06-21,342.427
2021-06-22,342.425
2021-06-23,342.415
2021-06-24,342.415
2021-06-25,342.430
2021-06-26,342.518
2021-06-27,342.572
2021-06-28,342.627
2021-06-29,342.664
2021-06-30,342.691
2021-07-01,342.692
2021-07-02,342.667
2021-07-03,342.629
2021-07-04,342.594
2021-07-05,342.568
2021-07-06,342.582
2021-07-07,342.785
2021-07-08,342.842
2021-07-09,342.879
2021-07-10,342.913
2021-07-11,342.933
2021-07-12,342.931
2021-07-13,342.902
2021-07-14,342.844
2021-07-15,342.810
2021-07-16,342.847
2021-07-17,343.021
2021-07-18,343.154
2021-07-19,343.214
2021-07-20,343.265
2021-07-21,343.306
2021-07-22,343.339
2021-07-23,343.349
2021-07-24,343.346
2021-07-25,343.343
2021-07-26,343.352
2021-07-27,343.384
2021-07-28,343.376
2021-07-29,343.344
2021-07-30,343.299
2021-07-31,343.269
2021-08-01,343.243
2021-08-02,343.208
2021-08-03,343.223
2021-08-04,343.237
2021-08-05,343.214
2021-08-06,343.138
2021-08-07,343.046
2021-08-08,342.960
2021-08-09,342.869
2021-08-10,342.766
2021-08-11,342.677
2021-08-12,342.604
2021-08-13,342.614
2021-08-14,342.602
2021-08-15,342.608
2021-08-16,342.594
2021-08-17,342.642
2021-08-18,342.675
2021-08-19,342.713
2021-08-20,342.727
2021-08-21,342.755
2021-08-22,342.786
2021-08-23,342.825
2021-08-24,342.877
2021-08-25,342.972
2021-08-26,343.035
2021-08-27,343.072
2021-08-28,343.109
2021-08-29,343.144
2021-08-30,343.176
2021-08-31,343.200
2021-09-01,343.221
2021-09-02,343.216
2021-09-03,343.209
2021-09-04,343.212
2021-09-05,343.193
2021-09-06,343.183
2021-09-07,343.196
2021-09-08,343.225
2021-09-09,343.259
2021-09-10,343.336
2021-09-11,343.411
2021-09-12,343.461
2021-09-13,343.652
2021-09-14,343.765
2021-09-15,343.817
2021-09-16,343.854
2021-09-17,343.890
2021-09-18,343.925
2021-09-19,343.953
2021-09-20,343.978
2021-09-21,344.045
2021-09-22,344.129
2021-09-23,344.166
2021-09-24,344.212
2021-09-25,344.297
2021-09-26,344.402
2021-09-27,344.450
2021-09-28,344.493
2021-09-29,344.537
2021-09-30,344.559
2021-10-01,344.591
2021-10-02,344.615
2021-10-03,344.636
2021-10-04,344.657
2021-10-05,344.666
2021-10-06,344.669
2021-10-07,344.690
2021-10-08,344.716
2021-10-09,344.716
2021-10-10,344.710
2021-10-11,344.704
2021-10-12,344.742
2021-10-13,344.741
2021-10-14,344.742
2021-10-15,344.740
2021-10-16,344.727
2021-10-17,344.738
2021-10-18,344.810
2021-10-19,344.857
2021-10-20,344.861
2021-10-21,344.859
2021-10-22,344.854
2021-10-23,344.844
2021-10-24,344.835
2021-10-25,344.835
2021-10-26,344.845
2021-10-27,344.850
2021-10-28,344.851
2021-10-29,344.843
2021-10-30,344.843
2021-10-31,344.845
2021-11-01,344.830
2021-11-02,344.786
2021-11-03,344.742
2021-11-04,344.713
2021-11-05,344.671
2021-11-06,344.641
2021-11-07,344.619
2021-11-08,344.580
2021-11-09,344.535
2021-11-10,344.474
2021-11-11,344.422
2021-11-12,344.407
2021-11-13,344.382
2021-11-14,344.382
2021-11-15,344.385
2021-11-16,344.406
2021-11-17,344.411
2021-11-18,344.401
2021-11-19,344.410
2021-11-20,344.407
2021-11-21,344.400
2021-11-22,344.437
2021-11-23,344.456
2021-11-24,344.473
2021-11-25,344.502
2021-11-26,344.514
2021-11-27,344.524
2021-11-28,344.589
2021-11-29,344.616
2021-11-30,344.634
2021-12-01,344.652
2021-12-02,344.672
2021-12-03,344.702
2021-12-04,344.758
2021-12-05,344.840
2021-12-06,344.919
2021-12-07,344.980
2021-12-08,345.009
2021-12-09,345.016
2021-12-10,345.019
2021-12-11,345.023
2021-12-12,345.008
2021-12-13,344.988
2021-12-14,344.973
2021-12-15,344.958
2021-12-16,344.951
2021-12-17,344.931
2021-12-18,344.938
2021-12-19,344.966
2021-12-20,344.987
2021-12-21,345.049
2021-12-22,345.122
2021-12-23,345.157
2021-12-24,345.172
2021-12-25,345.195
2021-12-26,345.221
2021-12-27,345.250
2021-12-28,345.280
2021-12-29,345.290
2021-12-30,345.302
2021-12-31,345.291
2022-01-01,345.293
2022-01-02,345.275
2022-01-03,345.253
2022-01-04,345.222
2022-01-05,345.192
2022-01-06,345.145
2022-01-07,345.117
2022-01-08,345.095
2022-01-09,345.064
2022-01-10,344.992
2022-01-11,344.961
2022-01-12,344.925
2022-01-13,344.871
2022-01-14,344.810
2022-01-15,344.750
2022-01-16,344.698
2022-01-17,344.644
2022-01-18,344.581
2022-01-19,344.525
2022-01-20,344.473
2022-01-21,344.419
2022-01-22,344.355
2022-01-23,344.285
2022-01-24,344.235
2022-01-25,344.194
2022-01-26,344.153
2022-01-27,344.102
2022-01-28,344.069
2022-01-29,344.020
2022-01-30,343.940
2022-01-31,343.882
2022-02-01,343.820
2022-02-02,343.815
2022-02-03,344.017
2022-02-04,344.148
2022-02-05,344.379
2022-02-06,344.466
2022-02-07,344.518
2022-02-08,344.546
2022-02-09,344.570
2022-02-10,344.617
2022-02-11,344.641
2022-02-12,344.649
2022-02-13,344.658
2022-02-14,344.678
2022-02-15,344.693
2022-02-16,344.695
2022-02-17,344.698
2022-02-18,344.716
2022-02-19,344.723
2022-02-20,344.752
2022-02-21,344.766
2022-02-22,344.777
2022-02-23,344.765
2022-02-24,344.768
2022-02-25,344.700
2022-02-26,344.601
2022-02-27,344.541
2022-02-28,344.466
2022-03-01,344.359
2022-03-02,344.284
2022-03-03,344.284
2022-03-04,344.288
2022-03-05,344.292
2022-03-06,344.302
2022-03-07,344.274
2022-03-08,344.259
2022-03-09,344.174
2022-03-10,344.067
2022-03-11,343.990
2022-03-12,343.883
2022-03-13,343.843
2022-03-14,343.830
2022-03-15,343.821
2022-03-16,343.813
2022-03-17,343.806
2022-03-18,343.797
2022-03-19,343.785
2022-03-20,343.766
2022-03-21,343.752
2022-03-22,343.742
2022-03-23,343.731
2022-03-24,343.677
2022-03-25,343.600
2022-03-26,343.524
2022-03-27,343.451
2022-03-28,343.360
2022-03-29,343.247
2022-03-30,343.152
2022-03-31,343.055
2022-04-01,342.932
2022-04-02,342.846
2022-04-03,342.791
2022-04-04,342.734
2022-04-05,342.677
2022-04-06,342.656
2022-04-07,342.629
2022-04-08,342.586
2022-04-09,342.563
2022-04-10,342.552
2022-04-11,342.559
2022-04-12,342.538
2022-04-13,342.517
2022-04-14,342.493
2022-04-15,342.490
2022-04-16,342.498
2022-04-17,342.488
2022-04-18,342.472
2022-04-19,342.444
2022-04-20,342.423
2022-04-21,342.498
2022-04-22,342.577
2022-04-23,342.610
2022-04-24,342.621
2022-04-25,342.623
2022-04-26,342.602
2022-04-27,342.540
2022-04-28,342.487
2022-04-29,342.469
2022-04-30,342.472
2022-05-01,342.479
2022-05-02,342.472
2022-05-03,342.439
2022-05-04,342.402
2022-05-05,342.350
2022-05-06,342.286
2022-05-07,342.250
2022-05-08,342.222
2022-05-09,342.241
2022-05-10,342.203
2022-05-11,342.152
2022-05-12,342.093
2022-05-13,342.003
2022-05-14,341.897
2022-05-15,341.809
2022-05-16,341.740
2022-05-17,341.638
2022-05-18,341.549
2022-05-19,341.566
2022-05-20,341.627
2022-05-21,341.653
2022-05-22,341.635
2022-05-23,341.632
2022-05-24,341.633
2022-05-25,341.611
2022-05-26,341.578
2022-05-27,341.534
2022-05-28,341.464
2022-05-29,341.410
2022-05-30,341.396
2022-05-31,341.368
2022-06-01,341.400
2022-06-02,341.502
2022-06-03,341.532
2022-06-04,341.525
2022-06-05,341.510
2022-06-06,341.495
2022-06-07,341.492
2022-06-08,341.486
2022-06-09,341.544
2022-06-10,341.618
2022-06-11,341.672
2022-06-12,341.722
2022-06-13,341.810
2022-06-14,341.864
2022-06-15,341.880
2022-06-16,341.906
2022-06-17,341.905
2022-06-18,341.913
2022-06-19,341.916
2022-06-20,341.894
2022-06-21,341.812
2022-06-22,341.728
2022-06-23,341.641
2022-06-24,341.539
2022-06-25,341.450
2022-06-26,341.408
2022-06-27,341.363
2022-06-28,341.340
2022-06-29,341.303
2022-06-30,341.250
2022-07-01,341.190
2022-07-02,341.135
2022-07-03,341.125
2022-07-04,341.133
2022-07-05,341.130
2022-07-06,341.104
2022-07-07,341.087
2022-07-08,341.094
2022-07-09,341.112
2022-07-10,341.139
2022-07-11,341.138
2022-07-12,341.108
2022-07-13,341.101
2022-07-14,341.116
2022-07-15,341.116
2022-07-16,341.076
2022-07-17,341.012
2022-07-18,341.081
2022-07-19,341.557
2022-07-20,341.771
2022-07-21,341.882
2022-07-22,341.957
2022-07-23,342.002
2022-07-24,342.040
2022-07-25,342.079
2022-07-26,342.121
2022-07-27,342.154
2022-07-28,342.181
2022-07-29,342.211
2022-07-30,342.231
2022-07-31,342.253
2022-08-01,342.272
2022-08-02,342.340
2022-08-03,342.462
2022-08-04,342.519
2022-08-05,342.572
2022-08-06,342.815
2022-08-07,342.979
2022-08-08,343.064
2022-08-09,343.133
2022-08-10,343.189
2022-08-11,343.228
2022-08-12,343.259
2022-08-13,343.293
2022-08-14,343.323
2022-08-15,343.346
2022-08-16,343.372
2022-08-17,343.451
2022-08-18,343.644
2022-08-19,343.868
2022-08-20,344.007
2022-08-21,344.119
2022-08-22,344.197
2022-08-23,344.254
2022-08-24,344.316
2022-08-25,344.380
2022-08-26,344.429
2022-08-27,344.466
2022-08-28,344.481
2022-08-29,344.507
2022-08-30,344.539
2022-08-31,344.557
2022-09-01,344.625
2022-09-02,344.790
2022-09-03,344.910
2022-09-04,344.955
2022-09-05,344.951
2022-09-06,344.955
2022-09-07,344.932
2022-09-08,344.908
2022-09-09,344.872
2022-09-10,344.830
2022-09-11,344.806
2022-09-12,344.809
2022-09-13,344.817
2022-09-14,344.827
2022-09-15,344.815
2022-09-16,344.778
2022-09-17,344.737
2022-09-18,344.696
2022-09-19,344.666
2022-09-20,344.643
2022-09-21,344.617
2022-09-22,344.583
2022-09-23,344.558
2022-09-24,344.560
2022-09-25,344.574
2022-09-26,344.587
2022-09-27,344.591
2022-09-28,344.578
2022-09-29,344.578
2022-09-30,344.603
2022-10-01,344.633
2022-10-02,344.662
2022-10-03,344.679
2022-10-04,344.682
2022-10-05,344.668
2022-10-06,344.646
2022-10-07,344.606
2022-10-08,344.572
2022-10-09,344.559
2022-10-10,344.550
2022-10-11,344.605
2022-10-12,344.611
2022-10-13,344.611
2022-10-14,344.613
2022-10-15,344.620
2022-10-16,344.635
2022-10-17,344.646
2022-10-18,344.640
2022-10-19,344.626
2022-10-20,344.620
2022-10-21,344.586
2022-10-22,344.570
2022-10-23,344.573
2022-10-24,344.566
2022-10-25,344.580
2022-10-26,344.587
2022-10-27,344.594
2022-10-28,344.618
2022-10-29,344.714
2022-10-30,344.847
2022-10-31,344.923
2022-11-01,344.977
2022-11-02,345.113
2022-11-03,345.456
2022-11-04,345.616
2022-11-05,345.666
2022-11-06,345.688
2022-11-07,345.669
2022-11-08,345.641
2022-11-09,345.605
2022-11-10,345.554
2022-11-11,345.488
2022-11-12,345.432
2022-11-13,345.371
2022-11-14,345.299
2022-11-15,345.242
2022-11-16,345.175
2022-11-17,345.115
2022-11-18,345.066
2022-11-19,345.041
2022-11-20,345.053
2022-11-21,345.058
2022-11-22,345.075
2022-11-23,345.078
2022-11-24,345.090
2022-11-25,345.070
2022-11-26,345.047
2022-11-27,345.017
2022-11-28,345.002
2022-11-29,344.986
2022-11-30,344.990
2022-12-01,345.007
2022-12-02,345.002
2022-12-03,345.005
2022-12-04,345.024
2022-12-05,345.015
2022-12-06,345.007
2022-12-07,345.005
2022-12-08,345.021
2022-12-09,345.027
2022-12-10,345.089
2022-12-11,345.114
2022-12-12,345.128
2022-12-13,345.125
2022-12-14,345.126
2022-12-15,345.115
2022-12-16,345.120
2022-12-17,345.132
2022-12-18,345.134
2022-12-19,345.149
2022-12-20,345.173
2022-12-21,345.181
2022-12-22,345.180
2022-12-23,345.178
2022-12-24,345.168
2022-12-25,345.161
2022-12-26,345.132
2022-12-27,345.120
2022-12-28,345.122
2022-12-29,345.126
2022-12-30,345.085
2022-12-31,345.088
2023-01-01,345.076
2023-01-02,345.070
2023-01-03,345.074
2023-01-04,345.067
2023-01-05,345.065
2023-01-06,345.063
2023-01-07,345.058
2023-01-08,345.071
2023-01-09,345.050
2023-01-10,345.043
2023-01-11,345.031
2023-01-12,345.026
2023-01-13,345.008
2023-01-14,345.002
2023-01-15,345.000
2023-01-16,344.994
2023-01-17,344.983
2023-01-18,344.992
2023-01-19,344.980
2023-01-20,344.970
2023-01-21,344.951
2023-01-22,344.928
2023-01-23,344.885
2023-01-24,344.849
2023-01-25,344.800
2023-01-26,344.735
2023-01-27,344.690
2023-01-28,344.663
2023-01-29,344.643
2023-01-30,344.610
2023-01-31,344.584
2023-02-01,344.545
2023-02-02,344.461
2023-02-03,344.423
2023-02-04,344.401
2023-02-05,344.426
2023-02-06,344.521
2023-02-07,344.569
2023-02-08,344.580
2023-02-09,344.570
2023-02-10,344.570
2023-02-11,344.579
2023-02-12,344.586
2023-02-13,344.590
2023-02-14,344.581
2023-02-15,344.554
2023-02-16,344.495
2023-02-17,344.403
2023-02-18,344.309
2023-02-19,344.227
2023-02-20,344.169
2023-02-21,344.106
2023-02-22,344.109
2023-02-23,344.101
2023-02-24,344.055
2023-02-25,344.043
2023-02-26,344.039
2023-02-27,344.032
2023-02-28,343.990
2023-03-01,343.940
2023-03-02,343.850
2023-03-03,343.810
2023-03-04,343.721
2023-03-05,343.627
2023-03-06,343.539
2023-03-07,343.474
2023-03-08,343.434
2023-03-09,343.445
2023-03-10,343.398
2023-03-11,343.330
2023-03-12,343.254
2023-03-13,343.195
2023-03-14,343.146
2023-03-15,343.070
2023-03-16,342.985
2023-03-17,343.021
2023-03-18,343.086
2023-03-19,343.067
2023-03-20,343.080
2023-03-21,343.246
2023-03-22,343.313
2023-03-23,343.344
2023-03-24,343.379
2023-03-25,343.407
2023-03-26,343.418
2023-03-27,343.449
2023-03-28,343.444
2023-03-29,343.468
2023-03-30,343.483
2023-03-31,343.489
2023-04-01,343.470
2023-04-02,343.495
2023-04-03,343.507
2023-04-04,343.480
2023-04-05,343.449
2023-04-06,343.471
2023-04-07,343.483
2023-04-08,343.492
2023-04-09,343.481
2023-04-10,343.470
2023-04-11,343.468
2023-04-12,343.462
2023-04-13,343.458
2023-04-14,343.460
2023-04-15,343.440
2023-04-16,343.374
2023-04-17,343.337
2023-04-18,343.312
2023-04-19,343.263
2023-04-20,343.193
2023-04-21,343.119
2023-04-22,343.058
2023-04-23,343.006
2023-04-24,342.918
2023-04-25,342.855
2023-04-26,342.773
2023-04-27,342.687
2023-04-28,342.579
2023-04-29,342.471
2023-04-30,342.374
2023-05-01,342.282
2023-05-02,342.187
2023-05-03,342.166
2023-05-04,342.172
2023-05-05,342.138
2023-05-06,342.189
2023-05-07,342.197
2023-05-08,342.237
2023-05-09,342.420
2023-05-10,342.574
2023-05-11,342.626
2023-05-12,342.665
2023-05-13,342.701
2023-05-14,342.734
2023-05-15,342.754
2023-05-16,342.775
2023-05-17,342.798
2023-05-18,342.845
2023-05-19,342.873
2023-05-20,342.898
2023-05-21,342.938
2023-05-22,342.963
2023-05-23,342.988
2023-05-24,343.008
2023-05-25,343.035
2023-05-26,343.076
2023-05-27,343.204
2023-05-28,343.266
2023-05-29,343.343
2023-05-30,343.485
2023-05-31,343.588
2023-06-01,343.696
2023-06-02,343.913
2023-06-03,343.989
2023-06-04,344.054
2023-06-05,344.130
2023-06-06,344.179
2023-06-07,344.214
2023-06-08,344.243
2023-06-09,344.273
2023-06-10,344.297
2023-06-11,344.321
2023-06-12,344.343
2023-06-13,344.360
2023-06-14,344.374
2023-06-15,344.375
2023-06-16,344.345
2023-06-17,344.319
2023-06-18,344.295
2023-06-19,344.259
2023-06-20,344.196
2023-06-21,344.111
2023-06-22,344.025
2023-06-23,343.939
2023-06-24,343.834
2023-06-25,343.732
2023-06-26,343.678
2023-06-27,343.606
2023-06-28,343.519
2023-06-29,343.423
2023-06-30,343.337
2023-07-01,343.253
2023-07-02,343.147
2023-07-03,343.035
2023-07-04,342.952
2023-07-05,342.921
2023-07-06,342.842
2023-07-07,342.733
2023-07-08,342.641
2023-07-09,342.549
2023-07-10,342.441
2023-07-11,342.336
2023-07-12,342.258
2023-07-13,342.156
2023-07-14,342.054
2023-07-15,341.989
2023-07-16,341.936
2023-07-17,341.872
2023-07-18,341.791
2023-07-19,341.727
2023-07-20,341.661
2023-07-21,341.581
2023-07-22,341.495
2023-07-23,341.422
2023-07-24,341.348
2023-07-25,341.255
2023-07-26,341.160
2023-07-27,341.062
2023-07-28,340.971
2023-07-29,340.876
2023-07-30,340.798
2023-07-31,340.724
2023-08-01,340.682
2023-08-02,340.628
2023-08-03,340.581
2023-08-04,340.541
2023-08-05,340.493
2023-08-06,340.458
2023-08-07,340.452
2023-08-08,340.397
2023-08-09,340.327
2023-08-10,340.246
2023-08-11,340.160
2023-08-12,340.102
2023-08-13,340.044
2023-08-14,339.984
2023-08-15,339.907
2023-08-16,339.833
2023-08-17,339.735
2023-08-18,339.632
2023-08-19,339.563
2023-08-20,339.533
2023-08-21,339.473
2023-08-22,339.397
2023-08-23,339.332
2023-08-24,339.268
2023-08-25,339.195
2023-08-26,339.120
2023-08-27,339.053
2023-08-28,338.988
2023-08-29,338.886
2023-08-30,338.806
2023-08-31,338.713
2023-09-01,338.748
2023-09-02,338.717
2023-09-03,338.714
2023-09-04,338.706
2023-09-05,338.696
2023-09-06,338.706
2023-09-07,338.731
2023-09-08,338.739
2023-09-09,338.752
2023-09-10,338.776
2023-09-11,338.838
2023-09-12,338.877
2023-09-13,338.896
2023-09-14,338.918
2023-09-15,338.923
2023-09-16,338.943
2023-09-17,339.048
2023-09-18,339.219
2023-09-19,339.265
2023-09-20,339.326
2023-09-21,339.448
2023-09-22,339.878
2023-09-23,340.069
2023-09-24,340.164
2023-09-25,340.250
2023-09-26,340.311
2023-09-27,340.354
2023-09-28,340.398
2023-09-29,340.451
2023-09-30,340.481
2023-10-01,340.518
2023-10-02,340.582
2023-10-03,340.667
2023-10-04,340.718
2023-10-05,340.745
2023-10-06,340.794
2023-10-07,340.840
2023-10-08,340.876
2023-10-09,340.910
2023-10-10,340.927
2023-10-11,340.962
2023-10-12,340.973
2023-10-13,340.998
2023-10-14,341.031
2023-10-15,341.111
2023-10-16,341.162
2023-10-17,341.233
2023-10-18,341.289
2023-10-19,341.341
2023-10-20,341.386
2023-10-21,341.425
2023-10-22,341.456
2023-10-23,341.472
2023-10-24,341.468
2023-10-25,341.479
2023-10-26,341.574
2023-10-27,341.695
2023-10-28,341.729
2023-10-29,341.763
2023-10-30,341.791
2023-10-31,341.821
2023-11-01,341.828
2023-11-02,341.793
2023-11-03,341.752
2023-11-04,341.737
2023-11-05,341.736
2023-11-06,341.732
2023-11-07,341.723
2023-11-08,341.680
2023-11-09,341.673
2023-11-10,341.694
2023-11-11,341.718
2023-11-12,341.748
2023-11-13,341.770
2023-11-14,341.839
2023-11-15,341.886
2023-11-16,341.910
2023-11-17,341.928
2023-11-18,341.959
2023-11-19,341.977
2023-11-20,341.993
2023-11-21,342.009
2023-11-22,342.028
2023-11-23,342.056
2023-11-24,342.042
2023-11-25,342.049
2023-11-26,342.065
2023-11-27,342.084
2023-11-28,342.104
2023-11-29,342.110
2023-11-30,342.117
2023-12-01,342.113
2023-12-02,342.120
2023-12-03,342.156
2023-12-04,342.160
2023-12-05,342.163
2023-12-06,342.173
2023-12-07,342.168
2023-12-08,342.160
2023-12-09,342.169
2023-12-10,342.135
2023-12-11,342.120
2023-12-12,342.060
2023-12-13,342.025
2023-12-14,341.983
2023-12-15,341.954
2023-12-16,341.904
2023-12-17,341.879
2023-12-18,341.838
2023-12-19,341.800
2023-12-20,341.776
2023-12-21,341.777
2023-12-22,341.788
2023-12-23,341.800
2023-12-24,341.812
2023-12-25,341.852
2023-12-26,341.864
2023-12-27,341.884
2023-12-28,341.895
2023-12-29,341.905
2023-12-30,341.944
2023-12-31,341.983
2024-01-01,341.985
2024-01-02,341.998
2024-01-03,342.005
2024-01-04,342.020
2024-01-05,342.008
2024-01-06,342.018
2024-01-07,342.009
2024-01-08,342.021
2024-01-09,342.021
2024-01-10,342.033
2024-01-11,342.043
2024-01-12,342.035
2024-01-13,342.044
2024-01-14,342.043
2024-01-15,342.052
2024-01-16,342.049
2024-01-17,342.033
2024-01-18,342.016
2024-01-19,342.079
2024-01-20,342.339
2024-01-21,342.442
2024-01-22,342.489
2024-01-23,342.554
2024-01-24,342.630
2024-01-25,342.667
2024-01-26,342.703
2024-01-27,342.829
2024-01-28,342.882
2024-01-29,342.938
2024-01-30,342.967
2024-01-31,342.996
2024-02-01,343.025
2024-02-02,343.057
2024-02-03,343.064
2024-02-04,343.100
2024-02-05,343.110
2024-02-06,343.124
2024-02-07,343.114
2024-02-08,343.111
2024-02-09,343.125
2024-02-10,343.140
2024-02-11,343.139
2024-02-12,343.147
2024-02-13,343.154
2024-02-14,343.172
2024-02-15,343.181
2024-02-16,343.211
2024-02-17,343.227
2024-02-18,343.238
2024-02-19,343.256
2024-02-20,343.236
2024-02-21,343.240
2024-02-22,343.248
2024-02-23,343.250
2024-02-24,343.271
2024-02-25,343.294
2024-02-26,343.301
2024-02-27,343.305
2024-02-28,343.311
2024-02-29,343.318
2024-03-01,343.322
2024-03-02,343.336
2024-03-03,343.335
2024-03-04,343.348
2024-03-05,343.342
2024-03-06,343.348
2024-03-07,343.365
2024-03-08,343.352
2024-03-09,343.354
2024-03-10,343.361
2024-03-11,343.347
2024-03-12,343.347
2024-03-13,343.333
2024-03-14,343.335
2024-03-15,343.314
2024-03-16,343.307
2024-03-17,343.302
2024-03-18,343.276
2024-03-19,343.250
2024-03-20,343.219
2024-03-21,343.178
2024-03-22,343.115
2024-03-23,343.069
2024-03-24,343.034
2024-03-25,343.004
2024-03-26,343.038
2024-03-27,343.053
2024-03-28,343.079
2024-03-29,343.070
2024-03-30,343.055
2024-03-31,343.033
2024-04-01,343.024
2024-04-02,343.031
2024-04-03,343.050
2024-04-04,343.047
2024-04-05,343.060
2024-04-06,343.045
2024-04-07,343.037
2024-04-08,343.024
2024-04-09,343.007
2024-04-10,343.145
2024-04-11,343.343
2024-04-12,343.626
2024-04-13,343.765
2024-04-14,343.845
2024-04-15,343.893
2024-04-16,343.941
2024-04-17,343.971
2024-04-18,344.003
2024-04-19,344.012
2024-04-20,344.018
2024-04-21,344.033
2024-04-22,344.026
2024-04-23,343.995
2024-04-24,343.931
2024-04-25,343.935
2024-04-26,343.963
2024-04-27,343.971
2024-04-28,343.951
2024-04-29,343.959
2024-04-30,343.964
2024-05-01,343.977
2024-05-02,344.002
2024-05-03,343.976
2024-05-04,343.911
2024-05-05,343.835
2024-05-06,343.757
2024-05-07,343.693
2024-05-08,343.599
2024-05-09,343.490
2024-05-10,343.401
2024-05-11,343.308
2024-05-12,343.199
2024-05-13,343.145
2024-05-14,343.149
2024-05-15,343.145
2024-05-16,343.097
2024-05-17,343.053
2024-05-18,342.996
2024-05-19,342.975
2024-05-20,342.921
2024-05-21,342.862
2024-05-22,342.829
2024-05-23,342.789
2024-05-24,342.699
2024-05-25,342.624
2024-05-26,342.608
2024-05-27,342.603
2024-05-28,342.555
2024-05-29,342.505
2024-05-30,342.454
2024-05-31,342.418
2024-06-01,342.428
2024-06-02,342.412
2024-06-03,342.388
2024-06-04,342.352
2024-06-05,342.318
2024-06-06,342.310
2024-06-07,342.277
2024-06-08,342.210
2024-06-09,342.140
2024-06-10,342.095
2024-06-11,342.035
2024-06-12,341.944
2024-06-13,341.867
2024-06-14,341.795
2024-06-15,341.713
2024-06-16,341.630
2024-06-17,341.603
2024-06-18,341.554
2024-06-19,341.471
2024-06-20,341.392
2024-06-21,341.309
2024-06-22,341.207
2024-06-23,341.105
2024-06-24,341.025
2024-06-25,340.936
2024-06-26,340.823
2024-06-27,340.714
2024-06-28,340.623
2024-06-29,340.526
2024-06-30,340.433
2024-07-01,340.496
2024-07-02,340.588
2024-07-03,340.617
2024-07-04,340.589
2024-07-05,340.550
2024-07-06,340.517
2024-07-07,340.493
2024-07-08,340.488
2024-07-09,340.476
2024-07-10,340.462
2024-07-11,340.438
2024-07-12,340.398
2024-07-13,340.361
2024-07-14,340.321
2024-07-15,340.273
2024-07-16,340.238
2024-07-17,340.215
2024-07-18,340.187
2024-07-19,340.149
2024-07-20,340.120
2024-07-21,340.078
2024-07-22,340.018
2024-07-23,339.961
2024-07-24,339.926
2024-07-25,339.888
2024-07-26,339.851
2024-07-27,339.792
2024-07-28,339.734
2024-07-29,339.699
2024-07-30,339.657
2024-07-31,339.607
2024-08-01,339.558
2024-08-02,339.495
2024-08-03,339.429
2024-08-04,339.382
2024-08-05,339.340
2024-08-06,339.290
2024-08-07,339.237
2024-08-08,339.194
2024-08-09,339.171
2024-08-10,339.170
2024-08-11,339.182
2024-08-12,339.175
2024-08-13,339.149
2024-08-14,339.108
2024-08-15,339.096
2024-08-16,339.066
2024-08-17,339.051
2024-08-18,339.031
2024-08-19,339.012
2024-08-20,338.949
2024-08-21,338.891
2024-08-22,338.868
2024-08-23,338.882
2024-08-24,338.935
2024-08-25,338.985
2024-08-26,339.071
2024-08-27,339.116
2024-08-28,339.174
2024-08-29,339.260
2024-08-30,339.340
2024-08-31,339.412
2024-09-01,339.540
2024-09-02,339.715
2024-09-03,339.895
2024-09-04,340.022
2024-09-05,340.107
2024-09-06,340.170
2024-09-07,340.251
2024-09-08,340.376
2024-09-09,340.460
2024-09-10,340.558
2024-09-11,340.618
2024-09-12,340.681
2024-09-13,340.801
2024-09-14,340.887
2024-09-15,340.942
2024-09-16,341.006
2024-09-17,341.069
2024-09-18,341.109
2024-09-19,341.151
2024-09-20,341.200
2024-09-21,341.246
2024-09-22,341.293
2024-09-23,341.355
2024-09-24,341.426
2024-09-25,341.485
2024-09-26,341.545
2024-09-27,341.684
2024-09-28,341.748
2024-09-29,341.789
2024-09-30,341.834
2024-10-01,341.875
2024-10-02,341.947
2024-10-03,342.079
2024-10-04,342.173
2024-10-05,342.284
2024-10-06,342.368
2024-10-07,342.426
2024-10-08,342.500
2024-10-09,342.599
2024-10-10,342.649
2024-10-11,342.703
2024-10-12,342.746
2024-10-13,342.780
2024-10-14,342.812
2024-10-15,342.833
2024-10-16,342.867
2024-10-17,342.898
2024-10-18,342.919
2024-10-19,342.941
2024-10-20,342.978
2024-10-21,343.007
2024-10-22,343.035
2024-10-23,343.089
2024-10-24,343.266
2024-10-25,343.550
2024-10-26,343.666
2024-10-27,343.805
2024-10-28,343.901
2024-10-29,343.957
2024-10-30,344.012
2024-10-31,344.083
2024-11-01,344.152
2024-11-02,344.206
2024-11-03,344.245
2024-11-04,344.298
2024-11-05,344.352
2024-11-06,344.413
2024-11-07,344.468
2024-11-08,344.584
2024-11-09,345.025
2024-11-10,345.252
2024-11-11,345.374
2024-11-12,345.450
2024-11-13,345.509
2024-11-14,345.562
2024-11-15,345.653
2024-11-16,345.720
2024-11-17,345.742
2024-11-18,345.760
2024-11-19,345.755
2024-11-20,345.750
2024-11-21,345.731
2024-11-22,345.704
2024-11-23,345.675
2024-11-24,345.650
2024-11-25,345.634
2024-11-26,345.622
2024-11-27,345.620
2024-11-28,345.624
2024-11-29,345.586
2024-11-30,345.563
2024-12-01,345.529
2024-12-02,345.501
2024-12-03,345.521
2024-12-04,345.550
2024-12-05,345.575
2024-12-06,345.538
2024-12-07,345.526
2024-12-08,345.534
2024-12-09,345.558
2024-12-10,345.550
2024-12-11,345.510
2024-12-12,345.478
2024-12-13,345.462
2024-12-14,345.468
2024-12-15,345.519
2024-12-16,345.487
2024-12-17,345.510
2024-12-18,345.528
2024-12-19,345.529
2024-12-20,345.518
2024-12-21,345.524
2024-12-22,345.513
2024-12-23,345.491
2024-12-24,345.484
2024-12-25,345.476
2024-12-26,345.488
2024-12-27,345.477
2024-12-28,345.458
2024-12-29,345.440
2024-12-30,345.417
2024-12-31,345.395
2025-01-01,345.374
2025-01-02,345.366
2025-01-03,345.344
2025-01-04,345.347
2025-01-05,345.339
2025-01-06,345.342
2025-01-07,345.344
2025-01-08,345.330
2025-01-09,345.331
2025-01-10,345.329
2025-01-11,345.329
2025-01-12,345.339
2025-01-13,345.334
2025-01-14,345.315
2025-01-15,345.294
2025-01-16,345.280
2025-01-17,345.264
2025-01-18,345.258
2025-01-19,345.272
2025-01-20,345.264
2025-01-21,345.247
2025-01-22,345.233
2025-01-23,345.216
2025-01-24,345.197
2025-01-25,345.173
2025-01-26,345.152
2025-01-27,345.144
2025-01-28,345.146
2025-01-29,345.121
2025-01-30,345.087
2025-01-31,345.058
2025-02-01,345.046
2025-02-02,345.018
2025-02-03,344.985
2025-02-04,344.968
2025-02-05,344.955
2025-02-06,344.926
2025-02-07,344.917
2025-02-08,344.918
2025-02-09,344.895
2025-02-10,344.848
2025-02-11,344.804
2025-02-12,344.774
2025-02-13,344.729
2025-02-14,344.676
2025-02-15,344.634
2025-02-16,344.616
2025-02-17,344.568
2025-02-18,344.535
2025-02-19,344.510
2025-02-20,344.488
2025-02-21,344.451
2025-02-22,344.441
2025-02-23,344.418
2025-02-24,344.415
2025-02-25,344.412
2025-02-26,344.361
2025-02-27,344.301
2025-02-28,344.255
2025-03-01,344.207
2025-03-02,344.131
2025-03-03,344.083
2025-03-04,344.072
2025-03-05,344.015
2025-03-06,343.954
2025-03-07,343.911
2025-03-08,343.863
2025-03-09,343.858
2025-03-10,343.856
2025-03-11,343.814
2025-03-12,343.767
2025-03-13,343.758
2025-03-14,343.754
2025-03-15,343.747
2025-03-16,343.731
2025-03-17,343.715
2025-03-18,343.745
2025-03-19,343.748
2025-03-20,343.751
2025-03-21,343.757
2025-03-22,343.760
2025-03-23,343.769
2025-03-24,343.755
2025-03-25,343.742
2025-03-26,343.744
2025-03-27,343.736
2025-03-28,343.714
2025-03-29,343.692
2025-03-30,343.686
2025-03-31,343.655
2025-04-01,343.574
2025-04-02,343.468
2025-04-03,343.399
2025-04-04,343.415
2025-04-05,343.431
2025-04-06,343.436
2025-04-07,343.451
2025-04-08,343.466
2025-04-09,343.419
2025-04-10,343.355
2025-04-11,343.305
2025-04-12,343.256
2025-04-13,343.221
2025-04-14,343.202
2025-04-15,343.211
2025-04-16,343.217
2025-04-17,343.222
2025-04-18,343.236
2025-04-19,343.235
2025-04-20,343.235
2025-04-21,343.217
2025-04-22,343.225
2025-04-23,343.226
2025-04-24,343.238
2025-04-25,343.238
2025-04-26,343.212
2025-04-27,343.183
2025-04-28,343.161
2025-04-29,343.122
2025-04-30,343.041
2025-05-01,342.973
2025-05-02,342.876
2025-05-03,342.848
2025-05-04,342.849
2025-05-05,342.849
2025-05-06,342.863
2025-05-07,342.866
2025-05-08,342.898
2025-05-09,343.026
2025-05-10,343.105
2025-05-11,343.125
2025-05-12,343.142
2025-05-13,343.167
2025-05-14,343.172
2025-05-15,343.192
2025-05-16,343.202
2025-05-17,343.217
2025-05-18,343.303
2025-05-19,343.349
2025-05-20,343.370
2025-05-21,343.387
2025-05-22,343.402
2025-05-23,343.404
2025-05-24,343.403
2025-05-25,343.425
2025-05-26,343.452
2025-05-27,343.442
2025-05-28,343.403
2025-05-29,343.382
2025-05-30,343.360
2025-05-31,343.372
2025-06-01,343.359
2025-06-02,343.303
2025-06-03,343.216
2025-06-04,343.124
2025-06-05,343.046
2025-06-06,342.958
2025-06-07,342.915
2025-06-08,342.872
2025-06-09,342.815
2025-06-10,342.763
2025-06-11,342.726
2025-06-12,342.700
2025-06-13,342.656
2025-06-14,342.660
2025-06-15,342.662
2025-06-16,342.625
2025-06-17,342.529
2025-06-18,342.431
2025-06-19,342.370
2025-06-20,342.370
2025-06-21,342.373
2025-06-22,342.370
2025-06-23,342.362
2025-06-24,342.322
2025-06-25,342.243
2025-06-26,342.296
2025-06-27,342.393
2025-06-28,342.467
2025-06-29,342.506
2025-06-30,342.533
2025-07-01,342.532
2025-07-02,342.488
2025-07-03,342.460
2025-07-04,342.471
2025-07-05,342.481
2025-07-06,342.494
2025-07-07,342.500
2025-07-08,342.433
2025-07-09,342.389
2025-07-10,342.377
2025-07-11,342.359
2025-07-12,342.402
2025-07-13,342.477
2025-07-14,342.524
2025-07-15,342.506
2025-07-16,342.508
2025-07-17,342.489
2025-07-18,342.434
2025-07-19,342.381
2025-07-20,342.330
2025-07-21,342.246
2025-07-22,342.187
2025-07-23,342.125
2025-07-24,342.059
2025-07-25,341.978
2025-07-26,341.884
2025-07-27,341.795
2025-07-28,341.708
2025-07-29,341.632
2025-07-30,341.583
2025-07-31,341.513
2025-08-01,341.440
2025-08-02,341.339
2025-08-03,341.240
2025-08-04,341.152
2025-08-05,341.065
2025-08-06,340.964
2025-08-07,340.871
2025-08-08,340.803
2025-08-09,340.714
2025-08-10,340.613
2025-08-11,340.527
2025-08-12,340.449
2025-08-13,340.368
2025-08-14,340.280
2025-08-15,340.207
2025-08-16,340.136
2025-08-17,340.046
2025-08-18,339.957
2025-08-19,339.893
2025-08-20,339.820
2025-08-21,339.734
2025-08-22,339.648
2025-08-23,339.573
2025-08-24,339.501
2025-08-25,339.413
2025-08-26,339.331
2025-08-27,339.298
2025-08-28,339.309
2025-08-29,339.307
2025-08-30,339.313
2025-08-31,339.321
2025-09-01,339.342
2025-09-02,339.354
2025-09-03,339.368
2025-09-04,339.367
2025-09-05,339.420
2025-09-06,339.509
2025-09-07,339.538
2025-09-08,339.548
2025-09-09,339.558
2025-09-10,339.586
2025-09-11,339.613
2025-09-12,339.629
2025-09-13,339.648
2025-09-14,339.661
2025-09-15,339.687
2025-09-16,339.703
2025-09-17,339.810
2025-09-18,340.054
2025-09-19,340.125
2025-09-20,340.169
2025-09-21,340.287
2025-09-22,340.415
2025-09-23,340.507
2025-09-24,340.589
2025-09-25,340.662
2025-09-26,340.741
2025-09-27,340.786
2025-09-28,340.846
2025-09-29,340.946
2025-09-30,341.018
2025-10-01,341.052
2025-10-02,341.105
2025-10-03,341.151
2025-10-04,341.197
2025-10-05,341.252
2025-10-06,341.310
2025-10-07,341.387
2025-10-08,341.442
2025-10-09,341.483
2025-10-10,341.596
2025-10-11,341.725
2025-10-12,341.816
2025-10-13,341.954
2025-10-14,342.069
2025-10-15,342.149
2025-10-16,342.190
2025-10-17,342.238
2025-10-18,342.304
2025-10-19,342.374
2025-10-20,342.434
2025-10-21,342.674
2025-10-22,342.804
2025-10-23,343.011
2025-10-24,343.305
2025-10-25,343.451
2025-10-26,343.551
2025-10-27,343.642
2025-10-28,343.783
2025-10-29,343.877
2025-10-30,343.962
2025-10-31,344.015
2025-11-01,344.070
2025-11-02,344.126
2025-11-03,344.192
2025-11-04,344.242
2025-11-05,344.285
2025-11-06,344.351
2025-11-07,344.428
2025-11-08,344.472
2025-11-09,344.507
2025-11-10,344.570
2025-11-11,344.677
2025-11-12,344.728
2025-11-13,344.765
2025-11-14,344.824
2025-11-15,344.870
2025-11-16,344.901
2025-11-17,344.943
2025-11-18,345.015
2025-11-19,345.111
2025-11-20,345.163
2025-11-21,345.209
2025-11-22,345.228
2025-11-23,345.250
2025-11-24,345.249
2025-11-25,345.260
2025-11-26,345.282
2025-11-27,345.386
2025-11-28,345.542
2025-11-29,345.594
2025-11-30,345.578
2025-12-01,345.559
2025-12-02,345.526
2025-12-03,345.503
2025-12-04,345.453
2025-12-05,345.413
2025-12-06,345.379
2025-12-07,345.401
2025-12-08,345.422
2025-12-09,345.473
2025-12-10,345.459
2025-12-11,345.393
2025-12-12,345.318
2025-12-13,345.278
2025-12-14,345.255
2025-12-15,345.276
2025-12-16,345.395
2025-12-17,345.443
2025-12-18,345.480
2025-12-19,345.518
2025-12-20,345.551
2025-12-21,345.549
2025-12-22,345.553
2025-12-23,345.595
2025-12-24,345.626
2025-12-25,345.645
2025-12-26,345.720
2025-12-27,345.729
2025-12-28,345.713
2025-12-29,345.707
2025-12-30,345.698
2025-12-31,345.701
2026-01-01,345.702
2026-01-02,345.718
2026-01-03,345.743
2026-01-04,345.765
2026-01-05,345.769
2026-01-06,345.773
2026-01-07,345.772
2026-01-08,345.767
2026-01-09,345.778
2026-01-10,345.806
2026-01-11,345.936
2026-01-12,346.036
2026-01-13,346.002
2026-01-14,345.932
2026-01-15,345.895
2026-01-16,345.898
2026-01-17,345.902
2026-01-18,345.899
2026-01-19,345.890
2026-01-20,345.867
2026-01-21,345.842
2026-01-22,345.820
2026-01-23,345.793
2026-01-24,345.773
2026-01-25,345.752
2026-01-26,345.741
2026-01-27,345.749
2026-01-28,345.767
2026-01-29,345.790
2026-01-30,345.758
2026-01-31,345.743
2026-02-01,345.726
2026-02-02,345.713
2026-02-03,345.692
2026-02-04,345.709
2026-02-05,345.724
2026-02-06,345.720
2026-02-07,345.709
2026-02-08,345.679
2026-02-09,345.667
2026-02-10,345.673
2026-02-11,345.646
2026-02-12,345.624
2026-02-13,345.627
2026-02-14,345.611
2026-02-15,345.615
2026-02-16,345.617
2026-02-17,345.624
2026-02-18,345.637
2026-02-19,345.648
2026-02-20,345.651
2026-02-21,345.657
2026-02-22,345.657
2026-02-23,345.663
2026-02-24,345.661
2026-02-25,345.673
2026-02-26,345.678
2026-02-27,345.706
2026-02-28,345.716
2026-03-01,345.715
2026-03-02,345.715
2026-03-03,345.717
2026-03-04,345.718
2026-03-05,345.715
2026-03-06,345.729
2026-03-07,345.716
2026-03-08,345.710
2026-03-09,345.693
2026-03-10,345.691
2026-03-11,345.684
2026-03-12,345.684
2026-03-13,345.665
2026-03-14,345.655
2026-03-15,345.628
2026-03-16,345.594
2026-03-17,345.560
2026-03-18,345.537
2026-03-19,345.506
2026-03-20,345.462
2026-03-21,345.418
2026-03-22,345.387
2026-03-23,345.366
2026-03-24,345.342
2026-03-25,345.315
2026-03-26,345.278
2026-03-27,345.258
2026-03-28,345.314
2026-03-29,345.340
2026-03-30,345.320
2026-03-31,345.272
2026-04-01,345.209
2026-04-02,345.153
2026-04-03,345.151
2026-04-04,345.149
2026-04-05,345.169
2026-04-06,345.163
2026-04-07,345.139
2026-04-08,345.134
2026-04-09,345.174
2026-04-10,345.188
2026-04-11,345.200
2026-04-12,345.212
2026-04-13,345.222
2026-04-14,345.253
2026-04-15,345.268
2026-04-16,345.291
2026-04-17,345.321
2026-04-18,345.411
2026-04-19,345.461
2026-04-20,345.491
2026-04-21,345.511
2026-04-22,345.531
2026-04-23,345.537
2026-04-24,345.531
2026-04-25,345.524
2026-04-26,345.513
2026-04-27,345.500
2026-04-28,345.485
2026-04-29,345.456
2026-04-30,345.411
2026-05-01,345.341
2026-05-02,345.259
2026-05-03,345.202
2026-05-04,345.146
2026-05-05,345.083
2026-05-06,345.025
2026-05-07,345.027
2026-05-08,345.163
2026-05-09,345.332
2026-05-10,345.414
2026-05-11,345.444
2026-05-12,345.463
2026-05-13,345.446
2026-05-14,345.407
2026-05-15,345.371
2026-05-16,345.332
2026-05-17,345.285
2026-05-18,345.215
2026-05-19,345.132
2026-05-20,345.054
2026-05-21,344.977
2026-05-22,344.934
2026-05-23,344.889
2026-05-24,344.876
2026-05-25,344.850
2026-05-26,344.797
2026-05-27,344.759
2026-05-28,344.698
2026-05-29,344.629
2026-05-30,344.566
2026-05-31,344.559
2026-06-01,344.714
2026-06-02,344.866
2026-06-03,344.927
2026-06-04,344.973
2026-06-05,345.075
2026-06-06,345.150
2026-06-07,345.192
2026-06-08,345.222
2026-06-09,345.246
2026-06-10,345.236
2026-06-11,345.211
2026-06-12,345.179
2026-06-13,345.135
2026-06-14,345.128
2026-06-15,345.198
2026-06-16,345.218
2026-06-17,345.189
2026-06-18,345.138
2026-06-19,345.123
2026-06-20,345.216
2026-06-21,345.430
2026-06-22,345.461
2026-06-23,345.466
2026-06-24,345.460
2026-06-25,345.451
2026-06-26,345.435
2026-06-27,345.419
2026-06-28,345.396
2026-06-29,345.361
2026-06-30,345.297
2026-07-01,345.228
2026-07-02,345.138
2026-07-03,345.046
2026-07-04,344.993
2026-07-05,345.042
2026-07-06,345.012
2026-07-07,344.941
2026-07-08,344.878
2026-07-09,344.814
2026-07-10,344.731
2026-07-11,344.642
2026-07-12,344.561
2026-07-13,344.491
2026-07-14,344.483
2026-07-15,344.525
2026-07-16,344.514
2026-07-17,344.490
2026-07-18,344.462
2026-07-19,344.418
2026-07-20,344.375
2026-07-21,344.297
2026-07-22,344.211
2026-07-23,344.140
2026-07-24,344.109
2026-07-25,344.049
2026-07-26,343.966
2026-07-27,343.893
2026-07-28,343.815
2026-07-29,343.726
2026-07-30,343.650
2026-07-31,343.602
2026-08-01,343.528
2026-08-02,343.446
2026-08-03,343.357
2026-08-04,343.272
2026-08-05,343.193
2026-08-06,343.092
2026-08-07,342.997
2026-08-08,342.916
2026-08-09,342.826
2026-08-10,342.729
2026-08-11,342.641
2026-08-12,342.551
2026-08-13,342.496
2026-08-14,342.428
2026-08-15,342.349
2026-08-16,342.267
2026-08-17,342.168
2026-08-18,342.065
2026-08-19,341.979
2026-08-20,341.891
2026-08-21,341.791
2026-08-22,341.689
2026-08-23,341.619
2026-08-24,341.532
2026-08-25,341.450
2026-08-26,341.418
2026-08-27,341.481
2026-08-28,341.833
2026-08-29,342.068
2026-08-30,342.165
2026-08-31,342.196
2026-09-01,342.219
2026-09-02,342.214
2026-09-03,342.233
2026-09-04,342.377
2026-09-05,342.504
2026-09-06,342.560
2026-09-07,342.583
2026-09-08,342.587
2026-09-09,342.563
2026-09-10,342.518
2026-09-11,342.471
2026-09-12,342.422
2026-09-13,342.359
2026-09-14,342.295
2026-09-15,342.247
2026-09-16,342.184
2026-09-17,342.152
2026-09-18,342.100
2026-09-19,342.052
2026-09-20,342.001
2026-09-21,341.986
2026-09-22,342.019
2026-09-23,342.055
2026-09-24,342.082
2026-09-25,342.106
2026-09-26,342.118
2026-09-27,342.105
2026-09-28,342.096
2026-09-29,342.045
2026-09-30,342.004
2026-10-01,341.966
2026-10-02,341.921
2026-10-03,341.857
2026-10-04,341.818
2026-10-05,341.773
2026-10-06,341.710
2026-10-07,341.632
2026-10-08,341.566
2026-10-09,341.502
2026-10-10,341.476
